{"md5":"05d569d03ea95e757d512cf19ba3507d","headers":{"title":"ハイ色乞語リ[DP CHALLENGER]","artist":"daisan obj:kuro","genre":"Continental","playlevel":"12","base_bpm":225.0},"mode":"DP","scope":"playable_only","scaling_mode":"p99_linear","params":{"stream_window_ticks":48,"stream_density_threshold_per_beat":4.0,"peak_window_ticks":192,"peak_min_window_notes":4,"peak_min_window_sec":0.05,"felt_bpm_trigger_eff_bpm":500.0,"felt_bpm_trigger_peak_per_sec":200.0,"felt_bpm_target_peak_per_sec":100.0,"felt_bpm_floor":30.0,"jack_window_ticks":24,"soft_burst_ref":8.0,"soft_freq_ref":0.1,"soft_burst_exp":1.5,"soft_freq_exp":1.5,"chord_time_threshold_ms":16.67,"sp_distraction_min_scratches":3,"dp_distraction_window_sec_min":0.2,"dp_distraction_window_sec_max":0.8,"stream_density_ref_per_sec":28.0,"peak_density_ref_per_sec":50.0,"chord_size_ref":3.3,"ln_simultaneity_ref":0.18,"scratch_density_ref_per_sec":1.0,"scratch_ratio_ref":0.07,"distraction_density_ref":5.0,"distraction_event_ref":1.0,"dp_distraction_ref":6.0},"raw_axes":{"chord":1.7504780114722753,"stream":18.701915689765816,"scratch":0.011198452621230925,"soft":0.0,"ln":0.035252119589468986,"stair":0.12227912932138284,"peak":38.4375,"distraction":2.1750533927835476},"x_chord":0.562,"x_stream":0.603,"x_scratch":0.06,"x_soft":0.0,"x_ln":0.128,"x_stair":0.399,"x_peak":0.683,"x_distraction":0.208,"submetrics":{"chord":{"chord_rate":0.6080305927342257,"avg_chord_size":2.8789308176100628,"chord_positions":636,"total_positions":1046},"stream":{"stream_coverage":0.8955823293172691,"stream_density_mean":5.568642160540135,"stream_density_mean_per_sec":20.882408102025508,"stream_windows":50,"notes_in_stream":2007,"total_notes":2241,"intervals":[[444,516],[540,1776],[1836,3312],[3612,3696],[3984,4176],[4320,4608],[4620,4824],[4836,4944],[5004,5076],[5088,5544],[5556,6456],[6468,6528],[6660,7224],[7236,9504],[11292,11352],[11460,11544],[11676,11736],[12060,12108],[12204,12288],[12468,12528],[12732,12900],[12948,13152],[13164,16128],[16284,16896],[16980,17028],[17052,17136],[17436,17496],[17520,17568],[17820,17880],[18204,18276],[18372,18444],[18756,18816],[19140,19200],[19524,19584],[19908,19968],[20124,20256],[20268,20376],[20388,21024],[21036,21144],[21156,21360],[21372,21432],[21444,23124],[23136,24288],[24348,24504],[24516,24660],[24732,24864],[24900,24984],[25068,26352],[26556,26616],[26628,26712]]},"scratch":{"scratch_ratio":0.027219991075412762,"scratch_positions_ratio":0.058317399617590825,"scratch_with_key_chord_rate":0.8852459016393442,"scratch_per_sec":0.4114054479373525,"scratch_burst_max_per_sec":5.0,"scratch_burst_window_sec":1.0,"scratch_notes":61,"scratch_positions":61,"total_notes":2241,"total_positions":1046,"chart_seconds":148.2722222222222},"soft":{"base_bpm":225.0,"intensity":0.0,"up_intensity":0.0,"down_intensity":0.0,"max_intensity":0.0,"max_up_intensity":0.0,"max_down_intensity":0.0,"step_frequency":0.0,"ramp_frequency":0.0,"continuity_beats":0.0,"off_base_note_ratio":0.0,"gimmick_burst_score":0.0,"max_off_base_density_per_beat":0.0,"base_mean_density_per_beat":4.028776978417266,"base_density_source":"on_base","distinct_off_base_bpm_count":0,"bpm_change_events":0,"measure_count":140},"ln":{"ln_ratio":0.0464078536367693,"ln_hold_time_mean_beats":1.4050480769230769,"ln_simultaneity_rate":0.01606425702811245,"ln_simultaneity_weighted":0.035252119589468986,"ln_count":104,"ln_positions":67,"total_notes":2241},"stair":{"stair_index":0.12227912932138284,"stair_transitions":191,"eligible_transitions":1562},"peak":{"peak_local_max_density":10.25,"peak_local_max_density_per_sec":38.4375,"peak_max_chord_size":7,"peak_concentration":0.3748326639892905,"total_notes":2241,"intervals":[[1116,1776],[2652,3300],[6924,7128],[7308,7584],[7644,7896],[8076,8280],[8844,9060],[13572,14292],[14604,15264],[15300,15576],[15588,15888],[16308,16872],[21468,21768],[22236,22524],[22668,22956],[25812,26328]]},"jack":{"jack_pairs":48,"jack_in_stream_pairs":42,"jack_outside_pairs":6,"pure_jack_per_sec":0.14062500000000022,"flow_break_per_stream_sec":0.3977063496238622,"stream_seconds":105.60555555555561,"non_stream_seconds":42.6666666666666,"chart_seconds":148.2722222222222,"window_ticks":24,"min_region_sec":10.0},"distraction":{"mode_formulation":"DP","dp_distraction_per_sec":2.1750533927835476,"dp_pair_count":62,"dp_chord_tier_pair_count":0,"dp_mean_time_distance_sec":0.20967741935483789,"scratch_chord_pair_count":0,"chord_time_threshold_sec":0.01667,"window_sec_min":0.2,"window_sec_max":0.8,"chart_seconds":148.2722222222222}},"warnings":["LNOBJ end at m62 pos0.96875 lane P2_KEY7 has no prior start; ignoring","Unterminated LNOBJ LN on lane P2_SCR started at m137 pos0.0; closing at EOF","Unterminated LNOBJ LN on lane P1_SCR started at m138 pos0.5; closing at EOF","Unterminated LNOBJ LN on lane P1_KEY6 started at m139 pos0.0; closing at EOF","Unterminated LNOBJ LN on lane P1_KEY5 started at m137 pos0.0; closing at EOF","Unterminated LNOBJ LN on lane P1_KEY4 started at m138 pos0.9375; closing at EOF","Unterminated LNOBJ LN on lane P1_KEY3 started at m138 pos0.75; closing at EOF","Unterminated LNOBJ LN on lane P1_KEY2 started at m138 pos0.875; closing at EOF","Unterminated LNOBJ LN on lane P2_KEY3 started at m138 pos0.5; closing at EOF","Unterminated LNOBJ LN on lane P2_KEY5 started at m138 pos0.875; closing at EOF","Unterminated LNOBJ LN on lane P2_KEY6 started at m136 pos0.25; closing at EOF","Unterminated LNOBJ LN on lane P2_KEY4 started at m136 pos0.83333333; closing at EOF","Unterminated LNOBJ LN on lane P2_KEY2 started at m136 pos0.1875; closing at EOF","Unterminated LNOBJ LN on lane P2_KEY1 started at m138 pos0.875; closing at EOF","Unterminated LNOBJ LN on lane P1_KEY1 started at m137 pos0.0; closing at EOF","Unterminated LNOBJ LN on lane P2_KEY7 started at m138 pos0.875; closing at EOF","Unterminated LNOBJ LN on lane P1_KEY7 started at m136 pos0.66666667; closing at EOF"],"tags":["fast_chart"],"scales":["★"]}