{"md5":"71c548fdce2718d3ca4ffef88e1b2bcd","headers":{"title":"Armageddon[DP]","artist":"ZUN remixed by LeaF","genre":"KYRIE","playlevel":"12","base_bpm":210.0},"mode":"DP","scope":"playable_only","scaling_mode":"p99_linear","params":{"stream_window_ticks":48,"stream_density_threshold_per_beat":4.0,"peak_window_ticks":192,"peak_min_window_notes":4,"peak_min_window_sec":0.05,"felt_bpm_trigger_eff_bpm":500.0,"felt_bpm_trigger_peak_per_sec":200.0,"felt_bpm_target_peak_per_sec":100.0,"felt_bpm_floor":30.0,"jack_window_ticks":24,"soft_burst_ref":8.0,"soft_freq_ref":0.1,"soft_burst_exp":1.5,"soft_freq_exp":1.5,"chord_time_threshold_ms":16.67,"sp_distraction_min_scratches":3,"sp_distraction_bin_sec":0.25,"sp_distraction_t_key":2,"sp_distraction_gap_bins":2,"dp_distraction_window_sec_min":0.2,"dp_distraction_window_sec_max":0.8,"stream_density_ref_per_sec":28.0,"peak_density_ref_per_sec":50.0,"chord_size_ref":3.3,"ln_simultaneity_ref":0.18,"scratch_density_ref_per_sec":1.0,"scratch_ratio_ref":0.07,"distraction_density_ref":5.0,"distraction_event_ref":1.0,"dp_distraction_ref":6.0},"raw_axes":{"chord":1.696546052631579,"stream":20.425649808169016,"scratch_per_sec":0.39445037353255075,"scratch_burst_max_per_sec":10.0,"scratch_max_run_sec":1.5,"soft":0.0,"stair":0.09754768392370572,"peak":42.0,"ln_m1_short_rate_rt":0.0,"ln_m2_density_rt":0.0,"ln_m2_burst_max_rt":0.0,"ln_m3_density_rt":0.0,"ln_m_concurrent_rt":0.0,"adv_hand_imb":0.0,"adv_rel_pressure_1beat":0.0,"adv_ln_hold_min_beats":0.0,"adv_ln_chord_big_rate":0.0,"adv_ln_scatter_cv":0.0,"distraction":1.1713980789754548},"x_chord":0.528,"x_stream":0.639,"x_scratch":0.341,"x_soft":0.0,"x_ln":0.0,"x_stair":0.3,"x_peak":0.724,"x_distraction":0.112,"ln_advanced_score":0.0,"submetrics":{"chord":{"chord_rate":0.665296052631579,"avg_chord_size":2.550061804697157,"chord_positions":809,"total_positions":1216},"stream":{"stream_coverage":0.9469979296066252,"stream_density_mean":6.162526614620298,"stream_density_mean_per_sec":21.568843151171045,"stream_windows":38,"notes_in_stream":2287,"total_notes":2415,"intervals":[[528,612],[732,792],[876,1008],[1056,1248],[1380,1632],[1716,2016],[2100,3396],[3996,8016],[8076,8280],[8292,8388],[8412,8808],[8820,9180],[9204,9576],[9612,9816],[9828,9924],[9948,10212],[10332,10416],[10428,11184],[11196,11928],[11940,12324],[12360,12708],[12780,13488],[13500,13776],[14100,14256],[14364,14436],[15012,15072],[15192,15252],[15264,15576],[15588,15636],[15696,15960],[15972,16020],[16080,16440],[16464,16536],[16596,16932],[16944,17076],[17124,17988],[18588,18852],[18888,23376]]},"scratch":{"scratch_ratio":0.022267206477732792,"scratch_positions_ratio":0.04523026315789474,"scratch_with_key_chord_rate":0.9272727272727272,"scratch_per_sec":0.39445037353255075,"scratch_burst_max_per_sec":10.0,"scratch_burst_window_sec":1.0,"scratch_max_run_sec":1.5,"ls_count":2,"ls_per_sec":0.014343649946638209,"ls_complexity_mean":0,"scratch_notes":55,"scratch_positions":55,"total_notes":2470,"total_positions":1216,"chart_seconds":139.4345238095238},"soft":{"base_bpm":210.0,"intensity":0.0,"up_intensity":0.0,"down_intensity":0.0,"max_intensity":0.0,"max_up_intensity":0.0,"max_down_intensity":0.0,"step_frequency":0.0,"ramp_frequency":0.0,"continuity_beats":0.0,"off_base_note_ratio":0.0,"gimmick_burst_score":0.0,"max_off_base_density_per_beat":0.0,"base_mean_density_per_beat":5.059426229508197,"base_density_source":"on_base","distinct_off_base_bpm_count":0,"bpm_change_events":0,"measure_count":123},"ln":{"ln_ratio":0.005668016194331984,"ln_hold_time_mean_beats":0.0,"ln_simultaneity_rate":0.0,"ln_simultaneity_weighted":0.0,"ln_count":14,"ln_count_raw":14,"ln_positions":6,"total_notes":2470,"m1_short_count_rt":0,"m1_short_rate_rt":0.0,"m2_long_count_rt":0,"m2_density_rt":0.0,"m2_burst_max_rt":0.0,"m3_density_rt":0.0,"m_concurrent_rt":0.0,"total_long_sec":0,"long_active_sec":0.0,"long_hold_sec_mean":0.0,"long_hold_sec_max":0.0,"adv_hand_imb":0.0,"adv_rel_pressure_1beat":0.0,"adv_ln_hold_min_beats":0.0,"adv_ln_chord_big_rate":0.0,"adv_ln_scatter_cv":0.0},"stair":{"stair_index":0.09754768392370572,"stair_transitions":179,"eligible_transitions":1835},"peak":{"peak_local_max_density":12.0,"peak_local_max_density_per_sec":42.0,"peak_max_chord_size":6,"peak_concentration":0.3453416149068323,"total_notes":2415,"intervals":[[3960,4320],[5544,5892],[7032,7344],[7476,7740],[9360,9552],[11592,11964],[13080,13500],[13512,13752],[18528,19140],[19668,19860],[20040,20412],[21576,23352]]},"jack":{"jack_pairs":35,"jack_in_stream_pairs":34,"jack_outside_pairs":1,"pure_jack_per_sec":0.039316639363444886,"flow_break_per_stream_sec":0.29824561403508776,"stream_seconds":113.99999999999999,"non_stream_seconds":25.43452380952381,"chart_seconds":139.4345238095238,"window_ticks":24,"min_region_sec":10.0},"distraction":{"mode_formulation":"DP","dp_distraction_per_sec":1.1713980789754548,"dp_pair_count":26,"dp_chord_tier_pair_count":0,"dp_mean_time_distance_sec":0.20879120879120805,"scratch_chord_pair_count":0,"chord_time_threshold_sec":0.01667,"window_sec_min":0.2,"window_sec_max":0.8,"chart_seconds":139.4345238095238}},"warnings":["Unterminated LNOBJ LN on lane P1_SCR started at m122 pos0.0; closing at EOF","Unterminated LNOBJ LN on lane P2_KEY3 started at m121 pos0.0; closing at EOF","Unterminated LNOBJ LN on lane P1_KEY1 started at m121 pos0.0; closing at EOF","Unterminated LNOBJ LN on lane P1_KEY7 started at m121 pos0.0; closing at EOF","Unterminated LNOBJ LN on lane P2_KEY5 started at m121 pos0.5; closing at EOF","Unterminated LNOBJ LN on lane P1_KEY5 started at m120 pos0.9375; closing at EOF","Unterminated LNOBJ LN on lane P2_KEY1 started at m121 pos0.5; closing at EOF","Unterminated LNOBJ LN on lane P1_KEY4 started at m121 pos0.4375; closing at EOF","Unterminated LNOBJ LN on lane P2_KEY2 started at m121 pos0.4375; closing at EOF","Unterminated LNOBJ LN on lane P2_KEY6 started at m120 pos0.8125; closing at EOF","Unterminated LNOBJ LN on lane P1_KEY3 started at m117 pos0.8125; closing at EOF","Unterminated LNOBJ LN on lane P2_KEY4 started at m121 pos0.4375; closing at EOF","Unterminated LNOBJ LN on lane P1_KEY2 started at m121 pos0.5; closing at EOF","Unterminated LNOBJ LN on lane P2_KEY7 started at m121 pos0.0; closing at EOF","Unterminated LNOBJ LN on lane P1_KEY6 started at m121 pos0.5; closing at EOF","Unterminated LNOBJ LN on lane P2_SCR started at m114 pos0.0; closing at EOF"],"axis_intensities":{"chord":"yellow","stream":"red","peak":"red","scratch":"red","soft":null,"ln":null,"stair":"yellow","distraction":"yellow"},"tags":["scratch_burst"],"scales":["DPsl"]}