{"md5":"527cbd9a4535e4ed8cc3ac44e08e17b5","headers":{"title":"忘れられた肖像 [DP]","artist":"ギャリー obj:ROCO","genre":"ゲルテナアートコア","playlevel":"12","base_bpm":188.0},"mode":"DP","scope":"playable_only","scaling_mode":"p99_linear","params":{"stream_window_ticks":48,"stream_density_threshold_per_beat":4.0,"peak_window_ticks":192,"peak_min_window_notes":4,"peak_min_window_sec":0.05,"felt_bpm_trigger_eff_bpm":500.0,"felt_bpm_trigger_peak_per_sec":200.0,"felt_bpm_target_peak_per_sec":100.0,"felt_bpm_floor":30.0,"jack_window_ticks":24,"soft_burst_ref":8.0,"soft_freq_ref":0.1,"soft_burst_exp":1.5,"soft_freq_exp":1.5,"chord_time_threshold_ms":16.67,"sp_distraction_min_scratches":3,"dp_distraction_window_sec_min":0.2,"dp_distraction_window_sec_max":0.8,"stream_density_ref_per_sec":28.0,"peak_density_ref_per_sec":50.0,"chord_size_ref":3.3,"ln_simultaneity_ref":0.18,"scratch_density_ref_per_sec":1.0,"scratch_ratio_ref":0.07,"distraction_density_ref":5.0,"distraction_event_ref":1.0,"dp_distraction_ref":6.0},"raw_axes":{"chord":1.17018779342723,"stream":17.661157734826578,"scratch":0.0005600043543482783,"soft":0.02109551954753193,"ln":0.015282392026578074,"stair":0.08533077660594439,"peak":38.38333333333333,"distraction":1.4831061942041326},"x_chord":0.375,"x_stream":0.562,"x_scratch":0.003,"x_soft":0.201,"x_ln":0.055,"x_stair":0.278,"x_peak":0.616,"x_distraction":0.125,"submetrics":{"chord":{"chord_rate":0.40375586854460094,"avg_chord_size":2.8982558139534884,"chord_positions":344,"total_positions":852},"stream":{"stream_coverage":0.8903654485049833,"stream_density_mean":6.3478260869565215,"stream_density_mean_per_sec":19.835852530532836,"stream_windows":92,"notes_in_stream":1340,"total_notes":1505,"intervals":[[156,239],[348,431],[540,623],[732,815],[912,995],[1308,1391],[1500,1571],[1860,2039],[2052,2231],[2268,2543],[2556,2615],[2652,2807],[2820,3311],[3324,3563],[3588,3767],[3780,3959],[3972,4343],[4356,4511],[4572,4727],[4740,5039],[9372,9455],[9564,9647],[9756,9839],[9948,10031],[10140,10223],[10428,10511],[10524,10607],[10716,10799],[10812,10895],[10908,11063],[11088,11183],[11280,11363],[11484,11567],[11664,11831],[11868,11951],[12060,12143],[12240,12335],[12420,12575],[12624,12707],[12732,12791],[12828,12911],[13008,13103],[13116,13199],[13212,13295],[13404,13487],[13596,13727],[13740,14063],[14172,14255],[14268,14351],[14364,14447],[14460,14519],[14544,14639],[14652,14735],[14748,14831],[14940,15023],[15036,15095],[15132,15215],[15324,15407],[15420,15503],[15516,15599],[15708,15791],[15804,15983],[16092,16175],[16284,16367],[16476,16559],[16572,16751],[16860,17135],[17244,17327],[17436,17519],[17628,17711],[17808,17891],[18204,18287],[18396,18467],[18588,20207],[20316,20399],[20508,20591],[20700,20783],[20880,20975],[21276,21359],[21468,21551],[21576,21647],[21660,21743],[21852,22319],[22392,23459],[23532,23663],[23964,24047],[24156,24239],[24348,24431],[24540,24623],[24720,24803],[25116,25199],[25308,25379]]},"scratch":{"scratch_ratio":0.007973421926910298,"scratch_positions_ratio":0.014084507042253521,"scratch_with_key_chord_rate":0.8333333333333334,"scratch_per_sec":0.07023387944117991,"scratch_burst_max_per_sec":1.0,"scratch_burst_window_sec":1.0,"scratch_notes":12,"scratch_positions":12,"total_notes":1505,"total_positions":852,"chart_seconds":170.85771276595744},"soft":{"base_bpm":188.0,"intensity":0.0026578073089701,"up_intensity":0.0,"down_intensity":0.0026578073089701,"max_intensity":0.5,"max_up_intensity":0.0,"max_down_intensity":0.5,"step_frequency":0.03007518796992481,"ramp_frequency":0.03007518796992481,"continuity_beats":5.333333333333333,"off_base_note_ratio":0.0053156146179402,"gimmick_burst_score":0.7014260249554367,"max_off_base_density_per_beat":2.0,"base_mean_density_per_beat":2.8513341804320205,"base_density_source":"on_base","distinct_off_base_bpm_count":1,"bpm_change_events":4,"measure_count":133},"ln":{"ln_ratio":0.00132890365448505,"ln_hold_time_mean_beats":36.333333333333336,"ln_simultaneity_rate":0.015282392026578074,"ln_simultaneity_weighted":0.015282392026578074,"ln_count":2,"ln_positions":2,"total_notes":1505},"stair":{"stair_index":0.08533077660594439,"stair_transitions":89,"eligible_transitions":1043},"peak":{"peak_local_max_density":12.25,"peak_local_max_density_per_sec":38.38333333333333,"peak_max_chord_size":7,"peak_concentration":0.4019933554817276,"total_notes":1505,"intervals":[[3084,3551],[3996,4271],[13764,14135],[16848,17159],[18624,18959],[18996,20219],[21924,22367],[22380,23519]]},"jack":{"jack_pairs":22,"jack_in_stream_pairs":21,"jack_outside_pairs":1,"pure_jack_per_sec":0.012282564311964056,"flow_break_per_stream_sec":0.23479036574487083,"stream_seconds":89.44148936170205,"non_stream_seconds":81.41622340425539,"chart_seconds":170.85771276595744,"window_ticks":24,"min_region_sec":10.0},"distraction":{"mode_formulation":"DP","dp_distraction_per_sec":1.4831061942041326,"dp_pair_count":14,"dp_chord_tier_pair_count":3,"dp_mean_time_distance_sec":0.1628989361702176,"scratch_chord_pair_count":3,"chord_time_threshold_sec":0.01667,"window_sec_min":0.2,"window_sec_max":0.8,"chart_seconds":170.85771276595744}},"warnings":[],"tags":["soflan"],"scales":["★★"]}