{"md5":"d3537d9058bbbbc95ea6687a3e729ca6","headers":{"title":"Unleashed World","artist":"sak feat.みゅい Movie: げ～むばか Illust: 球根","genre":"Aufheben","playlevel":"12","base_bpm":232.0},"mode":"DP","scope":"playable_only","scaling_mode":"p99_linear","params":{"stream_window_ticks":48,"stream_density_threshold_per_beat":4.0,"peak_window_ticks":192,"peak_min_window_notes":4,"peak_min_window_sec":0.05,"felt_bpm_trigger_eff_bpm":500.0,"felt_bpm_trigger_peak_per_sec":200.0,"felt_bpm_target_peak_per_sec":100.0,"felt_bpm_floor":30.0,"jack_window_ticks":24,"soft_burst_ref":8.0,"soft_freq_ref":0.1,"soft_burst_exp":1.5,"soft_freq_exp":1.5,"chord_time_threshold_ms":16.67,"sp_distraction_min_scratches":3,"dp_distraction_window_sec_min":0.2,"dp_distraction_window_sec_max":0.8,"stream_density_ref_per_sec":28.0,"peak_density_ref_per_sec":50.0,"chord_size_ref":3.3,"ln_simultaneity_ref":0.18,"scratch_density_ref_per_sec":1.0,"scratch_ratio_ref":0.07,"distraction_density_ref":5.0,"distraction_event_ref":1.0,"dp_distraction_ref":6.0},"raw_axes":{"chord":1.6372934697088906,"stream":26.33439553488372,"scratch":0.006048991318908915,"soft":0.0,"ln":0.0,"stair":0.16811175337186898,"peak":42.53333333333333,"distraction":0.7379035140547466,"pure_jack_raw":0.26270346779900844,"flow_break_raw":0.16337069420808653},"x_chord":0.509,"x_stream":0.824,"x_scratch":0.033,"x_soft":0.0,"x_ln":0.0,"x_stair":0.532,"x_peak":0.733,"x_distraction":0.07,"jack_signal":0.291,"noise_budget":0.394,"submetrics":{"chord":{"chord_rate":0.6703383162863886,"avg_chord_size":2.442488262910798,"chord_positions":852,"total_positions":1271},"stream":{"stream_coverage":0.9496,"stream_density_mean":7.1720930232558135,"stream_density_mean_per_sec":27.73209302325581,"stream_windows":36,"notes_in_stream":2374,"total_notes":2500,"intervals":[[1860,1944],[1968,3132],[3300,3552],[3852,3936],[4104,4320],[4620,4704],[4824,5088],[5388,5472],[5640,5856],[6156,6240],[6348,6624],[6684,6816],[6828,6888],[6924,7056],[7068,7188],[7308,7392],[7476,7824],[7836,7920],[8052,12768],[12972,13056],[13068,13152],[13164,13224],[13260,13428],[13440,14304],[14316,14376],[14388,14688],[14700,14760],[14772,15456],[15468,15528],[15540,15600],[15612,17328],[18072,20448],[20652,20736],[20748,20832],[20844,20904],[20940,22728]]},"scratch":{"scratch_ratio":0.0172,"scratch_positions_ratio":0.03383162863886703,"scratch_with_key_chord_rate":0.7209302325581395,"scratch_per_sec":0.35168554179702993,"scratch_burst_max_per_sec":5.0,"scratch_burst_window_sec":1.0,"scratch_notes":43,"scratch_positions":43,"total_notes":2500,"total_positions":1271,"chart_seconds":122.26831896551724},"soft":{"base_bpm":232.0,"intensity":0.0,"up_intensity":0.0,"down_intensity":0.0,"max_intensity":0.0,"max_up_intensity":0.0,"max_down_intensity":0.0,"step_frequency":0.0,"ramp_frequency":0.0,"continuity_beats":0.0,"off_base_note_ratio":0.0,"gimmick_burst_score":0.0,"max_off_base_density_per_beat":0.0,"base_mean_density_per_beat":5.28397673188789,"base_density_source":"on_base","distinct_off_base_bpm_count":0,"bpm_change_events":0,"measure_count":134},"ln":{"ln_ratio":0.0,"ln_hold_time_mean_beats":0.0,"ln_simultaneity_rate":0.0,"ln_simultaneity_weighted":0.0,"ln_count":0,"ln_positions":0,"total_notes":2500},"stair":{"stair_index":0.16811175337186898,"stair_transitions":349,"eligible_transitions":2076},"peak":{"peak_local_max_density":11.0,"peak_local_max_density_per_sec":42.53333333333333,"peak_max_chord_size":6,"peak_concentration":0.518,"total_notes":2500,"intervals":[[8160,9420],[10224,11268],[11760,12744],[13464,13896],[14076,14268],[16476,16692],[18096,18948],[19440,20436],[21120,21744],[21756,22404]]},"jack":{"jack_pairs":23,"jack_in_stream_pairs":15,"jack_outside_pairs":8,"pure_jack_per_sec":0.26270346779900844,"flow_break_per_stream_sec":0.16337069420808653,"stream_seconds":91.8157327586206,"non_stream_seconds":30.45258620689664,"chart_seconds":122.26831896551724,"window_ticks":24,"min_region_sec":10.0},"distraction":{"mode_formulation":"DP","dp_distraction_per_sec":0.7379035140547466,"dp_pair_count":17,"dp_chord_tier_pair_count":0,"dp_mean_time_distance_sec":0.21678498985801287,"scratch_chord_pair_count":0,"chord_time_threshold_sec":0.01667,"window_sec_min":0.2,"window_sec_max":0.8,"chart_seconds":122.26831896551724}},"warnings":[],"tags":["stream_heavy","stair_focused","peak_intense","burst_focused","fast_chart","pure_stream"],"scales":["★★"]}