{"md5":"ff3d89cff34c9b1cfb75a50f7b38ea7d","headers":{"title":"Jasmine Tea Girl [DP ANOTHER]","artist":"polysha (obj:k)","genre":"House","playlevel":"11","base_bpm":133.0},"mode":"DP","scope":"playable_only","scaling_mode":"reference","params":{"stream_window_ticks":48,"stream_density_threshold_per_beat":4.0,"peak_window_ticks":192,"jack_window_ticks":24,"soft_burst_ref":8.0,"soft_freq_ref":0.1,"soft_burst_exp":1.5,"soft_freq_exp":1.5,"chord_time_threshold_ms":16.67,"sp_distraction_min_scratches":3,"dp_distraction_window_sec_min":0.2,"dp_distraction_window_sec_max":0.8,"stream_density_ref_per_sec":28.0,"peak_density_ref_per_sec":50.0,"chord_size_ref":3.3,"ln_simultaneity_ref":0.18,"scratch_density_ref_per_sec":1.0,"scratch_ratio_ref":0.07,"distraction_density_ref":5.0,"distraction_event_ref":1.0,"dp_distraction_ref":6.0},"x_chord":0.35247876252060356,"x_stream":0.41230743572978557,"x_scratch":0.027364624905670907,"x_soft":0.0,"x_ln":0.494641384995878,"x_stair":0.14444444444444443,"x_peak":0.43225,"x_distraction":0.11089102704033903,"submetrics":{"chord":{"chord_rate":0.4714086471408647,"avg_chord_size":2.467455621301775,"chord_positions":338,"total_positions":717},"stream":{"stream_coverage":0.9291014014839242,"stream_density_mean":5.60551724137931,"stream_density_mean_per_sec":12.425563218390804,"stream_windows":27,"notes_in_stream":1127,"total_notes":1213,"intervals":[[180,239],[324,371],[480,599],[672,767],[828,995],[1008,1655],[1716,1823],[1836,2207],[2220,2591],[2604,2975],[2988,3311],[3348,3431],[3516,3635],[3732,3851],[3900,4451],[4584,4907],[4932,7451],[7464,8447],[8460,9047],[10056,10403],[10476,10535],[10548,11687],[11700,11783],[11844,11903],[11928,11975],[11988,12167],[12192,12875]]},"scratch":{"scratch_ratio":0.014014839241549877,"scratch_positions_ratio":0.023709902370990237,"scratch_with_key_chord_rate":0.7058823529411765,"scratch_per_sec":0.1366782529847363,"scratch_burst_max_per_sec":5.0,"scratch_burst_window_sec":1.0,"scratch_notes":17,"scratch_positions":17,"total_notes":1213,"total_positions":717,"chart_seconds":124.3796992481203},"soft":{"base_bpm":133.0,"intensity":0.0,"up_intensity":0.0,"down_intensity":0.0,"max_intensity":0.0,"max_up_intensity":0.0,"max_down_intensity":0.0,"step_frequency":0.0,"ramp_frequency":0.0,"continuity_beats":0.0,"off_base_note_ratio":0.0,"gimmick_burst_score":0.0,"max_off_base_density_per_beat":0.0,"base_mean_density_per_beat":4.39957684751398,"base_density_source":"on_base","distinct_off_base_bpm_count":0,"bpm_change_events":0,"measure_count":67},"ln":{"ln_ratio":0.023907666941467436,"ln_hold_time_mean_beats":2.048132183908046,"ln_simultaneity_rate":0.07666941467436109,"ln_simultaneity_weighted":0.08903544929925804,"ln_count":29,"ln_positions":28,"total_notes":1213},"stair":{"stair_index":0.14444444444444443,"stair_transitions":143,"eligible_transitions":990},"peak":{"peak_local_max_density":9.75,"peak_local_max_density_per_sec":21.6125,"peak_max_chord_size":5,"peak_concentration":0.31327287716405605,"total_notes":1213,"intervals":[[5760,6191],[6612,6983],[7488,7691],[7728,8447],[10776,11579]]},"jack":{"jack_pairs":25,"jack_in_stream_pairs":25,"jack_outside_pairs":0,"pure_jack_per_sec":0.0,"flow_break_per_stream_sec":0.2513227513227512,"stream_seconds":99.47368421052634,"non_stream_seconds":24.90601503759396,"chart_seconds":124.3796992481203,"window_ticks":24,"min_region_sec":10.0},"distraction":{"mode_formulation":"DP","dp_distraction_per_sec":0.6653461622420341,"dp_pair_count":18,"dp_chord_tier_pair_count":0,"dp_mean_time_distance_sec":0.2944862155388489,"scratch_chord_pair_count":0,"chord_time_threshold_sec":0.01667,"window_sec_min":0.2,"window_sec_max":0.8,"chart_seconds":124.3796992481203}},"warnings":[],"tags":[],"scales":["DPsl"]}