{"md5":"9c709acbc81e788da0b5ecc033746635","headers":{"title":"ミライトコネクト","artist":"Sound piercer & ginkiha (feat.柚子花 & NeLiME)","genre":"SPACE IDOL DAYBREAK HARDCORE","playlevel":"12","base_bpm":178.0},"mode":"DP","scope":"playable_only","scaling_mode":"p99_linear","params":{"stream_window_ticks":48,"stream_density_threshold_per_beat":4.0,"peak_window_ticks":192,"peak_min_window_notes":4,"peak_min_window_sec":0.05,"felt_bpm_trigger_eff_bpm":500.0,"felt_bpm_trigger_peak_per_sec":200.0,"felt_bpm_target_peak_per_sec":100.0,"felt_bpm_floor":30.0,"jack_window_ticks":24,"soft_burst_ref":8.0,"soft_freq_ref":0.1,"soft_burst_exp":1.5,"soft_freq_exp":1.5,"chord_time_threshold_ms":16.67,"sp_distraction_min_scratches":3,"dp_distraction_window_sec_min":0.2,"dp_distraction_window_sec_max":0.8,"stream_density_ref_per_sec":28.0,"peak_density_ref_per_sec":50.0,"chord_size_ref":3.3,"ln_simultaneity_ref":0.18,"scratch_density_ref_per_sec":1.0,"scratch_ratio_ref":0.07,"distraction_density_ref":5.0,"distraction_event_ref":1.0,"dp_distraction_ref":6.0},"raw_axes":{"chord":1.4032674118658643,"stream":16.175097015088085,"scratch":0.003639092978606304,"soft":0.0,"ln":0.010531135531135532,"stair":0.04378698224852071,"peak":26.7,"distraction":2.2013704500726674},"x_chord":0.45,"x_stream":0.507,"x_scratch":0.02,"x_soft":0.0,"x_ln":0.038,"x_stair":0.143,"x_peak":0.424,"x_distraction":0.186,"submetrics":{"chord":{"chord_rate":0.5253654342218401,"avg_chord_size":2.6710310965630115,"chord_positions":611,"total_positions":1163},"stream":{"stream_coverage":0.9528388278388278,"stream_density_mean":5.730714285714286,"stream_density_mean_per_sec":16.975690476190476,"stream_windows":30,"notes_in_stream":2081,"total_notes":2184,"intervals":[[348,431],[612,695],[732,791],[1020,1103],[1116,1199],[1308,1367],[1380,1463],[1500,1583],[1668,1967],[2460,2543],[2592,2639],[2652,2735],[2820,2915],[2940,6383],[6492,6575],[6636,6815],[6828,7103],[7116,7367],[7404,8159],[8172,8687],[8700,9647],[9732,9815],[9948,10031],[10116,14255],[14268,14315],[14364,14411],[14460,14507],[14520,14903],[14940,15743],[15756,20759]]},"scratch":{"scratch_ratio":0.015567765567765568,"scratch_positions_ratio":0.029234737747205503,"scratch_with_key_chord_rate":0.9411764705882353,"scratch_per_sec":0.23375820780224024,"scratch_burst_max_per_sec":3.0,"scratch_burst_window_sec":1.0,"scratch_notes":34,"scratch_positions":34,"total_notes":2184,"total_positions":1163,"chart_seconds":145.4494382022472},"soft":{"base_bpm":178.0,"intensity":0.0,"up_intensity":0.0,"down_intensity":0.0,"max_intensity":0.0,"max_up_intensity":0.0,"max_down_intensity":0.0,"step_frequency":0.0,"ramp_frequency":0.0,"continuity_beats":0.0,"off_base_note_ratio":0.0,"gimmick_burst_score":0.0,"max_off_base_density_per_beat":0.0,"base_mean_density_per_beat":5.047508690614137,"base_density_source":"on_base","distinct_off_base_bpm_count":0,"bpm_change_events":0,"measure_count":108},"ln":{"ln_ratio":0.008241758241758242,"ln_hold_time_mean_beats":0.4722222222222222,"ln_simultaneity_rate":0.010531135531135532,"ln_simultaneity_weighted":0.010531135531135532,"ln_count":18,"ln_positions":10,"total_notes":2184},"stair":{"stair_index":0.04378698224852071,"stair_transitions":74,"eligible_transitions":1690},"peak":{"peak_local_max_density":9.0,"peak_local_max_density_per_sec":26.7,"peak_max_chord_size":7,"peak_concentration":0.29212454212454214,"total_notes":2184,"intervals":[[4764,5063],[5412,6203],[10908,11183],[13656,14195],[16800,17339],[18588,18887],[19236,20759]]},"jack":{"jack_pairs":38,"jack_in_stream_pairs":33,"jack_outside_pairs":5,"pure_jack_per_sec":0.2937293729372933,"flow_break_per_stream_sec":0.2569553805774279,"stream_seconds":128.4269662921348,"non_stream_seconds":17.022471910112387,"chart_seconds":145.4494382022472,"window_ticks":24,"min_region_sec":10.0},"distraction":{"mode_formulation":"DP","dp_distraction_per_sec":2.2013704500726674,"dp_pair_count":72,"dp_chord_tier_pair_count":0,"dp_mean_time_distance_sec":0.2518336454431936,"scratch_chord_pair_count":0,"chord_time_threshold_sec":0.01667,"window_sec_min":0.2,"window_sec_max":0.8,"chart_seconds":145.4494382022472}},"warnings":["Unterminated LNOBJ LN on lane P1_KEY1 started at m107 pos0.875; closing at EOF","Unterminated LNOBJ LN on lane P1_KEY3 started at m107 pos0.75; closing at EOF","Unterminated LNOBJ LN on lane P1_KEY7 started at m107 pos0.875; closing at EOF","Unterminated LNOBJ LN on lane P2_KEY1 started at m107 pos0.25; closing at EOF","Unterminated LNOBJ LN on lane P1_KEY4 started at m107 pos0.875; closing at EOF","Unterminated LNOBJ LN on lane P2_KEY4 started at m107 pos0.375; closing at EOF","Unterminated LNOBJ LN on lane P1_KEY5 started at m107 pos0.75; closing at EOF","Unterminated LNOBJ LN on lane P2_KEY3 started at m107 pos0.75; closing at EOF","Unterminated LNOBJ LN on lane P1_KEY2 started at m107 pos0.875; closing at EOF","Unterminated LNOBJ LN on lane P1_KEY6 started at m107 pos0.875; closing at EOF","Unterminated LNOBJ LN on lane P2_KEY6 started at m107 pos0.4375; closing at EOF","Unterminated LNOBJ LN on lane P2_KEY2 started at m107 pos0.3125; closing at EOF","Unterminated LNOBJ LN on lane P2_SCR started at m107 pos0.875; closing at EOF","Unterminated LNOBJ LN on lane P1_SCR started at m103 pos0.625; closing at EOF","Unterminated LNOBJ LN on lane P2_KEY5 started at m107 pos0.75; closing at EOF","Unterminated LNOBJ LN on lane P2_KEY7 started at m107 pos0.0; closing at EOF"],"tags":[],"scales":["DPsl"]}