{"md5":"b7b59a13d058b2f763a9f252d89ffaf0","headers":{"title":"ouroVoros [Fantasy]","artist":"Negentropy / obj:Hador","genre":"Symphonic Roar","playlevel":"19","base_bpm":185.0},"mode":"DP","scope":"playable_only","scaling_mode":"p99_linear","params":{"stream_window_ticks":48,"stream_density_threshold_per_beat":4.0,"peak_window_ticks":192,"peak_min_window_notes":4,"felt_bpm_trigger_eff_bpm":500.0,"felt_bpm_trigger_peak_per_sec":200.0,"felt_bpm_target_peak_per_sec":100.0,"felt_bpm_floor":30.0,"jack_window_ticks":24,"soft_burst_ref":8.0,"soft_freq_ref":0.1,"soft_burst_exp":1.5,"soft_freq_exp":1.5,"chord_time_threshold_ms":16.67,"sp_distraction_min_scratches":3,"dp_distraction_window_sec_min":0.2,"dp_distraction_window_sec_max":0.8,"stream_density_ref_per_sec":28.0,"peak_density_ref_per_sec":50.0,"chord_size_ref":3.3,"ln_simultaneity_ref":0.18,"scratch_density_ref_per_sec":1.0,"scratch_ratio_ref":0.07,"distraction_density_ref":5.0,"distraction_event_ref":1.0,"dp_distraction_ref":6.0},"raw_axes":{"chord":3.0235849056603774,"stream":32.9856268983497,"scratch":0.000136403329900209,"soft":0.0,"ln":0.0,"stair":0.2977310459324848,"peak":50.875,"distraction":0.050907333035848185},"x_chord":0.97,"x_stream":1.0,"x_scratch":0.001,"x_soft":0.0,"x_ln":0.0,"x_stair":0.971,"x_peak":0.807,"x_distraction":0.004,"submetrics":{"chord":{"chord_rate":0.8915094339622641,"avg_chord_size":3.3915343915343916,"chord_positions":945,"total_positions":1060},"stream":{"stream_coverage":0.9822289156626506,"stream_density_mean":10.891596638655463,"stream_density_mean_per_sec":33.582422969187675,"stream_windows":24,"notes_in_stream":3261,"total_notes":3320,"intervals":[[2268,2615],[2844,5591],[5640,9839],[9948,10031],[10044,10127],[10140,10223],[10332,10415],[10524,10607],[10920,11171],[11676,14831],[15228,15287],[15324,15371],[15708,15767],[15780,15851],[16164,16367],[16428,16751],[16764,16847],[16860,16943],[16956,17039],[17052,17135],[17244,17327],[17340,17423],[17436,17711],[17820,20783]]},"scratch":{"scratch_ratio":0.0024096385542168677,"scratch_positions_ratio":0.006603773584905661,"scratch_with_key_chord_rate":0.42857142857142855,"scratch_per_sec":0.05660738190858673,"scratch_burst_max_per_sec":2.0,"scratch_burst_window_sec":1.0,"scratch_notes":8,"scratch_positions":7,"total_notes":3320,"total_positions":1060,"chart_seconds":141.32432432432432},"soft":{"base_bpm":185.0,"intensity":0.0,"up_intensity":0.0,"down_intensity":0.0,"max_intensity":0.0,"max_up_intensity":0.0,"max_down_intensity":0.0,"step_frequency":0.0,"ramp_frequency":0.0,"continuity_beats":0.0,"off_base_note_ratio":0.0,"gimmick_burst_score":0.0,"max_off_base_density_per_beat":0.0,"base_mean_density_per_beat":7.614457831325301,"base_density_source":"on_base","distinct_off_base_bpm_count":0,"bpm_change_events":0,"measure_count":109},"ln":{"ln_ratio":0.0,"ln_hold_time_mean_beats":0.0,"ln_simultaneity_rate":0.0,"ln_simultaneity_weighted":0.0,"ln_count":0,"ln_positions":0,"total_notes":3320},"stair":{"stair_index":0.2977310459324848,"stair_transitions":538,"eligible_transitions":1807},"peak":{"peak_local_max_density":16.5,"peak_local_max_density_per_sec":50.875,"peak_max_chord_size":8,"peak_concentration":0.3578313253012048,"total_notes":3320,"intervals":[[3048,3395],[3636,4055],[8328,8675],[12864,13223],[14400,14807],[17916,18371],[18456,19319],[20040,20771]]},"jack":{"jack_pairs":36,"jack_in_stream_pairs":36,"jack_outside_pairs":0,"pure_jack_per_sec":0.0,"flow_break_per_stream_sec":0.3407521105141982,"stream_seconds":105.64864864864859,"non_stream_seconds":35.675675675675734,"chart_seconds":141.32432432432432,"window_ticks":24,"min_region_sec":10.0},"distraction":{"mode_formulation":"DP","dp_distraction_per_sec":0.050907333035848185,"dp_pair_count":2,"dp_chord_tier_pair_count":0,"dp_mean_time_distance_sec":0.2837837837837789,"scratch_chord_pair_count":0,"chord_time_threshold_sec":0.01667,"window_sec_min":0.2,"window_sec_max":0.8,"chart_seconds":141.32432432432432}},"warnings":[],"tags":["chord_heavy","stream_heavy","stair_focused","peak_intense","big_chord_burst","dense_chart","chord_stream"],"scales":["★★"]}