{"md5":"b6ce1188119125f86914410208be3ee1","headers":{"title":"凍て空の結晶 [CH14]","artist":"星霜ステラ obj:ucc","genre":"Lonely","playlevel":"19","base_bpm":141.0},"mode":"DP","scope":"playable_only","scaling_mode":"percentile_rank","params":{"stream_window_ticks":48,"stream_density_threshold_per_beat":4.0,"peak_window_ticks":192,"jack_window_ticks":24,"soft_burst_ref":8.0,"soft_freq_ref":0.1,"soft_burst_exp":1.5,"soft_freq_exp":1.5,"chord_time_threshold_ms":16.67,"sp_distraction_min_scratches":3,"dp_distraction_window_sec_min":0.2,"dp_distraction_window_sec_max":0.8,"stream_density_ref_per_sec":28.0,"peak_density_ref_per_sec":50.0,"chord_size_ref":3.3,"ln_simultaneity_ref":0.18,"scratch_density_ref_per_sec":1.0,"scratch_ratio_ref":0.07,"distraction_density_ref":5.0,"distraction_event_ref":1.0,"dp_distraction_ref":6.0},"raw_axes":{"chord":2.0686936936936937,"stream":20.143702274062264,"scratch":0.0002938751690534857,"soft":0.0,"ln":0.0,"stair":0.12933526011560695,"peak":29.375,"distraction":0.20918560606059805},"x_chord":0.8200542005420054,"x_stream":0.6948509485094851,"x_scratch":0.2005420054200542,"x_soft":0.0,"x_ln":0.0,"x_stair":0.6807588075880758,"x_peak":0.5317073170731708,"x_distraction":0.16043360433604337,"submetrics":{"chord":{"chord_rate":0.7004504504504504,"avg_chord_size":2.9533762057877815,"chord_positions":622,"total_positions":888},"stream":{"stream_coverage":0.9714693295292439,"stream_density_mean":8.823529411764707,"stream_density_mean_per_sec":20.735294117647058,"stream_windows":20,"notes_in_stream":2043,"total_notes":2103,"intervals":[[912,1007],[1104,1199],[1308,1487],[1500,1583],[1596,1775],[1848,1967],[2076,2159],[2172,2351],[2364,2447],[2460,2543],[2628,2735],[2808,3119],[3132,3311],[3372,3503],[3564,3695],[3708,3887],[3900,7139],[7536,7595],[8112,8171],[8616,14819]]},"scratch":{"scratch_ratio":0.0042796005706134095,"scratch_positions_ratio":0.010135135135135136,"scratch_with_key_chord_rate":0.7777777777777778,"scratch_per_sec":0.06866883116883116,"scratch_burst_max_per_sec":1.0,"scratch_burst_window_sec":1.0,"scratch_notes":9,"scratch_positions":9,"total_notes":2103,"total_positions":888,"chart_seconds":131.06382978723406},"soft":{"base_bpm":141.0,"intensity":0.0,"up_intensity":0.0,"down_intensity":0.0,"max_intensity":0.0,"max_up_intensity":0.0,"max_down_intensity":0.0,"step_frequency":0.0,"ramp_frequency":0.0,"continuity_beats":0.0,"off_base_note_ratio":0.0,"gimmick_burst_score":0.0,"max_off_base_density_per_beat":0.0,"base_mean_density_per_beat":6.824675324675325,"base_density_source":"on_base","distinct_off_base_bpm_count":0,"bpm_change_events":0,"measure_count":78},"ln":{"ln_ratio":0.0,"ln_hold_time_mean_beats":0.0,"ln_simultaneity_rate":0.0,"ln_simultaneity_weighted":0.0,"ln_count":0,"ln_positions":0,"total_notes":2103},"stair":{"stair_index":0.12933526011560695,"stair_transitions":179,"eligible_transitions":1384},"peak":{"peak_local_max_density":12.5,"peak_local_max_density_per_sec":29.375,"peak_max_chord_size":7,"peak_concentration":0.3509272467902996,"total_notes":2103,"intervals":[[6816,7127],[10560,10847],[11028,13355],[14484,14807]]},"jack":{"jack_pairs":71,"jack_in_stream_pairs":71,"jack_outside_pairs":0,"pure_jack_per_sec":0.0,"flow_break_per_stream_sec":0.6810204081632651,"stream_seconds":104.2553191489362,"non_stream_seconds":26.80851063829786,"chart_seconds":131.06382978723406,"window_ticks":24,"min_region_sec":10.0},"distraction":{"mode_formulation":"DP","dp_distraction_per_sec":0.20918560606059805,"dp_pair_count":7,"dp_chord_tier_pair_count":0,"dp_mean_time_distance_sec":0.3191489361702133,"scratch_chord_pair_count":0,"chord_time_threshold_sec":0.01667,"window_sec_min":0.2,"window_sec_max":0.8,"chart_seconds":131.06382978723406}},"warnings":[],"tags":["chord_heavy"],"scales":["★★"]}