{"md5":"350003c6ab10ac0b7551e8a2ea02b5d3","headers":{"title":"Amusing Reflection Rag. (DP CHALLENGE)","artist":"yukitani / DKN","genre":"Polka / Ragtime Core","playlevel":"12","base_bpm":158.0},"mode":"DP","scope":"playable_only","scaling_mode":"p99_linear","params":{"stream_window_ticks":48,"stream_density_threshold_per_beat":4.0,"peak_window_ticks":192,"peak_min_window_notes":4,"peak_min_window_sec":0.05,"felt_bpm_trigger_eff_bpm":500.0,"felt_bpm_trigger_peak_per_sec":200.0,"felt_bpm_target_peak_per_sec":100.0,"felt_bpm_floor":30.0,"jack_window_ticks":24,"soft_burst_ref":8.0,"soft_freq_ref":0.1,"soft_burst_exp":1.5,"soft_freq_exp":1.5,"chord_time_threshold_ms":16.67,"sp_distraction_min_scratches":3,"dp_distraction_window_sec_min":0.2,"dp_distraction_window_sec_max":0.8,"stream_density_ref_per_sec":28.0,"peak_density_ref_per_sec":50.0,"chord_size_ref":3.3,"ln_simultaneity_ref":0.18,"scratch_density_ref_per_sec":1.0,"scratch_ratio_ref":0.07,"distraction_density_ref":5.0,"distraction_event_ref":1.0,"dp_distraction_ref":6.0},"raw_axes":{"chord":1.843402225755167,"stream":19.2331693580677,"scratch":0.0018184779526948778,"soft":0.0002195743907617536,"ln":0.0066494274104174364,"stair":0.14195736434108527,"peak":27.391666666666666,"distraction":3.3215627339459726},"x_chord":0.574,"x_stream":0.602,"x_scratch":0.01,"x_soft":0.001,"x_ln":0.024,"x_stair":0.449,"x_peak":0.472,"x_distraction":0.317,"submetrics":{"chord":{"chord_rate":0.6915739268680445,"avg_chord_size":2.6655172413793102,"chord_positions":870,"total_positions":1258},"stream":{"stream_coverage":0.9992611747321758,"stream_density_mean":6.873555840821566,"stream_density_mean_per_sec":19.247389816003423,"stream_windows":11,"notes_in_stream":2705,"total_notes":2707,"intervals":[[180,3576],[3612,6852],[6864,7044],[7068,7224],[7260,7416],[7428,7824],[7836,8256],[8364,11592],[11604,11784],[11796,19752],[19788,19896]]},"scratch":{"scratch_ratio":0.009974141115626155,"scratch_positions_ratio":0.021462639109697933,"scratch_with_key_chord_rate":0.8148148148148148,"scratch_per_sec":0.18231925251648273,"scratch_burst_max_per_sec":4.0,"scratch_burst_window_sec":1.0,"scratch_notes":27,"scratch_positions":27,"total_notes":2707,"total_positions":1258,"chart_seconds":148.09187525359692},"soft":{"base_bpm":173.0,"intensity":0.028912410769766243,"up_intensity":0.0,"down_intensity":0.028912410769766243,"max_intensity":0.046242774566473986,"max_up_intensity":0.0,"max_down_intensity":0.046242774566473986,"step_frequency":0.019230769230769232,"ramp_frequency":0.019230769230769232,"continuity_beats":174.5,"off_base_note_ratio":0.4093091983745844,"gimmick_burst_score":0.011417868319611186,"max_off_base_density_per_beat":6.616541353383458,"base_mean_density_per_beat":6.665271966527197,"base_density_source":"on_base","distinct_off_base_bpm_count":2,"bpm_change_events":3,"measure_count":104},"ln":{"ln_ratio":0.0025858884373845584,"ln_hold_time_mean_beats":1.0,"ln_simultaneity_rate":0.0066494274104174364,"ln_simultaneity_weighted":0.0066494274104174364,"ln_count":7,"ln_positions":7,"total_notes":2707},"stair":{"stair_index":0.14195736434108527,"stair_transitions":293,"eligible_transitions":2064},"peak":{"peak_local_max_density":9.5,"peak_local_max_density_per_sec":27.391666666666666,"peak_max_chord_size":10,"peak_concentration":0.35537495382342077,"total_notes":2707,"intervals":[[528,924],[1068,1692],[4236,4428],[5172,5544],[5664,6300],[7404,7860],[14304,14676],[14736,15300],[15840,16212],[16272,16836],[18348,18576],[18660,18960],[19044,19344],[19428,19728]]},"jack":{"jack_pairs":78,"jack_in_stream_pairs":78,"jack_outside_pairs":0,"pure_jack_per_sec":0.0,"flow_break_per_stream_sec":0.5401511154043106,"stream_seconds":144.404033937088,"non_stream_seconds":3.6878413165089228,"chart_seconds":148.09187525359692,"window_ticks":24,"min_region_sec":10.0},"distraction":{"mode_formulation":"DP","dp_distraction_per_sec":3.3215627339459726,"dp_pair_count":63,"dp_chord_tier_pair_count":4,"dp_mean_time_distance_sec":0.24729921590973758,"scratch_chord_pair_count":4,"chord_time_threshold_sec":0.01667,"window_sec_min":0.2,"window_sec_max":0.8,"chart_seconds":148.09187525359692}},"warnings":[],"tags":["scratch_chord","big_chord_burst"],"scales":["DPsl"]}