{"md5":"de22bde8f104e132afdc15ac65c14021","headers":{"title":"ノーザンブルー・デイブリーズ [DP-sagANOTHER]","artist":"みーにと琴葉葵 / obj:sagoo","genre":"コトノハウス","playlevel":"11","base_bpm":128.0},"mode":"DP","scope":"playable_only","scaling_mode":"reference","params":{"stream_window_ticks":48,"stream_density_threshold_per_beat":4.0,"peak_window_ticks":192,"jack_window_ticks":24,"soft_burst_ref":8.0,"soft_freq_ref":0.1,"soft_burst_exp":1.5,"soft_freq_exp":1.5,"chord_time_threshold_ms":16.67,"sp_distraction_min_scratches":3,"dp_distraction_window_sec_min":0.2,"dp_distraction_window_sec_max":0.8,"stream_density_ref_per_sec":28.0,"peak_density_ref_per_sec":50.0,"chord_size_ref":3.3,"ln_simultaneity_ref":0.18,"scratch_density_ref_per_sec":1.0,"scratch_ratio_ref":0.07,"distraction_density_ref":5.0,"distraction_event_ref":1.0,"dp_distraction_ref":6.0},"x_chord":0.4923689449236895,"x_stream":0.41992419294514316,"x_scratch":0.31803891353826264,"x_soft":0.0,"x_ln":0.0,"x_stair":0.16763565891472867,"x_peak":0.4053333333333333,"x_distraction":0.446508864754477,"submetrics":{"chord":{"chord_rate":0.5591240875912409,"avg_chord_size":2.906005221932115,"chord_positions":383,"total_positions":685},"stream":{"stream_coverage":0.9399293286219081,"stream_density_mean":5.863744075829384,"stream_density_mean_per_sec":12.509320695102685,"stream_windows":28,"notes_in_stream":1330,"total_notes":1415,"intervals":[[636,719],[828,887],[912,995],[1008,1247],[1296,1343],[1380,1967],[2172,2255],[2268,2351],[2448,2495],[2532,2879],[2916,8111],[8124,8183],[8208,8255],[8352,8495],[8508,8567],[8592,8639],[8664,8783],[8796,9623],[9660,9827],[9948,9995],[10716,10799],[10896,10943],[11100,11183],[11280,11387],[11448,13103],[13164,13463],[13476,14255],[14268,14603]]},"scratch":{"scratch_ratio":0.04734982332155477,"scratch_positions_ratio":0.0948905109489051,"scratch_with_key_chord_rate":0.7230769230769231,"scratch_per_sec":0.47017543859649125,"scratch_burst_max_per_sec":6.0,"scratch_burst_window_sec":1.0,"scratch_notes":67,"scratch_positions":65,"total_notes":1415,"total_positions":685,"chart_seconds":142.5},"soft":{"base_bpm":128.0,"intensity":0.0,"up_intensity":0.0,"down_intensity":0.0,"max_intensity":0.0,"max_up_intensity":0.0,"max_down_intensity":0.0,"step_frequency":0.0,"ramp_frequency":0.0,"continuity_beats":0.0,"off_base_note_ratio":0.0,"gimmick_burst_score":0.0,"max_off_base_density_per_beat":0.0,"base_mean_density_per_beat":4.651315789473684,"base_density_source":"on_base","distinct_off_base_bpm_count":0,"bpm_change_events":0,"measure_count":77},"ln":{"ln_ratio":0.0,"ln_hold_time_mean_beats":0.0,"ln_simultaneity_rate":0.0,"ln_simultaneity_weighted":0.0,"ln_count":0,"ln_positions":0,"total_notes":1415},"stair":{"stair_index":0.16763565891472867,"stair_transitions":173,"eligible_transitions":1032},"peak":{"peak_local_max_density":9.5,"peak_local_max_density_per_sec":20.266666666666666,"peak_max_chord_size":6,"peak_concentration":0.4706713780918728,"total_notes":1415,"intervals":[[1680,1871],[3216,3491],[4320,4895],[5520,6479],[6492,6719],[6792,7415],[7524,7895],[9216,9407],[11520,11711],[11904,12479],[12528,12887],[14304,14495]]},"jack":{"jack_pairs":37,"jack_in_stream_pairs":37,"jack_outside_pairs":0,"pure_jack_per_sec":0.0,"flow_break_per_stream_sec":0.32184845395854556,"stream_seconds":114.96093750000004,"non_stream_seconds":27.539062499999957,"chart_seconds":142.5,"window_ticks":24,"min_region_sec":10.0},"distraction":{"mode_formulation":"DP","dp_distraction_per_sec":2.679053188526862,"dp_pair_count":121,"dp_chord_tier_pair_count":0,"dp_mean_time_distance_sec":0.3806172520661157,"scratch_chord_pair_count":0,"chord_time_threshold_sec":0.01667,"window_sec_min":0.2,"window_sec_max":0.8,"chart_seconds":142.5}},"warnings":[],"tags":["burst_focused"],"scales":["DPsl"]}