{"md5":"af89b146ee24de2303ac47c81b507c48","headers":{"title":"HYPER BURST ΘVERDRIVE","artist":"tkqn14_Append Respect for Y.Y.","genre":"HYPER VG-RΘCK","playlevel":"12","base_bpm":196.0},"mode":"DP","scope":"playable_only","scaling_mode":"p99_linear","params":{"stream_window_ticks":48,"stream_density_threshold_per_beat":4.0,"peak_window_ticks":192,"peak_min_window_notes":4,"peak_min_window_sec":0.05,"felt_bpm_trigger_eff_bpm":500.0,"felt_bpm_trigger_peak_per_sec":200.0,"felt_bpm_target_peak_per_sec":100.0,"felt_bpm_floor":30.0,"jack_window_ticks":24,"soft_burst_ref":8.0,"soft_freq_ref":0.1,"soft_burst_exp":1.5,"soft_freq_exp":1.5,"chord_time_threshold_ms":16.67,"sp_distraction_min_scratches":3,"dp_distraction_window_sec_min":0.2,"dp_distraction_window_sec_max":0.8,"stream_density_ref_per_sec":28.0,"peak_density_ref_per_sec":50.0,"chord_size_ref":3.3,"ln_simultaneity_ref":0.18,"scratch_density_ref_per_sec":1.0,"scratch_ratio_ref":0.07,"distraction_density_ref":5.0,"distraction_event_ref":1.0,"dp_distraction_ref":6.0},"raw_axes":{"chord":1.8657407407407407,"stream":17.728718696943194,"scratch":0.015994025298420256,"soft":0.0,"ln":0.00466321243523316,"stair":0.12807148175725985,"peak":23.683333333333334,"distraction":2.3102656504031382,"pure_jack_raw":0.24761152783260923,"flow_break_raw":0.3024279555253007},"x_chord":0.581,"x_stream":0.555,"x_scratch":0.086,"x_soft":0.0,"x_ln":0.017,"x_stair":0.405,"x_peak":0.408,"x_distraction":0.221,"jack_signal":0.366,"noise_budget":0.69,"submetrics":{"chord":{"chord_rate":0.6319444444444444,"avg_chord_size":2.9523809523809526,"chord_positions":546,"total_positions":864},"stream":{"stream_coverage":0.9632124352331606,"stream_density_mean":5.634435962680238,"stream_density_mean_per_sec":18.405824144755442,"stream_windows":51,"notes_in_stream":1859,"total_notes":1930,"intervals":[[384,528],[588,768],[780,864],[876,1368],[1380,1536],[1548,1632],[1644,1752],[1776,2064],[2100,2904],[2928,3072],[3084,3456],[3468,3672],[3684,4224],[4236,4992],[5004,5088],[5100,6000],[6108,7392],[7404,7896],[7908,8160],[8172,8928],[8940,9432],[9456,9840],[9852,9936],[10032,11448],[11460,11520],[11532,13068],[13104,13164],[13176,13728],[13740,13824],[13836,13920],[13932,14016],[14028,14208],[14220,14448],[14460,14592],[14628,14808],[14868,15024],[15060,15216],[15252,15744],[15804,15972],[16128,16344],[16368,16896],[16956,17112],[17136,17664],[17676,18144],[18156,18648],[18672,18816],[18828,18900],[18936,19044],[19056,19152],[19356,19428],[19728,19824]]},"scratch":{"scratch_ratio":0.032642487046632127,"scratch_positions_ratio":0.07291666666666667,"scratch_with_key_chord_rate":1.0,"scratch_per_sec":0.48997569565001736,"scratch_burst_max_per_sec":3.0,"scratch_burst_window_sec":1.0,"scratch_notes":63,"scratch_positions":63,"total_notes":1930,"total_positions":864,"chart_seconds":128.57780612244898},"soft":{"base_bpm":196.0,"intensity":0.0,"up_intensity":0.0,"down_intensity":0.0,"max_intensity":0.0,"max_up_intensity":0.0,"max_down_intensity":0.0,"step_frequency":0.0,"ramp_frequency":0.0,"continuity_beats":0.0,"off_base_note_ratio":0.0,"gimmick_burst_score":0.0,"max_off_base_density_per_beat":0.0,"base_mean_density_per_beat":4.5928571428571425,"base_density_source":"on_base","distinct_off_base_bpm_count":0,"bpm_change_events":0,"measure_count":106},"ln":{"ln_ratio":0.0005181347150259067,"ln_hold_time_mean_beats":4.0,"ln_simultaneity_rate":0.00466321243523316,"ln_simultaneity_weighted":0.00466321243523316,"ln_count":1,"ln_positions":1,"total_notes":1930},"stair":{"stair_index":0.12807148175725985,"stair_transitions":172,"eligible_transitions":1343},"peak":{"peak_local_max_density":7.25,"peak_local_max_density_per_sec":23.683333333333334,"peak_max_chord_size":5,"peak_concentration":0.40414507772020725,"total_notes":1930,"intervals":[[2076,2808],[3468,3672],[3708,4080],[4620,4992],[5268,5976],[6264,6588],[7068,7368],[7428,7680],[8172,8520],[8604,8904],[8964,9216],[9468,9840],[10656,11124],[12468,12936],[14220,14448],[15276,15744],[17820,18072]]},"jack":{"jack_pairs":38,"jack_in_stream_pairs":34,"jack_outside_pairs":4,"pure_jack_per_sec":0.24761152783260923,"flow_break_per_stream_sec":0.3024279555253007,"stream_seconds":112.42346938775508,"non_stream_seconds":16.1543367346939,"chart_seconds":128.57780612244898,"window_ticks":24,"min_region_sec":10.0},"distraction":{"mode_formulation":"DP","dp_distraction_per_sec":2.3102656504031382,"dp_pair_count":75,"dp_chord_tier_pair_count":0,"dp_mean_time_distance_sec":0.27193877551020423,"scratch_chord_pair_count":0,"chord_time_threshold_sec":0.01667,"window_sec_min":0.2,"window_sec_max":0.8,"chart_seconds":128.57780612244898}},"warnings":[],"tags":[],"scales":["DPsl"]}