{"md5":"23f098872668597df9fb08fba73160bb","headers":{"title":"Lonely Hina","artist":"Nurm","genre":"Lonely Dance","playlevel":"12","base_bpm":240.0},"mode":"DP","scope":"playable_only","scaling_mode":"percentile_rank","params":{"stream_window_ticks":48,"stream_density_threshold_per_beat":4.0,"peak_window_ticks":192,"jack_window_ticks":24,"soft_burst_ref":8.0,"soft_freq_ref":0.1,"soft_burst_exp":1.5,"soft_freq_exp":1.5,"chord_time_threshold_ms":16.67,"sp_distraction_min_scratches":3,"dp_distraction_window_sec_min":0.2,"dp_distraction_window_sec_max":0.8,"stream_density_ref_per_sec":28.0,"peak_density_ref_per_sec":50.0,"chord_size_ref":3.3,"ln_simultaneity_ref":0.18,"scratch_density_ref_per_sec":1.0,"scratch_ratio_ref":0.07,"distraction_density_ref":5.0,"distraction_event_ref":1.0,"dp_distraction_ref":6.0},"raw_axes":{"chord":1.8404255319148937,"stream":15.05610031863501,"scratch":0.0004574732835602401,"soft":0.0,"ln":0.0,"stair":0.2956521739130435,"peak":29.0,"distraction":0.030303030303030304},"x_chord":0.699728997289973,"x_stream":0.23956639566395663,"x_scratch":0.25853658536585367,"x_soft":0.0,"x_ln":0.0,"x_stair":0.9859078590785908,"x_peak":0.5138211382113821,"x_distraction":0.06612466124661247,"submetrics":{"chord":{"chord_rate":0.6382978723404256,"avg_chord_size":2.8833333333333333,"chord_positions":480,"total_positions":752},"stream":{"stream_coverage":0.7814009661835749,"stream_density_mean":4.817021276595745,"stream_density_mean_per_sec":19.26808510638298,"stream_windows":72,"notes_in_stream":1294,"total_notes":1656,"intervals":[[2412,2471],[2796,2855],[3060,3311],[3372,3695],[3804,3887],[3948,4007],[4332,4439],[4716,4775],[5100,5207],[5436,5543],[5844,5999],[6012,6095],[6204,6311],[6612,6767],[6876,6959],[6972,7079],[7380,7535],[7740,7847],[8148,8303],[8316,8399],[8412,8639],[8748,8831],[8868,9071],[9084,9167],[9180,9455],[9516,9599],[9948,10223],[10308,10463],[10476,10607],[10716,10991],[11076,11351],[11484,11759],[11844,12143],[12252,12527],[12612,12911],[13020,13295],[13380,13679],[13788,14063],[14148,14423],[14460,14543],[14580,14783],[14796,15215],[15300,15767],[15900,15959],[16092,16271],[16284,16367],[16452,16751],[16860,17039],[17052,17135],[17220,17495],[17652,17807],[17820,17903],[17988,18287],[18396,18575],[18588,18671],[18756,19031],[19164,19439],[19500,19823],[19932,20207],[20268,20591],[20604,20687],[20700,20975],[21036,21359],[21468,21743],[21804,22511],[22596,22895],[23004,23279],[23364,23639],[23796,24047],[24132,24431],[24540,24815],[24900,25199]]},"scratch":{"scratch_ratio":0.006038647342995169,"scratch_positions_ratio":0.013297872340425532,"scratch_with_key_chord_rate":0.5,"scratch_per_sec":0.07575757575757576,"scratch_burst_max_per_sec":2.0,"scratch_burst_window_sec":1.0,"scratch_notes":10,"scratch_positions":10,"total_notes":1656,"total_positions":752,"chart_seconds":132.0},"soft":{"base_bpm":240.0,"intensity":0.0,"up_intensity":0.0,"down_intensity":0.0,"max_intensity":0.0,"max_up_intensity":0.0,"max_down_intensity":0.0,"step_frequency":0.0,"ramp_frequency":0.0,"continuity_beats":0.0,"off_base_note_ratio":0.0,"gimmick_burst_score":0.0,"max_off_base_density_per_beat":0.0,"base_mean_density_per_beat":3.134469696969697,"base_density_source":"on_base","distinct_off_base_bpm_count":0,"bpm_change_events":0,"measure_count":133},"ln":{"ln_ratio":0.0,"ln_hold_time_mean_beats":0.0,"ln_simultaneity_rate":0.0,"ln_simultaneity_weighted":0.0,"ln_count":0,"ln_positions":0,"total_notes":1656},"stair":{"stair_index":0.2956521739130435,"stair_transitions":340,"eligible_transitions":1150},"peak":{"peak_local_max_density":7.25,"peak_local_max_density_per_sec":29.0,"peak_max_chord_size":7,"peak_concentration":0.3713768115942029,"total_notes":1656,"intervals":[[3396,3671],[9180,9479],[15348,15551],[16404,16775],[17940,18311],[19164,19391],[19524,19847],[20292,20663],[20700,20927],[21060,21383],[21468,21743],[21780,22511],[22548,22919],[23004,23279],[23316,23687],[23772,24047],[24084,24455],[24540,24815],[24852,25247]]},"jack":{"jack_pairs":34,"jack_in_stream_pairs":33,"jack_outside_pairs":1,"pure_jack_per_sec":0.018648018648018648,"flow_break_per_stream_sec":0.42105263157894735,"stream_seconds":78.375,"non_stream_seconds":53.625,"chart_seconds":132.0,"window_ticks":24,"min_region_sec":10.0},"distraction":{"mode_formulation":"DP","dp_distraction_per_sec":0.030303030303030304,"dp_pair_count":1,"dp_chord_tier_pair_count":0,"dp_mean_time_distance_sec":0.25,"scratch_chord_pair_count":0,"chord_time_threshold_sec":0.01667,"window_sec_min":0.2,"window_sec_max":0.8,"chart_seconds":132.0}},"warnings":[],"tags":["stair_focused","fast_chart"],"scales":["DPsl"]}