{"md5":"2afacbc7bb2786a748d366fe4da62014","headers":{"title":"キミとボクへの葬送歌 [DP NORMAL]","artist":"ROKINA","genre":"EXCELSIOR","playlevel":"11","base_bpm":220.0},"mode":"DP","scope":"playable_only","scaling_mode":"p99_linear","params":{"stream_window_ticks":48,"stream_density_threshold_per_beat":4.0,"peak_window_ticks":192,"peak_min_window_notes":4,"peak_min_window_sec":0.05,"felt_bpm_trigger_eff_bpm":500.0,"felt_bpm_trigger_peak_per_sec":200.0,"felt_bpm_target_peak_per_sec":100.0,"felt_bpm_floor":30.0,"jack_window_ticks":24,"soft_burst_ref":8.0,"soft_freq_ref":0.1,"soft_burst_exp":1.5,"soft_freq_exp":1.5,"chord_time_threshold_ms":16.67,"sp_distraction_min_scratches":3,"sp_distraction_bin_sec":0.25,"sp_distraction_t_key":2,"sp_distraction_gap_bins":2,"dp_distraction_window_sec_min":0.2,"dp_distraction_window_sec_max":0.8,"stream_density_ref_per_sec":28.0,"peak_density_ref_per_sec":50.0,"chord_size_ref":3.3,"ln_simultaneity_ref":0.18,"scratch_density_ref_per_sec":1.0,"scratch_ratio_ref":0.07,"distraction_density_ref":5.0,"distraction_event_ref":1.0,"dp_distraction_ref":6.0},"raw_axes":{"chord":1.0099557522123892,"stream":11.11284670208492,"scratch_per_sec":0.7661393758016245,"scratch_burst_max_per_sec":8.0,"scratch_max_run_sec":11.181818181818194,"soft":0.0,"stair":0.12052730696798493,"peak":22.0,"ln_m1_short_rate_rt":0.0,"ln_m2_density_rt":2.717460317460314,"ln_m2_burst_max_rt":38.0,"ln_m3_density_rt":2.717460317460314,"ln_m_concurrent_rt":1.6072234762979711,"adv_hand_imb":0.02564102564102564,"adv_rel_pressure_1beat":0.28205128205128205,"adv_ln_hold_min_beats":1.0,"adv_ln_chord_big_rate":0.023809523809523808,"adv_ln_scatter_cv":2.6881167391676937,"distraction":1.2499168685573279},"x_chord":0.314,"x_stream":0.348,"x_scratch":0.585,"x_soft":0.0,"x_ln":0.709,"x_stair":0.371,"x_peak":0.379,"x_distraction":0.119,"ln_advanced_score":0.666,"submetrics":{"chord":{"chord_rate":0.4247787610619469,"avg_chord_size":2.3776041666666665,"chord_positions":384,"total_positions":904},"stream":{"stream_coverage":0.6737320211960636,"stream_density_mean":4.498489425981873,"stream_density_mean_per_sec":16.4944612286002,"stream_windows":59,"notes_in_stream":890,"total_notes":1321,"intervals":[[2448,2532],[3384,3504],[3516,3600],[3612,3696],[3708,3888],[3900,3984],[3996,4272],[4284,4368],[4380,4464],[4476,5088],[5196,5280],[5316,5568],[5676,5784],[5796,5856],[5868,5952],[5964,6144],[6156,6216],[6252,6336],[6348,6624],[6732,6816],[6852,7008],[7020,7104],[7212,7488],[7500,7872],[7884,8100],[10332,10392],[10524,10644],[10716,10800],[10872,11148],[13140,13440],[13632,13728],[13824,14124],[14196,14256],[14532,14616],[14880,15000],[15300,15384],[15708,16560],[16668,16752],[16860,16944],[16956,17040],[17052,17304],[18576,18804],[19020,19128],[19152,19392],[19524,19608],[19692,19992],[20076,20376],[20556,20640],[20724,20820],[20868,20928],[21036,21912],[23388,23520],[23532,23616],[23628,23688],[23700,24000],[24012,24456],[24480,24672],[24708,24816],[24924,25008]]},"scratch":{"scratch_ratio":0.07815771109560363,"scratch_positions_ratio":0.11946902654867257,"scratch_with_key_chord_rate":0.4537037037037037,"scratch_per_sec":0.7661393758016245,"scratch_burst_max_per_sec":8.0,"scratch_burst_window_sec":1.0,"scratch_max_run_sec":11.181818181818194,"ls_count":2,"ls_per_sec":0.013681060282171866,"ls_complexity_mean":0,"scratch_notes":112,"scratch_positions":108,"total_notes":1433,"total_positions":904,"chart_seconds":146.18750000000003},"soft":{"base_bpm":220.0,"intensity":0.0,"up_intensity":0.0,"down_intensity":0.0,"max_intensity":0.0,"max_up_intensity":0.0,"max_down_intensity":0.0,"step_frequency":0.0,"ramp_frequency":0.0,"continuity_beats":0.0,"off_base_note_ratio":0.0,"gimmick_burst_score":0.0,"max_off_base_density_per_beat":0.0,"base_mean_density_per_beat":2.673507462686567,"base_density_source":"on_base","distinct_off_base_bpm_count":0,"bpm_change_events":0,"measure_count":131},"ln":{"ln_ratio":0.05861828332170272,"ln_hold_time_mean_beats":3.4375,"ln_simultaneity_rate":0.02372644801116539,"ln_simultaneity_weighted":0.024424284717376135,"ln_count":84,"ln_count_raw":84,"ln_positions":48,"total_notes":1433,"m1_short_count_rt":0,"m1_short_rate_rt":0.0,"m2_long_count_rt":78,"m2_density_rt":2.717460317460314,"m2_burst_max_rt":38.0,"m3_density_rt":2.717460317460314,"m_concurrent_rt":1.6072234762979711,"total_long_sec":78.7500000000001,"long_active_sec":30.20454545454546,"long_hold_sec_mean":1.009615384615386,"long_hold_sec_max":4.363636363636374,"adv_hand_imb":0.02564102564102564,"adv_rel_pressure_1beat":0.28205128205128205,"adv_ln_hold_min_beats":1.0,"adv_ln_chord_big_rate":0.023809523809523808,"adv_ln_scatter_cv":2.6881167391676937},"stair":{"stair_index":0.12052730696798493,"stair_transitions":128,"eligible_transitions":1062},"peak":{"peak_local_max_density":6.0,"peak_local_max_density_per_sec":22.0,"peak_max_chord_size":8,"peak_concentration":0.4481453444360333,"total_notes":1321,"intervals":[[3372,3624],[4800,5052],[5316,5544],[5868,6144],[6336,6612],[7200,7548],[7632,7848],[10860,11160],[15660,16644],[17100,17292],[18540,18852],[19188,19380],[19680,19992],[20076,20376],[21024,21960],[23628,24384],[24444,24984]]},"jack":{"jack_pairs":43,"jack_in_stream_pairs":33,"jack_outside_pairs":10,"pure_jack_per_sec":0.1177966668897664,"flow_break_per_stream_sec":0.5383759733036707,"stream_seconds":61.295454545454554,"non_stream_seconds":84.89204545454547,"chart_seconds":146.18750000000003,"window_ticks":24,"min_region_sec":10.0},"distraction":{"mode_formulation":"DP","dp_distraction_per_sec":1.2499168685573279,"dp_pair_count":33,"dp_chord_tier_pair_count":0,"dp_mean_time_distance_sec":0.20867768595040925,"scratch_chord_pair_count":0,"chord_time_threshold_sec":0.01667,"window_sec_min":0.2,"window_sec_max":0.8,"chart_seconds":146.18750000000003}},"warnings":["LNOBJ end at m10 pos0.0 lane P2_KEY4 has no prior start; ignoring","Unterminated LNOBJ LN on lane P2_SCR started at m128 pos0.375; closing at EOF","Unterminated LNOBJ LN on lane P1_SCR started at m129 pos0.125; closing at EOF","Unterminated LNOBJ LN on lane P1_KEY4 started at m129 pos0.91666667; closing at EOF","Unterminated LNOBJ LN on lane P2_KEY6 started at m125 pos0.75; closing at EOF","Unterminated LNOBJ LN on lane P2_KEY4 started at m129 pos0.5; closing at EOF","Unterminated LNOBJ LN on lane P1_KEY2 started at m127 pos0.125; closing at EOF","Unterminated LNOBJ LN on lane P2_KEY2 started at m129 pos0.83333333; closing at EOF","Unterminated LNOBJ LN on lane P1_KEY6 started at m129 pos0.58333333; closing at EOF"],"axis_intensities":{"chord":"green","stream":"green","peak":"green","scratch":"red","soft":null,"ln":"yellow","stair":"yellow","distraction":"yellow"},"tags":["big_chord_burst"],"scales":["DPsl"]}