{"md5":"434a927e31eeba5b869a20101626042a","headers":{"title":"スプラッシュコード－０６ [ANOTHER14]","artist":"ねこひめたん","genre":"テクノ","playlevel":"12","base_bpm":180.0},"mode":"DP","scope":"playable_only","scaling_mode":"p99_linear","params":{"stream_window_ticks":48,"stream_density_threshold_per_beat":4.0,"peak_window_ticks":192,"peak_min_window_notes":4,"peak_min_window_sec":0.05,"felt_bpm_trigger_eff_bpm":500.0,"felt_bpm_trigger_peak_per_sec":200.0,"felt_bpm_target_peak_per_sec":100.0,"felt_bpm_floor":30.0,"jack_window_ticks":24,"soft_burst_ref":8.0,"soft_freq_ref":0.1,"soft_burst_exp":1.5,"soft_freq_exp":1.5,"chord_time_threshold_ms":16.67,"sp_distraction_min_scratches":3,"dp_distraction_window_sec_min":0.2,"dp_distraction_window_sec_max":0.8,"stream_density_ref_per_sec":28.0,"peak_density_ref_per_sec":50.0,"chord_size_ref":3.3,"ln_simultaneity_ref":0.18,"scratch_density_ref_per_sec":1.0,"scratch_ratio_ref":0.07,"distraction_density_ref":5.0,"distraction_event_ref":1.0,"dp_distraction_ref":6.0},"raw_axes":{"chord":1.3679131483715319,"stream":14.558931100301706,"scratch":0.277292785868909,"soft":0.020964467631134298,"ln":0.0,"stair":0.04995766299745978,"peak":25.5,"distraction":41.89400700461938},"x_chord":0.439,"x_stream":0.47,"x_scratch":1.0,"x_soft":0.143,"x_ln":0.0,"x_stair":0.163,"x_peak":0.453,"x_distraction":1.0,"submetrics":{"chord":{"chord_rate":0.5705669481302774,"avg_chord_size":2.397463002114165,"chord_positions":473,"total_positions":829},"stream":{"stream_coverage":0.9302013422818792,"stream_density_mean":5.217125382262997,"stream_density_mean_per_sec":15.65137614678899,"stream_windows":30,"notes_in_stream":1386,"total_notes":1490,"intervals":[[180,2040],[2100,2208],[2292,2424],[2484,2592],[2676,2808],[2868,2976],[3060,3192],[3252,3360],[3372,5940],[5988,6036],[6048,6132],[6180,6228],[6240,6552],[6864,6924],[7332,7380],[7476,7560],[7644,7740],[7908,7992],[8016,9708],[9792,10092],[10176,12684],[12696,12780],[12888,12972],[12984,13044],[13080,13164],[13272,13428],[13464,13596],[13620,13944],[13968,14028],[14040,15996]]},"scratch":{"scratch_ratio":0.1436241610738255,"scratch_positions_ratio":0.25331724969843183,"scratch_with_key_chord_rate":0.580952380952381,"scratch_per_sec":1.9306834156293196,"scratch_burst_max_per_sec":11.0,"scratch_burst_window_sec":1.0,"scratch_notes":214,"scratch_positions":210,"total_notes":1490,"total_positions":829,"chart_seconds":110.84157986111111},"soft":{"base_bpm":180.0,"intensity":0.00033557046979865775,"up_intensity":0.0,"down_intensity":0.00033557046979865775,"max_intensity":0.5,"max_up_intensity":0.0,"max_down_intensity":0.5,"step_frequency":0.023809523809523808,"ramp_frequency":0.023809523809523808,"continuity_beats":0.25390625,"off_base_note_ratio":0.0006711409395973154,"gimmick_burst_score":0.8805076405076406,"max_off_base_density_per_beat":3.9384615384615387,"base_mean_density_per_beat":4.472944194091139,"base_density_source":"on_base","distinct_off_base_bpm_count":1,"bpm_change_events":2,"measure_count":84},"ln":{"ln_ratio":0.0,"ln_hold_time_mean_beats":0.0,"ln_simultaneity_rate":0.0,"ln_simultaneity_weighted":0.0,"ln_count":0,"ln_positions":0,"total_notes":1490},"stair":{"stair_index":0.04995766299745978,"stair_transitions":59,"eligible_transitions":1181},"peak":{"peak_local_max_density":8.5,"peak_local_max_density_per_sec":25.5,"peak_max_chord_size":5,"peak_concentration":0.3812080536912752,"total_notes":1490,"intervals":[[1656,2004],[4008,4332],[4728,5856],[6252,6612],[10536,10728],[10812,11256],[11316,11628],[11652,12000],[12036,12336],[14748,15048],[15528,15996]]},"jack":{"jack_pairs":180,"jack_in_stream_pairs":173,"jack_outside_pairs":7,"pure_jack_per_sec":0.41379310344827647,"flow_break_per_stream_sec":1.8418968313747957,"stream_seconds":93.92491319444447,"non_stream_seconds":16.916666666666643,"chart_seconds":110.84157986111111,"window_ticks":24,"min_region_sec":10.0},"distraction":{"mode_formulation":"DP","dp_distraction_per_sec":41.89400700461938,"dp_pair_count":354,"dp_chord_tier_pair_count":45,"dp_mean_time_distance_sec":0.1774879354990574,"scratch_chord_pair_count":45,"chord_time_threshold_sec":0.01667,"window_sec_min":0.2,"window_sec_max":0.8,"chart_seconds":110.84157986111111}},"warnings":[],"tags":["scratch_active","soflan","distraction_heavy","flow_break","scratch_burst","scratch_chord"],"scales":["★"]}