{"md5":"a6f82198424691c199e5163f49506554","headers":{"title":"After Burner [Adventure]","artist":"ねこかぶりサイクロン(xi+ねこみりん) feat.えみゅう。","genre":"BRAVE","playlevel":"12","base_bpm":191.0},"mode":"DP","scope":"playable_only","scaling_mode":"p99_linear","params":{"stream_window_ticks":48,"stream_density_threshold_per_beat":4.0,"peak_window_ticks":192,"peak_min_window_notes":4,"peak_min_window_sec":0.05,"felt_bpm_trigger_eff_bpm":500.0,"felt_bpm_trigger_peak_per_sec":200.0,"felt_bpm_target_peak_per_sec":100.0,"felt_bpm_floor":30.0,"jack_window_ticks":24,"soft_burst_ref":8.0,"soft_freq_ref":0.1,"soft_burst_exp":1.5,"soft_freq_exp":1.5,"chord_time_threshold_ms":16.67,"sp_distraction_min_scratches":3,"sp_distraction_bin_sec":0.25,"sp_distraction_t_key":2,"sp_distraction_gap_bins":2,"dp_distraction_window_sec_min":0.2,"dp_distraction_window_sec_max":0.8,"stream_density_ref_per_sec":28.0,"peak_density_ref_per_sec":50.0,"chord_size_ref":3.3,"ln_simultaneity_ref":0.18,"scratch_density_ref_per_sec":1.0,"scratch_ratio_ref":0.07,"distraction_density_ref":5.0,"distraction_event_ref":1.0,"dp_distraction_ref":6.0},"raw_axes":{"chord":1.4215686274509804,"stream":17.406237382227715,"scratch_per_sec":0.49024553273027055,"scratch_burst_max_per_sec":8.0,"scratch_max_run_sec":1.7277486910994764,"soft":0.00802951388888889,"stair":0.14919354838709678,"peak":27.854166666666668,"ln_m1_short_rate_rt":0.0,"ln_m2_density_rt":0.0,"ln_m2_burst_max_rt":0.0,"ln_m3_density_rt":0.0,"ln_m_concurrent_rt":0.0,"adv_hand_imb":0.0,"adv_rel_pressure_1beat":0.0,"adv_ln_hold_min_beats":0.0,"adv_ln_chord_big_rate":0.0,"adv_ln_scatter_cv":0.0,"distraction":2.0302444434541984},"x_chord":0.442,"x_stream":0.545,"x_scratch":0.319,"x_soft":0.055,"x_ln":0.0,"x_stair":0.459,"x_peak":0.48,"x_distraction":0.194,"ln_advanced_score":0.0,"submetrics":{"chord":{"chord_rate":0.4741532976827095,"avg_chord_size":2.9981203007518795,"chord_positions":532,"total_positions":1122},"stream":{"stream_coverage":0.9602460955986749,"stream_density_mean":5.703675918979745,"stream_density_mean_per_sec":18.126850462615653,"stream_windows":32,"notes_in_stream":2029,"total_notes":2113,"intervals":[[708,792],[936,1080],[1140,1344],[1356,3072],[3084,3264],[3276,3840],[3852,4236],[4248,4632],[4956,5040],[5364,7152],[7164,7224],[7236,7368],[7392,7536],[7548,7608],[7620,7920],[7932,7992],[8004,8280],[8292,8544],[8616,10092],[10176,10560],[10572,11640],[11676,13296],[13536,14400],[14412,14496],[14508,14688],[14700,15648],[15660,17448],[18144,18252],[18276,18336],[18348,18936],[18972,20976],[21276,21696]]},"scratch":{"scratch_ratio":0.032951945080091534,"scratch_positions_ratio":0.059714795008912656,"scratch_with_key_chord_rate":0.6567164179104478,"scratch_per_sec":0.49024553273027055,"scratch_burst_max_per_sec":8.0,"scratch_burst_window_sec":1.0,"scratch_max_run_sec":1.7277486910994764,"ls_count":9,"ls_per_sec":0.06128069159128382,"ls_complexity_mean":0.4444444444444444,"scratch_notes":72,"scratch_positions":67,"total_notes":2185,"total_positions":1122,"chart_seconds":146.8651832460733},"soft":{"base_bpm":191.0,"intensity":0.008466819221967964,"up_intensity":0.0,"down_intensity":0.008466819221967964,"max_intensity":0.5,"max_up_intensity":0.0,"max_down_intensity":0.5,"step_frequency":0.017094017094017096,"ramp_frequency":0.017094017094017096,"continuity_beats":16.0,"off_base_note_ratio":0.016933638443935927,"gimmick_burst_score":0.4697265625,"max_off_base_density_per_beat":2.3125,"base_mean_density_per_beat":4.923076923076923,"base_density_source":"on_base","distinct_off_base_bpm_count":1,"bpm_change_events":2,"measure_count":117},"ln":{"ln_ratio":0.006407322654462242,"ln_hold_time_mean_beats":0.0,"ln_simultaneity_rate":0.0,"ln_simultaneity_weighted":0.0,"ln_count":14,"ln_count_raw":14,"ln_positions":9,"total_notes":2185,"m1_short_count_rt":0,"m1_short_rate_rt":0.0,"m2_long_count_rt":0,"m2_density_rt":0.0,"m2_burst_max_rt":0.0,"m3_density_rt":0.0,"m_concurrent_rt":0.0,"total_long_sec":0,"long_active_sec":0.0,"long_hold_sec_mean":0.0,"long_hold_sec_max":0.0,"adv_hand_imb":0.0,"adv_rel_pressure_1beat":0.0,"adv_ln_hold_min_beats":0.0,"adv_ln_chord_big_rate":0.0,"adv_ln_scatter_cv":0.0},"stair":{"stair_index":0.14919354838709678,"stair_transitions":222,"eligible_transitions":1488},"peak":{"peak_local_max_density":8.75,"peak_local_max_density_per_sec":27.854166666666668,"peak_max_chord_size":6,"peak_concentration":0.39943208707998107,"total_notes":2113,"intervals":[[3612,3828],[3852,4080],[5964,6960],[9252,9840],[11364,11604],[12852,13272],[13548,14064],[14952,15264],[15900,16308],[16452,17160],[17220,17424],[18660,18924],[20232,20640],[20652,20952],[21300,21720]]},"jack":{"jack_pairs":72,"jack_in_stream_pairs":67,"jack_outside_pairs":5,"pure_jack_per_sec":0.19410569105691025,"flow_break_per_stream_sec":0.553234261010538,"stream_seconds":121.10602094240832,"non_stream_seconds":25.759162303664965,"chart_seconds":146.8651832460733,"window_ticks":24,"min_region_sec":10.0},"distraction":{"mode_formulation":"DP","dp_distraction_per_sec":2.0302444434541984,"dp_pair_count":65,"dp_chord_tier_pair_count":0,"dp_mean_time_distance_sec":0.25171163914619393,"scratch_chord_pair_count":0,"chord_time_threshold_sec":0.01667,"window_sec_min":0.2,"window_sec_max":0.8,"chart_seconds":146.8651832460733}},"warnings":["Unterminated LNOBJ LN on lane P1_KEY1 started at m116 pos0.875; closing at EOF","Unterminated LNOBJ LN on lane P2_KEY6 started at m116 pos0.125; closing at EOF","Unterminated LNOBJ LN on lane P1_KEY3 started at m116 pos0.875; closing at EOF","Unterminated LNOBJ LN on lane P1_KEY5 started at m116 pos0.875; closing at EOF","Unterminated LNOBJ LN on lane P2_KEY4 started at m116 pos0.375; closing at EOF","Unterminated LNOBJ LN on lane P2_KEY3 started at m116 pos0.75; closing at EOF","Unterminated LNOBJ LN on lane P2_KEY5 started at m116 pos0.75; closing at EOF","Unterminated LNOBJ LN on lane P1_KEY6 started at m115 pos0.0; closing at EOF","Unterminated LNOBJ LN on lane P2_KEY2 started at m116 pos0.375; closing at EOF","Unterminated LNOBJ LN on lane P2_KEY7 started at m116 pos0.75; closing at EOF","Unterminated LNOBJ LN on lane P1_KEY7 started at m116 pos0.4375; closing at EOF","Unterminated LNOBJ LN on lane P1_KEY2 started at m112 pos0.5; closing at EOF","Unterminated LNOBJ LN on lane P1_KEY4 started at m115 pos0.8125; closing at EOF","Unterminated LNOBJ LN on lane P2_KEY1 started at m116 pos0.6875; closing at EOF","Unterminated LNOBJ LN on lane P2_SCR started at m116 pos0.875; closing at EOF","Unterminated LNOBJ LN on lane P1_SCR started at m116 pos0.75; closing at EOF"],"axis_intensities":{"chord":"yellow","stream":"yellow","peak":"yellow","scratch":"red","soft":"yellow","ln":null,"stair":"red","distraction":"red"},"tags":["long_scratch"],"scales":["DPsl"]}