{"md5":"e58cd9f8c96e073892c5ba481ac980d0","headers":{"title":"Freshness Vacation","artist":"Y.W / BGA: kotomi","genre":"RESORT /// 14KEYS ENDLESS VACATION LN","playlevel":"12","base_bpm":140.0},"mode":"DP","scope":"playable_only","scaling_mode":"p99_linear","params":{"stream_window_ticks":48,"stream_density_threshold_per_beat":4.0,"peak_window_ticks":192,"jack_window_ticks":24,"soft_burst_ref":8.0,"soft_freq_ref":0.1,"soft_burst_exp":1.5,"soft_freq_exp":1.5,"chord_time_threshold_ms":16.67,"sp_distraction_min_scratches":3,"dp_distraction_window_sec_min":0.2,"dp_distraction_window_sec_max":0.8,"stream_density_ref_per_sec":28.0,"peak_density_ref_per_sec":50.0,"chord_size_ref":3.3,"ln_simultaneity_ref":0.18,"scratch_density_ref_per_sec":1.0,"scratch_ratio_ref":0.07,"distraction_density_ref":5.0,"distraction_event_ref":1.0,"dp_distraction_ref":6.0},"raw_axes":{"chord":1.5905598243688253,"stream":14.60322285917577,"scratch":0.0060984632048934895,"soft":0.0,"ln":0.11444141689373297,"stair":0.08279742765273312,"peak":23.333333333333332,"distraction":1.6734006734006663},"x_chord":0.51,"x_stream":0.458,"x_scratch":0.033,"x_soft":0.0,"x_ln":0.414,"x_stair":0.27,"x_peak":0.37,"x_distraction":0.141,"submetrics":{"chord":{"chord_rate":0.5762897914379802,"avg_chord_size":2.76,"chord_positions":525,"total_positions":911},"stream":{"stream_coverage":0.9591280653950953,"stream_density_mean":6.525222551928783,"stream_density_mean_per_sec":15.225519287833828,"stream_windows":31,"notes_in_stream":1760,"total_notes":1835,"intervals":[[168,251],[540,635],[924,1007],[1104,1175],[1308,1403],[1476,1559],[1584,1811],[1836,1931],[2028,2195],[2244,2303],[2412,2579],[2604,2747],[2820,2939],[2988,3071],[3084,6359],[6372,8627],[8664,9983],[10020,10391],[10404,10775],[10788,10991],[11004,11243],[11292,11375],[11388,11627],[11676,11759],[11772,11975],[12060,12143],[12252,12335],[12360,12479],[12492,16175],[16212,16259],[16452,16511]]},"scratch":{"scratch_ratio":0.0223433242506812,"scratch_positions_ratio":0.04171240395170143,"scratch_with_key_chord_rate":0.3157894736842105,"scratch_per_sec":0.272943414170233,"scratch_burst_max_per_sec":6.0,"scratch_burst_window_sec":1.0,"scratch_notes":41,"scratch_positions":38,"total_notes":1835,"total_positions":911,"chart_seconds":150.21428571428572},"soft":{"base_bpm":140.0,"intensity":0.0,"up_intensity":0.0,"down_intensity":0.0,"max_intensity":0.0,"max_up_intensity":0.0,"max_down_intensity":0.0,"step_frequency":0.0,"ramp_frequency":0.0,"continuity_beats":0.0,"off_base_note_ratio":0.0,"gimmick_burst_score":0.0,"max_off_base_density_per_beat":0.0,"base_mean_density_per_beat":5.232524964336662,"base_density_source":"on_base","distinct_off_base_bpm_count":0,"bpm_change_events":0,"measure_count":88},"ln":{"ln_ratio":0.05395095367847411,"ln_hold_time_mean_beats":0.7361111111111112,"ln_simultaneity_rate":0.11444141689373297,"ln_simultaneity_weighted":0.11444141689373297,"ln_count":99,"ln_positions":98,"total_notes":1835},"stair":{"stair_index":0.08279742765273312,"stair_transitions":103,"eligible_transitions":1244},"peak":{"peak_local_max_density":10.0,"peak_local_max_density_per_sec":23.333333333333332,"peak_max_chord_size":7,"peak_concentration":0.31662125340599456,"total_notes":1835,"intervals":[[3828,4163],[4212,4883],[5904,6215],[7644,8663],[13224,13415],[13548,13823],[14076,14591],[15372,15611]]},"jack":{"jack_pairs":25,"jack_in_stream_pairs":24,"jack_outside_pairs":1,"pure_jack_per_sec":0.044657097288676215,"flow_break_per_stream_sec":0.18776194467728416,"stream_seconds":127.82142857142857,"non_stream_seconds":22.392857142857153,"chart_seconds":150.21428571428572,"window_ticks":24,"min_region_sec":10.0},"distraction":{"mode_formulation":"DP","dp_distraction_per_sec":1.6734006734006663,"dp_pair_count":68,"dp_chord_tier_pair_count":0,"dp_mean_time_distance_sec":0.3286502100840343,"scratch_chord_pair_count":0,"chord_time_threshold_sec":0.01667,"window_sec_min":0.2,"window_sec_max":0.8,"chart_seconds":150.21428571428572}},"warnings":["Unterminated LNOBJ LN on lane P2_KEY3 started at m84 pos0.625; closing at EOF","Unterminated LNOBJ LN on lane P1_KEY2 started at m84 pos0.0; closing at EOF","Unterminated LNOBJ LN on lane P1_SCR started at m71 pos0.6875; closing at EOF","Unterminated LNOBJ LN on lane P2_SCR started at m71 pos0.875; closing at EOF","Unterminated LNOBJ LN on lane P2_KEY2 started at m86 pos0.875; closing at EOF","Unterminated LNOBJ LN on lane P2_KEY1 started at m81 pos0.0; closing at EOF","Unterminated LNOBJ LN on lane P1_KEY6 started at m84 pos0.45833333; closing at EOF","Unterminated LNOBJ LN on lane P2_KEY5 started at m84 pos0.875; closing at EOF","Unterminated LNOBJ LN on lane P2_KEY6 started at m87 pos0.625; closing at EOF","Unterminated LNOBJ LN on lane P2_KEY4 started at m87 pos0.25; closing at EOF","Unterminated LNOBJ LN on lane P2_KEY7 started at m85 pos0.20833333; closing at EOF","Unterminated LNOBJ LN on lane P1_KEY3 started at m85 pos0.8125; closing at EOF","Unterminated LNOBJ LN on lane P1_KEY4 started at m84 pos0.20833333; closing at EOF","Unterminated LNOBJ LN on lane P1_KEY1 started at m85 pos0.75; closing at EOF","Unterminated LNOBJ LN on lane P1_KEY7 started at m85 pos0.9375; closing at EOF","Unterminated LNOBJ LN on lane P1_KEY5 started at m85 pos0.875; closing at EOF"],"tags":["ln_chart"],"scales":["DPsl"]}