{"md5":"0679dc2738135b8584327e7440aa6046","headers":{"title":"First Creation [ANOTHER]","artist":"るるりえーる","genre":"TRANCE","playlevel":"12","base_bpm":164.0},"mode":"DP","scope":"playable_only","scaling_mode":"p99_linear","params":{"stream_window_ticks":48,"stream_density_threshold_per_beat":4.0,"peak_window_ticks":192,"peak_min_window_notes":4,"peak_min_window_sec":0.05,"felt_bpm_trigger_eff_bpm":500.0,"felt_bpm_trigger_peak_per_sec":200.0,"felt_bpm_target_peak_per_sec":100.0,"felt_bpm_floor":30.0,"jack_window_ticks":24,"soft_burst_ref":8.0,"soft_freq_ref":0.1,"soft_burst_exp":1.5,"soft_freq_exp":1.5,"chord_time_threshold_ms":16.67,"sp_distraction_min_scratches":3,"dp_distraction_window_sec_min":0.2,"dp_distraction_window_sec_max":0.8,"stream_density_ref_per_sec":28.0,"peak_density_ref_per_sec":50.0,"chord_size_ref":3.3,"ln_simultaneity_ref":0.18,"scratch_density_ref_per_sec":1.0,"scratch_ratio_ref":0.07,"distraction_density_ref":5.0,"distraction_event_ref":1.0,"dp_distraction_ref":6.0},"raw_axes":{"chord":1.0830039525691701,"stream":15.771653690182793,"scratch":0.0024309669590961845,"soft":0.0,"ln":0.0012091898428053204,"stair":0.0759493670886076,"peak":23.916666666666668,"distraction":1.9341771321903005},"x_chord":0.347,"x_stream":0.509,"x_scratch":0.013,"x_soft":0.0,"x_ln":0.004,"x_stair":0.248,"x_peak":0.425,"x_distraction":0.185,"submetrics":{"chord":{"chord_rate":0.44861660079051385,"avg_chord_size":2.4140969162995596,"chord_positions":454,"total_positions":1012},"stream":{"stream_coverage":0.9824667472793228,"stream_density_mean":5.873091603053435,"stream_density_mean_per_sec":16.053117048346056,"stream_windows":26,"notes_in_stream":1625,"total_notes":1654,"intervals":[[372,480],[516,576],[684,768],[900,960],[1092,1272],[1284,1344],[1452,1560],[1668,1728],[1740,1848],[1884,2136],[2208,2328],[2412,2904],[2952,3288],[3444,6360],[6420,9720],[9732,9840],[9852,10104],[10116,10224],[10236,10320],[10332,10488],[10500,10872],[10884,11064],[11100,11472],[11496,11856],[11868,15096],[15108,15768]]},"scratch":{"scratch_ratio":0.013301088270858524,"scratch_positions_ratio":0.021739130434782608,"scratch_with_key_chord_rate":0.8636363636363636,"scratch_per_sec":0.1827645159247768,"scratch_burst_max_per_sec":6.0,"scratch_burst_window_sec":1.0,"scratch_notes":22,"scratch_positions":22,"total_notes":1654,"total_positions":1012,"chart_seconds":120.3734756097561},"soft":{"base_bpm":164.0,"intensity":0.0,"up_intensity":0.0,"down_intensity":0.0,"max_intensity":0.0,"max_up_intensity":0.0,"max_down_intensity":0.0,"step_frequency":0.0,"ramp_frequency":0.0,"continuity_beats":0.0,"off_base_note_ratio":0.0,"gimmick_burst_score":0.0,"max_off_base_density_per_beat":0.0,"base_mean_density_per_beat":5.024316109422492,"base_density_source":"on_base","distinct_off_base_bpm_count":0,"bpm_change_events":0,"measure_count":83},"ln":{"ln_ratio":0.0024183796856106408,"ln_hold_time_mean_beats":1.625,"ln_simultaneity_rate":0.0012091898428053204,"ln_simultaneity_weighted":0.0012091898428053204,"ln_count":4,"ln_positions":4,"total_notes":1654},"stair":{"stair_index":0.0759493670886076,"stair_transitions":108,"eligible_transitions":1422},"peak":{"peak_local_max_density":8.75,"peak_local_max_density_per_sec":23.916666666666668,"peak_max_chord_size":5,"peak_concentration":0.2992744860943168,"total_notes":1654,"intervals":[[4872,5148],[8796,9072],[12588,15060],[15540,15744]]},"jack":{"jack_pairs":17,"jack_in_stream_pairs":17,"jack_outside_pairs":0,"pure_jack_per_sec":0.0,"flow_break_per_stream_sec":0.15791560464457666,"stream_seconds":107.65243902439022,"non_stream_seconds":12.72103658536588,"chart_seconds":120.3734756097561,"window_ticks":24,"min_region_sec":10.0},"distraction":{"mode_formulation":"DP","dp_distraction_per_sec":1.9341771321903005,"dp_pair_count":29,"dp_chord_tier_pair_count":2,"dp_mean_time_distance_sec":0.2554667788057193,"scratch_chord_pair_count":2,"chord_time_threshold_sec":0.01667,"window_sec_min":0.2,"window_sec_max":0.8,"chart_seconds":120.3734756097561}},"warnings":[],"tags":[],"scales":["★"]}