{"md5":"71c011cf6cbef1fb7ad480117eaaf639","headers":{"title":"マッドメチャクチャニズム[DP HYPER]","artist":"69 de 74","genre":"Violent POYOMI BREAKCORE","playlevel":"11","base_bpm":220.0},"mode":"DP","scope":"playable_only","scaling_mode":"percentile_rank","params":{"stream_window_ticks":48,"stream_density_threshold_per_beat":4.0,"peak_window_ticks":192,"jack_window_ticks":24,"soft_burst_ref":8.0,"soft_freq_ref":0.1,"soft_burst_exp":1.5,"soft_freq_exp":1.5,"chord_time_threshold_ms":16.67,"sp_distraction_min_scratches":3,"dp_distraction_window_sec_min":0.2,"dp_distraction_window_sec_max":0.8,"stream_density_ref_per_sec":28.0,"peak_density_ref_per_sec":50.0,"chord_size_ref":3.3,"ln_simultaneity_ref":0.18,"scratch_density_ref_per_sec":1.0,"scratch_ratio_ref":0.07,"distraction_density_ref":5.0,"distraction_event_ref":1.0,"dp_distraction_ref":6.0},"raw_axes":{"chord":0.5912408759124087,"stream":11.305462873089056,"scratch":0.00703006741478614,"soft":0.0,"ln":0.0,"stair":0.08652246256239601,"peak":21.083333333333332,"distraction":0.6974335007983784},"x_chord":0.0032520325203252032,"x_stream":0.010298102981029811,"x_scratch":0.6840108401084011,"x_soft":0.0,"x_ln":0.0,"x_stair":0.3907859078590786,"x_peak":0.0981029810298103,"x_distraction":0.38102981029810296,"submetrics":{"chord":{"chord_rate":0.26903023983315955,"avg_chord_size":2.197674418604651,"chord_positions":258,"total_positions":959},"stream":{"stream_coverage":0.7271293375394322,"stream_density_mean":4.246794871794871,"stream_density_mean_per_sec":15.548076923076922,"stream_windows":102,"notes_in_stream":922,"total_notes":1268,"intervals":[[372,431],[444,503],[612,695],[756,815],[828,887],[996,1079],[1092,1199],[1212,1271],[1500,1631],[1788,1895],[2016,2063],[2112,2255],[2268,2315],[2400,2711],[2784,3107],[3168,3611],[3720,3851],[3912,4091],[4248,4307],[4320,4739],[4752,4811],[4824,4907],[4956,5015],[5148,5219],[5340,5399],[5532,5603],[5724,5783],[6432,6479],[6492,6575],[6828,6935],[7140,7187],[7212,7271],[7908,8027],[8064,8111],[8136,8219],[8232,8411],[8448,8795],[8832,8891],[8928,9179],[9216,9263],[9288,9371],[9432,9611],[9648,10031],[10044,10127],[10380,10463],[10812,10895],[11148,11231],[11292,11375],[11508,11567],[11652,11711],[11724,11783],[12036,12095],[12108,12167],[12180,12275],[12420,12479],[12492,12551],[12804,12863],[12876,12935],[13044,13175],[13188,13247],[13260,13319],[13332,13415],[13428,13559],[13572,13631],[13644,13943],[13956,14015],[14028,14087],[14100,14303],[14316,14399],[14412,14615],[14748,14807],[14844,14903],[14940,14999],[15132,15191],[15228,15287],[15324,15383],[16032,16139],[17628,17723],[17760,17819],[17856,17915],[18048,18107],[18144,18203],[18240,18299],[18432,18491],[18528,18587],[18624,18683],[18720,18779],[18816,18875],[18912,18971],[19164,19283],[19296,19667],[19680,19763],[19776,20051],[20064,20147],[20160,20711],[20760,21167],[21180,21263],[21516,21599],[21948,22031],[22284,22367],[22428,22511],[22620,22871]]},"scratch":{"scratch_ratio":0.026813880126182965,"scratch_positions_ratio":0.035453597497393116,"scratch_with_key_chord_rate":0.7647058823529411,"scratch_per_sec":0.262180161233789,"scratch_burst_max_per_sec":4.0,"scratch_burst_window_sec":1.0,"scratch_notes":34,"scratch_positions":34,"total_notes":1268,"total_positions":959,"chart_seconds":129.6818181818182},"soft":{"base_bpm":220.0,"intensity":0.0,"up_intensity":0.0,"down_intensity":0.0,"max_intensity":0.0,"max_up_intensity":0.0,"max_down_intensity":0.0,"step_frequency":0.0,"ramp_frequency":0.0,"continuity_beats":0.0,"off_base_note_ratio":0.0,"gimmick_burst_score":0.0,"max_off_base_density_per_beat":0.0,"base_mean_density_per_beat":2.658254468980021,"base_density_source":"on_base","distinct_off_base_bpm_count":0,"bpm_change_events":0,"measure_count":119},"ln":{"ln_ratio":0.013406940063091483,"ln_hold_time_mean_beats":0.058823529411764705,"ln_simultaneity_rate":0.0,"ln_simultaneity_weighted":0.0,"ln_count":17,"ln_positions":9,"total_notes":1268},"stair":{"stair_index":0.08652246256239601,"stair_transitions":104,"eligible_transitions":1202},"peak":{"peak_local_max_density":5.75,"peak_local_max_density_per_sec":21.083333333333332,"peak_max_chord_size":5,"peak_concentration":0.47791798107255523,"total_notes":1268,"intervals":[[996,1199],[2040,2327],[2424,2723],[2772,3647],[3804,4163],[4248,4871],[7920,8111],[8136,8819],[8904,9227],[9384,9623],[9636,10091],[13584,13943],[14100,14303],[14412,14639],[19068,21239],[22596,22919]]},"jack":{"jack_pairs":70,"jack_in_stream_pairs":60,"jack_outside_pairs":10,"pure_jack_per_sec":0.15924719507781382,"flow_break_per_stream_sec":0.8970438328236501,"stream_seconds":66.88636363636358,"non_stream_seconds":62.795454545454604,"chart_seconds":129.6818181818182,"window_ticks":24,"min_region_sec":10.0},"distraction":{"mode_formulation":"DP","dp_distraction_per_sec":0.6974335007983784,"dp_pair_count":17,"dp_chord_tier_pair_count":0,"dp_mean_time_distance_sec":0.20855614973262035,"scratch_chord_pair_count":0,"chord_time_threshold_sec":0.01667,"window_sec_min":0.2,"window_sec_max":0.8,"chart_seconds":129.6818181818182}},"warnings":["Unterminated LNOBJ LN on lane P2_KEY3 started at m118 pos0.875; closing at EOF","Unterminated LNOBJ LN on lane P1_KEY4 started at m117 pos0.0; closing at EOF","Unterminated LNOBJ LN on lane P2_KEY5 started at m118 pos0.625; closing at EOF","Unterminated LNOBJ LN on lane P1_KEY1 started at m118 pos0.875; closing at EOF","Unterminated LNOBJ LN on lane P1_KEY3 started at m118 pos0.5; closing at EOF","Unterminated LNOBJ LN on lane P1_SCR started at m116 pos0.25; closing at EOF","Unterminated LNOBJ LN on lane P2_KEY6 started at m118 pos0.75; closing at EOF","Unterminated LNOBJ LN on lane P1_KEY5 started at m118 pos0.875; closing at EOF","Unterminated LNOBJ LN on lane P1_KEY6 started at m117 pos0.0; closing at EOF","Unterminated LNOBJ LN on lane P1_KEY7 started at m118 pos0.5625; closing at EOF","Unterminated LNOBJ LN on lane P2_KEY7 started at m118 pos0.875; closing at EOF","Unterminated LNOBJ LN on lane P1_KEY2 started at m118 pos0.75; closing at EOF","Unterminated LNOBJ LN on lane P2_KEY2 started at m109 pos0.875; closing at EOF","Unterminated LNOBJ LN on lane P2_KEY1 started at m118 pos0.625; closing at EOF","Unterminated LNOBJ LN on lane P2_SCR started at m117 pos0.0; closing at EOF","Unterminated LNOBJ LN on lane P2_KEY4 started at m118 pos0.75; closing at EOF"],"tags":["burst_focused","fast_chart"],"scales":["DPsl"]}