{"md5":"ee1fb3453a7f99561eb942849933c0ea","headers":{"title":"Parousia[ANOTHER]","artist":"xi/obj:Arylas","genre":"APOCALYPSIS JOHANNIS","playlevel":"12","base_bpm":158.0},"mode":"DP","scope":"playable_only","scaling_mode":"p99_linear","params":{"stream_window_ticks":48,"stream_density_threshold_per_beat":4.0,"peak_window_ticks":192,"peak_min_window_notes":4,"peak_min_window_sec":0.05,"felt_bpm_trigger_eff_bpm":500.0,"felt_bpm_trigger_peak_per_sec":200.0,"felt_bpm_target_peak_per_sec":100.0,"felt_bpm_floor":30.0,"jack_window_ticks":24,"soft_burst_ref":8.0,"soft_freq_ref":0.1,"soft_burst_exp":1.5,"soft_freq_exp":1.5,"chord_time_threshold_ms":16.67,"sp_distraction_min_scratches":3,"dp_distraction_window_sec_min":0.2,"dp_distraction_window_sec_max":0.8,"stream_density_ref_per_sec":28.0,"peak_density_ref_per_sec":50.0,"chord_size_ref":3.3,"ln_simultaneity_ref":0.18,"scratch_density_ref_per_sec":1.0,"scratch_ratio_ref":0.07,"distraction_density_ref":5.0,"distraction_event_ref":1.0,"dp_distraction_ref":6.0},"raw_axes":{"chord":1.1011011011011012,"stream":17.13913163794452,"scratch":0.007705374274324202,"soft":9.138789751633974e-05,"stair":0.15949554896142434,"peak":28.30833333333333,"ln_m1_short_rate_rt":0.0,"ln_m2_density_rt":0.0,"ln_m2_burst_max_rt":0.0,"ln_m3_density_rt":0.0,"ln_m_concurrent_rt":0.0,"adv_hand_imb":0.0,"adv_rel_pressure_1beat":0.0,"adv_ln_hold_min_beats":0.0,"adv_ln_chord_big_rate":0.0,"adv_ln_scatter_cv":0.0,"distraction":1.8120075488879512},"x_chord":0.343,"x_stream":0.536,"x_scratch":0.041,"x_soft":0.001,"x_ln":0.0,"x_stair":0.499,"x_peak":0.488,"x_distraction":0.173,"ln_advanced_score":0.0,"submetrics":{"chord":{"chord_rate":0.3973973973973974,"avg_chord_size":2.770780856423174,"chord_positions":397,"total_positions":999},"stream":{"stream_coverage":0.9341950646298472,"stream_density_mean":6.968145620022753,"stream_density_mean_per_sec":18.34641638225256,"stream_windows":28,"notes_in_stream":1590,"total_notes":1702,"intervals":[[540,624],[732,816],[828,912],[924,1008],[1308,1392],[1500,1656],[1692,1776],[1884,1968],[1980,2160],[2172,2256],[2268,2352],[2460,2544],[2556,2640],[2724,3120],[3144,4080],[4092,4236],[4260,4860],[4872,5004],[5028,6000],[6012,6072],[6084,7152],[8148,8304],[8988,9072],[9180,9264],[9372,10068],[10080,10416],[10440,15408],[16092,16176]]},"scratch":{"scratch_ratio":0.02408930669800235,"scratch_positions_ratio":0.04104104104104104,"scratch_with_key_chord_rate":0.8048780487804879,"scratch_per_sec":0.31986700036340954,"scratch_burst_max_per_sec":4.0,"scratch_burst_window_sec":1.0,"scratch_notes":41,"scratch_positions":41,"total_notes":1702,"total_positions":999,"chart_seconds":128.178273949544},"soft":{"base_bpm":158.0,"intensity":0.00046854779931279655,"up_intensity":0.0,"down_intensity":0.00046854779931279655,"max_intensity":0.16455696202531644,"max_up_intensity":0.0,"max_down_intensity":0.16455696202531644,"step_frequency":0.07058823529411765,"ramp_frequency":0.023529411764705882,"continuity_beats":16.0,"off_base_note_ratio":0.00881316098707403,"gimmick_burst_score":0.0012946618814814797,"max_off_base_density_per_beat":2.0,"base_mean_density_per_beat":5.26463700234192,"base_density_source":"on_base","distinct_off_base_bpm_count":5,"bpm_change_events":6,"measure_count":85},"ln":{"ln_ratio":0.0,"ln_hold_time_mean_beats":0.0,"ln_simultaneity_rate":0.0,"ln_simultaneity_weighted":0.0,"ln_count":0,"ln_count_raw":0,"ln_positions":0,"total_notes":1702,"m1_short_count_rt":0,"m1_short_rate_rt":0.0,"m2_long_count_rt":0,"m2_density_rt":0.0,"m2_burst_max_rt":0.0,"m3_density_rt":0.0,"m_concurrent_rt":0.0,"total_long_sec":0.0,"long_active_sec":0.0,"long_hold_sec_mean":0.0,"long_hold_sec_max":0.0,"adv_hand_imb":0.0,"adv_rel_pressure_1beat":0.0,"adv_ln_hold_min_beats":0.0,"adv_ln_chord_big_rate":0.0,"adv_ln_scatter_cv":0.0},"stair":{"stair_index":0.15949554896142434,"stair_transitions":215,"eligible_transitions":1348},"peak":{"peak_local_max_density":10.75,"peak_local_max_density_per_sec":28.30833333333333,"peak_max_chord_size":7,"peak_concentration":0.3989424206815511,"total_notes":1702,"intervals":[[3432,3672],[9720,10008],[12012,12216],[12228,12840],[12972,13200],[13212,13656],[13776,15372]]},"jack":{"jack_pairs":45,"jack_in_stream_pairs":45,"jack_outside_pairs":0,"pure_jack_per_sec":0.0,"flow_break_per_stream_sec":0.47600964678800856,"stream_seconds":94.53589922735495,"non_stream_seconds":33.64237472218906,"chart_seconds":128.178273949544,"window_ticks":24,"min_region_sec":10.0},"distraction":{"mode_formulation":"DP","dp_distraction_per_sec":1.8120075488879512,"dp_pair_count":57,"dp_chord_tier_pair_count":0,"dp_mean_time_distance_sec":0.28814123917388357,"scratch_chord_pair_count":0,"chord_time_threshold_sec":0.01667,"window_sec_min":0.2,"window_sec_max":0.8,"chart_seconds":128.178273949544}},"warnings":[],"tags":["stair_focused"],"scales":["★"]}