{"md5":"02f3e58bd59dc6d3653b02be84524698","headers":{"title":"P-ChicK-ParK (DP ANOTHER)","artist":"ピヨスケ / Z_N","genre":"PoPStepS","playlevel":"12","base_bpm":170.0},"mode":"DP","scope":"playable_only","scaling_mode":"p99_linear","params":{"stream_window_ticks":48,"stream_density_threshold_per_beat":4.0,"peak_window_ticks":192,"peak_min_window_notes":4,"peak_min_window_sec":0.05,"felt_bpm_trigger_eff_bpm":500.0,"felt_bpm_trigger_peak_per_sec":200.0,"felt_bpm_target_peak_per_sec":100.0,"felt_bpm_floor":30.0,"jack_window_ticks":24,"soft_burst_ref":8.0,"soft_freq_ref":0.1,"soft_burst_exp":1.5,"soft_freq_exp":1.5,"chord_time_threshold_ms":16.67,"sp_distraction_min_scratches":3,"sp_distraction_bin_sec":0.25,"sp_distraction_t_key":2,"sp_distraction_gap_bins":2,"dp_distraction_window_sec_min":0.2,"dp_distraction_window_sec_max":0.8,"stream_density_ref_per_sec":28.0,"peak_density_ref_per_sec":50.0,"chord_size_ref":3.3,"ln_simultaneity_ref":0.18,"scratch_density_ref_per_sec":1.0,"scratch_ratio_ref":0.07,"distraction_density_ref":5.0,"distraction_event_ref":1.0,"dp_distraction_ref":6.0},"raw_axes":{"chord":1.3174603174603174,"stream":13.352108616197395,"scratch_per_sec":0.3341352305881149,"scratch_burst_max_per_sec":3.0,"scratch_max_run_sec":1.0588235294117538,"soft":0.01610435302650498,"stair":0.1246983105390185,"peak":20.541666666666664,"ln_m1_short_rate_rt":0.0,"ln_m2_density_rt":93.18518518518515,"ln_m2_burst_max_rt":90.0,"ln_m3_density_rt":93.18518518518515,"ln_m_concurrent_rt":0.0,"adv_hand_imb":0.0,"adv_rel_pressure_1beat":1.0,"adv_ln_hold_min_beats":2.5,"adv_ln_chord_big_rate":0.0,"adv_ln_scatter_cv":0.0,"distraction":1.5844352311568397},"x_chord":0.41,"x_stream":0.418,"x_scratch":0.158,"x_soft":0.11,"x_ln":0.687,"x_stair":0.384,"x_peak":0.354,"x_distraction":0.151,"ln_advanced_score":0.419,"submetrics":{"chord":{"chord_rate":0.5249433106575964,"avg_chord_size":2.509719222462203,"chord_positions":463,"total_positions":882},"stream":{"stream_coverage":0.87279843444227,"stream_density_mean":5.481012658227848,"stream_density_mean_per_sec":15.298043728423474,"stream_windows":57,"notes_in_stream":1338,"total_notes":1533,"intervals":[[612,672],[708,792],[804,888],[924,1104],[1116,1308],[1380,1440],[1476,1560],[1572,1872],[1884,1944],[2148,2256],[2268,2328],[2412,2520],[2532,2640],[2652,2736],[2820,2904],[2964,3024],[3036,3120],[3228,3360],[3372,3552],[3636,5172],[6036,6096],[6156,6240],[6252,6336],[6360,6420],[6432,6492],[6504,6564],[6576,6636],[7500,7584],[7596,7680],[7692,7776],[7788,7872],[7884,7968],[7980,9624],[9756,10392],[10524,11160],[11256,11760],[11772,11904],[12060,12624],[12768,12876],[13248,13596],[13608,14424],[15252,15360],[15372,15456],[15468,15636],[15648,15708],[15720,15780],[15792,15852],[15864,15948],[15960,16020],[16032,16092],[16104,16164],[16176,16272],[16308,16548],[16560,16608],[16692,16932],[16944,16992],[17208,18792]]},"scratch":{"scratch_ratio":0.030360531309297913,"scratch_positions_ratio":0.05442176870748299,"scratch_with_key_chord_rate":0.8125,"scratch_per_sec":0.3341352305881149,"scratch_burst_max_per_sec":3.0,"scratch_burst_window_sec":1.0,"scratch_max_run_sec":1.0588235294117538,"ls_count":2,"ls_per_sec":0.013922301274504788,"ls_complexity_mean":0,"scratch_notes":48,"scratch_positions":48,"total_notes":1581,"total_positions":882,"chart_seconds":143.65441176470586},"soft":{"base_bpm":170.0,"intensity":0.017077798861480076,"up_intensity":0.0,"down_intensity":0.017077798861480076,"max_intensity":0.5,"max_up_intensity":0.0,"max_down_intensity":0.5,"step_frequency":0.019417475728155338,"ramp_frequency":0.019417475728155338,"continuity_beats":16.0,"off_base_note_ratio":0.03415559772296015,"gimmick_burst_score":0.8293741808650066,"max_off_base_density_per_beat":3.375,"base_mean_density_per_beat":4.069333333333334,"base_density_source":"on_base","distinct_off_base_bpm_count":1,"bpm_change_events":2,"measure_count":103},"ln":{"ln_ratio":0.010120177103099304,"ln_hold_time_mean_beats":0.5625,"ln_simultaneity_rate":0.018975332068311195,"ln_simultaneity_weighted":0.018975332068311195,"ln_count":16,"ln_count_raw":16,"ln_positions":15,"total_notes":1581,"m1_short_count_rt":0,"m1_short_rate_rt":0.0,"m2_long_count_rt":2,"m2_density_rt":93.18518518518515,"m2_burst_max_rt":90.0,"m3_density_rt":93.18518518518515,"m_concurrent_rt":0.0,"total_long_sec":3.1764705882352953,"long_active_sec":3.1764705882352953,"long_hold_sec_mean":1.5882352941176476,"long_hold_sec_max":2.2941176470588243,"adv_hand_imb":0.0,"adv_rel_pressure_1beat":1.0,"adv_ln_hold_min_beats":2.5,"adv_ln_chord_big_rate":0.0,"adv_ln_scatter_cv":0.0},"stair":{"stair_index":0.1246983105390185,"stair_transitions":155,"eligible_transitions":1243},"peak":{"peak_local_max_density":7.25,"peak_local_max_density_per_sec":20.541666666666664,"peak_max_chord_size":5,"peak_concentration":0.46053489889106325,"total_notes":1533,"intervals":[[3636,4272],[4284,4656],[4668,5184],[8232,9612],[9780,10284],[10548,11052],[13632,13872],[17220,17784],[17868,18624]]},"jack":{"jack_pairs":84,"jack_in_stream_pairs":59,"jack_outside_pairs":25,"pure_jack_per_sec":0.5655355954757153,"flow_break_per_stream_sec":0.5932717190388171,"stream_seconds":99.44852941176468,"non_stream_seconds":44.205882352941174,"chart_seconds":143.65441176470586,"window_ticks":24,"min_region_sec":10.0},"distraction":{"mode_formulation":"DP","dp_distraction_per_sec":1.5844352311568397,"dp_pair_count":45,"dp_chord_tier_pair_count":0,"dp_mean_time_distance_sec":0.24313725490196048,"scratch_chord_pair_count":0,"chord_time_threshold_sec":0.01667,"window_sec_min":0.2,"window_sec_max":0.8,"chart_seconds":143.65441176470586}},"warnings":["Unterminated LNOBJ LN on lane P1_SCR started at m93 pos0.0; closing at EOF","Unterminated LNOBJ LN on lane P2_KEY5 started at m101 pos0.625; closing at EOF","Unterminated LNOBJ LN on lane P1_KEY5 started at m101 pos0.5; closing at EOF","Unterminated LNOBJ LN on lane P2_SCR started at m84 pos0.625; closing at EOF","Unterminated LNOBJ LN on lane P1_KEY1 started at m101 pos0.9375; closing at EOF","Unterminated LNOBJ LN on lane P1_KEY6 started at m101 pos0.75; closing at EOF","Unterminated LNOBJ LN on lane P2_KEY1 started at m102 pos0.0; closing at EOF","Unterminated LNOBJ LN on lane P2_KEY6 started at m101 pos0.375; closing at EOF","Unterminated LNOBJ LN on lane P1_KEY4 started at m101 pos0.8125; closing at EOF","Unterminated LNOBJ LN on lane P2_KEY4 started at m101 pos0.0; closing at EOF","Unterminated LNOBJ LN on lane P2_KEY2 started at m100 pos0.25; closing at EOF","Unterminated LNOBJ LN on lane P2_KEY7 started at m100 pos0.0; closing at EOF","Unterminated LNOBJ LN on lane P1_KEY7 started at m101 pos0.25; closing at EOF","Unterminated LNOBJ LN on lane P1_KEY2 started at m101 pos0.875; closing at EOF","Unterminated LNOBJ LN on lane P2_KEY3 started at m100 pos0.875; closing at EOF","Unterminated LNOBJ LN on lane P1_KEY3 started at m101 pos0.625; closing at EOF"],"axis_intensities":{"chord":"green","stream":"green","peak":"green","scratch":"yellow","soft":"yellow","ln":"green","stair":"yellow","distraction":"yellow"},"tags":["jack_chart","burst_focused"],"scales":["★"]}