{"md5":"7555899fa39541d153cee795549e253e","headers":{"title":"SunnyShinyRing -Another14-","artist":"みここ ＆ 虹野ひかり","genre":"Happy","playlevel":"13","base_bpm":186.0},"mode":"DP","scope":"playable_only","scaling_mode":"percentile_rank","params":{"stream_window_ticks":48,"stream_density_threshold_per_beat":4.0,"peak_window_ticks":192,"jack_window_ticks":24,"soft_burst_ref":8.0,"soft_freq_ref":0.1,"soft_burst_exp":1.5,"soft_freq_exp":1.5,"chord_time_threshold_ms":16.67,"sp_distraction_min_scratches":3,"dp_distraction_window_sec_min":0.2,"dp_distraction_window_sec_max":0.8,"stream_density_ref_per_sec":28.0,"peak_density_ref_per_sec":50.0,"chord_size_ref":3.3,"ln_simultaneity_ref":0.18,"scratch_density_ref_per_sec":1.0,"scratch_ratio_ref":0.07,"distraction_density_ref":5.0,"distraction_event_ref":1.0,"dp_distraction_ref":6.0},"raw_axes":{"chord":0.8900255754475702,"stream":16.505033873053353,"scratch":0.0032494758909853245,"soft":0.0,"ln":0.0,"stair":0.05998763141620284,"peak":24.8,"distraction":1.344795597484248},"x_chord":0.03414634146341464,"x_stream":0.383739837398374,"x_scratch":0.5403794037940379,"x_soft":0.0,"x_ln":0.0,"x_stair":0.1913279132791328,"x_peak":0.2964769647696477,"x_distraction":0.5750677506775068,"submetrics":{"chord":{"chord_rate":0.38618925831202044,"avg_chord_size":2.3046357615894038,"chord_positions":453,"total_positions":1173},"stream":{"stream_coverage":0.8747165532879818,"stream_density_mean":6.086776859504132,"stream_density_mean_per_sec":18.86900826446281,"stream_windows":25,"notes_in_stream":1543,"total_notes":1764,"intervals":[[312,371],[504,563],[696,755],[888,995],[1080,1139],[1272,1331],[1464,3095],[3228,3479],[4044,4247],[4896,5039],[5676,5783],[6276,6563],[6744,6851],[7128,7235],[7260,7331],[7512,7619],[7632,7703],[7776,8015],[8040,11183],[11364,11435],[11808,14147],[14940,14999],[15708,15767],[16476,16535],[17184,20387]]},"scratch":{"scratch_ratio":0.015873015873015872,"scratch_positions_ratio":0.023870417732310314,"scratch_with_key_chord_rate":0.6785714285714286,"scratch_per_sec":0.20471698113207545,"scratch_burst_max_per_sec":5.0,"scratch_burst_window_sec":1.0,"scratch_notes":28,"scratch_positions":28,"total_notes":1764,"total_positions":1173,"chart_seconds":136.7741935483871},"soft":{"base_bpm":186.0,"intensity":0.0,"up_intensity":0.0,"down_intensity":0.0,"max_intensity":0.0,"max_up_intensity":0.0,"max_down_intensity":0.0,"step_frequency":0.0,"ramp_frequency":0.0,"continuity_beats":0.0,"off_base_note_ratio":0.0,"gimmick_burst_score":0.0,"max_off_base_density_per_beat":0.0,"base_mean_density_per_beat":4.15566037735849,"base_density_source":"on_base","distinct_off_base_bpm_count":0,"bpm_change_events":0,"measure_count":107},"ln":{"ln_ratio":0.0,"ln_hold_time_mean_beats":0.0,"ln_simultaneity_rate":0.0,"ln_simultaneity_weighted":0.0,"ln_count":0,"ln_positions":0,"total_notes":1764},"stair":{"stair_index":0.05998763141620284,"stair_transitions":97,"eligible_transitions":1617},"peak":{"peak_local_max_density":8.0,"peak_local_max_density_per_sec":24.8,"peak_max_chord_size":4,"peak_concentration":0.36621315192743764,"total_notes":1764,"intervals":[[8064,8351],[8652,9119],[9360,9887],[10188,10655],[10932,11147],[17220,17567],[17868,18335],[18576,19103],[19236,19871],[20016,20375]]},"jack":{"jack_pairs":94,"jack_in_stream_pairs":62,"jack_outside_pairs":32,"pure_jack_per_sec":0.6180685358255454,"flow_break_per_stream_sec":0.7294117647058821,"stream_seconds":85.00000000000003,"non_stream_seconds":51.774193548387075,"chart_seconds":136.7741935483871,"window_ticks":24,"min_region_sec":10.0},"distraction":{"mode_formulation":"DP","dp_distraction_per_sec":1.344795597484248,"dp_pair_count":35,"dp_chord_tier_pair_count":0,"dp_mean_time_distance_sec":0.23502304147465566,"scratch_chord_pair_count":0,"chord_time_threshold_sec":0.01667,"window_sec_min":0.2,"window_sec_max":0.8,"chart_seconds":136.7741935483871}},"warnings":[],"tags":["jack_chart"],"scales":["★"]}