{"md5":"a3ea38289398fc8112aeff2d7a6c7b4c","headers":{"title":"夢/あるいは在りし日の[Reminiscence]","artist":"BMS: Nego_tiator / Movie: Fiz obj:nBel","genre":"Lyrical D'n'B","playlevel":"12","base_bpm":175.0},"mode":"DP","scope":"playable_only","scaling_mode":"p99_linear","params":{"stream_window_ticks":48,"stream_density_threshold_per_beat":4.0,"peak_window_ticks":192,"peak_min_window_notes":4,"felt_bpm_trigger_eff_bpm":500.0,"felt_bpm_trigger_peak_per_sec":200.0,"felt_bpm_target_peak_per_sec":100.0,"felt_bpm_floor":30.0,"jack_window_ticks":24,"soft_burst_ref":8.0,"soft_freq_ref":0.1,"soft_burst_exp":1.5,"soft_freq_exp":1.5,"chord_time_threshold_ms":16.67,"sp_distraction_min_scratches":3,"dp_distraction_window_sec_min":0.2,"dp_distraction_window_sec_max":0.8,"stream_density_ref_per_sec":28.0,"peak_density_ref_per_sec":50.0,"chord_size_ref":3.3,"ln_simultaneity_ref":0.18,"scratch_density_ref_per_sec":1.0,"scratch_ratio_ref":0.07,"distraction_density_ref":5.0,"distraction_event_ref":1.0,"dp_distraction_ref":6.0},"raw_axes":{"chord":1.8685770750988142,"stream":21.360682549188613,"scratch":0.0001687414485474362,"soft":0.0,"ln":0.0,"stair":0.11195445920303605,"peak":44.479166666666664,"distraction":0.5334104679082814},"x_chord":0.599,"x_stream":0.67,"x_scratch":0.001,"x_soft":0.0,"x_ln":0.0,"x_stair":0.365,"x_peak":0.706,"x_distraction":0.045,"submetrics":{"chord":{"chord_rate":0.6195652173913043,"avg_chord_size":3.0159489633173844,"chord_positions":627,"total_positions":1012},"stream":{"stream_coverage":0.9573813708260105,"stream_density_mean":7.649681528662421,"stream_density_mean_per_sec":22.31157112526539,"stream_windows":40,"notes_in_stream":2179,"total_notes":2276,"intervals":[[540,623],[684,743],[828,911],[924,1007],[1068,1127],[1212,1295],[1308,1391],[1452,1511],[1596,1679],[1692,1775],[1836,1895],[1980,2063],[2076,2159],[2220,2279],[2364,2447],[2460,2543],[2604,2663],[2748,2831],[2844,2927],[2988,3071],[3228,3311],[3612,3743],[3756,3839],[3852,3935],[3948,4127],[4140,4223],[4236,4319],[4332,4391],[4404,4607],[4620,4703],[4716,5279],[5292,5663],[5676,6143],[6156,16367],[16572,16655],[16668,16751],[16860,17183],[17196,17327],[17436,17519],[17820,17903]]},"scratch":{"scratch_ratio":0.0030755711775043936,"scratch_positions_ratio":0.00691699604743083,"scratch_with_key_chord_rate":0.8571428571428571,"scratch_per_sec":0.05486507669913783,"scratch_burst_max_per_sec":2.0,"scratch_burst_window_sec":1.0,"scratch_notes":7,"scratch_positions":7,"total_notes":2276,"total_positions":1012,"chart_seconds":127.58571428571429},"soft":{"base_bpm":175.0,"intensity":0.0,"up_intensity":0.0,"down_intensity":0.0,"max_intensity":0.0,"max_up_intensity":0.0,"max_down_intensity":0.0,"step_frequency":0.0,"ramp_frequency":0.0,"continuity_beats":0.0,"off_base_note_ratio":0.0,"gimmick_burst_score":0.0,"max_off_base_density_per_beat":0.0,"base_mean_density_per_beat":6.11353711790393,"base_density_source":"on_base","distinct_off_base_bpm_count":0,"bpm_change_events":0,"measure_count":94},"ln":{"ln_ratio":0.0,"ln_hold_time_mean_beats":0.0,"ln_simultaneity_rate":0.0,"ln_simultaneity_weighted":0.0,"ln_count":0,"ln_positions":0,"total_notes":2276},"stair":{"stair_index":0.11195445920303605,"stair_transitions":177,"eligible_transitions":1581},"peak":{"peak_local_max_density":15.25,"peak_local_max_density_per_sec":44.479166666666664,"peak_max_chord_size":8,"peak_concentration":0.34402460456942,"total_notes":2276,"intervals":[[6552,6743],[7308,7499],[8256,8447],[9252,9851],[13656,14027],[14316,15239],[15276,16403]]},"jack":{"jack_pairs":18,"jack_in_stream_pairs":17,"jack_outside_pairs":1,"pure_jack_per_sec":0.048611111111111084,"flow_break_per_stream_sec":0.15885729542117208,"stream_seconds":107.0142857142857,"non_stream_seconds":20.571428571428584,"chart_seconds":127.58571428571429,"window_ticks":24,"min_region_sec":10.0},"distraction":{"mode_formulation":"DP","dp_distraction_per_sec":0.5334104679082814,"dp_pair_count":14,"dp_chord_tier_pair_count":0,"dp_mean_time_distance_sec":0.22653061224489893,"scratch_chord_pair_count":0,"chord_time_threshold_sec":0.01667,"window_sec_min":0.2,"window_sec_max":0.8,"chart_seconds":127.58571428571429}},"warnings":[],"tags":["stream_heavy","peak_intense","big_chord_burst","pure_stream"],"scales":["★★"]}