{"md5":"8a510d01be7147857b781f5d1b98a4d6","headers":{"title":"エピトゥリカの祀 [CHALLENGE14]","artist":"Team:SASAKURATION obj:ucc","genre":"WORLDTRONICA","playlevel":"19","base_bpm":146.0},"mode":"DP","scope":"playable_only","scaling_mode":"p99_linear","params":{"stream_window_ticks":48,"stream_density_threshold_per_beat":4.0,"peak_window_ticks":192,"jack_window_ticks":24,"soft_burst_ref":8.0,"soft_freq_ref":0.1,"soft_burst_exp":1.5,"soft_freq_exp":1.5,"chord_time_threshold_ms":16.67,"sp_distraction_min_scratches":3,"dp_distraction_window_sec_min":0.2,"dp_distraction_window_sec_max":0.8,"stream_density_ref_per_sec":28.0,"peak_density_ref_per_sec":50.0,"chord_size_ref":3.3,"ln_simultaneity_ref":0.18,"scratch_density_ref_per_sec":1.0,"scratch_ratio_ref":0.07,"distraction_density_ref":5.0,"distraction_event_ref":1.0,"dp_distraction_ref":6.0},"raw_axes":{"chord":1.9674234945705824,"stream":18.94414451436341,"scratch":0.00020655181086519118,"soft":0.005657784266918452,"ln":0.0,"stair":0.12507896399241947,"peak":31.025,"distraction":0.20676895943563608},"x_chord":0.631,"x_stream":0.594,"x_scratch":0.001,"x_soft":0.054,"x_ln":0.0,"x_stair":0.408,"x_peak":0.492,"x_distraction":0.017,"submetrics":{"chord":{"chord_rate":0.7245804540967423,"avg_chord_size":2.715258855585831,"chord_positions":734,"total_positions":1013},"stream":{"stream_coverage":0.9498239436619719,"stream_density_mean":8.218811881188119,"stream_density_mean_per_sec":19.944900990099008,"stream_windows":22,"notes_in_stream":2158,"total_notes":2272,"intervals":[[372,3383],[5052,5111],[5436,5495],[5724,5783],[5868,5927],[6204,6263],[6300,6719],[6732,9587],[9660,9815],[9852,10103],[10116,10163],[10212,10259],[10428,10583],[10620,10967],[11076,11711],[11724,11807],[11820,14363],[14388,14627],[14640,14747],[14772,15191],[15216,15575],[15708,17315]]},"scratch":{"scratch_ratio":0.003961267605633803,"scratch_positions_ratio":0.008884501480750246,"scratch_with_key_chord_rate":1.0,"scratch_per_sec":0.05214285714285715,"scratch_burst_max_per_sec":3.0,"scratch_burst_window_sec":1.0,"scratch_notes":9,"scratch_positions":9,"total_notes":2272,"total_positions":1013,"chart_seconds":172.60273972602738},"soft":{"base_bpm":146.0,"intensity":0.02310739436619718,"up_intensity":0.0,"down_intensity":0.02310739436619718,"max_intensity":0.5,"max_up_intensity":0.0,"max_down_intensity":0.5,"step_frequency":0.02197802197802198,"ramp_frequency":0.02197802197802198,"continuity_beats":60.0,"off_base_note_ratio":0.04621478873239437,"gimmick_burst_score":0.25742918414478955,"max_off_base_density_per_beat":2.2142857142857144,"base_mean_density_per_beat":7.216666666666667,"base_density_source":"on_base","distinct_off_base_bpm_count":1,"bpm_change_events":3,"measure_count":91},"ln":{"ln_ratio":0.0,"ln_hold_time_mean_beats":0.0,"ln_simultaneity_rate":0.0,"ln_simultaneity_weighted":0.0,"ln_count":0,"ln_positions":0,"total_notes":2272},"stair":{"stair_index":0.12507896399241947,"stair_transitions":198,"eligible_transitions":1583},"peak":{"peak_local_max_density":12.75,"peak_local_max_density_per_sec":31.025,"peak_max_chord_size":6,"peak_concentration":0.28829225352112675,"total_notes":2272,"intervals":[[3072,3383],[8652,9575],[15732,17303]]},"jack":{"jack_pairs":37,"jack_in_stream_pairs":35,"jack_outside_pairs":2,"pure_jack_per_sec":0.037292464878671765,"flow_break_per_stream_sec":0.29418537708693154,"stream_seconds":118.972602739726,"non_stream_seconds":53.63013698630138,"chart_seconds":172.60273972602738,"window_ticks":24,"min_region_sec":10.0},"distraction":{"mode_formulation":"DP","dp_distraction_per_sec":0.20676895943563608,"dp_pair_count":6,"dp_chord_tier_pair_count":0,"dp_mean_time_distance_sec":0.20547945205479343,"scratch_chord_pair_count":0,"chord_time_threshold_sec":0.01667,"window_sec_min":0.2,"window_sec_max":0.8,"chart_seconds":172.60273972602738}},"warnings":[],"tags":["chord_heavy"],"scales":["★"]}