{"md5":"c6a5d271001d48fcccecffd6b2f8ad5b","headers":{"title":"ラケシスと永遠の祈祷者[sub another]","artist":"しーけー obj:kuro","genre":"eschatology","playlevel":"11","base_bpm":230.0},"mode":"DP","scope":"playable_only","scaling_mode":"percentile_rank","params":{"stream_window_ticks":48,"stream_density_threshold_per_beat":4.0,"peak_window_ticks":192,"jack_window_ticks":24,"soft_burst_ref":8.0,"soft_freq_ref":0.1,"soft_burst_exp":1.5,"soft_freq_exp":1.5,"chord_time_threshold_ms":16.67,"sp_distraction_min_scratches":3,"dp_distraction_window_sec_min":0.2,"dp_distraction_window_sec_max":0.8,"stream_density_ref_per_sec":28.0,"peak_density_ref_per_sec":50.0,"chord_size_ref":3.3,"ln_simultaneity_ref":0.18,"scratch_density_ref_per_sec":1.0,"scratch_ratio_ref":0.07,"distraction_density_ref":5.0,"distraction_event_ref":1.0,"dp_distraction_ref":6.0},"raw_axes":{"chord":1.3557457212713937,"stream":15.751005957064178,"scratch":0.003834291906309911,"soft":0.0,"ln":0.0,"stair":0.12838427947598252,"peak":22.041666666666668,"distraction":0.543553324650324},"x_chord":0.3100271002710027,"x_stream":0.30785907859078593,"x_scratch":0.5772357723577236,"x_soft":0.0,"x_ln":0.0,"x_stair":0.675880758807588,"x_peak":0.14796747967479676,"x_distraction":0.3170731707317073,"submetrics":{"chord":{"chord_rate":0.49877750611246946,"avg_chord_size":2.718137254901961,"chord_positions":408,"total_positions":818},"stream":{"stream_coverage":0.880184331797235,"stream_density_mean":4.668292682926829,"stream_density_mean_per_sec":17.89512195121951,"stream_windows":93,"notes_in_stream":1337,"total_notes":1519,"intervals":[[156,251],[300,443],[492,827],[876,1019],[1068,1211],[1260,1403],[1452,1499],[1512,1583],[1692,3287],[3612,3695],[3708,3791],[3900,4043],[4092,4199],[4284,4367],[4380,4427],[4476,4559],[4668,4847],[4884,4943],[5052,5135],[5304,5399],[5460,5579],[5688,5915],[5940,5999],[6012,6095],[6108,6431],[6444,6743],[6840,6959],[7068,7151],[7188,7307],[7380,7439],[7452,7667],[7752,8279],[8412,8591],[8604,8687],[8916,9071],[9108,9263],[9276,9419],[9564,9611],[9624,10031],[10104,10343],[10368,10523],[10560,10715],[10812,11183],[11220,11279],[11316,11543],[11604,11759],[11796,11879],[11964,12143],[12180,12263],[12312,12719],[12792,13031],[13044,13211],[13224,13595],[13632,13871],[13884,13955],[14040,14255],[14268,14339],[14412,14639],[14664,14747],[14904,15023],[15036,15107],[15132,15191],[15360,15407],[15420,15491],[15528,15599],[15612,15683],[15720,15791],[15804,15875],[16008,16175],[16476,16655],[16668,16751],[18396,18491],[18504,18587],[18624,19055],[19092,19247],[19284,19343],[19560,19631],[19932,19979],[20124,20207],[20316,20399],[20436,20591],[20700,20747],[20820,21227],[21240,21479],[21492,21659],[21672,22043],[22068,22283],[22332,22571],[22584,22763],[22872,23087],[23124,23471],[23484,23663],[23700,24683]]},"scratch":{"scratch_ratio":0.018433179723502304,"scratch_positions_ratio":0.034229828850855744,"scratch_with_key_chord_rate":0.9285714285714286,"scratch_per_sec":0.20801033591731266,"scratch_burst_max_per_sec":4.0,"scratch_burst_window_sec":1.0,"scratch_notes":28,"scratch_positions":28,"total_notes":1519,"total_positions":818,"chart_seconds":134.6086956521739},"soft":{"base_bpm":230.0,"intensity":0.0,"up_intensity":0.0,"down_intensity":0.0,"max_intensity":0.0,"max_up_intensity":0.0,"max_down_intensity":0.0,"step_frequency":0.0,"ramp_frequency":0.0,"continuity_beats":0.0,"off_base_note_ratio":0.0,"gimmick_burst_score":0.0,"max_off_base_density_per_beat":0.0,"base_mean_density_per_beat":2.937984496124031,"base_density_source":"on_base","distinct_off_base_bpm_count":0,"bpm_change_events":0,"measure_count":130},"ln":{"ln_ratio":0.0,"ln_hold_time_mean_beats":0.0,"ln_simultaneity_rate":0.0,"ln_simultaneity_weighted":0.0,"ln_count":0,"ln_positions":0,"total_notes":1519},"stair":{"stair_index":0.12838427947598252,"stair_transitions":147,"eligible_transitions":1145},"peak":{"peak_local_max_density":5.75,"peak_local_max_density_per_sec":22.041666666666668,"peak_max_chord_size":5,"peak_concentration":0.28834759710335744,"total_notes":1519,"intervals":[[1716,3275],[7452,7679],[7788,8303],[13104,13859],[21564,22343],[23700,24455]]},"jack":{"jack_pairs":16,"jack_in_stream_pairs":16,"jack_outside_pairs":0,"pure_jack_per_sec":0.0,"flow_break_per_stream_sec":0.1733804475853946,"stream_seconds":92.28260869565217,"non_stream_seconds":42.326086956521735,"chart_seconds":134.6086956521739,"window_ticks":24,"min_region_sec":10.0},"distraction":{"mode_formulation":"DP","dp_distraction_per_sec":0.543553324650324,"dp_pair_count":15,"dp_chord_tier_pair_count":0,"dp_mean_time_distance_sec":0.2054347826086963,"scratch_chord_pair_count":0,"chord_time_threshold_sec":0.01667,"window_sec_min":0.2,"window_sec_max":0.8,"chart_seconds":134.6086956521739}},"warnings":[],"tags":["fast_chart"],"scales":["DPsl","★"]}