{"md5":"0335197a43d3a8aa66d06079c5112f96","headers":{"title":"アトロポスと最果の探求者[DP sub black another]","artist":"しーけー ob:kuro","genre":"eschatology","playlevel":"12","base_bpm":230.0},"mode":"DP","scope":"playable_only","scaling_mode":"p99_linear","params":{"stream_window_ticks":48,"stream_density_threshold_per_beat":4.0,"peak_window_ticks":192,"peak_min_window_notes":4,"felt_bpm_trigger_eff_bpm":500.0,"felt_bpm_trigger_peak_per_sec":200.0,"felt_bpm_target_peak_per_sec":100.0,"felt_bpm_floor":30.0,"jack_window_ticks":24,"soft_burst_ref":8.0,"soft_freq_ref":0.1,"soft_burst_exp":1.5,"soft_freq_exp":1.5,"chord_time_threshold_ms":16.67,"sp_distraction_min_scratches":3,"dp_distraction_window_sec_min":0.2,"dp_distraction_window_sec_max":0.8,"stream_density_ref_per_sec":28.0,"peak_density_ref_per_sec":50.0,"chord_size_ref":3.3,"ln_simultaneity_ref":0.18,"scratch_density_ref_per_sec":1.0,"scratch_ratio_ref":0.07,"distraction_density_ref":5.0,"distraction_event_ref":1.0,"dp_distraction_ref":6.0},"raw_axes":{"chord":1.8993821712268315,"stream":19.537453949799104,"scratch":0.011138667564819944,"soft":0.0,"ln":0.0,"stair":0.1673398730525101,"peak":36.416666666666664,"distraction":0.8928921418279225},"x_chord":0.609,"x_stream":0.612,"x_scratch":0.06,"x_soft":0.0,"x_ln":0.0,"x_stair":0.546,"x_peak":0.578,"x_distraction":0.075,"submetrics":{"chord":{"chord_rate":0.6151809355692851,"avg_chord_size":3.0875179340028693,"chord_positions":697,"total_positions":1133},"stream":{"stream_coverage":0.9084234930448223,"stream_density_mean":5.621890547263682,"stream_density_mean_per_sec":21.506988865197822,"stream_windows":102,"notes_in_stream":2351,"total_notes":2588,"intervals":[[372,527],[540,1583],[1596,1775],[1884,1967],[1980,2159],[2172,2255],[2268,2351],[2364,2411],[2424,2519],[2556,2603],[2652,2831],[2844,3119],[3132,3311],[4020,4619],[4956,5039],[5148,5231],[5340,5423],[5532,5615],[5724,5807],[5916,5999],[6108,6191],[6300,6383],[6396,6575],[6684,6767],[6876,6959],[7068,7151],[7260,7343],[7380,7439],[7452,7535],[7644,7727],[7836,7919],[7956,8327],[8340,8495],[8508,8555],[8604,8879],[8916,9359],[9372,9455],[9492,9839],[9852,9935],[9948,10031],[10044,10223],[10260,10607],[10644,10799],[10908,11183],[11196,11531],[11580,11663],[11676,12143],[12156,12239],[12252,12431],[12444,12719],[13020,13067],[13404,13871],[13884,14027],[14040,14219],[15516,15599],[15732,15791],[15900,15947],[16188,16367],[16476,16583],[16668,16751],[16788,16847],[16860,17927],[17940,19631],[19644,20207],[20244,20303],[20316,20459],[20508,20747],[20796,20843],[20892,20939],[21108,21167],[21204,21359],[21396,21551],[21564,21743],[21852,21899],[21948,22127],[22140,23087],[23100,26135],[26196,26255],[26268,26351],[26652,26735],[26844,26891],[27036,27119],[27252,27407],[27420,27503],[27516,27695],[27732,27791],[27804,27887],[27900,28175],[28188,28271],[28308,29579],[29916,29975],[30324,32459],[32472,32975],[33048,33167],[33396,33551],[33660,33743],[33756,33839],[33876,33935],[33948,34031],[34584,34703],[35220,35339],[35868,35951]]},"scratch":{"scratch_ratio":0.028979907264296754,"scratch_positions_ratio":0.06266548984995587,"scratch_with_key_chord_rate":0.8873239436619719,"scratch_per_sec":0.3843582887700535,"scratch_burst_max_per_sec":4.0,"scratch_burst_window_sec":1.0,"scratch_notes":75,"scratch_positions":71,"total_notes":2588,"total_positions":1133,"chart_seconds":195.1304347826087},"soft":{"base_bpm":230.0,"intensity":0.0,"up_intensity":0.0,"down_intensity":0.0,"max_intensity":0.0,"max_up_intensity":0.0,"max_down_intensity":0.0,"step_frequency":0.0,"ramp_frequency":0.0,"continuity_beats":0.0,"off_base_note_ratio":0.0,"gimmick_burst_score":0.0,"max_off_base_density_per_beat":0.0,"base_mean_density_per_beat":3.4545454545454546,"base_density_source":"on_base","distinct_off_base_bpm_count":0,"bpm_change_events":0,"measure_count":188},"ln":{"ln_ratio":0.0,"ln_hold_time_mean_beats":0.0,"ln_simultaneity_rate":0.0,"ln_simultaneity_weighted":0.0,"ln_count":0,"ln_positions":0,"total_notes":2588},"stair":{"stair_index":0.1673398730525101,"stair_transitions":290,"eligible_transitions":1733},"peak":{"peak_local_max_density":9.5,"peak_local_max_density_per_sec":36.416666666666664,"peak_max_chord_size":7,"peak_concentration":0.2882534775888717,"total_notes":2588,"intervals":[[684,983],[4164,4631],[11688,12023],[22860,23063],[23076,25115],[25164,25475],[25488,26159],[28968,29255],[29316,29531],[31788,32447],[32484,33023]]},"jack":{"jack_pairs":4,"jack_in_stream_pairs":4,"jack_outside_pairs":0,"pure_jack_per_sec":0.0,"flow_break_per_stream_sec":0.029164685370106247,"stream_seconds":137.15217391304324,"non_stream_seconds":57.978260869565446,"chart_seconds":195.1304347826087,"window_ticks":24,"min_region_sec":10.0},"distraction":{"mode_formulation":"DP","dp_distraction_per_sec":0.8928921418279225,"dp_pair_count":31,"dp_chord_tier_pair_count":0,"dp_mean_time_distance_sec":0.18776297335203088,"scratch_chord_pair_count":0,"chord_time_threshold_sec":0.01667,"window_sec_min":0.2,"window_sec_max":0.8,"chart_seconds":195.1304347826087}},"warnings":[],"tags":["stair_focused","fast_chart"],"scales":["DPsl"]}