{"md5":"83f096e9bef33832bc77408bfa7ef8b6","headers":{"title":"8bit Adventurer [DPBF]","artist":"Lime / Frantzz / obj.LetsOTL","genre":"kawaiicore","playlevel":"12","base_bpm":197.0},"mode":"DP","scope":"playable_only","scaling_mode":"percentile_rank","params":{"stream_window_ticks":48,"stream_density_threshold_per_beat":4.0,"peak_window_ticks":192,"jack_window_ticks":24,"soft_burst_ref":8.0,"soft_freq_ref":0.1,"soft_burst_exp":1.5,"soft_freq_exp":1.5,"chord_time_threshold_ms":16.67,"sp_distraction_min_scratches":3,"dp_distraction_window_sec_min":0.2,"dp_distraction_window_sec_max":0.8,"stream_density_ref_per_sec":28.0,"peak_density_ref_per_sec":50.0,"chord_size_ref":3.3,"ln_simultaneity_ref":0.18,"scratch_density_ref_per_sec":1.0,"scratch_ratio_ref":0.07,"distraction_density_ref":5.0,"distraction_event_ref":1.0,"dp_distraction_ref":6.0},"raw_axes":{"chord":1.1271442986881939,"stream":16.81661803428258,"scratch":0.032631021003114026,"soft":0.0,"ln":0.01201923076923077,"stair":0.23925501432664756,"peak":27.0875,"distraction":3.7190432884897207},"x_chord":0.13658536585365855,"x_stream":0.41680216802168024,"x_scratch":0.8991869918699187,"x_soft":0.0,"x_ln":0.7219512195121951,"x_stair":0.9604336043360434,"x_peak":0.42872628726287265,"x_distraction":0.8807588075880759,"submetrics":{"chord":{"chord_rate":0.44803229061553984,"avg_chord_size":2.515765765765766,"chord_positions":444,"total_positions":991},"stream":{"stream_coverage":0.9212740384615384,"stream_density_mean":5.559488692232055,"stream_density_mean_per_sec":18.253654539495248,"stream_windows":44,"notes_in_stream":1533,"total_notes":1664,"intervals":[[312,383],[528,587],[600,659],[864,935],[1080,1151],[1296,1355],[1368,1427],[1524,1751],[1764,1823],[1836,1931],[2028,2303],[2364,2735],[2796,3311],[3612,3695],[3996,4055],[4068,4691],[4752,4847],[4860,4919],[4956,5015],[5028,5207],[5244,5303],[5340,5615],[5628,5687],[5784,5987],[6012,7775],[7788,10799],[10872,11015],[11124,11543],[11652,13847],[14028,14111],[14124,14207],[14220,14303],[14316,14495],[14508,14591],[14604,14687],[14796,14879],[14892,14975],[14988,15071],[15096,15263],[15276,15359],[15444,16895],[16992,17135],[17436,17519],[17820,18455]]},"scratch":{"scratch_ratio":0.04807692307692308,"scratch_positions_ratio":0.07971745711402624,"scratch_with_key_chord_rate":0.6962025316455697,"scratch_per_sec":0.6787252368647717,"scratch_burst_max_per_sec":10.0,"scratch_burst_window_sec":1.0,"scratch_notes":80,"scratch_positions":79,"total_notes":1664,"total_positions":991,"chart_seconds":117.86802030456853},"soft":{"base_bpm":197.0,"intensity":0.0,"up_intensity":0.0,"down_intensity":0.0,"max_intensity":0.0,"max_up_intensity":0.0,"max_down_intensity":0.0,"step_frequency":0.0,"ramp_frequency":0.0,"continuity_beats":0.0,"off_base_note_ratio":0.0,"gimmick_burst_score":0.0,"max_off_base_density_per_beat":0.0,"base_mean_density_per_beat":4.297157622739018,"base_density_source":"on_base","distinct_off_base_bpm_count":0,"bpm_change_events":0,"measure_count":97},"ln":{"ln_ratio":0.0390625,"ln_hold_time_mean_beats":0.6288461538461538,"ln_simultaneity_rate":0.01201923076923077,"ln_simultaneity_weighted":0.01201923076923077,"ln_count":65,"ln_positions":59,"total_notes":1664},"stair":{"stair_index":0.23925501432664756,"stair_transitions":334,"eligible_transitions":1396},"peak":{"peak_local_max_density":8.25,"peak_local_max_density_per_sec":27.0875,"peak_max_chord_size":5,"peak_concentration":0.2902644230769231,"total_notes":1664,"intervals":[[2796,3071],[3084,3287],[6876,7115],[9600,9887],[12108,12479],[12804,13079],[13320,13847],[15468,16895]]},"jack":{"jack_pairs":131,"jack_in_stream_pairs":115,"jack_outside_pairs":16,"pure_jack_per_sec":0.6546209761163034,"flow_break_per_stream_sec":1.230915512089106,"stream_seconds":93.4263959390863,"non_stream_seconds":24.441624365482227,"chart_seconds":117.86802030456853,"window_ticks":24,"min_region_sec":10.0},"distraction":{"mode_formulation":"DP","dp_distraction_per_sec":3.7190432884897207,"dp_pair_count":79,"dp_chord_tier_pair_count":0,"dp_mean_time_distance_sec":0.21959133843089176,"scratch_chord_pair_count":0,"chord_time_threshold_sec":0.01667,"window_sec_min":0.2,"window_sec_max":0.8,"chart_seconds":117.86802030456853}},"warnings":["Unterminated LNOBJ LN on lane P1_SCR started at m96 pos0.5; closing at EOF","Unterminated LNOBJ LN on lane P2_SCR started at m96 pos0.75; closing at EOF","Unterminated LNOBJ LN on lane P1_KEY5 started at m95 pos0.625; closing at EOF","Unterminated LNOBJ LN on lane P1_KEY6 started at m95 pos0.5; closing at EOF","Unterminated LNOBJ LN on lane P1_KEY7 started at m93 pos0.5; closing at EOF","Unterminated LNOBJ LN on lane P1_KEY4 started at m95 pos0.75; closing at EOF","Unterminated LNOBJ LN on lane P1_KEY1 started at m95 pos0.875; closing at EOF","Unterminated LNOBJ LN on lane P1_KEY2 started at m95 pos0.75; closing at EOF","Unterminated LNOBJ LN on lane P2_KEY1 started at m94 pos0.75; closing at EOF","Unterminated LNOBJ LN on lane P2_KEY2 started at m94 pos0.71875; closing at EOF","Unterminated LNOBJ LN on lane P1_KEY3 started at m95 pos0.875; closing at EOF","Unterminated LNOBJ LN on lane P2_KEY4 started at m95 pos0.625; closing at EOF","Unterminated LNOBJ LN on lane P2_KEY5 started at m95 pos0.25; closing at EOF","Unterminated LNOBJ LN on lane P2_KEY6 started at m94 pos0.65625; closing at EOF","Unterminated LNOBJ LN on lane P2_KEY7 started at m95 pos0.625; closing at EOF","Unterminated LNOBJ LN on lane P2_KEY3 started at m95 pos0.75; closing at EOF"],"tags":["scratch_active","stair_focused","jack_chart","flow_break","scratch_burst"],"scales":["★"]}