{"md5":"227f0b51c7e0839f6fe843e6d4795edc","headers":{"title":"Bohemian Chic [DP ANOTHER]","artist":"あるさん","genre":"European-Latin","playlevel":"12","base_bpm":222.0},"mode":"DP","scope":"playable_only","scaling_mode":"p99_linear","params":{"stream_window_ticks":48,"stream_density_threshold_per_beat":4.0,"peak_window_ticks":192,"peak_min_window_notes":4,"peak_min_window_sec":0.05,"felt_bpm_trigger_eff_bpm":500.0,"felt_bpm_trigger_peak_per_sec":200.0,"felt_bpm_target_peak_per_sec":100.0,"felt_bpm_floor":30.0,"jack_window_ticks":24,"soft_burst_ref":8.0,"soft_freq_ref":0.1,"soft_burst_exp":1.5,"soft_freq_exp":1.5,"chord_time_threshold_ms":16.67,"sp_distraction_min_scratches":3,"dp_distraction_window_sec_min":0.2,"dp_distraction_window_sec_max":0.8,"stream_density_ref_per_sec":28.0,"peak_density_ref_per_sec":50.0,"chord_size_ref":3.3,"ln_simultaneity_ref":0.18,"scratch_density_ref_per_sec":1.0,"scratch_ratio_ref":0.07,"distraction_density_ref":5.0,"distraction_event_ref":1.0,"dp_distraction_ref":6.0},"raw_axes":{"chord":1.4276061776061775,"stream":15.3663946463778,"scratch":0.00043538915985840467,"soft":0.009555399756530537,"ln":0.0,"stair":0.20218579234972678,"peak":22.2,"distraction":1.8914644158982206},"x_chord":0.458,"x_stream":0.496,"x_scratch":0.002,"x_soft":0.065,"x_ln":0.0,"x_stair":0.659,"x_peak":0.395,"x_distraction":0.181,"submetrics":{"chord":{"chord_rate":0.6196911196911197,"avg_chord_size":2.303738317757009,"chord_positions":642,"total_positions":1036},"stream":{"stream_coverage":0.9076348104644955,"stream_density_mean":4.577464788732394,"stream_density_mean_per_sec":16.9301512780386,"stream_windows":58,"notes_in_stream":1700,"total_notes":1873,"intervals":[[2148,2208],[2292,2352],[2364,2568],[2580,2640],[2676,2856],[2868,2928],[2940,3072],[3156,3288],[3300,3384],[3444,3504],[3516,3720],[3804,3936],[4020,4080],[4092,4152],[4164,4512],[4524,4584],[4596,4656],[4668,4728],[4740,4968],[5172,5232],[5244,5448],[5460,5736],[5748,5880],[5892,6036],[6300,6528],[6540,6816],[6828,7464],[7476,7680],[7692,8544],[8628,8856],[8916,9768],[9804,10344],[10380,10704],[10812,11448],[11628,11736],[11772,12864],[12948,13008],[13068,13176],[13188,13296],[13320,13608],[13644,13920],[13932,14040],[14076,14232],[14244,14328],[14340,14964],[15252,15312],[15684,15744],[15840,16392],[16404,16980],[17100,17232],[17268,17904],[17988,18072],[18084,20184],[20388,21576],[21588,22728],[22740,23880],[23892,24456],[24468,24816]]},"scratch":{"scratch_ratio":0.0058729311265349705,"scratch_positions_ratio":0.010617760617760617,"scratch_with_key_chord_rate":0.9090909090909091,"scratch_per_sec":0.074134899674072,"scratch_burst_max_per_sec":5.0,"scratch_burst_window_sec":1.0,"scratch_notes":11,"scratch_positions":11,"total_notes":1873,"total_positions":1036,"chart_seconds":148.37815992684415},"soft":{"base_bpm":222.0,"intensity":0.001034136111552022,"up_intensity":0.0,"down_intensity":0.001034136111552022,"max_intensity":0.5495495495495496,"max_up_intensity":0.0,"max_down_intensity":0.5495495495495496,"step_frequency":0.06896551724137931,"ramp_frequency":0.034482758620689655,"continuity_beats":12.0,"off_base_note_ratio":0.0026695141484249867,"gimmick_burst_score":0.13855329646969278,"max_off_base_density_per_beat":1.0,"base_mean_density_per_beat":3.514581373471308,"base_density_source":"on_base","distinct_off_base_bpm_count":4,"bpm_change_events":6,"measure_count":87},"ln":{"ln_ratio":0.0,"ln_hold_time_mean_beats":0.0,"ln_simultaneity_rate":0.0,"ln_simultaneity_weighted":0.0,"ln_count":0,"ln_positions":0,"total_notes":1873},"stair":{"stair_index":0.20218579234972678,"stair_transitions":333,"eligible_transitions":1647},"peak":{"peak_local_max_density":6.0,"peak_local_max_density_per_sec":22.2,"peak_max_chord_size":5,"peak_concentration":0.4404698344901228,"total_notes":1873,"intervals":[[5496,5724],[6324,6528],[10788,11064],[11172,11496],[11796,12156],[14256,14976],[15984,16176],[16428,16992],[17292,17616],[17652,17904],[18108,18660],[18732,18948],[18972,19512],[19596,19800],[20388,20664],[21024,21528],[21588,21792],[21960,22152],[22176,22680],[22884,23892],[23916,24480],[24492,24816]]},"jack":{"jack_pairs":23,"jack_in_stream_pairs":18,"jack_outside_pairs":5,"pure_jack_per_sec":0.12842277791047313,"flow_break_per_stream_sec":0.16446728712321157,"stream_seconds":109.44425675675674,"non_stream_seconds":38.933903170087405,"chart_seconds":148.37815992684415,"window_ticks":24,"min_region_sec":10.0},"distraction":{"mode_formulation":"DP","dp_distraction_per_sec":1.8914644158982206,"dp_pair_count":13,"dp_chord_tier_pair_count":4,"dp_mean_time_distance_sec":0.16632016632016516,"scratch_chord_pair_count":4,"chord_time_threshold_sec":0.01667,"window_sec_min":0.2,"window_sec_max":0.8,"chart_seconds":148.37815992684415}},"warnings":[],"tags":["stair_focused","scratch_chord","fast_chart"],"scales":["★"]}