{"md5":"491f97a850f0e91dc73f547659ce986d","headers":{"title":"Feline, the Black...","artist":"Morrigan / obj:lichtr","genre":"DRUM'N'BASS","playlevel":"12","base_bpm":160.0},"mode":"DP","scope":"playable_only","scaling_mode":"p99_linear","params":{"stream_window_ticks":48,"stream_density_threshold_per_beat":4.0,"peak_window_ticks":192,"peak_min_window_notes":4,"peak_min_window_sec":0.05,"felt_bpm_trigger_eff_bpm":500.0,"felt_bpm_trigger_peak_per_sec":200.0,"felt_bpm_target_peak_per_sec":100.0,"felt_bpm_floor":30.0,"jack_window_ticks":24,"soft_burst_ref":8.0,"soft_freq_ref":0.1,"soft_burst_exp":1.5,"soft_freq_exp":1.5,"chord_time_threshold_ms":16.67,"sp_distraction_min_scratches":3,"dp_distraction_window_sec_min":0.2,"dp_distraction_window_sec_max":0.8,"stream_density_ref_per_sec":28.0,"peak_density_ref_per_sec":50.0,"chord_size_ref":3.3,"ln_simultaneity_ref":0.18,"scratch_density_ref_per_sec":1.0,"scratch_ratio_ref":0.07,"distraction_density_ref":5.0,"distraction_event_ref":1.0,"dp_distraction_ref":6.0},"raw_axes":{"chord":0.8739130434782608,"stream":12.342317304307358,"scratch":0.003946568352965614,"soft":0.0,"stair":0.06492027334851937,"peak":26.0,"ln_m1_short_rate_rt":0.04186489058039962,"ln_m2_density_rt":44.560027519779844,"ln_m2_burst_max_rt":129.0,"ln_m3_density_rt":44.560027519779844,"ln_m_concurrent_rt":0.47938931297709925,"adv_hand_imb":0.16216216216216217,"adv_rel_pressure_1beat":0.7972972972972973,"adv_ln_hold_min_beats":0.0625,"adv_ln_chord_big_rate":0.014285714285714285,"adv_ln_scatter_cv":2.8391494513901208,"distraction":0.6381833372795193},"x_chord":0.272,"x_stream":0.386,"x_scratch":0.021,"x_soft":0.0,"x_ln":0.846,"x_stair":0.203,"x_peak":0.448,"x_distraction":0.061,"ln_advanced_score":0.748,"submetrics":{"chord":{"chord_rate":0.3507246376811594,"avg_chord_size":2.4917355371900825,"chord_positions":242,"total_positions":690},"stream":{"stream_coverage":0.8468125594671742,"stream_density_mean":5.465635738831615,"stream_density_mean_per_sec":14.575028636884307,"stream_windows":28,"notes_in_stream":890,"total_notes":1051,"intervals":[[888,972],[1080,1140],[1692,1752],[1884,1944],[2220,2292],[2376,2460],[2604,2712],[2724,2856],[2988,3108],[3144,3228],[3636,4584],[4596,4656],[4668,4764],[5532,5856],[5868,5976],[6060,6168],[6180,6960],[6972,8640],[8652,8856],[8952,9840],[9924,9996],[10140,10680],[10752,11088],[11100,11172],[11196,11364],[11388,11460],[12060,13284],[13380,13440]]},"scratch":{"scratch_ratio":0.019980970504281638,"scratch_positions_ratio":0.028985507246376812,"scratch_with_key_chord_rate":0.05,"scratch_per_sec":0.19751634947461238,"scratch_burst_max_per_sec":6.0,"scratch_burst_window_sec":1.0,"scratch_notes":21,"scratch_positions":20,"total_notes":1051,"total_positions":690,"chart_seconds":106.3203125},"soft":{"base_bpm":160.0,"intensity":0.0,"up_intensity":0.0,"down_intensity":0.0,"max_intensity":0.0,"max_up_intensity":0.0,"max_down_intensity":0.0,"step_frequency":0.0,"ramp_frequency":0.0,"continuity_beats":0.0,"off_base_note_ratio":0.0,"gimmick_burst_score":0.0,"max_off_base_density_per_beat":0.0,"base_mean_density_per_beat":3.7037037037037037,"base_density_source":"on_base","distinct_off_base_bpm_count":0,"bpm_change_events":0,"measure_count":71},"ln":{"ln_ratio":0.08753568030447194,"ln_hold_time_mean_beats":0.7137681159420289,"ln_simultaneity_rate":0.0960989533777355,"ln_simultaneity_weighted":0.10466222645099905,"ln_count":92,"ln_count_raw":92,"ln_positions":88,"total_notes":1051,"m1_short_count_rt":44,"m1_short_rate_rt":0.04186489058039962,"m2_long_count_rt":30,"m2_density_rt":44.560027519779844,"m2_burst_max_rt":129.0,"m3_density_rt":44.560027519779844,"m_concurrent_rt":0.47938931297709925,"total_long_sec":22.7109375,"long_active_sec":15.3515625,"long_hold_sec_mean":0.75703125,"long_hold_sec_max":1.640625,"adv_hand_imb":0.16216216216216217,"adv_rel_pressure_1beat":0.7972972972972973,"adv_ln_hold_min_beats":0.0625,"adv_ln_chord_big_rate":0.014285714285714285,"adv_ln_scatter_cv":2.8391494513901208},"stair":{"stair_index":0.06492027334851937,"stair_transitions":57,"eligible_transitions":878},"peak":{"peak_local_max_density":9.75,"peak_local_max_density_per_sec":26.0,"peak_max_chord_size":6,"peak_concentration":0.4100856327307326,"total_notes":1051,"intervals":[[4236,4524],[6492,6696],[7104,7464],[7788,8304],[8376,8568],[8952,9876],[10212,10728],[12672,13044]]},"jack":{"jack_pairs":35,"jack_in_stream_pairs":31,"jack_outside_pairs":4,"pure_jack_per_sec":0.10205301973290812,"flow_break_per_stream_sec":0.4618249534450652,"stream_seconds":67.125,"non_stream_seconds":39.1953125,"chart_seconds":106.3203125,"window_ticks":24,"min_region_sec":10.0},"distraction":{"mode_formulation":"DP","dp_distraction_per_sec":0.6381833372795193,"dp_pair_count":15,"dp_chord_tier_pair_count":0,"dp_mean_time_distance_sec":0.2765624999999998,"scratch_chord_pair_count":0,"chord_time_threshold_sec":0.01667,"window_sec_min":0.2,"window_sec_max":0.8,"chart_seconds":106.3203125}},"warnings":[],"tags":["ln_chart","advanced_ln"],"scales":["★"]}