{"md5":"a59c594e4a0af84b378e26eda6190926","headers":{"title":"Pangaea[ANOTHER14]","artist":"sasakure.UK","genre":"World Orchestra","playlevel":"12","base_bpm":118.0},"mode":"DP","scope":"playable_only","scaling_mode":"p99_linear","params":{"stream_window_ticks":48,"stream_density_threshold_per_beat":4.0,"peak_window_ticks":192,"jack_window_ticks":24,"soft_burst_ref":8.0,"soft_freq_ref":0.1,"soft_burst_exp":1.5,"soft_freq_exp":1.5,"chord_time_threshold_ms":16.67,"sp_distraction_min_scratches":3,"dp_distraction_window_sec_min":0.2,"dp_distraction_window_sec_max":0.8,"stream_density_ref_per_sec":28.0,"peak_density_ref_per_sec":50.0,"chord_size_ref":3.3,"ln_simultaneity_ref":0.18,"scratch_density_ref_per_sec":1.0,"scratch_ratio_ref":0.07,"distraction_density_ref":5.0,"distraction_event_ref":1.0,"dp_distraction_ref":6.0},"raw_axes":{"chord":1.4796380090497738,"stream":13.485320870475011,"scratch":0.0008262280830164104,"soft":0.0001017208210958598,"ln":0.0,"stair":0.07838660578386605,"peak":32.94166666666667,"distraction":0.27273780860094804},"x_chord":0.475,"x_stream":0.423,"x_scratch":0.004,"x_soft":0.001,"x_ln":0.0,"x_stair":0.256,"x_peak":0.523,"x_distraction":0.023,"submetrics":{"chord":{"chord_rate":0.5667420814479638,"avg_chord_size":2.6107784431137726,"chord_positions":501,"total_positions":884},"stream":{"stream_coverage":0.9828503843879361,"stream_density_mean":6.983277591973244,"stream_density_mean_per_sec":13.720624303232999,"stream_windows":20,"notes_in_stream":1662,"total_notes":1691,"intervals":[[1908,2231],[2244,2423],[2460,2603],[2652,3347],[3372,3947],[3960,4715],[4728,4823],[4956,5087],[5100,5375],[5388,5471],[5496,5783],[5880,8159],[8172,8471],[8484,8723],[8748,8927],[8940,10415],[10452,10643],[10668,10799],[10812,11087],[11100,14831]]},"scratch":{"scratch_ratio":0.008870490833826138,"scratch_positions_ratio":0.016968325791855202,"scratch_with_key_chord_rate":0.6,"scratch_per_sec":0.09314344589205,"scratch_burst_max_per_sec":3.0,"scratch_burst_window_sec":1.0,"scratch_notes":15,"scratch_positions":15,"total_notes":1691,"total_positions":884,"chart_seconds":161.04192685102586},"soft":{"base_bpm":118.0,"intensity":0.0009221301205785364,"up_intensity":0.0,"down_intensity":0.0009221301205785364,"max_intensity":0.19491525423728814,"max_up_intensity":0.0,"max_down_intensity":0.19491525423728814,"step_frequency":0.02564102564102564,"ramp_frequency":0.02564102564102564,"continuity_beats":36.0,"off_base_note_ratio":0.004730928444707274,"gimmick_burst_score":0.0039671120227385325,"max_off_base_density_per_beat":0.25,"base_mean_density_per_beat":6.165441176470588,"base_density_source":"on_base","distinct_off_base_bpm_count":1,"bpm_change_events":3,"measure_count":78},"ln":{"ln_ratio":0.0,"ln_hold_time_mean_beats":0.0,"ln_simultaneity_rate":0.0,"ln_simultaneity_weighted":0.0,"ln_count":0,"ln_positions":0,"total_notes":1691},"stair":{"stair_index":0.07838660578386605,"stair_transitions":103,"eligible_transitions":1314},"peak":{"peak_local_max_density":16.75,"peak_local_max_density_per_sec":32.94166666666667,"peak_max_chord_size":6,"peak_concentration":0.30573625073920757,"total_notes":1691,"intervals":[[10824,11147],[12384,12863],[13116,13715],[13752,14831]]},"jack":{"jack_pairs":32,"jack_in_stream_pairs":31,"jack_outside_pairs":1,"pure_jack_per_sec":0.032660315240509274,"flow_break_per_stream_sec":0.23768680961663421,"stream_seconds":130.4237288135593,"non_stream_seconds":30.618198037466556,"chart_seconds":161.04192685102586,"window_ticks":24,"min_region_sec":10.0},"distraction":{"mode_formulation":"DP","dp_distraction_per_sec":0.27273780860094804,"dp_pair_count":12,"dp_chord_tier_pair_count":0,"dp_mean_time_distance_sec":0.33898305084745556,"scratch_chord_pair_count":0,"chord_time_threshold_sec":0.01667,"window_sec_min":0.2,"window_sec_max":0.8,"chart_seconds":161.04192685102586}},"warnings":[],"tags":[],"scales":["★"]}