{"md5":"0fa0e9b8cbd12261b158c0a838d10ff6","headers":{"title":"Air (EX14)","artist":"SHIKI / obj:Redrum","genre":"TRANCE CORE","playlevel":"15","base_bpm":180.0},"mode":"DP","scope":"playable_only","scaling_mode":"p99_linear","params":{"stream_window_ticks":48,"stream_density_threshold_per_beat":4.0,"peak_window_ticks":192,"peak_min_window_notes":4,"peak_min_window_sec":0.05,"felt_bpm_trigger_eff_bpm":500.0,"felt_bpm_trigger_peak_per_sec":200.0,"felt_bpm_target_peak_per_sec":100.0,"felt_bpm_floor":30.0,"jack_window_ticks":24,"soft_burst_ref":8.0,"soft_freq_ref":0.1,"soft_burst_exp":1.5,"soft_freq_exp":1.5,"chord_time_threshold_ms":16.67,"sp_distraction_min_scratches":3,"dp_distraction_window_sec_min":0.2,"dp_distraction_window_sec_max":0.8,"stream_density_ref_per_sec":28.0,"peak_density_ref_per_sec":50.0,"chord_size_ref":3.3,"ln_simultaneity_ref":0.18,"scratch_density_ref_per_sec":1.0,"scratch_ratio_ref":0.07,"distraction_density_ref":5.0,"distraction_event_ref":1.0,"dp_distraction_ref":6.0},"raw_axes":{"chord":1.4503154574132493,"stream":18.81501175716118,"scratch":0.0024967918521425197,"soft":0.0,"ln":0.0,"stair":0.04935064935064935,"peak":28.5,"distraction":6.908472575629993},"x_chord":0.451,"x_stream":0.589,"x_scratch":0.013,"x_soft":0.0,"x_ln":0.0,"x_stair":0.156,"x_peak":0.491,"x_distraction":0.659,"submetrics":{"chord":{"chord_rate":0.6056782334384858,"avg_chord_size":2.39453125,"chord_positions":768,"total_positions":1268},"stream":{"stream_coverage":0.9465583582727661,"stream_density_mean":6.625762195121951,"stream_density_mean_per_sec":19.877286585365855,"stream_windows":21,"notes_in_stream":2214,"total_notes":2339,"intervals":[[756,5400],[6804,6960],[7188,7248],[7572,7632],[7836,7896],[7956,8016],[8220,8280],[8340,13080],[13176,13272],[13284,13344],[13356,13416],[13572,13656],[13776,13860],[14028,14244],[14256,14340],[14376,14688],[14700,15216],[15312,15408],[15564,15792],[15804,15888],[15900,20772]]},"scratch":{"scratch_ratio":0.012398460880718255,"scratch_positions_ratio":0.021293375394321766,"scratch_with_key_chord_rate":0.7037037037037037,"scratch_per_sec":0.20137917731590874,"scratch_burst_max_per_sec":4.0,"scratch_burst_window_sec":1.0,"scratch_notes":29,"scratch_positions":27,"total_notes":2339,"total_positions":1268,"chart_seconds":144.00694444444446},"soft":{"base_bpm":180.0,"intensity":0.0,"up_intensity":0.0,"down_intensity":0.0,"max_intensity":0.0,"max_up_intensity":0.0,"max_down_intensity":0.0,"step_frequency":0.0,"ramp_frequency":0.0,"continuity_beats":0.0,"off_base_note_ratio":0.0,"gimmick_burst_score":0.0,"max_off_base_density_per_beat":0.0,"base_mean_density_per_beat":5.409722222222222,"base_density_source":"on_base","distinct_off_base_bpm_count":0,"bpm_change_events":0,"measure_count":109},"ln":{"ln_ratio":0.0,"ln_hold_time_mean_beats":0.0,"ln_simultaneity_rate":0.0,"ln_simultaneity_weighted":0.0,"ln_count":0,"ln_positions":0,"total_notes":2339},"stair":{"stair_index":0.04935064935064935,"stair_transitions":95,"eligible_transitions":1925},"peak":{"peak_local_max_density":9.5,"peak_local_max_density_per_sec":28.5,"peak_max_chord_size":4,"peak_concentration":0.35656263360410434,"total_notes":2339,"intervals":[[1512,2388],[4920,5388],[12804,13080],[17472,20748]]},"jack":{"jack_pairs":21,"jack_in_stream_pairs":18,"jack_outside_pairs":3,"pure_jack_per_sec":0.10434782608695621,"flow_break_per_stream_sec":0.15617280231367126,"stream_seconds":115.25694444444437,"non_stream_seconds":28.750000000000085,"chart_seconds":144.00694444444446,"window_ticks":24,"min_region_sec":10.0},"distraction":{"mode_formulation":"DP","dp_distraction_per_sec":6.908472575629993,"dp_pair_count":73,"dp_chord_tier_pair_count":11,"dp_mean_time_distance_sec":0.18949771689497702,"scratch_chord_pair_count":11,"chord_time_threshold_sec":0.01667,"window_sec_min":0.2,"window_sec_max":0.8,"chart_seconds":144.00694444444446}},"warnings":[],"tags":["distraction_heavy","scratch_chord"],"scales":["★"]}