{"md5":"97617f4efbfbe40e7c2076ee1d8e3ac2","headers":{"title":"One Way Street[Unrequited]","artist":"siqlo","genre":"Emotional Dubstep","playlevel":"12","base_bpm":150.0},"mode":"DP","scope":"playable_only","scaling_mode":"p99_linear","params":{"stream_window_ticks":48,"stream_density_threshold_per_beat":4.0,"peak_window_ticks":192,"peak_min_window_notes":4,"peak_min_window_sec":0.05,"felt_bpm_trigger_eff_bpm":500.0,"felt_bpm_trigger_peak_per_sec":200.0,"felt_bpm_target_peak_per_sec":100.0,"felt_bpm_floor":30.0,"jack_window_ticks":24,"soft_burst_ref":8.0,"soft_freq_ref":0.1,"soft_burst_exp":1.5,"soft_freq_exp":1.5,"chord_time_threshold_ms":16.67,"sp_distraction_min_scratches":3,"dp_distraction_window_sec_min":0.2,"dp_distraction_window_sec_max":0.8,"stream_density_ref_per_sec":28.0,"peak_density_ref_per_sec":50.0,"chord_size_ref":3.3,"ln_simultaneity_ref":0.18,"scratch_density_ref_per_sec":1.0,"scratch_ratio_ref":0.07,"distraction_density_ref":5.0,"distraction_event_ref":1.0,"dp_distraction_ref":6.0},"raw_axes":{"chord":1.4928716904276984,"stream":16.06964428897446,"scratch":0.05470401067829231,"soft":0.0,"ln":0.014848950332821301,"stair":0.056140350877192984,"peak":25.625,"distraction":3.4474699666249142},"x_chord":0.465,"x_stream":0.503,"x_scratch":0.294,"x_soft":0.0,"x_ln":0.054,"x_stair":0.178,"x_peak":0.442,"x_distraction":0.329,"submetrics":{"chord":{"chord_rate":0.5040733197556008,"avg_chord_size":2.9616161616161616,"chord_positions":495,"total_positions":982},"stream":{"stream_coverage":0.9400921658986175,"stream_density_mean":6.837476099426386,"stream_density_mean_per_sec":17.093690248565967,"stream_windows":21,"notes_in_stream":1836,"total_notes":1953,"intervals":[[180,4608],[4860,5592],[5628,6048],[6084,6144],[6156,7104],[7368,7452],[7488,7752],[7788,7848],[7980,8064],[8160,8244],[8364,8424],[8508,8568],[8748,8820],[8844,8916],[8964,9024],[9144,9216],[9276,10740],[10896,10980],[11004,11808],[11820,15432],[16956,17040]]},"scratch":{"scratch_ratio":0.0629800307219662,"scratch_positions_ratio":0.12016293279022404,"scratch_with_key_chord_rate":0.6016949152542372,"scratch_per_sec":0.8685929500382511,"scratch_burst_max_per_sec":10.0,"scratch_burst_window_sec":1.0,"scratch_notes":123,"scratch_positions":118,"total_notes":1953,"total_positions":982,"chart_seconds":141.60833333333332},"soft":{"base_bpm":150.0,"intensity":0.0,"up_intensity":0.0,"down_intensity":0.0,"max_intensity":0.0,"max_up_intensity":0.0,"max_down_intensity":0.0,"step_frequency":0.0,"ramp_frequency":0.0,"continuity_beats":0.0,"off_base_note_ratio":0.0,"gimmick_burst_score":0.0,"max_off_base_density_per_beat":0.0,"base_mean_density_per_beat":5.505649717514125,"base_density_source":"on_base","distinct_off_base_bpm_count":0,"bpm_change_events":0,"measure_count":90},"ln":{"ln_ratio":0.010752688172043012,"ln_hold_time_mean_beats":1.3571428571428572,"ln_simultaneity_rate":0.014848950332821301,"ln_simultaneity_weighted":0.014848950332821301,"ln_count":21,"ln_positions":15,"total_notes":1953},"stair":{"stair_index":0.056140350877192984,"stair_transitions":80,"eligible_transitions":1425},"peak":{"peak_local_max_density":10.25,"peak_local_max_density_per_sec":25.625,"peak_max_chord_size":7,"peak_concentration":0.4091141833077317,"total_notes":1953,"intervals":[[3132,3372],[3792,3984],[4188,4392],[4908,5148],[5820,6048],[6672,6888],[10152,10728],[12192,12444],[12696,13008],[13284,13872],[13920,14568],[14604,15408]]},"jack":{"jack_pairs":255,"jack_in_stream_pairs":192,"jack_outside_pairs":63,"pure_jack_per_sec":2.202797202797201,"flow_break_per_stream_sec":1.6989897500184357,"stream_seconds":113.0083333333333,"non_stream_seconds":28.600000000000023,"chart_seconds":141.60833333333332,"window_ticks":24,"min_region_sec":10.0},"distraction":{"mode_formulation":"DP","dp_distraction_per_sec":3.4474699666249142,"dp_pair_count":132,"dp_chord_tier_pair_count":0,"dp_mean_time_distance_sec":0.30909090909090803,"scratch_chord_pair_count":0,"chord_time_threshold_sec":0.01667,"window_sec_min":0.2,"window_sec_max":0.8,"chart_seconds":141.60833333333332}},"warnings":[],"tags":["scratch_active","jack_chart","flow_break","scratch_burst"],"scales":["★"]}