{"md5":"06df9f0b605ddc60bb4b996307ab6bbb","headers":{"title":"Flesvelka ANOTHER","artist":"Grand Thaw","genre":"Musette","playlevel":"12","base_bpm":134.0},"mode":"DP","scope":"playable_only","scaling_mode":"reference","params":{"stream_window_ticks":48,"stream_density_threshold_per_beat":4.0,"peak_window_ticks":192,"jack_window_ticks":24,"soft_burst_ref":8.0,"soft_freq_ref":0.1,"soft_burst_exp":1.5,"soft_freq_exp":1.5,"chord_time_threshold_ms":16.67,"sp_distraction_min_scratches":3,"dp_distraction_window_sec_min":0.2,"dp_distraction_window_sec_max":0.8,"stream_density_ref_per_sec":28.0,"peak_density_ref_per_sec":50.0,"chord_size_ref":3.3,"ln_simultaneity_ref":0.18,"scratch_density_ref_per_sec":1.0,"scratch_ratio_ref":0.07,"distraction_density_ref":5.0,"distraction_event_ref":1.0,"dp_distraction_ref":6.0},"x_chord":0.29093213503859894,"x_stream":0.4502741931729097,"x_scratch":0.0014444988610881069,"x_soft":0.0,"x_ln":0.33596564145192576,"x_stair":0.31866666666666665,"x_peak":0.48016666666666663,"x_distraction":0.004829608112106364,"submetrics":{"chord":{"chord_rate":0.435361216730038,"avg_chord_size":2.2052401746724892,"chord_positions":458,"total_positions":1052},"stream":{"stream_coverage":0.96571072319202,"stream_density_mean":5.845672575599583,"stream_density_mean_per_sec":13.055335418839068,"stream_windows":48,"notes_in_stream":1549,"total_notes":1604,"intervals":[[156,203],[240,407],[444,803],[816,899],[912,983],[1008,1859],[1884,2711],[2736,3287],[3336,3407],[3420,3503],[3768,3887],[3924,4151],[4164,4247],[4272,4511],[4560,4631],[4644,4727],[4752,4823],[4836,4919],[4944,5027],[5040,5123],[5136,5231],[5256,5411],[5448,5531],[5604,5675],[5688,5783],[5808,5999],[6036,6167],[6252,6371],[6444,6767],[6840,7295],[7332,7895],[7920,8279],[8304,8687],[8724,9047],[9072,9143],[9156,9695],[9708,10211],[10236,10283],[10308,11135],[11208,11339],[11376,11435],[11460,11519],[11592,11759],[11808,11951],[12012,12155],[12240,12323],[12420,12515],[12660,16175]]},"scratch":{"scratch_ratio":0.003117206982543641,"scratch_positions_ratio":0.004752851711026616,"scratch_with_key_chord_rate":0.6,"scratch_per_sec":0.03243766642459453,"scratch_burst_max_per_sec":1.0,"scratch_burst_window_sec":1.0,"scratch_notes":5,"scratch_positions":5,"total_notes":1604,"total_positions":1052,"chart_seconds":154.1417910447761},"soft":{"base_bpm":134.0,"intensity":0.0,"up_intensity":0.0,"down_intensity":0.0,"max_intensity":0.0,"max_up_intensity":0.0,"max_down_intensity":0.0,"step_frequency":0.0,"ramp_frequency":0.0,"continuity_beats":0.0,"off_base_note_ratio":0.0,"gimmick_burst_score":0.0,"max_off_base_density_per_beat":0.0,"base_mean_density_per_beat":4.659404502541758,"base_density_source":"on_base","distinct_off_base_bpm_count":0,"bpm_change_events":0,"measure_count":85},"ln":{"ln_ratio":0.04177057356608479,"ln_hold_time_mean_beats":1.5671641791044777,"ln_simultaneity_rate":0.05860349127182045,"ln_simultaneity_weighted":0.060473815461346635,"ln_count":67,"ln_positions":62,"total_notes":1604},"stair":{"stair_index":0.31866666666666665,"stair_transitions":478,"eligible_transitions":1500},"peak":{"peak_local_max_density":10.75,"peak_local_max_density_per_sec":24.008333333333333,"peak_max_chord_size":5,"peak_concentration":0.3192019950124688,"total_notes":1604,"intervals":[[1164,1427],[1500,1823],[10764,11123],[12756,13019],[13836,14567],[14688,14891],[14976,16103]]},"jack":{"jack_pairs":26,"jack_in_stream_pairs":22,"jack_outside_pairs":4,"pure_jack_per_sec":0.17179487179487188,"flow_break_per_stream_sec":0.16812090105503277,"stream_seconds":130.8582089552239,"non_stream_seconds":23.283582089552226,"chart_seconds":154.1417910447761,"window_ticks":24,"min_region_sec":10.0},"distraction":{"mode_formulation":"DP","dp_distraction_per_sec":0.028977648672638186,"dp_pair_count":2,"dp_chord_tier_pair_count":0,"dp_mean_time_distance_sec":0.4477611940298445,"scratch_chord_pair_count":0,"chord_time_threshold_sec":0.01667,"window_sec_min":0.2,"window_sec_max":0.8,"chart_seconds":154.1417910447761}},"warnings":[],"tags":["stair_focused"],"scales":["★"]}