{"md5":"540445e41aaab8363c69088db579b2de","headers":{"title":"Dispire///Hope [DP HYPER]","artist":"CYLTIE.","genre":"J-CORE","playlevel":"11","base_bpm":220.0},"mode":"DP","scope":"playable_only","scaling_mode":"p99_linear","params":{"stream_window_ticks":48,"stream_density_threshold_per_beat":4.0,"peak_window_ticks":192,"peak_min_window_notes":4,"peak_min_window_sec":0.05,"felt_bpm_trigger_eff_bpm":500.0,"felt_bpm_trigger_peak_per_sec":200.0,"felt_bpm_target_peak_per_sec":100.0,"felt_bpm_floor":30.0,"jack_window_ticks":24,"soft_burst_ref":8.0,"soft_freq_ref":0.1,"soft_burst_exp":1.5,"soft_freq_exp":1.5,"chord_time_threshold_ms":16.67,"sp_distraction_min_scratches":3,"dp_distraction_window_sec_min":0.2,"dp_distraction_window_sec_max":0.8,"stream_density_ref_per_sec":28.0,"peak_density_ref_per_sec":50.0,"chord_size_ref":3.3,"ln_simultaneity_ref":0.18,"scratch_density_ref_per_sec":1.0,"scratch_ratio_ref":0.07,"distraction_density_ref":5.0,"distraction_event_ref":1.0,"dp_distraction_ref":6.0},"raw_axes":{"chord":0.9306930693069306,"stream":12.748830061812932,"scratch":0.030593814674762323,"soft":0.0,"ln":0.0,"stair":0.10470836261419536,"peak":22.916666666666668,"distraction":1.4216197133375774,"pure_jack_raw":0.2712909441233141,"flow_break_raw":0.49240075614366724},"x_chord":0.29,"x_stream":0.399,"x_scratch":0.164,"x_soft":0.0,"x_ln":0.0,"x_stair":0.331,"x_peak":0.395,"x_distraction":0.136,"jack_signal":0.501,"noise_budget":0.801,"submetrics":{"chord":{"chord_rate":0.42475247524752474,"avg_chord_size":2.191142191142191,"chord_positions":429,"total_positions":1010},"stream":{"stream_coverage":0.7672583826429981,"stream_density_mean":4.531659388646288,"stream_density_mean_per_sec":16.61608442503639,"stream_windows":53,"notes_in_stream":1167,"total_notes":1521,"intervals":[[408,468],[480,588],[2100,2160],[2436,2520],[2700,2916],[3264,3468],[3504,3612],[3948,4032],[4332,4440],[4548,4608],[4740,4800],[4920,5028],[5400,5568],[5592,6000],[6108,6168],[6180,6552],[6576,6744],[8052,8280],[8820,8928],[8940,9024],[9036,9120],[9132,9216],[9228,9840],[10080,10188],[10356,10608],[10848,10956],[11124,11424],[11592,11748],[12060,12888],[13284,13344],[13476,13536],[13548,13608],[13668,13728],[14052,14112],[14184,14424],[14436,14496],[14628,14688],[14748,14808],[14820,14880],[15012,15072],[15084,17664],[17676,19212],[19224,19836],[19848,19908],[19920,20028],[20040,20100],[20112,20580],[20628,20784],[20808,21000],[21012,21096],[21108,21240],[21312,22116],[23400,23616]]},"scratch":{"scratch_ratio":0.05193951347797501,"scratch_positions_ratio":0.06435643564356436,"scratch_with_key_chord_rate":0.4461538461538462,"scratch_per_sec":0.5890277483583987,"scratch_burst_max_per_sec":12.0,"scratch_burst_window_sec":1.0,"scratch_notes":79,"scratch_positions":65,"total_notes":1521,"total_positions":1010,"chart_seconds":134.1193181818182},"soft":{"base_bpm":220.0,"intensity":0.0,"up_intensity":0.0,"down_intensity":0.0,"max_intensity":0.0,"max_up_intensity":0.0,"max_down_intensity":0.0,"step_frequency":0.0,"ramp_frequency":0.0,"continuity_beats":0.0,"off_base_note_ratio":0.0,"gimmick_burst_score":0.0,"max_off_base_density_per_beat":0.0,"base_mean_density_per_beat":3.0910015251652263,"base_density_source":"on_base","distinct_off_base_bpm_count":0,"bpm_change_events":0,"measure_count":123},"ln":{"ln_ratio":0.0013149243918474688,"ln_hold_time_mean_beats":8.0,"ln_simultaneity_rate":0.0,"ln_simultaneity_weighted":0.0,"ln_count":2,"ln_positions":1,"total_notes":1521},"stair":{"stair_index":0.10470836261419536,"stair_transitions":149,"eligible_transitions":1423},"peak":{"peak_local_max_density":6.25,"peak_local_max_density_per_sec":22.916666666666668,"peak_max_chord_size":4,"peak_concentration":0.3905325443786982,"total_notes":1521,"intervals":[[2676,2928],[5760,6000],[6132,6624],[9348,9852],[12240,12588],[15708,16068],[16080,16452],[16848,17568],[17664,18288],[18384,19104],[20064,20604],[20736,21060],[21612,22152]]},"jack":{"jack_pairs":53,"jack_in_stream_pairs":37,"jack_outside_pairs":16,"pure_jack_per_sec":0.2712909441233141,"flow_break_per_stream_sec":0.49240075614366724,"stream_seconds":75.14204545454547,"non_stream_seconds":58.97727272727272,"chart_seconds":134.1193181818182,"window_ticks":24,"min_region_sec":10.0},"distraction":{"mode_formulation":"DP","dp_distraction_per_sec":1.4216197133375774,"dp_pair_count":35,"dp_chord_tier_pair_count":0,"dp_mean_time_distance_sec":0.21038961038961,"scratch_chord_pair_count":0,"chord_time_threshold_sec":0.01667,"window_sec_min":0.2,"window_sec_max":0.8,"chart_seconds":134.1193181818182}},"warnings":[],"tags":["scratch_active","scratch_burst","fast_chart"],"scales":["DPsl"]}