{"md5":"7f14c3b7d502e8632279e3f70c5966ac","headers":{"title":"Amusing Colorful Pudding. (DP ANOTHER)","artist":"yukitani / DKN","genre":"Electro Swing Pop","playlevel":"12","base_bpm":226.0},"mode":"DP","scope":"playable_only","scaling_mode":"p99_linear","params":{"stream_window_ticks":48,"stream_density_threshold_per_beat":4.0,"peak_window_ticks":192,"peak_min_window_notes":4,"peak_min_window_sec":0.05,"felt_bpm_trigger_eff_bpm":500.0,"felt_bpm_trigger_peak_per_sec":200.0,"felt_bpm_target_peak_per_sec":100.0,"felt_bpm_floor":30.0,"jack_window_ticks":24,"soft_burst_ref":8.0,"soft_freq_ref":0.1,"soft_burst_exp":1.5,"soft_freq_exp":1.5,"chord_time_threshold_ms":16.67,"sp_distraction_min_scratches":3,"dp_distraction_window_sec_min":0.2,"dp_distraction_window_sec_max":0.8,"stream_density_ref_per_sec":28.0,"peak_density_ref_per_sec":50.0,"chord_size_ref":3.3,"ln_simultaneity_ref":0.18,"scratch_density_ref_per_sec":1.0,"scratch_ratio_ref":0.07,"distraction_density_ref":5.0,"distraction_event_ref":1.0,"dp_distraction_ref":6.0},"raw_axes":{"chord":1.2552693208430914,"stream":13.907133787194981,"scratch":0.00025316257471185013,"soft":0.0,"ln":0.10533159947984395,"stair":0.05830388692579505,"peak":20.716666666666665,"distraction":0.12969972213676614},"x_chord":0.403,"x_stream":0.436,"x_scratch":0.001,"x_soft":0.0,"x_ln":0.382,"x_stair":0.19,"x_peak":0.329,"x_distraction":0.011,"submetrics":{"chord":{"chord_rate":0.45433255269320844,"avg_chord_size":2.7628865979381443,"chord_positions":388,"total_positions":854},"stream":{"stream_coverage":0.8153446033810143,"stream_density_mean":4.528342245989305,"stream_density_mean_per_sec":17.05675579322638,"stream_windows":76,"notes_in_stream":1254,"total_notes":1538,"intervals":[[1596,1655],[1692,1775],[1788,1871],[1980,2063],[2208,2255],[2304,2351],[2364,2543],[2556,2639],[2748,2831],[2940,3023],[3072,3119],[3132,3263],[3324,3407],[3420,3491],[3516,3635],[3708,3791],[3804,3875],[3900,4067],[4092,4175],[4188,4259],[4284,4403],[4512,4559],[4572,4655],[4668,5027],[5052,5135],[5148,5219],[5232,5411],[5436,5519],[5556,5951],[6024,6863],[6888,7055],[7104,7871],[8124,8207],[8892,8975],[9120,9167],[9276,9359],[9660,9743],[9888,9935],[10044,10127],[10428,10511],[10776,10847],[10908,10991],[11004,11171],[11196,11279],[11292,11363],[11376,11471],[11484,11567],[11580,11663],[11700,12095],[12168,13007],[13032,13199],[13248,13919],[13980,14255],[14268,14351],[14364,15023],[15036,16463],[16476,16823],[16860,17099],[17952,17999],[18144,18191],[18336,18383],[18588,18635],[18684,19031],[19080,19247],[19260,19343],[19356,19427],[19440,19619],[19680,19763],[19788,20111],[20124,20303],[20340,20447],[20460,20567],[20628,20735],[20748,21335],[21360,21587],[21684,22739]]},"scratch":{"scratch_ratio":0.004551365409622887,"scratch_positions_ratio":0.00702576112412178,"scratch_with_key_chord_rate":0.6666666666666666,"scratch_per_sec":0.05562343427240364,"scratch_burst_max_per_sec":2.0,"scratch_burst_window_sec":1.0,"scratch_notes":7,"scratch_positions":6,"total_notes":1538,"total_positions":854,"chart_seconds":125.84623893805309},"soft":{"base_bpm":226.0,"intensity":0.0,"up_intensity":0.0,"down_intensity":0.0,"max_intensity":0.0,"max_up_intensity":0.0,"max_down_intensity":0.0,"step_frequency":0.0,"ramp_frequency":0.0,"continuity_beats":0.0,"off_base_note_ratio":0.0,"gimmick_burst_score":0.0,"max_off_base_density_per_beat":0.0,"base_mean_density_per_beat":3.240506329113924,"base_density_source":"on_base","distinct_off_base_bpm_count":0,"bpm_change_events":0,"measure_count":119},"ln":{"ln_ratio":0.014304291287386216,"ln_hold_time_mean_beats":4.0227272727272725,"ln_simultaneity_rate":0.10533159947984395,"ln_simultaneity_weighted":0.10533159947984395,"ln_count":22,"ln_positions":22,"total_notes":1538},"stair":{"stair_index":0.05830388692579505,"stair_transitions":66,"eligible_transitions":1132},"peak":{"peak_local_max_density":5.5,"peak_local_max_density_per_sec":20.716666666666665,"peak_max_chord_size":7,"peak_concentration":0.3660598179453836,"total_notes":1538,"intervals":[[6048,6827],[7284,7787],[11892,12095],[12192,12395],[12408,12971],[13428,13919],[14628,14831],[15444,16799],[20688,21371],[21876,22715]]},"jack":{"jack_pairs":0,"jack_in_stream_pairs":0,"jack_outside_pairs":0,"pure_jack_per_sec":0.0,"flow_break_per_stream_sec":0.0,"stream_seconds":84.42477876106189,"non_stream_seconds":41.421460176991204,"chart_seconds":125.84623893805309,"window_ticks":24,"min_region_sec":10.0},"distraction":{"mode_formulation":"DP","dp_distraction_per_sec":0.12969972213676614,"dp_pair_count":4,"dp_chord_tier_pair_count":0,"dp_mean_time_distance_sec":0.2488938053097307,"scratch_chord_pair_count":0,"chord_time_threshold_sec":0.01667,"window_sec_min":0.2,"window_sec_max":0.8,"chart_seconds":125.84623893805309}},"warnings":[],"tags":["ln_chart","fast_chart"],"scales":["★"]}