{"md5":"09b31ac3a66695cc42732c5bf0c3255c","headers":{"title":"Misty DASH ![14KEYS ANOTHER]","artist":"RainDrops","genre":"JP Girl's Melodic Punk Rock","playlevel":"12","base_bpm":170.0},"mode":"DP","scope":"playable_only","scaling_mode":"p99_linear","params":{"stream_window_ticks":48,"stream_density_threshold_per_beat":4.0,"peak_window_ticks":192,"peak_min_window_notes":4,"peak_min_window_sec":0.05,"felt_bpm_trigger_eff_bpm":500.0,"felt_bpm_trigger_peak_per_sec":200.0,"felt_bpm_target_peak_per_sec":100.0,"felt_bpm_floor":30.0,"jack_window_ticks":24,"soft_burst_ref":8.0,"soft_freq_ref":0.1,"soft_burst_exp":1.5,"soft_freq_exp":1.5,"chord_time_threshold_ms":16.67,"sp_distraction_min_scratches":3,"dp_distraction_window_sec_min":0.2,"dp_distraction_window_sec_max":0.8,"stream_density_ref_per_sec":28.0,"peak_density_ref_per_sec":50.0,"chord_size_ref":3.3,"ln_simultaneity_ref":0.18,"scratch_density_ref_per_sec":1.0,"scratch_ratio_ref":0.07,"distraction_density_ref":5.0,"distraction_event_ref":1.0,"dp_distraction_ref":6.0},"raw_axes":{"chord":1.5056669572798607,"stream":17.468124319782635,"scratch":0.0038197187660466148,"soft":0.003330551728182882,"ln":0.0,"stair":0.10754604872251931,"peak":27.624999999999996,"distraction":3.658224266868063},"x_chord":0.483,"x_stream":0.563,"x_scratch":0.021,"x_soft":0.023,"x_ln":0.0,"x_stair":0.351,"x_peak":0.491,"x_distraction":0.349,"submetrics":{"chord":{"chord_rate":0.6503923278116827,"avg_chord_size":2.3150134048257374,"chord_positions":746,"total_positions":1147},"stream":{"stream_coverage":0.9816729323308271,"stream_density_mean":6.293577981651376,"stream_density_mean_per_sec":17.794240570846075,"stream_windows":10,"notes_in_stream":2089,"total_notes":2128,"intervals":[[1848,1932],[2004,2124],[2436,2520],[2580,2700],[2808,2940],[3072,3120],[3432,6564],[6636,8196],[8220,19056],[19548,19620]]},"scratch":{"scratch_ratio":0.01644736842105263,"scratch_positions_ratio":0.03051438535309503,"scratch_with_key_chord_rate":0.9142857142857143,"scratch_per_sec":0.23223890097563418,"scratch_burst_max_per_sec":4.0,"scratch_burst_window_sec":1.0,"scratch_notes":35,"scratch_positions":35,"total_notes":2128,"total_positions":1147,"chart_seconds":150.70687922206494},"soft":{"base_bpm":170.0,"intensity":0.007303184431667404,"up_intensity":0.0,"down_intensity":0.007303184431667404,"max_intensity":0.6588235294117647,"max_up_intensity":0.0,"max_down_intensity":0.6588235294117647,"step_frequency":0.11650485436893204,"ramp_frequency":0.019417475728155338,"continuity_beats":70.0,"off_base_note_ratio":0.03900375939849624,"gimmick_burst_score":0.028587235666903067,"max_off_base_density_per_beat":5.0,"base_mean_density_per_beat":6.041420118343195,"base_density_source":"on_base","distinct_off_base_bpm_count":11,"bpm_change_events":12,"measure_count":103},"ln":{"ln_ratio":0.0,"ln_hold_time_mean_beats":0.0,"ln_simultaneity_rate":0.0,"ln_simultaneity_weighted":0.0,"ln_count":0,"ln_positions":0,"total_notes":2128},"stair":{"stair_index":0.10754604872251931,"stair_transitions":181,"eligible_transitions":1683},"peak":{"peak_local_max_density":9.75,"peak_local_max_density_per_sec":27.624999999999996,"peak_max_chord_size":5,"peak_concentration":0.4281015037593985,"total_notes":2128,"intervals":[[4848,5676],[5736,6564],[9600,9804],[11316,12888],[14172,14436],[17328,18156],[18216,19056]]},"jack":{"jack_pairs":133,"jack_in_stream_pairs":132,"jack_outside_pairs":1,"pure_jack_per_sec":0.03233886983367221,"flow_break_per_stream_sec":1.1019804508171323,"stream_seconds":119.78433909795801,"non_stream_seconds":30.92254012410693,"chart_seconds":150.70687922206494,"window_ticks":24,"min_region_sec":10.0},"distraction":{"mode_formulation":"DP","dp_distraction_per_sec":3.658224266868063,"dp_pair_count":73,"dp_chord_tier_pair_count":3,"dp_mean_time_distance_sec":0.23045930701047654,"scratch_chord_pair_count":3,"chord_time_threshold_sec":0.01667,"window_sec_min":0.2,"window_sec_max":0.8,"chart_seconds":150.70687922206494}},"warnings":[],"tags":["flow_break"],"scales":["★"]}