{"md5":"a834afeda75511a304fd9584a86e4602","headers":{"title":"squartatrice -dpa-","artist":"美樹さやか vs. 美樹さやか (fw. 美樹さやか) / obj:epicsayaka","genre":"HARD RENAISSAYAKA","playlevel":"14","base_bpm":180.0},"mode":"DP","scope":"playable_only","scaling_mode":"p99_linear","params":{"stream_window_ticks":48,"stream_density_threshold_per_beat":4.0,"peak_window_ticks":192,"peak_min_window_notes":4,"felt_bpm_trigger_eff_bpm":500.0,"felt_bpm_trigger_peak_per_sec":200.0,"felt_bpm_target_peak_per_sec":100.0,"felt_bpm_floor":30.0,"jack_window_ticks":24,"soft_burst_ref":8.0,"soft_freq_ref":0.1,"soft_burst_exp":1.5,"soft_freq_exp":1.5,"chord_time_threshold_ms":16.67,"sp_distraction_min_scratches":3,"dp_distraction_window_sec_min":0.2,"dp_distraction_window_sec_max":0.8,"stream_density_ref_per_sec":28.0,"peak_density_ref_per_sec":50.0,"chord_size_ref":3.3,"ln_simultaneity_ref":0.18,"scratch_density_ref_per_sec":1.0,"scratch_ratio_ref":0.07,"distraction_density_ref":5.0,"distraction_event_ref":1.0,"dp_distraction_ref":6.0},"raw_axes":{"chord":1.6098326359832635,"stream":16.87455161418892,"scratch":0.01020172040847125,"soft":0.0,"ln":0.0,"stair":0.15710382513661203,"peak":39.0,"distraction":1.4659563621486145},"x_chord":0.516,"x_stream":0.529,"x_scratch":0.055,"x_soft":0.0,"x_ln":0.0,"x_stair":0.512,"x_peak":0.619,"x_distraction":0.124,"submetrics":{"chord":{"chord_rate":0.5910041841004184,"avg_chord_size":2.7238938053097344,"chord_positions":565,"total_positions":956},"stream":{"stream_coverage":0.9435233160621762,"stream_density_mean":5.975849731663685,"stream_density_mean_per_sec":17.884615384615383,"stream_windows":26,"notes_in_stream":1821,"total_notes":1930,"intervals":[[1980,2123],[2172,2315],[2328,2507],[2556,2699],[2748,2891],[2940,3083],[3132,3275],[3324,3467],[3516,3659],[3708,3851],[3864,4043],[4092,4235],[4284,4427],[4476,4583],[4824,8111],[8136,8495],[8520,17831],[17892,17951],[17964,18023],[18084,18143],[18156,18215],[18276,18335],[18348,18983],[19044,19103],[19116,19175],[19740,19823]]},"scratch":{"scratch_ratio":0.02694300518134715,"scratch_positions_ratio":0.05439330543933055,"scratch_with_key_chord_rate":1.0,"scratch_per_sec":0.3786407766990291,"scratch_burst_max_per_sec":9.0,"scratch_burst_window_sec":1.0,"scratch_notes":52,"scratch_positions":52,"total_notes":1930,"total_positions":956,"chart_seconds":137.33333333333334},"soft":{"base_bpm":180.0,"intensity":0.0,"up_intensity":0.0,"down_intensity":0.0,"max_intensity":0.0,"max_up_intensity":0.0,"max_down_intensity":0.0,"step_frequency":0.0,"ramp_frequency":0.0,"continuity_beats":0.0,"off_base_note_ratio":0.0,"gimmick_burst_score":0.0,"max_off_base_density_per_beat":0.0,"base_mean_density_per_beat":4.674757281553398,"base_density_source":"on_base","distinct_off_base_bpm_count":0,"bpm_change_events":0,"measure_count":104},"ln":{"ln_ratio":0.0,"ln_hold_time_mean_beats":0.0,"ln_simultaneity_rate":0.0,"ln_simultaneity_weighted":0.0,"ln_count":0,"ln_positions":0,"total_notes":1930},"stair":{"stair_index":0.15710382513661203,"stair_transitions":230,"eligible_transitions":1464},"peak":{"peak_local_max_density":13.0,"peak_local_max_density_per_sec":39.0,"peak_max_chord_size":6,"peak_concentration":0.34196891191709844,"total_notes":1930,"intervals":[[8088,8423],[8472,9767],[9804,9995],[13620,13967],[14100,14303],[15156,15503],[15564,15755],[16092,17447]]},"jack":{"jack_pairs":65,"jack_in_stream_pairs":65,"jack_outside_pairs":0,"pure_jack_per_sec":0.0,"flow_break_per_stream_sec":0.5812220566318925,"stream_seconds":111.83333333333336,"non_stream_seconds":25.499999999999986,"chart_seconds":137.33333333333334,"window_ticks":24,"min_region_sec":10.0},"distraction":{"mode_formulation":"DP","dp_distraction_per_sec":1.4659563621486145,"dp_pair_count":40,"dp_chord_tier_pair_count":0,"dp_mean_time_distance_sec":0.23715277777777738,"scratch_chord_pair_count":0,"chord_time_threshold_sec":0.01667,"window_sec_min":0.2,"window_sec_max":0.8,"chart_seconds":137.33333333333334}},"warnings":[],"tags":["stair_focused"],"scales":["DPsl"]}