{"md5":"43033d8833436e482a5d745e0721b196","headers":{"title":"Light drivv -DP ANOTHER-","artist":"Is-m","genre":"TECHNO POP","playlevel":"12","base_bpm":168.0},"mode":"DP","scope":"playable_only","scaling_mode":"percentile_rank","params":{"stream_window_ticks":48,"stream_density_threshold_per_beat":4.0,"peak_window_ticks":192,"jack_window_ticks":24,"soft_burst_ref":8.0,"soft_freq_ref":0.1,"soft_burst_exp":1.5,"soft_freq_exp":1.5,"chord_time_threshold_ms":16.67,"sp_distraction_min_scratches":3,"dp_distraction_window_sec_min":0.2,"dp_distraction_window_sec_max":0.8,"stream_density_ref_per_sec":28.0,"peak_density_ref_per_sec":50.0,"chord_size_ref":3.3,"ln_simultaneity_ref":0.18,"scratch_density_ref_per_sec":1.0,"scratch_ratio_ref":0.07,"distraction_density_ref":5.0,"distraction_event_ref":1.0,"dp_distraction_ref":6.0},"raw_axes":{"chord":1.2539184952978057,"stream":16.55035460992908,"scratch":0.017700023019500803,"soft":0.0,"ln":0.0,"stair":0.11513859275053305,"peak":26.6,"distraction":1.866089644513136},"x_chord":0.23577235772357724,"x_stream":0.3902439024390244,"x_scratch":0.8216802168021681,"x_soft":0.0,"x_ln":0.0,"x_stair":0.5951219512195122,"x_peak":0.3951219512195122,"x_distraction":0.6953929539295393,"submetrics":{"chord":{"chord_rate":0.5350052246603971,"avg_chord_size":2.34375,"chord_positions":512,"total_positions":957},"stream":{"stream_coverage":0.9574468085106383,"stream_density_mean":6.173544973544973,"stream_density_mean_per_sec":17.285925925925927,"stream_windows":38,"notes_in_stream":1575,"total_notes":1645,"intervals":[[276,1763],[1836,1955],[1980,2039],[2076,2159],[2172,2255],[2268,2351],[2364,2447],[2460,2519],[2556,2711],[2748,2831],[2844,2927],[2940,3023],[3036,3119],[3132,3215],[3228,3323],[3372,3575],[3588,3767],[3780,3959],[3972,4055],[4092,4139],[4284,4451],[4476,4535],[4596,5267],[5292,6047],[6072,6131],[6144,6551],[6636,9071],[9312,9395],[9504,9587],[9696,9779],[9888,11543],[11628,11675],[11700,11807],[11820,12047],[12060,13271],[13596,15119],[15144,15395],[15444,15551]]},"scratch":{"scratch_ratio":0.03525835866261398,"scratch_positions_ratio":0.05956112852664577,"scratch_with_key_chord_rate":0.5263157894736842,"scratch_per_sec":0.5020092735703245,"scratch_burst_max_per_sec":9.0,"scratch_burst_window_sec":1.0,"scratch_notes":58,"scratch_positions":57,"total_notes":1645,"total_positions":957,"chart_seconds":115.53571428571429},"soft":{"base_bpm":168.0,"intensity":0.0,"up_intensity":0.0,"down_intensity":0.0,"max_intensity":0.0,"max_up_intensity":0.0,"max_down_intensity":0.0,"step_frequency":0.0,"ramp_frequency":0.0,"continuity_beats":0.0,"off_base_note_ratio":0.0,"gimmick_burst_score":0.0,"max_off_base_density_per_beat":0.0,"base_mean_density_per_beat":5.078825347758888,"base_density_source":"on_base","distinct_off_base_bpm_count":0,"bpm_change_events":0,"measure_count":81},"ln":{"ln_ratio":0.0,"ln_hold_time_mean_beats":0.0,"ln_simultaneity_rate":0.0,"ln_simultaneity_weighted":0.0,"ln_count":0,"ln_positions":0,"total_notes":1645},"stair":{"stair_index":0.11513859275053305,"stair_transitions":162,"eligible_transitions":1407},"peak":{"peak_local_max_density":9.5,"peak_local_max_density_per_sec":26.6,"peak_max_chord_size":6,"peak_concentration":0.4419452887537994,"total_notes":1645,"intervals":[[552,827],[840,1055],[1260,1451],[1500,1763],[4800,5087],[5448,5855],[6324,6539],[7248,7631],[8064,8387],[10548,10799],[11256,11555],[12288,12707],[12828,13259],[13800,14075],[14088,14303],[14508,14699],[15156,15383]]},"jack":{"jack_pairs":84,"jack_in_stream_pairs":82,"jack_outside_pairs":2,"pure_jack_per_sec":0.12375690607734802,"flow_break_per_stream_sec":0.8251572327044026,"stream_seconds":99.375,"non_stream_seconds":16.160714285714292,"chart_seconds":115.53571428571429,"window_ticks":24,"min_region_sec":10.0},"distraction":{"mode_formulation":"DP","dp_distraction_per_sec":1.866089644513136,"dp_pair_count":45,"dp_chord_tier_pair_count":0,"dp_mean_time_distance_sec":0.2579365079365082,"scratch_chord_pair_count":0,"chord_time_threshold_sec":0.01667,"window_sec_min":0.2,"window_sec_max":0.8,"chart_seconds":115.53571428571429}},"warnings":[],"tags":[],"scales":["DPsl"]}