{"md5":"0066662a365b510b00d52b29d278ca8e","headers":{"title":"Colorful Polytope","artist":"あさり","genre":"TECHNOPOP","playlevel":"11","base_bpm":158.0},"mode":"DP","scope":"playable_only","scaling_mode":"p99_linear","params":{"stream_window_ticks":48,"stream_density_threshold_per_beat":4.0,"peak_window_ticks":192,"jack_window_ticks":24,"soft_burst_ref":8.0,"soft_freq_ref":0.1,"soft_burst_exp":1.5,"soft_freq_exp":1.5,"chord_time_threshold_ms":16.67,"sp_distraction_min_scratches":3,"dp_distraction_window_sec_min":0.2,"dp_distraction_window_sec_max":0.8,"stream_density_ref_per_sec":28.0,"peak_density_ref_per_sec":50.0,"chord_size_ref":3.3,"ln_simultaneity_ref":0.18,"scratch_density_ref_per_sec":1.0,"scratch_ratio_ref":0.07,"distraction_density_ref":5.0,"distraction_event_ref":1.0,"dp_distraction_ref":6.0},"raw_axes":{"chord":0.9220055710306406,"stream":14.373338010469283,"scratch":0.0102377186286135,"soft":0.0,"ln":0.01157830591102986,"stair":0.0965223562810504,"peak":19.75,"distraction":3.5674021597766226},"x_chord":0.296,"x_stream":0.451,"x_scratch":0.055,"x_soft":0.0,"x_ln":0.042,"x_stair":0.315,"x_peak":0.313,"x_distraction":0.301,"submetrics":{"chord":{"chord_rate":0.3983286908077994,"avg_chord_size":2.3146853146853146,"chord_positions":429,"total_positions":1077},"stream":{"stream_coverage":0.9628275441803779,"stream_density_mean":5.68369351669941,"stream_density_mean_per_sec":14.928258022265881,"stream_windows":25,"notes_in_stream":1580,"total_notes":1641,"intervals":[[348,395],[432,491],[528,611],[624,779],[816,899],[912,995],[1008,1799],[1824,1871],[1884,3395],[3504,3623],[3696,3839],[3852,4007],[4044,5003],[5028,5111],[5124,5183],[5388,5447],[5460,5543],[5664,6371],[6456,7103],[7116,7499],[7512,11951],[12888,12971],[12984,13259],[13272,13355],[13368,16667]]},"scratch":{"scratch_ratio":0.028641072516758074,"scratch_positions_ratio":0.0436397400185701,"scratch_with_key_chord_rate":0.7446808510638298,"scratch_per_sec":0.3574488567990373,"scratch_burst_max_per_sec":4.0,"scratch_burst_window_sec":1.0,"scratch_notes":47,"scratch_positions":47,"total_notes":1641,"total_positions":1077,"chart_seconds":131.4873417721519},"soft":{"base_bpm":158.0,"intensity":0.0,"up_intensity":0.0,"down_intensity":0.0,"max_intensity":0.0,"max_up_intensity":0.0,"max_down_intensity":0.0,"step_frequency":0.0,"ramp_frequency":0.0,"continuity_beats":0.0,"off_base_note_ratio":0.0,"gimmick_burst_score":0.0,"max_off_base_density_per_beat":0.0,"base_mean_density_per_beat":4.724909747292418,"base_density_source":"on_base","distinct_off_base_bpm_count":0,"bpm_change_events":0,"measure_count":87},"ln":{"ln_ratio":0.006093845216331505,"ln_hold_time_mean_beats":1.9,"ln_simultaneity_rate":0.009750152346130409,"ln_simultaneity_weighted":0.01157830591102986,"ln_count":10,"ln_positions":9,"total_notes":1641},"stair":{"stair_index":0.0965223562810504,"stair_transitions":136,"eligible_transitions":1409},"peak":{"peak_local_max_density":7.5,"peak_local_max_density_per_sec":19.75,"peak_max_chord_size":5,"peak_concentration":0.32541133455210236,"total_notes":1641,"intervals":[[7872,8135],[8148,8831],[9300,9791],[10932,11135],[11724,11915],[13872,14375],[14724,15179],[15288,15623],[15768,16655]]},"jack":{"jack_pairs":23,"jack_in_stream_pairs":23,"jack_outside_pairs":0,"pure_jack_per_sec":0.0,"flow_break_per_stream_sec":0.20172078823202885,"stream_seconds":114.01898734177216,"non_stream_seconds":17.468354430379733,"chart_seconds":131.4873417721519,"window_ticks":24,"min_region_sec":10.0},"distraction":{"mode_formulation":"DP","dp_distraction_per_sec":3.5674021597766226,"dp_pair_count":86,"dp_chord_tier_pair_count":2,"dp_mean_time_distance_sec":0.26420370915513713,"scratch_chord_pair_count":2,"chord_time_threshold_sec":0.01667,"window_sec_min":0.2,"window_sec_max":0.8,"chart_seconds":131.4873417721519}},"warnings":[],"tags":[],"scales":["DPsl"]}