{"md5":"aa165074a4954503f4a014d2a313903d","headers":{"title":"HOPE","artist":"Notorious(Nota & TRIAL)","genre":"POWERFUL","playlevel":"15","base_bpm":200.0},"mode":"DP","scope":"playable_only","scaling_mode":"p99_linear","params":{"stream_window_ticks":48,"stream_density_threshold_per_beat":4.0,"peak_window_ticks":192,"peak_min_window_notes":4,"peak_min_window_sec":0.05,"felt_bpm_trigger_eff_bpm":500.0,"felt_bpm_trigger_peak_per_sec":200.0,"felt_bpm_target_peak_per_sec":100.0,"felt_bpm_floor":30.0,"jack_window_ticks":24,"soft_burst_ref":8.0,"soft_freq_ref":0.1,"soft_burst_exp":1.5,"soft_freq_exp":1.5,"chord_time_threshold_ms":16.67,"sp_distraction_min_scratches":3,"sp_distraction_bin_sec":0.25,"sp_distraction_t_key":2,"sp_distraction_gap_bins":2,"dp_distraction_window_sec_min":0.2,"dp_distraction_window_sec_max":0.8,"stream_density_ref_per_sec":28.0,"peak_density_ref_per_sec":50.0,"chord_size_ref":3.3,"ln_simultaneity_ref":0.18,"scratch_density_ref_per_sec":1.0,"scratch_ratio_ref":0.07,"distraction_density_ref":5.0,"distraction_event_ref":1.0,"dp_distraction_ref":6.0},"raw_axes":{"chord":2.37527352297593,"stream":24.281311293039483,"scratch_per_sec":0.3178322212601233,"scratch_burst_max_per_sec":4.0,"scratch_max_run_sec":1.2,"soft":0.0,"stair":0.1906058543226685,"peak":35.0,"ln_m1_short_rate_rt":0.0,"ln_m2_density_rt":86.19047619047642,"ln_m2_burst_max_rt":384.0,"ln_m3_density_rt":86.19047619047642,"ln_m_concurrent_rt":1.0,"adv_hand_imb":0.0,"adv_rel_pressure_1beat":0.5,"adv_ln_hold_min_beats":2.25,"adv_ln_chord_big_rate":0.0,"adv_ln_scatter_cv":0.0,"distraction":1.0956609336887544},"x_chord":0.739,"x_stream":0.76,"x_scratch":0.181,"x_soft":0.0,"x_ln":0.824,"x_stair":0.587,"x_peak":0.604,"x_distraction":0.105,"ln_advanced_score":0.373,"submetrics":{"chord":{"chord_rate":0.712253829321663,"avg_chord_size":3.334869431643625,"chord_positions":651,"total_positions":914},"stream":{"stream_coverage":0.9402922755741128,"stream_density_mean":7.7469458987783595,"stream_density_mean_per_sec":25.823152995927867,"stream_windows":30,"notes_in_stream":2252,"total_notes":2395,"intervals":[[1452,1560],[1572,1632],[1644,1728],[1836,1896],[2076,2880],[3660,3744],[3756,3840],[3852,3936],[3948,4032],[4044,4128],[4140,4224],[4236,4320],[4332,4416],[4428,4512],[4524,4608],[4620,4704],[4716,4800],[4812,4896],[4908,5136],[5148,6552],[6684,8208],[8220,9720],[10836,10920],[11244,11568],[11580,12720],[13044,13272],[13356,16344],[16380,16440],[16488,19584],[19596,19680]]},"scratch":{"scratch_ratio":0.01602300739523418,"scratch_positions_ratio":0.04266958424507659,"scratch_with_key_chord_rate":0.7692307692307693,"scratch_per_sec":0.3178322212601233,"scratch_burst_max_per_sec":4.0,"scratch_burst_window_sec":1.0,"scratch_max_run_sec":1.2,"ls_count":3,"ls_per_sec":0.024448632404624866,"ls_complexity_mean":0.3333333333333333,"scratch_notes":39,"scratch_positions":39,"total_notes":2434,"total_positions":914,"chart_seconds":122.70625},"soft":{"base_bpm":200.0,"intensity":0.0,"up_intensity":0.0,"down_intensity":0.0,"max_intensity":0.0,"max_up_intensity":0.0,"max_down_intensity":0.0,"step_frequency":0.0,"ramp_frequency":0.0,"continuity_beats":0.0,"off_base_note_ratio":0.0,"gimmick_burst_score":0.0,"max_off_base_density_per_beat":0.0,"base_mean_density_per_beat":5.93643031784841,"base_density_source":"on_base","distinct_off_base_bpm_count":0,"bpm_change_events":0,"measure_count":103},"ln":{"ln_ratio":0.007395234182415777,"ln_hold_time_mean_beats":1.5555555555555556,"ln_simultaneity_rate":0.013557929334428924,"ln_simultaneity_weighted":0.027115858668857847,"ln_count":18,"ln_count_raw":18,"ln_positions":7,"total_notes":2434,"m1_short_count_rt":0,"m1_short_rate_rt":0.0,"m2_long_count_rt":4,"m2_density_rt":86.19047619047642,"m2_burst_max_rt":384.0,"m3_density_rt":86.19047619047642,"m_concurrent_rt":1.0,"total_long_sec":8.399999999999977,"long_active_sec":4.199999999999989,"long_hold_sec_mean":2.0999999999999943,"long_hold_sec_max":3.5249999999999915,"adv_hand_imb":0.0,"adv_rel_pressure_1beat":0.5,"adv_ln_hold_min_beats":2.25,"adv_ln_chord_big_rate":0.0,"adv_ln_scatter_cv":0.0},"stair":{"stair_index":0.1906058543226685,"stair_transitions":280,"eligible_transitions":1469},"peak":{"peak_local_max_density":10.5,"peak_local_max_density_per_sec":35.0,"peak_max_chord_size":7,"peak_concentration":0.3565762004175365,"total_notes":2395,"intervals":[[6216,6528],[6828,7608],[7668,7920],[8244,8808],[9168,9528],[12012,12696],[14520,14868],[15744,16272],[18564,18780],[19032,19560]]},"jack":{"jack_pairs":6,"jack_in_stream_pairs":4,"jack_outside_pairs":2,"pure_jack_per_sec":0.06650041562759766,"flow_break_per_stream_sec":0.043181971526887526,"stream_seconds":92.63125,"non_stream_seconds":30.075000000000003,"chart_seconds":122.70625,"window_ticks":24,"min_region_sec":10.0},"distraction":{"mode_formulation":"DP","dp_distraction_per_sec":1.0956609336887544,"dp_pair_count":31,"dp_chord_tier_pair_count":0,"dp_mean_time_distance_sec":0.2540322580645125,"scratch_chord_pair_count":0,"chord_time_threshold_sec":0.01667,"window_sec_min":0.2,"window_sec_max":0.8,"chart_seconds":122.70625}},"warnings":["Unterminated LNOBJ LN on lane P1_KEY6 started at m101 pos0.625; closing at EOF","Unterminated LNOBJ LN on lane P1_SCR started at m102 pos0.25; closing at EOF","Unterminated LNOBJ LN on lane P2_KEY4 started at m102 pos0.25; closing at EOF","Unterminated LNOBJ LN on lane P2_SCR started at m93 pos0.625; closing at EOF","Unterminated LNOBJ LN on lane P1_KEY2 started at m100 pos0.8125; closing at EOF","Unterminated LNOBJ LN on lane P1_KEY3 started at m101 pos0.5; closing at EOF","Unterminated LNOBJ LN on lane P2_KEY6 started at m102 pos0.25; closing at EOF","Unterminated LNOBJ LN on lane P2_KEY7 started at m102 pos0.25; closing at EOF","Unterminated LNOBJ LN on lane P1_KEY7 started at m101 pos0.75; closing at EOF","Unterminated LNOBJ LN on lane P2_KEY2 started at m102 pos0.25; closing at EOF","Unterminated LNOBJ LN on lane P1_KEY4 started at m101 pos0.625; closing at EOF","Unterminated LNOBJ LN on lane P2_KEY1 started at m102 pos0.25; closing at EOF","Unterminated LNOBJ LN on lane P2_KEY3 started at m101 pos0.625; closing at EOF","Unterminated LNOBJ LN on lane P2_KEY5 started at m101 pos0.625; closing at EOF","Unterminated LNOBJ LN on lane P1_KEY1 started at m101 pos0.75; closing at EOF","Unterminated LNOBJ LN on lane P1_KEY5 started at m101 pos0.75; closing at EOF"],"axis_intensities":{"chord":"red","stream":"red","peak":"red","scratch":"yellow","soft":null,"ln":"red","stair":"red","distraction":"yellow"},"tags":[],"scales":["DPst"]}