{"md5":"4c7cc6538f30a171dd682bdb700023e8","headers":{"title":"MooN -DP ANOTHER-","artist":"Is-m","genre":"INFINITY","playlevel":"12","base_bpm":40.0},"mode":"DP","scope":"playable_only","scaling_mode":"reference","params":{"stream_window_ticks":48,"stream_density_threshold_per_beat":4.0,"peak_window_ticks":192,"jack_window_ticks":24,"soft_burst_ref":8.0,"soft_freq_ref":0.1,"soft_burst_exp":1.5,"soft_freq_exp":1.5,"stream_density_ref_per_sec":28.0,"peak_density_ref_per_sec":50.0,"chord_size_ref":3.3,"ln_simultaneity_ref":0.18},"x_chord":0.46576325944539176,"x_stream":0.7056866463890222,"x_scratch":0.02168555938886151,"x_soft":7.822877137445781e-06,"x_ln":0.0,"x_stair":0.13904494382022473,"x_peak":0.65625,"x_jack":0.021769662921348316,"submetrics":{"chord":{"chord_rate":0.5340572556762093,"avg_chord_size":2.8780036968576708,"chord_positions":541,"total_positions":1013},"stream":{"stream_coverage":0.9950714637752588,"stream_density_mean":6.734348561759729,"stream_density_mean_per_sec":19.85709249858996,"stream_windows":7,"notes_in_stream":2019,"total_notes":2029},"scratch":{"scratch_ratio":0.02168555938886151,"scratch_positions_ratio":0.040473840078973346,"scratch_with_key_chord_rate":0.6341463414634146,"scratch_notes":44,"scratch_positions":41,"total_notes":2029,"total_positions":1013},"soft":{"base_bpm":175.0,"intensity":0.014405407308315145,"up_intensity":0.010983595015137647,"down_intensity":0.0034218122931774977,"max_intensity":0.05714285714285714,"max_up_intensity":0.05714285714285714,"max_down_intensity":0.0,"step_frequency":0.02247191011235955,"ramp_frequency":0.02247191011235955,"continuity_beats":96.0,"off_base_note_ratio":0.19664859536717594,"gimmick_burst_score":0.01402903087292057,"max_off_base_density_per_beat":4.875,"base_mean_density_per_beat":6.28351012536162,"base_density_source":"on_base","distinct_off_base_bpm_count":2,"bpm_change_events":2,"measure_count":89},"ln":{"ln_ratio":0.0,"ln_hold_time_mean_beats":0.0,"ln_simultaneity_rate":0.0,"ln_simultaneity_weighted":0.0,"ln_count":0,"ln_positions":0,"total_notes":2029},"stair":{"stair_index":0.13904494382022473,"stair_transitions":198,"eligible_transitions":1424},"peak":{"peak_local_max_density":11.25,"peak_local_max_density_per_sec":32.8125,"peak_max_chord_size":8,"peak_concentration":0.5056678166584524,"total_notes":2029},"jack":{"jack_ratio":0.021769662921348316,"jack_transitions":31,"all_transitions":1424}},"warnings":[],"tags":["big_chord_burst","burst_focused"],"scales":["★"]}