{"md5":"24479651932a5b101b055744d32ba529","headers":{"title":"田中","artist":"立秋 feat.ちょこ","genre":"日本４位","playlevel":"12","base_bpm":186.0},"mode":"DP","scope":"playable_only","scaling_mode":"reference","params":{"stream_window_ticks":48,"stream_density_threshold_per_beat":4.0,"peak_window_ticks":192,"jack_window_ticks":24,"soft_burst_ref":8.0,"soft_freq_ref":0.1,"soft_burst_exp":1.5,"soft_freq_exp":1.5,"chord_time_threshold_ms":16.67,"sp_distraction_min_scratches":3,"dp_distraction_window_sec_min":0.2,"dp_distraction_window_sec_max":0.8,"stream_density_ref_per_sec":28.0,"peak_density_ref_per_sec":50.0,"chord_size_ref":3.3,"ln_simultaneity_ref":0.18,"scratch_density_ref_per_sec":1.0,"scratch_ratio_ref":0.07,"distraction_density_ref":5.0,"distraction_event_ref":1.0,"dp_distraction_ref":6.0},"x_chord":0.4997194163860831,"x_stream":0.7279534254605771,"x_scratch":0.10551796210523945,"x_soft":0.0,"x_ln":0.07969561417039436,"x_stair":0.08917589175891759,"x_peak":0.6509999999999999,"x_distraction":0.8122638220575756,"submetrics":{"chord":{"chord_rate":0.6481481481481481,"avg_chord_size":2.5442857142857145,"chord_positions":700,"total_positions":1080},"stream":{"stream_coverage":0.984266543267006,"stream_density_mean":6.680165289256198,"stream_density_mean_per_sec":20.708512396694214,"stream_windows":25,"notes_in_stream":2127,"total_notes":2161,"intervals":[[120,1295],[1308,1487],[1500,1775],[1788,3431],[3444,5939],[5952,5999],[6012,6119],[6204,6311],[6336,6383],[6396,6503],[6588,6671],[6912,7727],[7740,9347],[9384,9503],[9600,9647],[9660,9731],[9768,10127],[10152,10391],[10764,10811],[10848,11003],[11040,11195],[11232,11387],[11424,11531],[11724,17231],[17256,17879]]},"scratch":{"scratch_ratio":0.02036094400740398,"scratch_positions_ratio":0.03888888888888889,"scratch_with_key_chord_rate":0.8333333333333334,"scratch_per_sec":0.3627659574468085,"scratch_burst_max_per_sec":5.0,"scratch_burst_window_sec":1.0,"scratch_notes":44,"scratch_positions":42,"total_notes":2161,"total_positions":1080,"chart_seconds":121.29032258064517},"soft":{"base_bpm":186.0,"intensity":0.0,"up_intensity":0.0,"down_intensity":0.0,"max_intensity":0.0,"max_up_intensity":0.0,"max_down_intensity":0.0,"step_frequency":0.0,"ramp_frequency":0.0,"continuity_beats":0.0,"off_base_note_ratio":0.0,"gimmick_burst_score":0.0,"max_off_base_density_per_beat":0.0,"base_mean_density_per_beat":5.742021276595745,"base_density_source":"on_base","distinct_off_base_bpm_count":0,"bpm_change_events":1,"measure_count":95},"ln":{"ln_ratio":0.012031466913465988,"ln_hold_time_mean_beats":1.296474358974359,"ln_simultaneity_rate":0.014345210550670985,"ln_simultaneity_weighted":0.014345210550670985,"ln_count":26,"ln_positions":21,"total_notes":2161},"stair":{"stair_index":0.08917589175891759,"stair_transitions":145,"eligible_transitions":1626},"peak":{"peak_local_max_density":10.5,"peak_local_max_density_per_sec":32.55,"peak_max_chord_size":5,"peak_concentration":0.24201758445164276,"total_notes":2161,"intervals":[[4212,5651],[8304,8555],[11856,12683],[17412,17783]]},"jack":{"jack_pairs":46,"jack_in_stream_pairs":46,"jack_outside_pairs":0,"pure_jack_per_sec":0.0,"flow_break_per_stream_sec":0.4200294550810016,"stream_seconds":109.51612903225804,"non_stream_seconds":11.774193548387132,"chart_seconds":121.29032258064517,"window_ticks":24,"min_region_sec":10.0},"distraction":{"mode_formulation":"DP","dp_distraction_per_sec":4.873582932345454,"dp_pair_count":97,"dp_chord_tier_pair_count":0,"dp_mean_time_distance_sec":0.20341425562576135,"scratch_chord_pair_count":0,"chord_time_threshold_sec":0.01667,"window_sec_min":0.2,"window_sec_max":0.8,"chart_seconds":121.29032258064517}},"warnings":[],"tags":["distraction_heavy","sustained"],"scales":["DPsl"]}