{"md5":"0a410d70ef7b87377fa6e8e447c9e6b6","headers":{"title":"KISS CANDY FLAVOR(DOUBLE PLAY FERVOR)","artist":"カラフル・サウンズ・ポート","genre":"TECHNO POP","playlevel":"12","base_bpm":146.0},"mode":"DP","scope":"playable_only","scaling_mode":"p99_linear","params":{"stream_window_ticks":48,"stream_density_threshold_per_beat":4.0,"peak_window_ticks":192,"peak_min_window_notes":4,"peak_min_window_sec":0.05,"felt_bpm_trigger_eff_bpm":500.0,"felt_bpm_trigger_peak_per_sec":200.0,"felt_bpm_target_peak_per_sec":100.0,"felt_bpm_floor":30.0,"jack_window_ticks":24,"soft_burst_ref":8.0,"soft_freq_ref":0.1,"soft_burst_exp":1.5,"soft_freq_exp":1.5,"chord_time_threshold_ms":16.67,"sp_distraction_min_scratches":3,"sp_distraction_bin_sec":0.25,"sp_distraction_t_key":2,"sp_distraction_gap_bins":2,"dp_distraction_window_sec_min":0.2,"dp_distraction_window_sec_max":0.8,"stream_density_ref_per_sec":28.0,"peak_density_ref_per_sec":50.0,"chord_size_ref":3.3,"ln_simultaneity_ref":0.18,"scratch_density_ref_per_sec":1.0,"scratch_ratio_ref":0.07,"distraction_density_ref":5.0,"distraction_event_ref":1.0,"dp_distraction_ref":6.0},"raw_axes":{"chord":1.2930711610486891,"stream":14.880173105384735,"scratch_per_sec":0.4763757294346489,"scratch_burst_max_per_sec":10.0,"scratch_max_run_sec":2.979452054794521,"soft":0.0,"stair":0.14954486345903772,"peak":26.76666666666667,"ln_m1_short_rate_rt":0.0,"ln_m2_density_rt":39.65432098765429,"ln_m2_burst_max_rt":270.0,"ln_m3_density_rt":39.65432098765429,"ln_m_concurrent_rt":0.9970414201183425,"adv_hand_imb":0.23076923076923078,"adv_rel_pressure_1beat":0.7019230769230769,"adv_ln_hold_min_beats":0.5,"adv_ln_chord_big_rate":0.18333333333333332,"adv_ln_scatter_cv":1.7056519240480543,"distraction":0.9689563768449246},"x_chord":0.402,"x_stream":0.466,"x_scratch":0.39,"x_soft":0.0,"x_ln":0.774,"x_stair":0.46,"x_peak":0.462,"x_distraction":0.092,"ln_advanced_score":0.727,"submetrics":{"chord":{"chord_rate":0.5215355805243446,"avg_chord_size":2.47935368043088,"chord_positions":557,"total_positions":1068},"stream":{"stream_coverage":0.9770114942528736,"stream_density_mean":6.259025270758123,"stream_density_mean_per_sec":15.230294825511434,"stream_windows":14,"notes_in_stream":1785,"total_notes":1827,"intervals":[[192,2292],[2316,2400],[2412,7128],[7140,7200],[7344,7512],[7632,7800],[8028,8088],[8256,9012],[9024,10548],[10560,11124],[11148,11232],[11244,13344],[13356,14112],[14124,15204]]},"scratch":{"scratch_ratio":0.034355179704016914,"scratch_positions_ratio":0.060861423220973786,"scratch_with_key_chord_rate":0.8153846153846154,"scratch_per_sec":0.4763757294346489,"scratch_burst_max_per_sec":10.0,"scratch_burst_window_sec":1.0,"scratch_max_run_sec":2.979452054794521,"ls_count":3,"ls_per_sec":0.021986572127753026,"ls_complexity_mean":0,"scratch_notes":65,"scratch_positions":65,"total_notes":1892,"total_positions":1068,"chart_seconds":136.44691780821918},"soft":{"base_bpm":146.0,"intensity":0.0,"up_intensity":0.0,"down_intensity":0.0,"max_intensity":0.0,"max_up_intensity":0.0,"max_down_intensity":0.0,"step_frequency":0.0,"ramp_frequency":0.0,"continuity_beats":0.0,"off_base_note_ratio":0.0,"gimmick_burst_score":0.0,"max_off_base_density_per_beat":0.0,"base_mean_density_per_beat":5.692771084337349,"base_density_source":"on_base","distinct_off_base_bpm_count":0,"bpm_change_events":0,"measure_count":84},"ln":{"ln_ratio":0.05866807610993657,"ln_hold_time_mean_beats":1.5202702702702702,"ln_simultaneity_rate":0.08879492600422834,"ln_simultaneity_weighted":0.15803382663847781,"ln_count":111,"ln_count_raw":111,"ln_positions":66,"total_notes":1892,"m1_short_count_rt":0,"m1_short_rate_rt":0.0,"m2_long_count_rt":104,"m2_density_rt":39.65432098765429,"m2_burst_max_rt":270.0,"m3_density_rt":39.65432098765429,"m_concurrent_rt":0.9970414201183425,"total_long_sec":69.34931506849321,"long_active_sec":34.72602739726032,"long_hold_sec_mean":0.66682033719705,"long_hold_sec_max":1.7465753424657464,"adv_hand_imb":0.23076923076923078,"adv_rel_pressure_1beat":0.7019230769230769,"adv_ln_hold_min_beats":0.5,"adv_ln_chord_big_rate":0.18333333333333332,"adv_ln_scatter_cv":1.7056519240480543},"stair":{"stair_index":0.14954486345903772,"stair_transitions":230,"eligible_transitions":1538},"peak":{"peak_local_max_density":11.0,"peak_local_max_density_per_sec":26.76666666666667,"peak_max_chord_size":8,"peak_concentration":0.2796934865900383,"total_notes":1827,"intervals":[[2772,2964],[3156,3348],[3540,3732],[11268,13260],[13632,14028]]},"jack":{"jack_pairs":51,"jack_in_stream_pairs":51,"jack_outside_pairs":0,"pure_jack_per_sec":0.0,"flow_break_per_stream_sec":0.4189029535864979,"stream_seconds":121.74657534246576,"non_stream_seconds":14.700342465753423,"chart_seconds":136.44691780821918,"window_ticks":24,"min_region_sec":10.0},"distraction":{"mode_formulation":"DP","dp_distraction_per_sec":0.9689563768449246,"dp_pair_count":28,"dp_chord_tier_pair_count":0,"dp_mean_time_distance_sec":0.26541095890411015,"scratch_chord_pair_count":0,"chord_time_threshold_sec":0.01667,"window_sec_min":0.2,"window_sec_max":0.8,"chart_seconds":136.44691780821918}},"warnings":["Unterminated LNOBJ LN on lane P1_SCR started at m83 pos0.0; closing at EOF","Unterminated LNOBJ LN on lane P2_KEY4 started at m78 pos0.75; closing at EOF","Unterminated LNOBJ LN on lane P2_KEY5 started at m82 pos0.9375; closing at EOF","Unterminated LNOBJ LN on lane P2_KEY2 started at m78 pos0.8125; closing at EOF","Unterminated LNOBJ LN on lane P2_KEY3 started at m82 pos0.875; closing at EOF","Unterminated LNOBJ LN on lane P2_KEY6 started at m78 pos0.5; closing at EOF","Unterminated LNOBJ LN on lane P2_KEY7 started at m78 pos0.0; closing at EOF","Unterminated LNOBJ LN on lane P2_KEY1 started at m83 pos0.0; closing at EOF","Unterminated LNOBJ LN on lane P2_SCR started at m81 pos0.875; closing at EOF"],"axis_intensities":{"chord":"green","stream":"green","peak":"yellow","scratch":"red","soft":null,"ln":"yellow","stair":"red","distraction":"yellow"},"tags":["scratch_burst","big_chord_burst","sustained"],"scales":["★"]}