{"md5":"7b803cec07b4ecac6069162fa2ad0c4e","headers":{"title":"Stray Squall(BMS Edit)","artist":"雨部冷キザミ","genre":"POST DRILL'N'BASS","playlevel":"11","base_bpm":190.0},"mode":"DP","scope":"playable_only","scaling_mode":"p99_linear","params":{"stream_window_ticks":48,"stream_density_threshold_per_beat":4.0,"peak_window_ticks":192,"peak_min_window_notes":4,"peak_min_window_sec":0.05,"felt_bpm_trigger_eff_bpm":500.0,"felt_bpm_trigger_peak_per_sec":200.0,"felt_bpm_target_peak_per_sec":100.0,"felt_bpm_floor":30.0,"jack_window_ticks":24,"soft_burst_ref":8.0,"soft_freq_ref":0.1,"soft_burst_exp":1.5,"soft_freq_exp":1.5,"chord_time_threshold_ms":16.67,"sp_distraction_min_scratches":3,"sp_distraction_bin_sec":0.25,"sp_distraction_t_key":2,"sp_distraction_gap_bins":2,"dp_distraction_window_sec_min":0.2,"dp_distraction_window_sec_max":0.8,"stream_density_ref_per_sec":28.0,"peak_density_ref_per_sec":50.0,"chord_size_ref":3.3,"ln_simultaneity_ref":0.18,"scratch_density_ref_per_sec":1.0,"scratch_ratio_ref":0.07,"distraction_density_ref":5.0,"distraction_event_ref":1.0,"dp_distraction_ref":6.0},"raw_axes":{"chord":0.8354253835425384,"stream":11.144822006472493,"scratch_per_sec":0.38407546746027293,"scratch_burst_max_per_sec":9.0,"scratch_max_run_sec":1.1052631578947398,"soft":0.0,"stair":0.12597547380156077,"peak":19.0,"ln_m1_short_rate_rt":0.0,"ln_m2_density_rt":0.0,"ln_m2_burst_max_rt":0.0,"ln_m3_density_rt":0.0,"ln_m_concurrent_rt":0.0,"adv_hand_imb":0.0,"adv_rel_pressure_1beat":0.0,"adv_ln_hold_min_beats":0.0,"adv_ln_chord_big_rate":0.0,"adv_ln_scatter_cv":0.0,"distraction":0.9189361184419851},"x_chord":0.26,"x_stream":0.349,"x_scratch":0.307,"x_soft":0.0,"x_ln":0.0,"x_stair":0.388,"x_peak":0.328,"x_distraction":0.088,"ln_advanced_score":0.0,"submetrics":{"chord":{"chord_rate":0.33612273361227335,"avg_chord_size":2.4854771784232366,"chord_positions":241,"total_positions":717},"stream":{"stream_coverage":0.7281553398058253,"stream_density_mean":4.833333333333333,"stream_density_mean_per_sec":15.305555555555557,"stream_windows":50,"notes_in_stream":750,"total_notes":1030,"intervals":[[1800,2112],[2268,2496],[2652,2880],[3036,3264],[3360,3420],[3600,3660],[3828,3888],[4020,4080],[4404,4464],[4764,4848],[5172,5424],[5556,5616],[5940,6000],[6084,6132],[6324,6384],[6768,6948],[7068,7296],[7308,7368],[7380,7584],[7596,7680],[7728,7812],[7836,8064],[8076,8148],[8172,8352],[8364,8532],[8604,8832],[8844,8904],[8916,9216],[9264,9312],[9372,9528],[9540,9600],[9612,10104],[10140,10488],[10524,10872],[10908,11568],[12240,12480],[12636,12864],[12960,13092],[13200,13260],[13404,13632],[13788,14088],[14172,14400],[14448,14520],[14544,15000],[15012,15072],[15276,15336],[15396,15480],[15552,15624],[15720,16320],[16356,16416]]},"scratch":{"scratch_ratio":0.04186046511627907,"scratch_positions_ratio":0.06276150627615062,"scratch_with_key_chord_rate":0.6666666666666666,"scratch_per_sec":0.38407546746027293,"scratch_burst_max_per_sec":9.0,"scratch_burst_window_sec":1.0,"scratch_max_run_sec":1.1052631578947398,"ls_count":0,"ls_per_sec":0.0,"ls_complexity_mean":0.0,"scratch_notes":45,"scratch_positions":45,"total_notes":1075,"total_positions":717,"chart_seconds":117.16447368421052},"soft":{"base_bpm":190.0,"intensity":0.0,"up_intensity":0.0,"down_intensity":0.0,"max_intensity":0.0,"max_up_intensity":0.0,"max_down_intensity":0.0,"step_frequency":0.0,"ramp_frequency":0.0,"continuity_beats":0.0,"off_base_note_ratio":0.0,"gimmick_burst_score":0.0,"max_off_base_density_per_beat":0.0,"base_mean_density_per_beat":2.894878706199461,"base_density_source":"on_base","distinct_off_base_bpm_count":0,"bpm_change_events":0,"measure_count":93},"ln":{"ln_ratio":0.0,"ln_hold_time_mean_beats":0.0,"ln_simultaneity_rate":0.0,"ln_simultaneity_weighted":0.0,"ln_count":0,"ln_count_raw":0,"ln_positions":0,"total_notes":1075,"m1_short_count_rt":0,"m1_short_rate_rt":0.0,"m2_long_count_rt":0,"m2_density_rt":0.0,"m2_burst_max_rt":0.0,"m3_density_rt":0.0,"m_concurrent_rt":0.0,"total_long_sec":0.0,"long_active_sec":0.0,"long_hold_sec_mean":0.0,"long_hold_sec_max":0.0,"adv_hand_imb":0.0,"adv_rel_pressure_1beat":0.0,"adv_ln_hold_min_beats":0.0,"adv_ln_chord_big_rate":0.0,"adv_ln_scatter_cv":0.0},"stair":{"stair_index":0.12597547380156077,"stair_transitions":113,"eligible_transitions":897},"peak":{"peak_local_max_density":6.0,"peak_local_max_density_per_sec":19.0,"peak_max_chord_size":5,"peak_concentration":0.3883495145631068,"total_notes":1030,"intervals":[[1740,2088],[5136,5484],[6684,7020],[7860,8064],[8280,8520],[9612,10104],[10464,10884],[10944,11592],[12228,12480],[12564,12864],[14724,15012],[15708,15972],[16020,16308]]},"jack":{"jack_pairs":32,"jack_in_stream_pairs":30,"jack_outside_pairs":2,"pure_jack_per_sec":0.034230379461772334,"flow_break_per_stream_sec":0.5107526881720429,"stream_seconds":58.73684210526317,"non_stream_seconds":58.42763157894735,"chart_seconds":117.16447368421052,"window_ticks":24,"min_region_sec":10.0},"distraction":{"mode_formulation":"DP","dp_distraction_per_sec":0.9189361184419851,"dp_pair_count":24,"dp_chord_tier_pair_count":0,"dp_mean_time_distance_sec":0.24999999999999764,"scratch_chord_pair_count":0,"chord_time_threshold_sec":0.01667,"window_sec_min":0.2,"window_sec_max":0.8,"chart_seconds":117.16447368421052}},"warnings":[],"axis_intensities":{"chord":"green","stream":"green","peak":"green","scratch":"red","soft":null,"ln":null,"stair":"yellow","distraction":"yellow"},"tags":[],"scales":["DPsl"]}