{"md5":"59ab1c484a6bbbdf3b13d0a34036e639","headers":{"title":"Postliminium","artist":"ARForest / ブー / Limite","genre":"Artcore","playlevel":"12","base_bpm":220.0},"mode":"DP","scope":"playable_only","scaling_mode":"p99_linear","params":{"stream_window_ticks":48,"stream_density_threshold_per_beat":4.0,"peak_window_ticks":192,"peak_min_window_notes":4,"peak_min_window_sec":0.05,"felt_bpm_trigger_eff_bpm":500.0,"felt_bpm_trigger_peak_per_sec":200.0,"felt_bpm_target_peak_per_sec":100.0,"felt_bpm_floor":30.0,"jack_window_ticks":24,"soft_burst_ref":8.0,"soft_freq_ref":0.1,"soft_burst_exp":1.5,"soft_freq_exp":1.5,"chord_time_threshold_ms":16.67,"sp_distraction_min_scratches":3,"dp_distraction_window_sec_min":0.2,"dp_distraction_window_sec_max":0.8,"stream_density_ref_per_sec":28.0,"peak_density_ref_per_sec":50.0,"chord_size_ref":3.3,"ln_simultaneity_ref":0.18,"scratch_density_ref_per_sec":1.0,"scratch_ratio_ref":0.07,"distraction_density_ref":5.0,"distraction_event_ref":1.0,"dp_distraction_ref":6.0},"raw_axes":{"chord":1.703105590062112,"stream":18.138979017819718,"scratch":0.002312249323578163,"soft":0.0,"ln":0.056422569027611044,"stair":0.17959183673469387,"peak":28.416666666666668,"distraction":0.734273932172079},"x_chord":0.53,"x_stream":0.568,"x_scratch":0.012,"x_soft":0.0,"x_ln":0.204,"x_stair":0.568,"x_peak":0.49,"x_distraction":0.07,"submetrics":{"chord":{"chord_rate":0.6335403726708074,"avg_chord_size":2.6882352941176473,"chord_positions":510,"total_positions":805},"stream":{"stream_coverage":0.8763505402160864,"stream_density_mean":5.64499484004128,"stream_density_mean_per_sec":20.69831441348469,"stream_windows":46,"notes_in_stream":1460,"total_notes":1666,"intervals":[[1116,1200],[1860,1968],[2244,2352],[2628,2736],[3012,3120],[3396,3504],[3780,3888],[4164,4272],[4548,4656],[4896,5016],[5412,5472],[5520,5616],[5628,6072],[6084,6168],[6180,6240],[6252,6576],[6708,6936],[7020,7092],[7140,7380],[7404,7488],[7524,7728],[7776,9528],[9576,11184],[11868,11952],[11964,12072],[12156,12216],[12228,12336],[12348,12456],[12540,12600],[12612,12720],[12732,12840],[12924,12984],[12996,13104],[13116,13224],[13260,13488],[13500,13872],[13884,14256],[14268,14640],[14652,15000],[15036,15120],[18852,18960],[19236,19344],[19620,22032],[22128,22176],[22332,22416],[22620,24336]]},"scratch":{"scratch_ratio":0.013805522208883553,"scratch_positions_ratio":0.02608695652173913,"scratch_with_key_chord_rate":0.6190476190476191,"scratch_per_sec":0.16748727709048783,"scratch_burst_max_per_sec":2.0,"scratch_burst_window_sec":1.0,"scratch_notes":23,"scratch_positions":21,"total_notes":1666,"total_positions":805,"chart_seconds":137.32386363636363},"soft":{"base_bpm":220.0,"intensity":0.0,"up_intensity":0.0,"down_intensity":0.0,"max_intensity":1.0,"max_up_intensity":1.0,"max_down_intensity":0.5,"step_frequency":0.028169014084507043,"ramp_frequency":0.02112676056338028,"continuity_beats":62.0,"off_base_note_ratio":0.0,"gimmick_burst_score":0.0,"max_off_base_density_per_beat":0.0,"base_mean_density_per_beat":3.623503808487486,"base_density_source":"on_base","distinct_off_base_bpm_count":3,"bpm_change_events":4,"measure_count":142},"ln":{"ln_ratio":0.04141656662665066,"ln_hold_time_mean_beats":6.74411231884058,"ln_simultaneity_rate":0.02701080432172869,"ln_simultaneity_weighted":0.056422569027611044,"ln_count":69,"ln_positions":36,"total_notes":1666},"stair":{"stair_index":0.17959183673469387,"stair_transitions":220,"eligible_transitions":1225},"peak":{"peak_local_max_density":7.75,"peak_local_max_density_per_sec":28.416666666666668,"peak_max_chord_size":5,"peak_concentration":0.3865546218487395,"total_notes":1666,"intervals":[[8520,8976],[9204,9552],[9936,10452],[10692,11184],[14748,15000],[20208,20616],[21012,21348],[21708,22032],[22740,24348]]},"jack":{"jack_pairs":11,"jack_in_stream_pairs":11,"jack_outside_pairs":0,"pure_jack_per_sec":0.0,"flow_break_per_stream_sec":0.14239482200647252,"stream_seconds":77.24999999999999,"non_stream_seconds":60.07386363636364,"chart_seconds":137.32386363636363,"window_ticks":24,"min_region_sec":10.0},"distraction":{"mode_formulation":"DP","dp_distraction_per_sec":0.734273932172079,"dp_pair_count":22,"dp_chord_tier_pair_count":0,"dp_mean_time_distance_sec":0.23760330578512037,"scratch_chord_pair_count":0,"chord_time_threshold_sec":0.01667,"window_sec_min":0.2,"window_sec_max":0.8,"chart_seconds":137.32386363636363}},"warnings":["Unterminated LNOBJ LN on lane P1_KEY4 started at m137 pos0.875; closing at EOF","Unterminated LNOBJ LN on lane P2_SCR started at m77 pos0.0; closing at EOF","Unterminated LNOBJ LN on lane P1_SCR started at m86 pos0.0; closing at EOF","Unterminated LNOBJ LN on lane P2_KEY1 started at m140 pos0.375; closing at EOF","Unterminated LNOBJ LN on lane P1_KEY2 started at m137 pos0.625; closing at EOF","Unterminated LNOBJ LN on lane P1_KEY6 started at m137 pos0.8125; closing at EOF","Unterminated LNOBJ LN on lane P2_KEY4 started at m141 pos0.5; closing at EOF","Unterminated LNOBJ LN on lane P1_KEY3 started at m137 pos0.75; closing at EOF","Unterminated LNOBJ LN on lane P2_KEY5 started at m141 pos0.625; closing at EOF","Unterminated LNOBJ LN on lane P2_KEY3 started at m141 pos0.375; closing at EOF","Unterminated LNOBJ LN on lane P1_KEY7 started at m137 pos0.9375; closing at EOF","Unterminated LNOBJ LN on lane P2_KEY7 started at m141 pos0.875; closing at EOF","Unterminated LNOBJ LN on lane P2_KEY2 started at m141 pos0.0; closing at EOF","Unterminated LNOBJ LN on lane P2_KEY6 started at m141 pos0.75; closing at EOF"],"tags":["stair_focused","fast_chart"],"scales":["DPsl"]}