{"md5":"1846c9f8536ece051e4471ce365aa5fb","headers":{"title":"HEXPERUS [DP ANOTHER]","artist":"qfeileadh&のあ","genre":"HYBLID ELECTREAMO","playlevel":"12","base_bpm":210.0},"mode":"DP","scope":"playable_only","scaling_mode":"reference","params":{"stream_window_ticks":48,"stream_density_threshold_per_beat":4.0,"peak_window_ticks":192,"jack_window_ticks":24,"soft_burst_ref":8.0,"soft_freq_ref":0.1,"soft_burst_exp":1.5,"soft_freq_exp":1.5,"chord_time_threshold_ms":16.67,"sp_distraction_min_scratches":3,"dp_distraction_window_sec_min":0.2,"dp_distraction_window_sec_max":0.8,"stream_density_ref_per_sec":28.0,"peak_density_ref_per_sec":50.0,"chord_size_ref":3.3,"ln_simultaneity_ref":0.18,"scratch_density_ref_per_sec":1.0,"scratch_ratio_ref":0.07,"distraction_density_ref":5.0,"distraction_event_ref":1.0,"dp_distraction_ref":6.0},"x_chord":0.5064812430251524,"x_stream":0.6736216216216215,"x_scratch":0.1579417957370713,"x_soft":0.0,"x_ln":0.08994708994708994,"x_stair":0.0892018779342723,"x_peak":1.0,"x_distraction":0.35268334999636247,"submetrics":{"chord":{"chord_rate":0.6883852691218131,"avg_chord_size":2.42798353909465,"chord_positions":729,"total_positions":1059},"stream":{"stream_coverage":0.93,"stream_density_mean":5.794594594594595,"stream_density_mean_per_sec":20.28108108108108,"stream_windows":23,"notes_in_stream":1953,"total_notes":2100,"intervals":[[0,959],[1008,1559],[4788,6815],[6828,7199],[7212,7583],[7596,7967],[7980,10595],[10980,11063],[11196,11351],[11748,11903],[19932,20159],[20172,20543],[20556,20639],[20652,20927],[20940,21695],[21708,22079],[22092,22175],[22188,22271],[22608,25751],[26664,27491],[33588,35171],[38172,39407],[39420,39659]]},"scratch":{"scratch_ratio":0.035238095238095235,"scratch_positions_ratio":0.0679886685552408,"scratch_with_key_chord_rate":0.9166666666666666,"scratch_per_sec":0.31374924288310113,"scratch_burst_max_per_sec":16.0,"scratch_burst_window_sec":1.0,"scratch_notes":74,"scratch_positions":72,"total_notes":2100,"total_positions":1059,"chart_seconds":235.85714285714286},"soft":{"base_bpm":210.0,"intensity":0.0,"up_intensity":0.0,"down_intensity":0.0,"max_intensity":0.0,"max_up_intensity":0.0,"max_down_intensity":0.0,"step_frequency":0.0,"ramp_frequency":0.0,"continuity_beats":0.0,"off_base_note_ratio":0.0,"gimmick_burst_score":0.0,"max_off_base_density_per_beat":0.0,"base_mean_density_per_beat":2.541490006056935,"base_density_source":"on_base","distinct_off_base_bpm_count":0,"bpm_change_events":0,"measure_count":207},"ln":{"ln_ratio":0.015714285714285715,"ln_hold_time_mean_beats":4.46969696969697,"ln_simultaneity_rate":0.008095238095238095,"ln_simultaneity_weighted":0.01619047619047619,"ln_count":33,"ln_positions":17,"total_notes":2100},"stair":{"stair_index":0.0892018779342723,"stair_transitions":152,"eligible_transitions":1704},"peak":{"peak_local_max_density":32.0,"peak_local_max_density_per_sec":112.0,"peak_max_chord_size":6,"peak_concentration":0.5061904761904762,"total_notes":2100,"intervals":[[0,959],[5760,5999],[9636,10643],[21012,21359],[22644,23135],[24096,24635],[25368,25739],[27144,27527],[33600,33791],[33924,34559],[34692,35183],[38280,39707]]},"jack":{"jack_pairs":137,"jack_in_stream_pairs":135,"jack_outside_pairs":2,"pure_jack_per_sec":0.014799154334038058,"flow_break_per_stream_sec":1.3404255319148932,"stream_seconds":100.71428571428574,"non_stream_seconds":135.1428571428571,"chart_seconds":235.85714285714286,"window_ticks":24,"min_region_sec":10.0},"distraction":{"mode_formulation":"DP","dp_distraction_per_sec":2.116100099978175,"dp_pair_count":62,"dp_chord_tier_pair_count":0,"dp_mean_time_distance_sec":0.18145161290322193,"scratch_chord_pair_count":0,"chord_time_threshold_sec":0.01667,"window_sec_min":0.2,"window_sec_max":0.8,"chart_seconds":235.85714285714286}},"warnings":[],"tags":["peak_intense","flow_break","scratch_burst","burst_focused","fast_chart"],"scales":["DPsl"]}