{"md5":"29f477f2d0010cd070f13ba7e799a731","headers":{"title":"SOLROS [DPEX]","artist":"Grand Thaw obj:けろりん","genre":"R'n'Balkan","playlevel":"12","base_bpm":188.0},"mode":"DP","scope":"playable_only","scaling_mode":"p99_linear","params":{"stream_window_ticks":48,"stream_density_threshold_per_beat":4.0,"peak_window_ticks":192,"peak_min_window_notes":4,"peak_min_window_sec":0.05,"felt_bpm_trigger_eff_bpm":500.0,"felt_bpm_trigger_peak_per_sec":200.0,"felt_bpm_target_peak_per_sec":100.0,"felt_bpm_floor":30.0,"jack_window_ticks":24,"soft_burst_ref":8.0,"soft_freq_ref":0.1,"soft_burst_exp":1.5,"soft_freq_exp":1.5,"chord_time_threshold_ms":16.67,"sp_distraction_min_scratches":3,"dp_distraction_window_sec_min":0.2,"dp_distraction_window_sec_max":0.8,"stream_density_ref_per_sec":28.0,"peak_density_ref_per_sec":50.0,"chord_size_ref":3.3,"ln_simultaneity_ref":0.18,"scratch_density_ref_per_sec":1.0,"scratch_ratio_ref":0.07,"distraction_density_ref":5.0,"distraction_event_ref":1.0,"dp_distraction_ref":6.0},"raw_axes":{"chord":0.9357976653696498,"stream":14.375737634024473,"scratch":4.524477014528655e-06,"soft":0.0,"ln":0.09669369931378664,"stair":0.10973837209302326,"peak":24.28333333333333,"distraction":0.04545048303354675},"x_chord":0.291,"x_stream":0.45,"x_scratch":0.0,"x_soft":0.0,"x_ln":0.35,"x_stair":0.347,"x_peak":0.419,"x_distraction":0.004,"submetrics":{"chord":{"chord_rate":0.3764591439688716,"avg_chord_size":2.4857881136950906,"chord_positions":387,"total_positions":1028},"stream":{"stream_coverage":0.8777292576419214,"stream_density_mean":5.227125941872981,"stream_density_mean_per_sec":16.37832795120201,"stream_windows":82,"notes_in_stream":1407,"total_notes":1603,"intervals":[[252,312],[324,384],[396,456],[516,600],[612,672],[684,744],[756,888],[900,960],[972,1032],[1092,1176],[1188,1248],[1260,1320],[1344,1464],[1548,1632],[1668,1788],[1836,2112],[2124,2208],[2220,2388],[2412,2496],[2568,2640],[2700,2796],[2856,2940],[3060,3216],[3240,3504],[3696,3756],[3972,4080],[4140,4224],[4248,4512],[4692,4752],[5148,5232],[5364,5520],[5532,5664],[5748,5820],[5940,6096],[6108,6240],[6300,6396],[6564,6672],[6684,6888],[7164,7296],[7308,7404],[7452,7536],[7668,7740],[7800,7968],[8172,8232],[8244,8316],[8328,8400],[8436,8520],[8748,8832],[8904,8988],[9048,9120],[9324,9468],[9504,9576],[9636,9744],[9756,10032],[10044,10320],[10332,10668],[10692,10836],[10860,10968],[10980,11040],[11076,11280],[11316,11424],[11484,12288],[12300,12420],[12444,12552],[12588,12864],[12876,12984],[13020,13128],[13164,14016],[14028,14304],[14340,15612],[15636,16368],[16380,16512],[16524,16908],[17268,17472],[17796,17904],[17964,18672],[18732,18960],[18972,19200],[19212,19464],[19476,19752],[19764,20040],[20220,20352]]},"scratch":{"scratch_ratio":0.0006238303181534623,"scratch_positions_ratio":0.0009727626459143969,"scratch_with_key_chord_rate":0.0,"scratch_per_sec":0.0072527366542894335,"scratch_burst_max_per_sec":1.0,"scratch_burst_window_sec":1.0,"scratch_notes":1,"scratch_positions":1,"total_notes":1603,"total_positions":1028,"chart_seconds":137.87898936170214},"soft":{"base_bpm":188.0,"intensity":0.0,"up_intensity":0.0,"down_intensity":0.0,"max_intensity":0.0,"max_up_intensity":0.0,"max_down_intensity":0.0,"step_frequency":0.0,"ramp_frequency":0.0,"continuity_beats":0.0,"off_base_note_ratio":0.0,"gimmick_burst_score":0.0,"max_off_base_density_per_beat":0.0,"base_mean_density_per_beat":3.7106481481481484,"base_density_source":"on_base","distinct_off_base_bpm_count":0,"bpm_change_events":0,"measure_count":142},"ln":{"ln_ratio":0.035558328134747345,"ln_hold_time_mean_beats":2.3223684210526314,"ln_simultaneity_rate":0.08671241422333126,"ln_simultaneity_weighted":0.09669369931378664,"ln_count":57,"ln_positions":51,"total_notes":1603},"stair":{"stair_index":0.10973837209302326,"stair_transitions":151,"eligible_transitions":1376},"peak":{"peak_local_max_density":7.75,"peak_local_max_density_per_sec":24.28333333333333,"peak_max_chord_size":6,"peak_concentration":0.3593262632563943,"total_notes":1603,"intervals":[[3276,3504],[4284,4488],[6612,6816],[11604,12288],[13224,13872],[14052,14736],[15384,15576],[15672,16368],[16452,16944],[18264,18696],[18720,19236]]},"jack":{"jack_pairs":35,"jack_in_stream_pairs":27,"jack_outside_pairs":8,"pure_jack_per_sec":0.19812283879466464,"flow_break_per_stream_sec":0.27692307692307705,"stream_seconds":97.49999999999996,"non_stream_seconds":40.37898936170218,"chart_seconds":137.87898936170214,"window_ticks":24,"min_region_sec":10.0},"distraction":{"mode_formulation":"DP","dp_distraction_per_sec":0.04545048303354675,"dp_pair_count":1,"dp_chord_tier_pair_count":0,"dp_mean_time_distance_sec":0.15957446808510767,"scratch_chord_pair_count":0,"chord_time_threshold_sec":0.01667,"window_sec_min":0.2,"window_sec_max":0.8,"chart_seconds":137.87898936170214}},"warnings":["Unterminated LNOBJ LN on lane P2_KEY2 started at m140 pos0.91666667; closing at EOF","Unterminated LNOBJ LN on lane P1_SCR started at m33 pos0.0; closing at EOF","Unterminated LNOBJ LN on lane P2_KEY4 started at m140 pos0.83333333; closing at EOF","Unterminated LNOBJ LN on lane P1_KEY1 started at m141 pos0.0; closing at EOF","Unterminated LNOBJ LN on lane P1_KEY2 started at m140 pos0.91666667; closing at EOF","Unterminated LNOBJ LN on lane P1_KEY6 started at m140 pos0.66666667; closing at EOF","Unterminated LNOBJ LN on lane P2_KEY6 started at m140 pos0.66666667; closing at EOF","Unterminated LNOBJ LN on lane P1_KEY4 started at m140 pos0.83333333; closing at EOF","Unterminated LNOBJ LN on lane P1_KEY3 started at m140 pos0.44444444; closing at EOF","Unterminated LNOBJ LN on lane P1_KEY5 started at m140 pos0.55555556; closing at EOF","Unterminated LNOBJ LN on lane P1_KEY7 started at m139 pos0.88888889; closing at EOF"],"tags":["ln_chart"],"scales":["★"]}