{"md5":"1fc9f33d2c17b8361ba3f07e497c17f4","headers":{"title":"Artificial Rose [DP ANOTHER]","artist":"メアリー / Obj:ゆ～兎","genre":"Intelligence Arts","playlevel":"13","base_bpm":175.0},"mode":"DP","scope":"playable_only","scaling_mode":"percentile_rank","params":{"stream_window_ticks":48,"stream_density_threshold_per_beat":4.0,"peak_window_ticks":192,"jack_window_ticks":24,"soft_burst_ref":8.0,"soft_freq_ref":0.1,"soft_burst_exp":1.5,"soft_freq_exp":1.5,"chord_time_threshold_ms":16.67,"sp_distraction_min_scratches":3,"dp_distraction_window_sec_min":0.2,"dp_distraction_window_sec_max":0.8,"stream_density_ref_per_sec":28.0,"peak_density_ref_per_sec":50.0,"chord_size_ref":3.3,"ln_simultaneity_ref":0.18,"scratch_density_ref_per_sec":1.0,"scratch_ratio_ref":0.07,"distraction_density_ref":5.0,"distraction_event_ref":1.0,"dp_distraction_ref":6.0},"raw_axes":{"chord":1.4662576687116566,"stream":16.63358860342556,"scratch":0.00044604927782497885,"soft":0.0,"ln":0.195,"stair":0.11269276393831554,"peak":26.979166666666668,"distraction":0.2797789027345132},"x_chord":0.4124661246612466,"x_stream":0.3978319783197832,"x_scratch":0.25420054200542,"x_soft":0.0,"x_ln":0.9745257452574526,"x_stair":0.5772357723577236,"x_peak":0.4173441734417344,"x_distraction":0.1956639566395664,"submetrics":{"chord":{"chord_rate":0.5381244522348817,"avg_chord_size":2.724755700325733,"chord_positions":614,"total_positions":1141},"stream":{"stream_coverage":0.9622727272727273,"stream_density_mean":5.926536731634183,"stream_density_mean_per_sec":17.285732133933035,"stream_windows":34,"notes_in_stream":2117,"total_notes":2200,"intervals":[[180,287],[396,671],[780,1055],[1164,1439],[1548,3359],[3444,3551],[3624,3695],[3720,8687],[8724,8783],[8796,8879],[8916,9071],[9108,9167],[9180,9251],[9300,10463],[10548,10847],[10908,11231],[11316,11999],[12084,12383],[12444,12767],[12852,13295],[13380,13523],[13536,13667],[13788,14063],[14148,14531],[14544,14831],[14844,15059],[15072,15203],[15324,15599],[15612,16067],[16080,16211],[16224,16331],[16512,19823],[19908,20015],[20100,20579]]},"scratch":{"scratch_ratio":0.005454545454545455,"scratch_positions_ratio":0.009640666082383873,"scratch_with_key_chord_rate":0.09090909090909091,"scratch_per_sec":0.08177570093457945,"scratch_burst_max_per_sec":2.0,"scratch_burst_window_sec":1.0,"scratch_notes":12,"scratch_positions":11,"total_notes":2200,"total_positions":1141,"chart_seconds":146.74285714285713},"soft":{"base_bpm":175.0,"intensity":0.0,"up_intensity":0.0,"down_intensity":0.0,"max_intensity":0.0,"max_up_intensity":0.0,"max_down_intensity":0.0,"step_frequency":0.0,"ramp_frequency":0.0,"continuity_beats":0.0,"off_base_note_ratio":0.0,"gimmick_burst_score":0.0,"max_off_base_density_per_beat":0.0,"base_mean_density_per_beat":5.135514018691588,"base_density_source":"on_base","distinct_off_base_bpm_count":0,"bpm_change_events":0,"measure_count":108},"ln":{"ln_ratio":0.03636363636363636,"ln_hold_time_mean_beats":1.6994791666666667,"ln_simultaneity_rate":0.16227272727272726,"ln_simultaneity_weighted":0.195,"ln_count":80,"ln_positions":71,"total_notes":2200},"stair":{"stair_index":0.11269276393831554,"stair_transitions":190,"eligible_transitions":1686},"peak":{"peak_local_max_density":9.25,"peak_local_max_density_per_sec":26.979166666666668,"peak_max_chord_size":7,"peak_concentration":0.37136363636363634,"total_notes":2200,"intervals":[[3816,4031],[5532,5735],[5772,5975],[6156,6371],[6540,6743],[8292,8651],[11364,11975],[12084,12287],[12468,12743],[12852,13295],[16908,17111],[17196,17615],[17820,18047],[18060,18431],[18444,19175],[19464,19847],[20160,20579]]},"jack":{"jack_pairs":49,"jack_in_stream_pairs":43,"jack_outside_pairs":6,"pure_jack_per_sec":0.37037037037036996,"flow_break_per_stream_sec":0.3293937404246006,"stream_seconds":130.54285714285712,"non_stream_seconds":16.200000000000017,"chart_seconds":146.74285714285713,"window_ticks":24,"min_region_sec":10.0},"distraction":{"mode_formulation":"DP","dp_distraction_per_sec":0.2797789027345132,"dp_pair_count":12,"dp_chord_tier_pair_count":0,"dp_mean_time_distance_sec":0.3071428571428525,"scratch_chord_pair_count":0,"chord_time_threshold_sec":0.01667,"window_sec_min":0.2,"window_sec_max":0.8,"chart_seconds":146.74285714285713}},"warnings":["Unterminated LNOBJ LN on lane P2_KEY1 started at m106 pos0.5625; closing at EOF","Unterminated LNOBJ LN on lane P2_SCR started at m107 pos0.0; closing at EOF","Unterminated LNOBJ LN on lane P1_KEY1 started at m106 pos0.375; closing at EOF","Unterminated LNOBJ LN on lane P1_KEY2 started at m102 pos0.9375; closing at EOF","Unterminated LNOBJ LN on lane P1_SCR started at m107 pos0.0; closing at EOF","Unterminated LNOBJ LN on lane P1_KEY4 started at m106 pos0.125; closing at EOF","Unterminated LNOBJ LN on lane P1_KEY5 started at m106 pos0.9375; closing at EOF","Unterminated LNOBJ LN on lane P1_KEY7 started at m106 pos0.75; closing at EOF","Unterminated LNOBJ LN on lane P1_KEY6 started at m106 pos0.375; closing at EOF","Unterminated LNOBJ LN on lane P1_KEY3 started at m106 pos0.875; closing at EOF","Unterminated LNOBJ LN on lane P2_KEY3 started at m106 pos0.625; closing at EOF","Unterminated LNOBJ LN on lane P2_KEY7 started at m106 pos0.9375; closing at EOF","Unterminated LNOBJ LN on lane P2_KEY5 started at m106 pos0.6875; closing at EOF","Unterminated LNOBJ LN on lane P2_KEY6 started at m106 pos0.875; closing at EOF","Unterminated LNOBJ LN on lane P2_KEY4 started at m106 pos0.8125; closing at EOF","Unterminated LNOBJ LN on lane P2_KEY2 started at m106 pos0.5; closing at EOF"],"tags":["ln_chart"],"scales":["★"]}