{"md5":"c11998a30371142374cd158c995d9de3","headers":{"title":"ALICE IN PICOPICO NIGHT","artist":"帽子屋","genre":"Kawaii Chip swing","playlevel":"12","base_bpm":270.0},"mode":"DP","scope":"playable_only","scaling_mode":"p99_linear","params":{"stream_window_ticks":48,"stream_density_threshold_per_beat":4.0,"peak_window_ticks":192,"peak_min_window_notes":4,"felt_bpm_trigger_eff_bpm":500.0,"felt_bpm_trigger_peak_per_sec":200.0,"felt_bpm_target_peak_per_sec":100.0,"felt_bpm_floor":30.0,"jack_window_ticks":24,"soft_burst_ref":8.0,"soft_freq_ref":0.1,"soft_burst_exp":1.5,"soft_freq_exp":1.5,"chord_time_threshold_ms":16.67,"sp_distraction_min_scratches":3,"dp_distraction_window_sec_min":0.2,"dp_distraction_window_sec_max":0.8,"stream_density_ref_per_sec":28.0,"peak_density_ref_per_sec":50.0,"chord_size_ref":3.3,"ln_simultaneity_ref":0.18,"scratch_density_ref_per_sec":1.0,"scratch_ratio_ref":0.07,"distraction_density_ref":5.0,"distraction_event_ref":1.0,"dp_distraction_ref":6.0},"raw_axes":{"chord":1.3799822852081487,"stream":24.234826072727227,"scratch":0.0007141520106125837,"soft":0.0,"ln":0.019509981851179675,"stair":0.127129750982962,"peak":38.25,"distraction":0.8857192135218794},"x_chord":0.443,"x_stream":0.76,"x_scratch":0.004,"x_soft":0.0,"x_ln":0.071,"x_stair":0.415,"x_peak":0.607,"x_distraction":0.075,"submetrics":{"chord":{"chord_rate":0.42781222320637735,"avg_chord_size":3.2256728778467907,"chord_positions":483,"total_positions":1129},"stream":{"stream_coverage":0.9546279491833031,"stream_density_mean":5.641482537419814,"stream_density_mean_per_sec":25.386671418389167,"stream_windows":31,"notes_in_stream":2104,"total_notes":2204,"intervals":[[540,1343],[1356,2135],[3384,3479],[3612,5855],[5868,6431],[6444,6623],[6636,7151],[7260,7343],[7452,7535],[7644,7727],[7764,7823],[7836,8663],[9192,9719],[9756,12767],[12780,13679],[13692,13775],[13788,14039],[14076,15599],[15612,16607],[16620,18287],[18396,18479],[18516,18647],[18780,18863],[18876,18959],[18972,20255],[20268,20783],[20796,21023],[21036,21599],[21612,22895],[22908,23063],[23100,23231]]},"scratch":{"scratch_ratio":0.005898366606170599,"scratch_positions_ratio":0.011514614703277236,"scratch_with_key_chord_rate":0.7692307692307693,"scratch_per_sec":0.1210762331838565,"scratch_burst_max_per_sec":2.0,"scratch_burst_window_sec":1.0,"scratch_notes":13,"scratch_positions":13,"total_notes":2204,"total_positions":1129,"chart_seconds":107.37037037037037},"soft":{"base_bpm":270.0,"intensity":0.0,"up_intensity":0.0,"down_intensity":0.0,"max_intensity":0.0,"max_up_intensity":0.0,"max_down_intensity":0.0,"step_frequency":0.0,"ramp_frequency":0.0,"continuity_beats":0.0,"off_base_note_ratio":0.0,"gimmick_burst_score":0.0,"max_off_base_density_per_beat":0.0,"base_mean_density_per_beat":4.559503276992066,"base_density_source":"on_base","distinct_off_base_bpm_count":0,"bpm_change_events":0,"measure_count":121},"ln":{"ln_ratio":0.004990925589836661,"ln_hold_time_mean_beats":2.6931818181818183,"ln_simultaneity_rate":0.019509981851179675,"ln_simultaneity_weighted":0.019509981851179675,"ln_count":11,"ln_positions":11,"total_notes":2204},"stair":{"stair_index":0.127129750982962,"stair_transitions":194,"eligible_transitions":1526},"peak":{"peak_local_max_density":8.5,"peak_local_max_density_per_sec":38.25,"peak_max_chord_size":7,"peak_concentration":0.44056261343012704,"total_notes":2204,"intervals":[[3648,3839],[4020,4223],[4668,4895],[4932,5471],[6744,7115],[7860,8231],[9204,9515],[10104,10367],[10380,10751],[10932,11399],[12156,12431],[13104,13439],[13452,13667],[14100,14471],[14772,14975],[17388,17963],[19236,19583],[19716,20171],[20268,20519],[21348,21551],[21780,22271],[22296,22799]]},"jack":{"jack_pairs":1,"jack_in_stream_pairs":1,"jack_outside_pairs":0,"pure_jack_per_sec":0.0,"flow_break_per_stream_sec":0.010911295211153771,"stream_seconds":91.64814814814812,"non_stream_seconds":15.722222222222243,"chart_seconds":107.37037037037037,"window_ticks":24,"min_region_sec":10.0},"distraction":{"mode_formulation":"DP","dp_distraction_per_sec":0.8857192135218794,"dp_pair_count":12,"dp_chord_tier_pair_count":0,"dp_mean_time_distance_sec":0.1520061728395076,"scratch_chord_pair_count":0,"chord_time_threshold_sec":0.01667,"window_sec_min":0.2,"window_sec_max":0.8,"chart_seconds":107.37037037037037}},"warnings":[],"tags":["stream_heavy","dense_chart","fast_chart","pure_stream"],"scales":["DPst"]}