{"md5":"e2edf260dcc761e258f1d2fda3380b19","headers":{"title":"rainbow","artist":"ああああ","genre":"ELE POP","playlevel":"12","base_bpm":199.0},"mode":"DP","scope":"playable_only","scaling_mode":"p99_linear","params":{"stream_window_ticks":48,"stream_density_threshold_per_beat":4.0,"peak_window_ticks":192,"peak_min_window_notes":4,"peak_min_window_sec":0.05,"felt_bpm_trigger_eff_bpm":500.0,"felt_bpm_trigger_peak_per_sec":200.0,"felt_bpm_target_peak_per_sec":100.0,"felt_bpm_floor":30.0,"jack_window_ticks":24,"soft_burst_ref":8.0,"soft_freq_ref":0.1,"soft_burst_exp":1.5,"soft_freq_exp":1.5,"chord_time_threshold_ms":16.67,"sp_distraction_min_scratches":3,"dp_distraction_window_sec_min":0.2,"dp_distraction_window_sec_max":0.8,"stream_density_ref_per_sec":28.0,"peak_density_ref_per_sec":50.0,"chord_size_ref":3.3,"ln_simultaneity_ref":0.18,"scratch_density_ref_per_sec":1.0,"scratch_ratio_ref":0.07,"distraction_density_ref":5.0,"distraction_event_ref":1.0,"dp_distraction_ref":6.0},"raw_axes":{"chord":1.3222857142857145,"stream":15.892447551725898,"scratch":0.005230015276754097,"soft":0.0,"ln":0.0,"stair":0.1522248243559719,"peak":25.70416666666667,"distraction":2.2855714152358506},"x_chord":0.424,"x_stream":0.513,"x_scratch":0.028,"x_soft":0.0,"x_ln":0.0,"x_stair":0.496,"x_peak":0.457,"x_distraction":0.218,"submetrics":{"chord":{"chord_rate":0.5188571428571429,"avg_chord_size":2.548458149779736,"chord_positions":454,"total_positions":875},"stream":{"stream_coverage":0.9093789607097592,"stream_density_mean":5.2691924227318045,"stream_density_mean_per_sec":17.476154868727154,"stream_windows":34,"notes_in_stream":1435,"total_notes":1578,"intervals":[[168,600],[612,792],[804,936],[2316,2376],[2388,3684],[4404,4464],[4572,4656],[4764,4848],[4860,4956],[4980,6912],[7008,7200],[7212,9456],[9468,9624],[9636,10104],[10164,10224],[10476,10560],[10668,10752],[10860,10968],[11244,11328],[11436,11520],[11616,12504],[12564,12672],[12684,13260],[14712,14796],[15156,15744],[15768,15960],[15996,16152],[16164,17112],[17124,17304],[17316,17508],[17520,17760],[17772,17880],[17892,19296],[19308,19800]]},"scratch":{"scratch_ratio":0.020278833967046894,"scratch_positions_ratio":0.03542857142857143,"scratch_with_key_chord_rate":0.967741935483871,"scratch_per_sec":0.25790512833493645,"scratch_burst_max_per_sec":2.0,"scratch_burst_window_sec":1.0,"scratch_notes":32,"scratch_positions":31,"total_notes":1578,"total_positions":875,"chart_seconds":124.07663316582915},"soft":{"base_bpm":199.0,"intensity":0.0,"up_intensity":0.0,"down_intensity":0.0,"max_intensity":0.0,"max_up_intensity":0.0,"max_down_intensity":0.0,"step_frequency":0.0,"ramp_frequency":0.0,"continuity_beats":0.0,"off_base_note_ratio":0.0,"gimmick_burst_score":0.0,"max_off_base_density_per_beat":0.0,"base_mean_density_per_beat":3.822600243013366,"base_density_source":"on_base","distinct_off_base_bpm_count":0,"bpm_change_events":0,"measure_count":103},"ln":{"ln_ratio":0.0,"ln_hold_time_mean_beats":0.0,"ln_simultaneity_rate":0.0,"ln_simultaneity_weighted":0.0,"ln_count":0,"ln_positions":0,"total_notes":1578},"stair":{"stair_index":0.1522248243559719,"stair_transitions":195,"eligible_transitions":1281},"peak":{"peak_local_max_density":7.75,"peak_local_max_density_per_sec":25.70416666666667,"peak_max_chord_size":5,"peak_concentration":0.41064638783269963,"total_notes":1578,"intervals":[[180,588],[3384,3720],[4992,5316],[6324,6948],[8376,8820],[9636,10128],[12012,12540],[12984,13284],[16188,16836],[17940,18408],[18756,19200],[19212,19800]]},"jack":{"jack_pairs":69,"jack_in_stream_pairs":69,"jack_outside_pairs":0,"pure_jack_per_sec":0.0,"flow_break_per_stream_sec":0.7830066291253827,"stream_seconds":88.12185929648247,"non_stream_seconds":35.95477386934668,"chart_seconds":124.07663316582915,"window_ticks":24,"min_region_sec":10.0},"distraction":{"mode_formulation":"DP","dp_distraction_per_sec":2.2855714152358506,"dp_pair_count":45,"dp_chord_tier_pair_count":1,"dp_mean_time_distance_sec":0.22110552763818955,"scratch_chord_pair_count":1,"chord_time_threshold_sec":0.01667,"window_sec_min":0.2,"window_sec_max":0.8,"chart_seconds":124.07663316582915}},"warnings":[],"tags":["stair_focused"],"scales":["DPsl"]}