{"md5":"727a209424f3b4b8bce768ddbdef3044","headers":{"title":"Twin☆kle Snowglobe","artist":"翡乃イスカ × otoshi.b Illust:TOYCAT obj:Yosk!","genre":"EMOTIONAL×J-HAPPYCORE","playlevel":"15","base_bpm":185.0},"mode":"DP","scope":"playable_only","scaling_mode":"p99_linear","params":{"stream_window_ticks":48,"stream_density_threshold_per_beat":4.0,"peak_window_ticks":192,"peak_min_window_notes":4,"peak_min_window_sec":0.05,"felt_bpm_trigger_eff_bpm":500.0,"felt_bpm_trigger_peak_per_sec":200.0,"felt_bpm_target_peak_per_sec":100.0,"felt_bpm_floor":30.0,"jack_window_ticks":24,"soft_burst_ref":8.0,"soft_freq_ref":0.1,"soft_burst_exp":1.5,"soft_freq_exp":1.5,"chord_time_threshold_ms":16.67,"sp_distraction_min_scratches":3,"dp_distraction_window_sec_min":0.2,"dp_distraction_window_sec_max":0.8,"stream_density_ref_per_sec":28.0,"peak_density_ref_per_sec":50.0,"chord_size_ref":3.3,"ln_simultaneity_ref":0.18,"scratch_density_ref_per_sec":1.0,"scratch_ratio_ref":0.07,"distraction_density_ref":5.0,"distraction_event_ref":1.0,"dp_distraction_ref":6.0},"raw_axes":{"chord":1.5684348395546823,"stream":22.730355769827632,"scratch":0.015689375540970933,"soft":0.0,"stair":0.09236234458259325,"peak":37.77083333333333,"ln_m1_short_rate_rt":0.0,"ln_m2_density_rt":85.58130081300831,"ln_m2_burst_max_rt":547.0,"ln_m3_density_rt":85.58130081300831,"ln_m_concurrent_rt":0.5870967741935483,"adv_hand_imb":0.06666666666666667,"adv_rel_pressure_1beat":0.7777777777777778,"adv_ln_hold_min_beats":0.75,"adv_ln_chord_big_rate":0.16,"adv_ln_scatter_cv":2.1805409455663693,"distraction":3.116434077010417},"x_chord":0.488,"x_stream":0.711,"x_scratch":0.084,"x_soft":0.0,"x_ln":0.816,"x_stair":0.289,"x_peak":0.651,"x_distraction":0.297,"ln_advanced_score":0.689,"submetrics":{"chord":{"chord_rate":0.5723641126391618,"avg_chord_size":2.740274599542334,"chord_positions":874,"total_positions":1527},"stream":{"stream_coverage":0.9599737532808399,"stream_density_mean":7.679384203480589,"stream_density_mean_per_sec":23.678101294065147,"stream_windows":25,"notes_in_stream":2926,"total_notes":3048,"intervals":[[348,432],[936,1008],[1020,1116],[1428,1632],[1692,7236],[7248,7392],[7404,7464],[7500,8112],[8172,8232],[8268,10308],[10620,10776],[11424,11928],[12348,12432],[12456,12696],[12972,13152],[13212,13416],[13428,13488],[13704,13788],[13800,13968],[13980,16452],[16464,16716],[16836,16896],[16908,19992],[20340,22872],[22884,22968]]},"scratch":{"scratch_ratio":0.028543307086614175,"scratch_positions_ratio":0.05435494433529797,"scratch_with_key_chord_rate":0.4578313253012048,"scratch_per_sec":0.5496691568836712,"scratch_burst_max_per_sec":9.0,"scratch_burst_window_sec":1.0,"scratch_notes":87,"scratch_positions":83,"total_notes":3048,"total_positions":1527,"chart_seconds":158.27702702702703},"soft":{"base_bpm":185.0,"intensity":0.0,"up_intensity":0.0,"down_intensity":0.0,"max_intensity":0.0,"max_up_intensity":0.0,"max_down_intensity":0.0,"step_frequency":0.0,"ramp_frequency":0.0,"continuity_beats":0.0,"off_base_note_ratio":0.0,"gimmick_burst_score":0.0,"max_off_base_density_per_beat":0.0,"base_mean_density_per_beat":6.245901639344262,"base_density_source":"on_base","distinct_off_base_bpm_count":0,"bpm_change_events":0,"measure_count":120},"ln":{"ln_ratio":0.01804461942257218,"ln_hold_time_mean_beats":2.2363636363636363,"ln_simultaneity_rate":0.06266404199475066,"ln_simultaneity_weighted":0.06332020997375327,"ln_count":55,"ln_count_raw":55,"ln_positions":28,"total_notes":3048,"m1_short_count_rt":0,"m1_short_rate_rt":0.0,"m2_long_count_rt":45,"m2_density_rt":85.58130081300831,"m2_burst_max_rt":547.0,"m3_density_rt":85.58130081300831,"m_concurrent_rt":0.5870967741935483,"total_long_sec":39.89189189189181,"long_active_sec":25.135135135135084,"long_hold_sec_mean":0.8864864864864848,"long_hold_sec_max":3.2432432432432456,"adv_hand_imb":0.06666666666666667,"adv_rel_pressure_1beat":0.7777777777777778,"adv_ln_hold_min_beats":0.75,"adv_ln_chord_big_rate":0.16,"adv_ln_scatter_cv":2.1805409455663693},"stair":{"stair_index":0.09236234458259325,"stair_transitions":208,"eligible_transitions":2252},"peak":{"peak_local_max_density":12.25,"peak_local_max_density_per_sec":37.77083333333333,"peak_max_chord_size":6,"peak_concentration":0.3211942257217848,"total_notes":3048,"intervals":[[3204,3468],[4008,4248],[4944,5880],[6108,6480],[6996,7200],[8628,8844],[15564,15804],[16104,16452],[18684,19104],[19332,19992],[22164,22500],[22524,22848]]},"jack":{"jack_pairs":32,"jack_in_stream_pairs":19,"jack_outside_pairs":13,"pure_jack_per_sec":0.4428078250863067,"flow_break_per_stream_sec":0.1473794549266247,"stream_seconds":128.91891891891896,"non_stream_seconds":29.35810810810807,"chart_seconds":158.27702702702703,"window_ticks":24,"min_region_sec":10.0},"distraction":{"mode_formulation":"DP","dp_distraction_per_sec":3.116434077010417,"dp_pair_count":89,"dp_chord_tier_pair_count":0,"dp_mean_time_distance_sec":0.2136349832979033,"scratch_chord_pair_count":0,"chord_time_threshold_sec":0.01667,"window_sec_min":0.2,"window_sec_max":0.8,"chart_seconds":158.27702702702703}},"warnings":["Unterminated LNOBJ LN on lane P2_KEY2 started at m118 pos0.875; closing at EOF","Unterminated LNOBJ LN on lane P1_KEY6 started at m118 pos0.875; closing at EOF","Unterminated LNOBJ LN on lane P2_KEY5 started at m118 pos0.75; closing at EOF","Unterminated LNOBJ LN on lane P2_KEY3 started at m118 pos0.5; closing at EOF","Unterminated LNOBJ LN on lane P1_KEY5 started at m118 pos0.75; closing at EOF","Unterminated LNOBJ LN on lane P1_KEY3 started at m118 pos0.625; closing at EOF","Unterminated LNOBJ LN on lane P1_KEY4 started at m119 pos0.375; closing at EOF","Unterminated LNOBJ LN on lane P2_KEY4 started at m119 pos0.375; closing at EOF","Unterminated LNOBJ LN on lane P1_KEY7 started at m119 pos0.375; closing at EOF","Unterminated LNOBJ LN on lane P2_KEY1 started at m119 pos0.375; closing at EOF"],"tags":["stream_heavy","ln_chart","pure_stream"],"scales":["DPst"]}