{"md5":"cd7898da11d3e6dc63519cf7dcbc8c8e","headers":{"title":"theme of Maia [AFOTHER]","artist":"ねこみみ魔法使い (obj:k)","genre":"Synth Rock","playlevel":"16","base_bpm":232.0},"mode":"DP","scope":"playable_only","scaling_mode":"p99_linear","params":{"stream_window_ticks":48,"stream_density_threshold_per_beat":4.0,"peak_window_ticks":192,"peak_min_window_notes":4,"peak_min_window_sec":0.05,"felt_bpm_trigger_eff_bpm":500.0,"felt_bpm_trigger_peak_per_sec":200.0,"felt_bpm_target_peak_per_sec":100.0,"felt_bpm_floor":30.0,"jack_window_ticks":24,"soft_burst_ref":8.0,"soft_freq_ref":0.1,"soft_burst_exp":1.5,"soft_freq_exp":1.5,"chord_time_threshold_ms":16.67,"sp_distraction_min_scratches":3,"sp_distraction_bin_sec":0.25,"sp_distraction_t_key":2,"sp_distraction_gap_bins":2,"dp_distraction_window_sec_min":0.2,"dp_distraction_window_sec_max":0.8,"stream_density_ref_per_sec":28.0,"peak_density_ref_per_sec":50.0,"chord_size_ref":3.3,"ln_simultaneity_ref":0.18,"scratch_density_ref_per_sec":1.0,"scratch_ratio_ref":0.07,"distraction_density_ref":5.0,"distraction_event_ref":1.0,"dp_distraction_ref":6.0},"raw_axes":{"chord":2.5732860520094563,"stream":22.863237062501508,"scratch_per_sec":0.7376855955045913,"scratch_burst_max_per_sec":10.0,"scratch_max_run_sec":3.1034482758620783,"soft":0.0,"stair":0.031075697211155377,"peak":46.4,"ln_m1_short_rate_rt":0.0,"ln_m2_density_rt":0.0,"ln_m2_burst_max_rt":0.0,"ln_m3_density_rt":0.0,"ln_m_concurrent_rt":0.0,"adv_hand_imb":0.0,"adv_rel_pressure_1beat":0.0,"adv_ln_hold_min_beats":0.0,"adv_ln_chord_big_rate":0.0,"adv_ln_scatter_cv":0.0,"distraction":5.202049532743539},"x_chord":0.801,"x_stream":0.715,"x_scratch":0.444,"x_soft":0.0,"x_ln":0.0,"x_stair":0.096,"x_peak":0.8,"x_distraction":0.497,"ln_advanced_score":0.0,"submetrics":{"chord":{"chord_rate":0.7742316784869976,"avg_chord_size":3.3236641221374046,"chord_positions":655,"total_positions":846},"stream":{"stream_coverage":0.9039894782989917,"stream_density_mean":6.540901502504173,"stream_density_mean_per_sec":25.291485809682804,"stream_windows":46,"notes_in_stream":2062,"total_notes":2281,"intervals":[[1476,1536],[1824,1944],[2076,2160],[2172,2256],[2268,2352],[2364,2712],[2844,2928],[2940,3024],[3036,3120],[3132,3264],[3276,6552],[6876,6936],[6996,7080],[7140,7344],[7644,7704],[7764,11160],[11220,11280],[11340,11520],[11604,11664],[11724,12336],[12756,13104],[13140,13344],[13356,13464],[13524,13872],[13908,14112],[14124,14232],[14292,14640],[14676,14880],[14892,15000],[15060,15384],[15468,15552],[15660,15744],[15852,16032],[16044,16164],[16476,16536],[16596,16680],[16740,16920],[17244,17304],[17364,17448],[17580,20760],[20796,20904],[20988,21120],[21180,21288],[21324,21528],[21564,21648],[21720,21936]]},"scratch":{"scratch_ratio":0.036739864864864864,"scratch_positions_ratio":0.09692671394799054,"scratch_with_key_chord_rate":0.926829268292683,"scratch_per_sec":0.7376855955045913,"scratch_burst_max_per_sec":10.0,"scratch_burst_window_sec":1.0,"scratch_max_run_sec":3.1034482758620783,"ls_count":0,"ls_per_sec":0.0,"ls_complexity_mean":0.0,"scratch_notes":87,"scratch_positions":82,"total_notes":2368,"total_positions":846,"chart_seconds":117.93642241379311},"soft":{"base_bpm":232.0,"intensity":0.0,"up_intensity":0.0,"down_intensity":0.0,"max_intensity":0.0,"max_up_intensity":0.0,"max_down_intensity":0.0,"step_frequency":0.0,"ramp_frequency":0.0,"continuity_beats":0.0,"off_base_note_ratio":0.0,"gimmick_burst_score":0.0,"max_off_base_density_per_beat":0.0,"base_mean_density_per_beat":5.182017543859649,"base_density_source":"on_base","distinct_off_base_bpm_count":0,"bpm_change_events":0,"measure_count":115},"ln":{"ln_ratio":0.0,"ln_hold_time_mean_beats":0.0,"ln_simultaneity_rate":0.0,"ln_simultaneity_weighted":0.0,"ln_count":0,"ln_count_raw":0,"ln_positions":0,"total_notes":2368,"m1_short_count_rt":0,"m1_short_rate_rt":0.0,"m2_long_count_rt":0,"m2_density_rt":0.0,"m2_burst_max_rt":0.0,"m3_density_rt":0.0,"m_concurrent_rt":0.0,"total_long_sec":0.0,"long_active_sec":0.0,"long_hold_sec_mean":0.0,"long_hold_sec_max":0.0,"adv_hand_imb":0.0,"adv_rel_pressure_1beat":0.0,"adv_ln_hold_min_beats":0.0,"adv_ln_chord_big_rate":0.0,"adv_ln_scatter_cv":0.0},"stair":{"stair_index":0.031075697211155377,"stair_transitions":39,"eligible_transitions":1255},"peak":{"peak_local_max_density":12.0,"peak_local_max_density_per_sec":46.4,"peak_max_chord_size":7,"peak_concentration":0.32091188075405525,"total_notes":2281,"intervals":[[4800,5028],[6228,6600],[8028,8220],[9252,11208],[17628,17844],[18396,19368],[20268,20592]]},"jack":{"jack_pairs":203,"jack_in_stream_pairs":168,"jack_outside_pairs":35,"pure_jack_per_sec":1.1793754538852557,"flow_break_per_stream_sec":1.9034735364141393,"stream_seconds":88.25969827586202,"non_stream_seconds":29.67672413793109,"chart_seconds":117.93642241379311,"window_ticks":24,"min_region_sec":10.0},"distraction":{"mode_formulation":"DP","dp_distraction_per_sec":5.202049532743539,"dp_pair_count":103,"dp_chord_tier_pair_count":0,"dp_mean_time_distance_sec":0.19710411784398862,"scratch_chord_pair_count":0,"chord_time_threshold_sec":0.01667,"window_sec_min":0.2,"window_sec_max":0.8,"chart_seconds":117.93642241379311}},"warnings":[],"axis_intensities":{"chord":"red","stream":"red","peak":"red","scratch":"red","soft":null,"ln":null,"stair":"green","distraction":"red"},"tags":["jack_chart","flow_break","scratch_burst"],"scales":["★"]}