{"md5":"04a0afae2e165a4676c777d9bb9b55db","headers":{"title":"GIFT","artist":"Notorious(Nota & TRIAL)","genre":"THANKFUL","playlevel":"12","base_bpm":200.0},"mode":"DP","scope":"playable_only","scaling_mode":"p99_linear","params":{"stream_window_ticks":48,"stream_density_threshold_per_beat":4.0,"peak_window_ticks":192,"peak_min_window_notes":4,"felt_bpm_trigger_eff_bpm":500.0,"felt_bpm_trigger_peak_per_sec":200.0,"felt_bpm_target_peak_per_sec":100.0,"felt_bpm_floor":30.0,"jack_window_ticks":24,"soft_burst_ref":8.0,"soft_freq_ref":0.1,"soft_burst_exp":1.5,"soft_freq_exp":1.5,"chord_time_threshold_ms":16.67,"sp_distraction_min_scratches":3,"dp_distraction_window_sec_min":0.2,"dp_distraction_window_sec_max":0.8,"stream_density_ref_per_sec":28.0,"peak_density_ref_per_sec":50.0,"chord_size_ref":3.3,"ln_simultaneity_ref":0.18,"scratch_density_ref_per_sec":1.0,"scratch_ratio_ref":0.07,"distraction_density_ref":5.0,"distraction_event_ref":1.0,"dp_distraction_ref":6.0},"raw_axes":{"chord":1.564166666666667,"stream":17.605321695296574,"scratch":0.025906340779207383,"soft":0.0,"ln":0.09365687526607067,"stair":0.10453539823008849,"peak":30.833333333333332,"distraction":1.8933928024837186},"x_chord":0.502,"x_stream":0.552,"x_scratch":0.139,"x_soft":0.0,"x_ln":0.339,"x_stair":0.341,"x_peak":0.489,"x_distraction":0.16,"submetrics":{"chord":{"chord_rate":0.6066666666666667,"avg_chord_size":2.5782967032967035,"chord_positions":728,"total_positions":1200},"stream":{"stream_coverage":0.9514687100893997,"stream_density_mean":5.550993377483444,"stream_density_mean_per_sec":18.503311258278146,"stream_windows":47,"notes_in_stream":2235,"total_notes":2349,"intervals":[[156,239],[396,1871],[1884,2159],[2208,2315],[2400,2507],[2592,3695],[3732,3887],[3900,6635],[6660,6731],[6756,9071],[9108,9191],[9204,9431],[9456,9539],[9576,10607],[10620,11183],[11232,11375],[11412,11471],[11580,11663],[11676,11735],[11748,12023],[12048,12335],[12348,12575],[12588,12719],[12828,14339],[14352,15791],[15852,15983],[16020,16079],[16188,16271],[16284,16343],[16356,16727],[16800,17267],[17376,17519],[17556,17615],[17724,17807],[17820,17879],[17892,18167],[18204,18479],[18492,18851],[18936,19823],[19836,20375],[20448,21167],[21180,21551],[21564,21743],[21804,21935],[22020,22319],[22332,22703],[22716,23087]]},"scratch":{"scratch_ratio":0.04001702852277565,"scratch_positions_ratio":0.07833333333333334,"scratch_with_key_chord_rate":0.7659574468085106,"scratch_per_sec":0.6473829201101929,"scratch_burst_max_per_sec":12.0,"scratch_burst_window_sec":1.0,"scratch_notes":94,"scratch_positions":94,"total_notes":2349,"total_positions":1200,"chart_seconds":145.2},"soft":{"base_bpm":200.0,"intensity":0.0,"up_intensity":0.0,"down_intensity":0.0,"max_intensity":0.0,"max_up_intensity":0.0,"max_down_intensity":0.0,"step_frequency":0.0,"ramp_frequency":0.0,"continuity_beats":0.0,"off_base_note_ratio":0.0,"gimmick_burst_score":0.0,"max_off_base_density_per_beat":0.0,"base_mean_density_per_beat":4.847107438016529,"base_density_source":"on_base","distinct_off_base_bpm_count":0,"bpm_change_events":0,"measure_count":122},"ln":{"ln_ratio":0.037888463175819495,"ln_hold_time_mean_beats":1.2780898876404494,"ln_simultaneity_rate":0.05661983822903363,"ln_simultaneity_weighted":0.09365687526607067,"ln_count":89,"ln_positions":54,"total_notes":2349},"stair":{"stair_index":0.10453539823008849,"stair_transitions":189,"eligible_transitions":1808},"peak":{"peak_local_max_density":9.25,"peak_local_max_density_per_sec":30.833333333333332,"peak_max_chord_size":5,"peak_concentration":0.37845891868880377,"total_notes":2349,"intervals":[[1884,2159],[2712,3563],[5952,6623],[7164,7355],[7800,8159],[8796,8987],[10224,10487],[10908,11159],[12852,13583],[13596,14327],[18588,18815],[18876,19307],[19440,19799],[20112,20327],[20460,20951],[22416,22691],[22812,23051]]},"jack":{"jack_pairs":80,"jack_in_stream_pairs":75,"jack_outside_pairs":5,"pure_jack_per_sec":0.35273368606701844,"flow_break_per_stream_sec":0.5724098454493419,"stream_seconds":131.02499999999995,"non_stream_seconds":14.17500000000004,"chart_seconds":145.2,"window_ticks":24,"min_region_sec":10.0},"distraction":{"mode_formulation":"DP","dp_distraction_per_sec":1.8933928024837186,"dp_pair_count":66,"dp_chord_tier_pair_count":0,"dp_mean_time_distance_sec":0.2653409090909068,"scratch_chord_pair_count":0,"chord_time_threshold_sec":0.01667,"window_sec_min":0.2,"window_sec_max":0.8,"chart_seconds":145.2}},"warnings":["Unterminated LNOBJ LN on lane P1_SCR started at m120 pos0.75; closing at EOF","Unterminated LNOBJ LN on lane P2_SCR started at m121 pos0.0; closing at EOF","Unterminated LNOBJ LN on lane P2_KEY1 started at m120 pos0.75; closing at EOF","Unterminated LNOBJ LN on lane P1_KEY1 started at m121 pos0.0; closing at EOF","Unterminated LNOBJ LN on lane P1_KEY7 started at m121 pos0.0; closing at EOF","Unterminated LNOBJ LN on lane P1_KEY6 started at m119 pos0.0; closing at EOF","Unterminated LNOBJ LN on lane P2_KEY3 started at m118 pos0.875; closing at EOF","Unterminated LNOBJ LN on lane P1_KEY2 started at m118 pos0.875; closing at EOF","Unterminated LNOBJ LN on lane P1_KEY4 started at m119 pos0.5; closing at EOF","Unterminated LNOBJ LN on lane P1_KEY3 started at m120 pos0.0; closing at EOF","Unterminated LNOBJ LN on lane P1_KEY5 started at m120 pos0.5; closing at EOF","Unterminated LNOBJ LN on lane P2_KEY5 started at m120 pos0.25; closing at EOF","Unterminated LNOBJ LN on lane P2_KEY6 started at m120 pos0.75; closing at EOF"],"tags":["scratch_active","ln_chart","scratch_burst","fast_chart"],"scales":["DPsl"]}