{"md5":"8d37fd5fefd10d0852c74a7a67e68299","headers":{"title":"プラネット","artist":"あまつち探検隊","genre":"future pop","playlevel":"12","base_bpm":125.0},"mode":"DP","scope":"playable_only","scaling_mode":"p99_linear","params":{"stream_window_ticks":48,"stream_density_threshold_per_beat":4.0,"peak_window_ticks":192,"peak_min_window_notes":4,"peak_min_window_sec":0.05,"felt_bpm_trigger_eff_bpm":500.0,"felt_bpm_trigger_peak_per_sec":200.0,"felt_bpm_target_peak_per_sec":100.0,"felt_bpm_floor":30.0,"jack_window_ticks":24,"soft_burst_ref":8.0,"soft_freq_ref":0.1,"soft_burst_exp":1.5,"soft_freq_exp":1.5,"chord_time_threshold_ms":16.67,"sp_distraction_min_scratches":3,"dp_distraction_window_sec_min":0.2,"dp_distraction_window_sec_max":0.8,"stream_density_ref_per_sec":28.0,"peak_density_ref_per_sec":50.0,"chord_size_ref":3.3,"ln_simultaneity_ref":0.18,"scratch_density_ref_per_sec":1.0,"scratch_ratio_ref":0.07,"distraction_density_ref":5.0,"distraction_event_ref":1.0,"dp_distraction_ref":6.0},"raw_axes":{"chord":2.325925925925926,"stream":20.533438347998267,"scratch":0.0004481084178600243,"soft":0.0,"ln":0.01901565995525727,"stair":0.09561752988047809,"peak":36.458333333333336,"distraction":0.46737707982800925,"pure_jack_raw":0.07089684509039357,"flow_break_raw":0.26915113871635604},"x_chord":0.724,"x_stream":0.642,"x_scratch":0.002,"x_soft":0.0,"x_ln":0.069,"x_stair":0.302,"x_peak":0.629,"x_distraction":0.045,"jack_signal":0.218,"noise_budget":0.334,"submetrics":{"chord":{"chord_rate":0.677037037037037,"avg_chord_size":3.4354485776805253,"chord_positions":457,"total_positions":675},"stream":{"stream_coverage":0.9854586129753915,"stream_density_mean":10.00148588410104,"stream_density_mean_per_sec":20.8364289252105,"stream_windows":16,"notes_in_stream":1762,"total_notes":1788,"intervals":[[360,432],[540,612],[1140,1272],[1308,1500],[1524,1656],[1692,1884],[1908,2040],[2076,2268],[2292,2424],[2460,7224],[7284,7344],[7668,7728],[8436,8496],[8604,11952],[12060,12132],[12288,12336]]},"scratch":{"scratch_ratio":0.005592841163310962,"scratch_positions_ratio":0.014814814814814815,"scratch_with_key_chord_rate":0.4,"scratch_per_sec":0.08012178511337234,"scratch_burst_max_per_sec":1.0,"scratch_burst_window_sec":1.0,"scratch_notes":10,"scratch_positions":10,"total_notes":1788,"total_positions":675,"chart_seconds":124.80999999999999},"soft":{"base_bpm":125.0,"intensity":0.0,"up_intensity":0.0,"down_intensity":0.0,"max_intensity":0.0,"max_up_intensity":0.0,"max_down_intensity":0.0,"step_frequency":0.0,"ramp_frequency":0.0,"continuity_beats":0.0,"off_base_note_ratio":0.0,"gimmick_burst_score":0.0,"max_off_base_density_per_beat":0.0,"base_mean_density_per_beat":6.873076923076923,"base_density_source":"on_base","distinct_off_base_bpm_count":0,"bpm_change_events":0,"measure_count":66},"ln":{"ln_ratio":0.016778523489932886,"ln_hold_time_mean_beats":1.1097222222222223,"ln_simultaneity_rate":0.009507829977628635,"ln_simultaneity_weighted":0.01901565995525727,"ln_count":30,"ln_positions":27,"total_notes":1788},"stair":{"stair_index":0.09561752988047809,"stair_transitions":96,"eligible_transitions":1004},"peak":{"peak_local_max_density":17.5,"peak_local_max_density_per_sec":36.458333333333336,"peak_max_chord_size":8,"peak_concentration":0.39093959731543626,"total_notes":1788,"intervals":[[8796,9912],[10344,11484]]},"jack":{"jack_pairs":28,"jack_in_stream_pairs":26,"jack_outside_pairs":2,"pure_jack_per_sec":0.07089684509039357,"flow_break_per_stream_sec":0.26915113871635604,"stream_seconds":96.60000000000002,"non_stream_seconds":28.209999999999965,"chart_seconds":124.80999999999999,"window_ticks":24,"min_region_sec":10.0},"distraction":{"mode_formulation":"DP","dp_distraction_per_sec":0.46737707982800925,"dp_pair_count":12,"dp_chord_tier_pair_count":0,"dp_mean_time_distance_sec":0.2699999999999987,"scratch_chord_pair_count":0,"chord_time_threshold_sec":0.01667,"window_sec_min":0.2,"window_sec_max":0.8,"chart_seconds":124.80999999999999}},"warnings":["Unterminated LNOBJ LN on lane P1_KEY5 started at m62 pos0.03125; closing at EOF","Unterminated LNOBJ LN on lane P2_KEY1 started at m64 pos0.875; closing at EOF","Unterminated LNOBJ LN on lane P1_KEY2 started at m64 pos0.375; closing at EOF","Unterminated LNOBJ LN on lane P1_KEY4 started at m64 pos0.3125; closing at EOF","Unterminated LNOBJ LN on lane P2_KEY6 started at m64 pos0.5; closing at EOF","Unterminated LNOBJ LN on lane P2_SCR started at m64 pos0.0; closing at EOF","Unterminated LNOBJ LN on lane P1_SCR started at m65 pos0.0; closing at EOF","Unterminated LNOBJ LN on lane P1_KEY7 started at m64 pos0.0; closing at EOF","Unterminated LNOBJ LN on lane P2_KEY3 started at m62 pos0.99479167; closing at EOF","Unterminated LNOBJ LN on lane P1_KEY6 started at m64 pos0.125; closing at EOF","Unterminated LNOBJ LN on lane P2_KEY4 started at m64 pos0.625; closing at EOF","Unterminated LNOBJ LN on lane P2_KEY2 started at m64 pos0.8125; closing at EOF","Unterminated LNOBJ LN on lane P2_KEY5 started at m62 pos0.96875; closing at EOF","Unterminated LNOBJ LN on lane P2_KEY7 started at m62 pos0.9375; closing at EOF","Unterminated LNOBJ LN on lane P1_KEY1 started at m62 pos0.0; closing at EOF","Unterminated LNOBJ LN on lane P1_KEY3 started at m62 pos0.015625; closing at EOF"],"tags":["chord_heavy","big_chord_burst"],"scales":["DPsl"]}