{"md5":"a8a81a1b5db759872b8d19936f2f6b09","headers":{"title":"愛と煩悩と輪廻と常識の極彩世界 [DP ANOTHER]","artist":"sound piercer feat.Ritsu","genre":"Progressive Fantasia","playlevel":"13","base_bpm":274.0},"mode":"DP","scope":"playable_only","scaling_mode":"p99_linear","params":{"stream_window_ticks":48,"stream_density_threshold_per_beat":4.0,"peak_window_ticks":192,"peak_min_window_notes":4,"peak_min_window_sec":0.05,"felt_bpm_trigger_eff_bpm":500.0,"felt_bpm_trigger_peak_per_sec":200.0,"felt_bpm_target_peak_per_sec":100.0,"felt_bpm_floor":30.0,"jack_window_ticks":24,"soft_burst_ref":8.0,"soft_freq_ref":0.1,"soft_burst_exp":1.5,"soft_freq_exp":1.5,"chord_time_threshold_ms":16.67,"sp_distraction_min_scratches":3,"dp_distraction_window_sec_min":0.2,"dp_distraction_window_sec_max":0.8,"stream_density_ref_per_sec":28.0,"peak_density_ref_per_sec":50.0,"chord_size_ref":3.3,"ln_simultaneity_ref":0.18,"scratch_density_ref_per_sec":1.0,"scratch_ratio_ref":0.07,"distraction_density_ref":5.0,"distraction_event_ref":1.0,"dp_distraction_ref":6.0},"raw_axes":{"chord":1.609205776173285,"stream":19.456451337663648,"scratch":0.027624086790063118,"soft":0.0,"ln":0.10519247985675918,"stair":0.20224019912881144,"peak":33.108333333333334,"distraction":4.471612136468388},"x_chord":0.516,"x_stream":0.628,"x_scratch":0.148,"x_soft":0.0,"x_ln":0.381,"x_stair":0.659,"x_peak":0.589,"x_distraction":0.427,"submetrics":{"chord":{"chord_rate":0.5929602888086642,"avg_chord_size":2.713850837138508,"chord_positions":657,"total_positions":1108},"stream":{"stream_coverage":0.8491495076096688,"stream_density_mean":5.017416545718432,"stream_density_mean_per_sec":22.912868892114172,"stream_windows":67,"notes_in_stream":1897,"total_notes":2234,"intervals":[[1644,2328],[2352,3888],[3996,4080],[4716,5232],[5436,5568],[5724,5928],[6276,6336],[6684,7344],[7380,7440],[7476,7776],[7836,8496],[8508,8760],[8808,8952],[9180,9240],[9252,9624],[9756,9840],[9852,9912],[9924,9984],[10140,10224],[10236,10296],[10524,10608],[10632,10968],[10980,11064],[11076,11160],[11172,11256],[11340,11544],[11556,12096],[12108,12192],[12204,12336],[12468,13272],[13788,13896],[14028,14112],[14124,14208],[14220,14304],[14316,14496],[14508,14592],[14604,15504],[15660,15744],[15756,15840],[15852,16560],[16620,16704],[16740,16872],[16884,17088],[17100,17640],[17808,17892],[18108,20256],[20268,20352],[20532,21144],[21276,21480],[21492,21576],[21588,22680],[22716,22896],[22980,23064],[23196,23280],[23364,23448],[23676,23760],[23868,23952],[24012,25152],[25164,25248],[25356,25728],[26664,26736],[27036,27192],[27336,27696],[28068,28248],[28308,29568],[29724,29808],[30684,30768]]},"scratch":{"scratch_ratio":0.04162936436884512,"scratch_positions_ratio":0.08393501805054152,"scratch_with_key_chord_rate":0.8924731182795699,"scratch_per_sec":0.6635721493440968,"scratch_burst_max_per_sec":5.0,"scratch_burst_window_sec":1.0,"scratch_notes":93,"scratch_positions":93,"total_notes":2234,"total_positions":1108,"chart_seconds":140.15054744525548},"soft":{"base_bpm":274.0,"intensity":0.0,"up_intensity":0.0,"down_intensity":0.0,"max_intensity":0.0,"max_up_intensity":0.0,"max_down_intensity":0.0,"step_frequency":0.0,"ramp_frequency":0.0,"continuity_beats":0.0,"off_base_note_ratio":0.0,"gimmick_burst_score":0.0,"max_off_base_density_per_beat":0.0,"base_mean_density_per_beat":3.4796875,"base_density_source":"on_base","distinct_off_base_bpm_count":0,"bpm_change_events":0,"measure_count":161},"ln":{"ln_ratio":0.02685765443151298,"ln_hold_time_mean_beats":1.7236111111111112,"ln_simultaneity_rate":0.10519247985675918,"ln_simultaneity_weighted":0.10519247985675918,"ln_count":60,"ln_positions":49,"total_notes":2234},"stair":{"stair_index":0.20224019912881144,"stair_transitions":325,"eligible_transitions":1607},"peak":{"peak_local_max_density":7.25,"peak_local_max_density_per_sec":33.108333333333334,"peak_max_chord_size":7,"peak_concentration":0.3437779767233662,"total_notes":2234,"intervals":[[1716,1908],[2388,3192],[3456,3828],[6708,7368],[7860,8280],[10620,10908],[12444,13272],[15180,15504],[16140,16380],[18708,19056],[19488,19680],[21300,21504],[21876,22104],[22716,22920],[24180,24468],[27324,27732],[28308,28728],[29196,29568]]},"jack":{"jack_pairs":29,"jack_in_stream_pairs":26,"jack_outside_pairs":3,"pure_jack_per_sec":0.06447058823529411,"flow_break_per_stream_sec":0.2777252570537498,"stream_seconds":93.61770072992701,"non_stream_seconds":46.532846715328475,"chart_seconds":140.15054744525548,"window_ticks":24,"min_region_sec":10.0},"distraction":{"mode_formulation":"DP","dp_distraction_per_sec":4.471612136468388,"dp_pair_count":84,"dp_chord_tier_pair_count":0,"dp_mean_time_distance_sec":0.15532672923183585,"scratch_chord_pair_count":0,"chord_time_threshold_sec":0.01667,"window_sec_min":0.2,"window_sec_max":0.8,"chart_seconds":140.15054744525548}},"warnings":["Unterminated LNOBJ LN on lane P2_SCR started at m155 pos0.0; closing at EOF","Unterminated LNOBJ LN on lane P1_KEY1 started at m160 pos0.0; closing at EOF","Unterminated LNOBJ LN on lane P1_SCR started at m152 pos0.75; closing at EOF","Unterminated LNOBJ LN on lane P1_KEY2 started at m155 pos0.0; closing at EOF","Unterminated LNOBJ LN on lane P1_KEY6 started at m153 pos0.375; closing at EOF","Unterminated LNOBJ LN on lane P1_KEY5 started at m160 pos0.0; closing at EOF","Unterminated LNOBJ LN on lane P1_KEY3 started at m160 pos0.0; closing at EOF","Unterminated LNOBJ LN on lane P1_KEY4 started at m155 pos0.0; closing at EOF","Unterminated LNOBJ LN on lane P1_KEY7 started at m160 pos0.0; closing at EOF","Unterminated LNOBJ LN on lane P2_KEY7 started at m152 pos0.75; closing at EOF","Unterminated LNOBJ LN on lane P2_KEY1 started at m152 pos0.5; closing at EOF","Unterminated LNOBJ LN on lane P2_KEY2 started at m160 pos0.0; closing at EOF","Unterminated LNOBJ LN on lane P2_KEY4 started at m160 pos0.0; closing at EOF","Unterminated LNOBJ LN on lane P2_KEY5 started at m152 pos0.75; closing at EOF","Unterminated LNOBJ LN on lane P2_KEY3 started at m152 pos0.75; closing at EOF","Unterminated LNOBJ LN on lane P2_KEY6 started at m160 pos0.0; closing at EOF"],"tags":["scratch_active","ln_chart","stair_focused","distraction_heavy","fast_chart"],"scales":["★★"]}