{"md5":"1706ce9300f42a8989e68f8124076bda","headers":{"title":"Fanciful False -DP HYPER-","artist":"Is-m/steelyvibe","genre":"DRUM'N'BASS","playlevel":"11","base_bpm":170.0},"mode":"DP","scope":"playable_only","scaling_mode":"p99_linear","params":{"stream_window_ticks":48,"stream_density_threshold_per_beat":4.0,"peak_window_ticks":192,"peak_min_window_notes":4,"felt_bpm_trigger_eff_bpm":500.0,"felt_bpm_trigger_peak_per_sec":200.0,"felt_bpm_target_peak_per_sec":100.0,"felt_bpm_floor":30.0,"jack_window_ticks":24,"soft_burst_ref":8.0,"soft_freq_ref":0.1,"soft_burst_exp":1.5,"soft_freq_exp":1.5,"chord_time_threshold_ms":16.67,"sp_distraction_min_scratches":3,"dp_distraction_window_sec_min":0.2,"dp_distraction_window_sec_max":0.8,"stream_density_ref_per_sec":28.0,"peak_density_ref_per_sec":50.0,"chord_size_ref":3.3,"ln_simultaneity_ref":0.18,"scratch_density_ref_per_sec":1.0,"scratch_ratio_ref":0.07,"distraction_density_ref":5.0,"distraction_event_ref":1.0,"dp_distraction_ref":6.0},"raw_axes":{"chord":0.6480908152734778,"stream":13.655125326358204,"scratch":0.0020818804959774123,"soft":0.0,"ln":0.0015444015444015444,"stair":0.02557544757033248,"peak":21.25,"distraction":0.1560535782268541},"x_chord":0.208,"x_stream":0.428,"x_scratch":0.011,"x_soft":0.0,"x_ln":0.006,"x_stair":0.083,"x_peak":0.337,"x_distraction":0.013,"submetrics":{"chord":{"chord_rate":0.31166150670794635,"avg_chord_size":2.0794701986754967,"chord_positions":302,"total_positions":969},"stream":{"stream_coverage":0.9127413127413128,"stream_density_mean":5.280199252801992,"stream_density_mean_per_sec":14.960564549605646,"stream_windows":26,"notes_in_stream":1182,"total_notes":1295,"intervals":[[240,311],[324,407],[516,611],[624,791],[840,983],[1008,1187],[1272,1379],[1392,1571],[1632,1739],[1920,2039],[2412,2459],[2652,2891],[3180,3227],[3432,4439],[4680,4847],[4956,5195],[5484,5531],[5736,6719],[7020,8663],[8916,10595],[10752,10871],[10944,11747],[12012,12059],[12264,13355],[13368,13703],[13752,15575]]},"scratch":{"scratch_ratio":0.013899613899613899,"scratch_positions_ratio":0.018575851393188854,"scratch_with_key_chord_rate":0.6111111111111112,"scratch_per_sec":0.14977973568281938,"scratch_burst_max_per_sec":9.0,"scratch_burst_window_sec":1.0,"scratch_notes":18,"scratch_positions":18,"total_notes":1295,"total_positions":969,"chart_seconds":120.17647058823529},"soft":{"base_bpm":170.0,"intensity":0.0,"up_intensity":0.0,"down_intensity":0.0,"max_intensity":0.0,"max_up_intensity":0.0,"max_down_intensity":0.0,"step_frequency":0.0,"ramp_frequency":0.0,"continuity_beats":0.0,"off_base_note_ratio":0.0,"gimmick_burst_score":0.0,"max_off_base_density_per_beat":0.0,"base_mean_density_per_beat":3.8002936857562406,"base_density_source":"on_base","distinct_off_base_bpm_count":0,"bpm_change_events":0,"measure_count":86},"ln":{"ln_ratio":0.018532818532818532,"ln_hold_time_mean_beats":1.15625,"ln_simultaneity_rate":0.0007722007722007722,"ln_simultaneity_weighted":0.0015444015444015444,"ln_count":24,"ln_positions":21,"total_notes":1295},"stair":{"stair_index":0.02557544757033248,"stair_transitions":30,"eligible_transitions":1173},"peak":{"peak_local_max_density":7.5,"peak_local_max_density_per_sec":21.25,"peak_max_chord_size":4,"peak_concentration":0.2864864864864865,"total_notes":1295,"intervals":[[9216,9635],[9948,10547],[11520,11747],[13380,13571],[13752,14111],[14436,15539]]},"jack":{"jack_pairs":43,"jack_in_stream_pairs":43,"jack_outside_pairs":0,"pure_jack_per_sec":0.0,"flow_break_per_stream_sec":0.5044858523119395,"stream_seconds":85.23529411764702,"non_stream_seconds":34.941176470588275,"chart_seconds":120.17647058823529,"window_ticks":24,"min_region_sec":10.0},"distraction":{"mode_formulation":"DP","dp_distraction_per_sec":0.1560535782268541,"dp_pair_count":6,"dp_chord_tier_pair_count":0,"dp_mean_time_distance_sec":0.32352941176470296,"scratch_chord_pair_count":0,"chord_time_threshold_sec":0.01667,"window_sec_min":0.2,"window_sec_max":0.8,"chart_seconds":120.17647058823529}},"warnings":["Unterminated LNOBJ LN on lane P1_KEY3 started at m84 pos0.5; closing at EOF","Unterminated LNOBJ LN on lane P1_KEY5 started at m80 pos0.125; closing at EOF","Unterminated LNOBJ LN on lane P1_KEY7 started at m80 pos0.1875; closing at EOF","Unterminated LNOBJ LN on lane P2_KEY3 started at m84 pos0.375; closing at EOF","Unterminated LNOBJ LN on lane P2_KEY5 started at m85 pos0.09375; closing at EOF","Unterminated LNOBJ LN on lane P2_KEY1 started at m80 pos0.625; closing at EOF","Unterminated LNOBJ LN on lane P1_KEY1 started at m84 pos0.0; closing at EOF","Unterminated LNOBJ LN on lane P2_KEY7 started at m80 pos0.8125; closing at EOF","Unterminated LNOBJ LN on lane P2_KEY6 started at m85 pos0.125; closing at EOF","Unterminated LNOBJ LN on lane P1_KEY6 started at m82 pos0.625; closing at EOF","Unterminated LNOBJ LN on lane P1_KEY2 started at m84 pos0.25; closing at EOF","Unterminated LNOBJ LN on lane P2_KEY2 started at m84 pos0.125; closing at EOF","Unterminated LNOBJ LN on lane P1_KEY4 started at m80 pos0.8125; closing at EOF","Unterminated LNOBJ LN on lane P2_KEY4 started at m84 pos0.625; closing at EOF","Unterminated LNOBJ LN on lane P1_SCR started at m81 pos0.0; closing at EOF"],"tags":[],"scales":["DPsl"]}