{"md5":"ce8c05ca35de4b2816e34e34757eac44","headers":{"title":"soda ocean","artist":"maki","genre":"synth beat","playlevel":"12","base_bpm":128.0},"mode":"DP","scope":"playable_only","scaling_mode":"reference","params":{"stream_window_ticks":48,"stream_density_threshold_per_beat":4.0,"peak_window_ticks":192,"jack_window_ticks":24,"soft_burst_ref":8.0,"soft_freq_ref":0.1,"soft_burst_exp":1.5,"soft_freq_exp":1.5,"chord_time_threshold_ms":16.67,"sp_distraction_min_scratches":3,"dp_distraction_window_sec_min":0.2,"dp_distraction_window_sec_max":0.8,"stream_density_ref_per_sec":28.0,"peak_density_ref_per_sec":50.0,"chord_size_ref":3.3,"ln_simultaneity_ref":0.18,"scratch_density_ref_per_sec":1.0,"scratch_ratio_ref":0.07,"distraction_density_ref":5.0,"distraction_event_ref":1.0,"dp_distraction_ref":6.0},"x_chord":0.439204808136847,"x_stream":0.42706606001968916,"x_scratch":0.008229602509348632,"x_soft":0.0,"x_ln":0.0,"x_stair":0.12708719851576994,"x_peak":0.3413333333333333,"x_distraction":0.03199512269471117,"submetrics":{"chord":{"chord_rate":0.5312066574202496,"avg_chord_size":2.7284595300261096,"chord_positions":383,"total_positions":721},"stream":{"stream_coverage":0.9125090383224873,"stream_density_mean":6.142670157068062,"stream_density_mean_per_sec":13.1043630017452,"stream_windows":30,"notes_in_stream":1262,"total_notes":1383,"intervals":[[1524,1619],[1716,1859],[1908,2003],[2028,2087],[2100,2267],[2292,2387],[2484,2627],[2676,2771],[2796,2855],[2868,3155],[3180,3239],[3252,3431],[3444,3539],[3564,3923],[3948,4007],[4020,4199],[4212,4307],[4332,4547],[4560,4751],[4764,5135],[5148,5519],[5532,5903],[5916,9263],[9276,9359],[10896,10979],[11280,11351],[11628,11675],[12060,12119],[12240,12335],[12396,15479]]},"scratch":{"scratch_ratio":0.007953723788864787,"scratch_positions_ratio":0.015256588072122053,"scratch_with_key_chord_rate":0.45454545454545453,"scratch_per_sec":0.07242798353909465,"scratch_burst_max_per_sec":2.0,"scratch_burst_window_sec":1.0,"scratch_notes":11,"scratch_positions":11,"total_notes":1383,"total_positions":721,"chart_seconds":151.875},"soft":{"base_bpm":128.0,"intensity":0.0,"up_intensity":0.0,"down_intensity":0.0,"max_intensity":0.0,"max_up_intensity":0.0,"max_down_intensity":0.0,"step_frequency":0.0,"ramp_frequency":0.0,"continuity_beats":0.0,"off_base_note_ratio":0.0,"gimmick_burst_score":0.0,"max_off_base_density_per_beat":0.0,"base_mean_density_per_beat":4.265432098765432,"base_density_source":"on_base","distinct_off_base_bpm_count":0,"bpm_change_events":0,"measure_count":82},"ln":{"ln_ratio":0.0,"ln_hold_time_mean_beats":0.0,"ln_simultaneity_rate":0.0,"ln_simultaneity_weighted":0.0,"ln_count":0,"ln_positions":0,"total_notes":1383},"stair":{"stair_index":0.12708719851576994,"stair_transitions":137,"eligible_transitions":1078},"peak":{"peak_local_max_density":8.0,"peak_local_max_density_per_sec":17.066666666666666,"peak_max_chord_size":6,"peak_concentration":0.3680404916847433,"total_notes":1383,"intervals":[[8820,9263],[12444,12767],[12804,14303],[14340,15467]]},"jack":{"jack_pairs":15,"jack_in_stream_pairs":12,"jack_outside_pairs":3,"pure_jack_per_sec":0.0630541871921182,"flow_break_per_stream_sec":0.11505617977528093,"stream_seconds":104.29687499999997,"non_stream_seconds":47.57812500000003,"chart_seconds":151.875,"window_ticks":24,"min_region_sec":10.0},"distraction":{"mode_formulation":"DP","dp_distraction_per_sec":0.19197073616826704,"dp_pair_count":7,"dp_chord_tier_pair_count":0,"dp_mean_time_distance_sec":0.2845982142857143,"scratch_chord_pair_count":0,"chord_time_threshold_sec":0.01667,"window_sec_min":0.2,"window_sec_max":0.8,"chart_seconds":151.875}},"warnings":[],"tags":[],"scales":["DPsl"]}