{"md5":"5b911957a5f920ef8871599ced312872","headers":{"title":"Crystal palace  [14Plus]","artist":"SHIKI obj.vectorla","genre":"TRANCE CORE","playlevel":"12","base_bpm":184.0},"mode":"DP","scope":"playable_only","scaling_mode":"reference","params":{"stream_window_ticks":48,"stream_density_threshold_per_beat":4.0,"peak_window_ticks":192,"jack_window_ticks":24,"soft_burst_ref":8.0,"soft_freq_ref":0.1,"soft_burst_exp":1.5,"soft_freq_exp":1.5,"stream_density_ref_per_sec":28.0,"peak_density_ref_per_sec":50.0,"chord_size_ref":3.3,"ln_simultaneity_ref":0.18},"x_chord":0.5219036435398116,"x_stream":0.6471461672273464,"x_scratch":0.013245033112582781,"x_soft":0.00044798686033756247,"x_ln":0.0,"x_stair":0.12039660056657224,"x_peak":0.5213333333333333,"x_jack":0.016288951841359773,"submetrics":{"chord":{"chord_rate":0.6092572658772875,"avg_chord_size":2.8268551236749118,"chord_positions":566,"total_positions":929},"stream":{"stream_coverage":0.9582272032603159,"stream_density_mean":6.233446519524618,"stream_density_mean_per_sec":18.91001697792869,"stream_windows":25,"notes_in_stream":1881,"total_notes":1963},"scratch":{"scratch_ratio":0.013245033112582781,"scratch_positions_ratio":0.02798708288482239,"scratch_with_key_chord_rate":0.9615384615384616,"scratch_notes":26,"scratch_positions":26,"total_notes":1963,"total_positions":929},"soft":{"base_bpm":184.0,"intensity":0.0122372588540167,"up_intensity":0.0,"down_intensity":0.0122372588540167,"max_intensity":0.3695652173913043,"max_up_intensity":0.0,"max_down_intensity":0.3695652173913043,"step_frequency":0.021505376344086023,"ramp_frequency":0.021505376344086023,"continuity_beats":24.0,"off_base_note_ratio":0.033112582781456956,"gimmick_burst_score":0.2177976171446198,"max_off_base_density_per_beat":2.7083333333333335,"base_mean_density_per_beat":5.508720930232558,"base_density_source":"on_base","distinct_off_base_bpm_count":1,"bpm_change_events":2,"measure_count":93},"ln":{"ln_ratio":0.009169638308711156,"ln_hold_time_mean_beats":0.4305555555555556,"ln_simultaneity_rate":0.0,"ln_simultaneity_weighted":0.0,"ln_count":18,"ln_positions":10,"total_notes":1963},"stair":{"stair_index":0.12039660056657224,"stair_transitions":170,"eligible_transitions":1412},"peak":{"peak_local_max_density":8.5,"peak_local_max_density_per_sec":26.066666666666666,"peak_max_chord_size":5,"peak_concentration":0.3469179826795721,"total_notes":1963},"jack":{"jack_ratio":0.016288951841359773,"jack_transitions":23,"all_transitions":1412}},"warnings":["Unterminated LNOBJ LN on lane P2_KEY4 started at m91 pos0.6875; closing at EOF","Unterminated LNOBJ LN on lane P2_KEY5 started at m91 pos0.625; closing at EOF","Unterminated LNOBJ LN on lane P1_KEY5 started at m91 pos0.875; closing at EOF","Unterminated LNOBJ LN on lane P2_KEY7 started at m92 pos0.0; closing at EOF","Unterminated LNOBJ LN on lane P1_KEY6 started at m91 pos0.6875; closing at EOF","Unterminated LNOBJ LN on lane P1_KEY7 started at m91 pos0.9375; closing at EOF","Unterminated LNOBJ LN on lane P1_KEY4 started at m91 pos0.625; closing at EOF","Unterminated LNOBJ LN on lane P1_KEY3 started at m91 pos0.8125; closing at EOF","Unterminated LNOBJ LN on lane P2_KEY3 started at m91 pos0.9375; closing at EOF","Unterminated LNOBJ LN on lane P1_KEY2 started at m90 pos0.125; closing at EOF","Unterminated LNOBJ LN on lane P1_KEY1 started at m91 pos0.75; closing at EOF","Unterminated LNOBJ LN on lane P2_KEY1 started at m92 pos0.0; closing at EOF","Unterminated LNOBJ LN on lane P1_SCR started at m92 pos0.0; closing at EOF","Unterminated LNOBJ LN on lane P2_SCR started at m85 pos0.0; closing at EOF","Unterminated LNOBJ LN on lane P2_KEY2 started at m91 pos0.8125; closing at EOF","Unterminated LNOBJ LN on lane P2_KEY6 started at m91 pos0.875; closing at EOF"],"tags":[],"scales":["★"]}