{"md5":"687e8ca0a91fde8e3ea5c9e25cc7bbe2","headers":{"title":"Encrux [Enjoy]","artist":"Sobrem / obj:Hador","genre":"Story","playlevel":"17","base_bpm":162.0},"mode":"DP","scope":"playable_only","scaling_mode":"p99_linear","params":{"stream_window_ticks":48,"stream_density_threshold_per_beat":4.0,"peak_window_ticks":192,"peak_min_window_notes":4,"peak_min_window_sec":0.05,"felt_bpm_trigger_eff_bpm":500.0,"felt_bpm_trigger_peak_per_sec":200.0,"felt_bpm_target_peak_per_sec":100.0,"felt_bpm_floor":30.0,"jack_window_ticks":24,"soft_burst_ref":8.0,"soft_freq_ref":0.1,"soft_burst_exp":1.5,"soft_freq_exp":1.5,"chord_time_threshold_ms":16.67,"sp_distraction_min_scratches":3,"sp_distraction_bin_sec":0.25,"sp_distraction_t_key":2,"sp_distraction_gap_bins":2,"dp_distraction_window_sec_min":0.2,"dp_distraction_window_sec_max":0.8,"stream_density_ref_per_sec":28.0,"peak_density_ref_per_sec":50.0,"chord_size_ref":3.3,"ln_simultaneity_ref":0.18,"scratch_density_ref_per_sec":1.0,"scratch_ratio_ref":0.07,"distraction_density_ref":5.0,"distraction_event_ref":1.0,"dp_distraction_ref":6.0},"raw_axes":{"chord":1.6969981238273921,"stream":23.273461361708147,"scratch_per_sec":0.2049071851027698,"scratch_burst_max_per_sec":5.0,"scratch_max_run_sec":0.5555555555555429,"soft":0.0,"stair":0.1704697986577181,"peak":38.475,"ln_m1_short_rate_rt":0.005901044030866999,"ln_m2_density_rt":75.00659340659338,"ln_m2_burst_max_rt":380.0,"ln_m3_density_rt":75.00659340659338,"ln_m_concurrent_rt":0.43835616438356206,"adv_hand_imb":0.02702702702702703,"adv_rel_pressure_1beat":0.7027027027027027,"adv_ln_hold_min_beats":0.061848958333333336,"adv_ln_chord_big_rate":0.030303030303030304,"adv_ln_scatter_cv":2.1354208390788334,"distraction":0.7240053873631216},"x_chord":0.528,"x_stream":0.728,"x_scratch":0.168,"x_soft":0.0,"x_ln":0.901,"x_stair":0.525,"x_peak":0.663,"x_distraction":0.069,"ln_advanced_score":0.717,"submetrics":{"chord":{"chord_rate":0.6303939962476548,"avg_chord_size":2.6919642857142856,"chord_positions":672,"total_positions":1066},"stream":{"stream_coverage":0.9774816176470589,"stream_density_mean":8.818376068376068,"stream_density_mean_per_sec":23.809615384615384,"stream_windows":28,"notes_in_stream":2127,"total_notes":2176,"intervals":[[1116,1188],[1488,1560],[1632,1680],[1884,1944],[2280,2340],[2580,2856],[3036,3240],[3420,3624],[3828,4008],[4116,5592],[5724,8820],[9168,9216],[9228,9408],[9420,9696],[9708,10176],[10188,10368],[10380,10464],[10476,12072],[12204,12288],[12348,12432],[12588,12672],[12732,12816],[12972,13056],[13116,13200],[13356,13440],[13500,13584],[13740,16848],[16992,17088]]},"scratch":{"scratch_ratio":0.012256014525646845,"scratch_positions_ratio":0.025328330206378986,"scratch_with_key_chord_rate":0.48148148148148145,"scratch_per_sec":0.2049071851027698,"scratch_burst_max_per_sec":5.0,"scratch_burst_window_sec":1.0,"scratch_max_run_sec":0.5555555555555429,"ls_count":2,"ls_per_sec":0.015178310007612578,"ls_complexity_mean":0.5,"scratch_notes":27,"scratch_positions":27,"total_notes":2203,"total_positions":1066,"chart_seconds":131.76697530864197},"soft":{"base_bpm":162.0,"intensity":0.0,"up_intensity":0.0,"down_intensity":0.0,"max_intensity":0.0,"max_up_intensity":0.0,"max_down_intensity":0.0,"step_frequency":0.0,"ramp_frequency":0.0,"continuity_beats":0.0,"off_base_note_ratio":0.0,"gimmick_burst_score":0.0,"max_off_base_density_per_beat":0.0,"base_mean_density_per_beat":6.189739985945186,"base_density_source":"on_base","distinct_off_base_bpm_count":0,"bpm_change_events":0,"measure_count":227},"ln":{"ln_ratio":0.016795279164775308,"ln_hold_time_mean_beats":2.327685106981982,"ln_simultaneity_rate":0.05220154334997731,"ln_simultaneity_weighted":0.05855651384475715,"ln_count":37,"ln_count_raw":37,"ln_positions":33,"total_notes":2203,"m1_short_count_rt":13,"m1_short_rate_rt":0.005901044030866999,"m2_long_count_rt":24,"m2_density_rt":75.00659340659338,"m2_burst_max_rt":380.0,"m3_density_rt":75.00659340659338,"m_concurrent_rt":0.43835616438356206,"total_long_sec":31.597222222222236,"long_active_sec":21.967592592592595,"long_hold_sec_mean":1.3165509259259265,"long_hold_sec_max":6.3657407407407405,"adv_hand_imb":0.02702702702702703,"adv_rel_pressure_1beat":0.7027027027027027,"adv_ln_hold_min_beats":0.061848958333333336,"adv_ln_chord_big_rate":0.030303030303030304,"adv_ln_scatter_cv":2.1354208390788334},"stair":{"stair_index":0.1704697986577181,"stair_transitions":254,"eligible_transitions":1490},"peak":{"peak_local_max_density":14.25,"peak_local_max_density_per_sec":38.475,"peak_max_chord_size":5,"peak_concentration":0.30974264705882354,"total_notes":2176,"intervals":[[7296,7632],[7680,8016],[8064,8400],[15300,16848]]},"jack":{"jack_pairs":31,"jack_in_stream_pairs":25,"jack_outside_pairs":6,"pure_jack_per_sec":0.1678756476683934,"flow_break_per_stream_sec":0.260345520289273,"stream_seconds":96.02623456790116,"non_stream_seconds":35.74074074074082,"chart_seconds":131.76697530864197,"window_ticks":24,"min_region_sec":10.0},"distraction":{"mode_formulation":"DP","dp_distraction_per_sec":0.7240053873631216,"dp_pair_count":28,"dp_chord_tier_pair_count":0,"dp_mean_time_distance_sec":0.3141534391534369,"scratch_chord_pair_count":0,"chord_time_threshold_sec":0.01667,"window_sec_min":0.2,"window_sec_max":0.8,"chart_seconds":131.76697530864197}},"warnings":[],"axis_intensities":{"chord":"yellow","stream":"red","peak":"red","scratch":"yellow","soft":null,"ln":"red","stair":"red","distraction":"yellow"},"tags":[],"scales":["★★"]}