{"md5":"2844ef63f36c4d9026de0f3514508c94","headers":{"title":"Shock Waltz -DP ANOTHER-","artist":"Is-m","genre":"HARD CORE","playlevel":"12","base_bpm":178.0},"mode":"DP","scope":"playable_only","scaling_mode":"p99_linear","params":{"stream_window_ticks":48,"stream_density_threshold_per_beat":4.0,"peak_window_ticks":192,"peak_min_window_notes":4,"peak_min_window_sec":0.05,"felt_bpm_trigger_eff_bpm":500.0,"felt_bpm_trigger_peak_per_sec":200.0,"felt_bpm_target_peak_per_sec":100.0,"felt_bpm_floor":30.0,"jack_window_ticks":24,"soft_burst_ref":8.0,"soft_freq_ref":0.1,"soft_burst_exp":1.5,"soft_freq_exp":1.5,"chord_time_threshold_ms":16.67,"sp_distraction_min_scratches":3,"dp_distraction_window_sec_min":0.2,"dp_distraction_window_sec_max":0.8,"stream_density_ref_per_sec":28.0,"peak_density_ref_per_sec":50.0,"chord_size_ref":3.3,"ln_simultaneity_ref":0.18,"scratch_density_ref_per_sec":1.0,"scratch_ratio_ref":0.07,"distraction_density_ref":5.0,"distraction_event_ref":1.0,"dp_distraction_ref":6.0},"raw_axes":{"chord":1.1218323586744638,"stream":13.995562370313216,"scratch":0.015105506166059574,"soft":0.0,"stair":0.08258154059680778,"peak":27.441666666666666,"ln_m1_short_rate_rt":0.0,"ln_m2_density_rt":0.0,"ln_m2_burst_max_rt":0.0,"ln_m3_density_rt":0.0,"ln_m_concurrent_rt":0.0,"adv_hand_imb":0.0,"adv_rel_pressure_1beat":0.0,"adv_ln_hold_min_beats":0.0,"adv_ln_chord_big_rate":0.0,"adv_ln_scatter_cv":0.0,"distraction":3.040878145938458},"x_chord":0.349,"x_stream":0.438,"x_scratch":0.081,"x_soft":0.0,"x_ln":0.0,"x_stair":0.259,"x_peak":0.473,"x_distraction":0.29,"ln_advanced_score":0.0,"submetrics":{"chord":{"chord_rate":0.4580896686159844,"avg_chord_size":2.448936170212766,"chord_positions":470,"total_positions":1026},"stream":{"stream_coverage":0.8652606912712361,"stream_density_mean":5.4522357723577235,"stream_density_mean_per_sec":16.174966124661246,"stream_windows":65,"notes_in_stream":1477,"total_notes":1707,"intervals":[[1128,1344],[1404,1464],[1476,1620],[1692,1752],[1764,1908],[1980,2040],[2052,2196],[2268,2484],[2496,2592],[2628,2772],[2820,2868],[2940,3060],[3132,3192],[3204,3348],[3420,3660],[3696,3972],[3984,4212],[4260,4344],[4380,4500],[4548,4812],[4848,5124],[5136,5364],[5412,5496],[5532,5652],[5700,9408],[9468,9552],[9612,9696],[9732,9840],[9888,9984],[10044,10128],[10188,10272],[10308,10548],[10716,10776],[10956,11112],[11292,11352],[11484,11700],[11724,11832],[12060,12144],[12156,12288],[12300,12408],[12636,12852],[12876,13008],[13068,13152],[13212,13440],[13452,13560],[13788,13992],[14076,14136],[14364,14448],[14460,14592],[14652,14712],[14940,15156],[15228,15312],[15372,15456],[15516,15600],[15612,15744],[15756,15888],[15900,16032],[16044,16320],[16380,16440],[16452,16608],[16668,16728],[16740,16896],[16956,17016],[17028,17184],[17256,19920]]},"scratch":{"scratch_ratio":0.0351493848857645,"scratch_positions_ratio":0.057504873294346975,"scratch_with_key_chord_rate":0.7627118644067796,"scratch_per_sec":0.42975165042439484,"scratch_burst_max_per_sec":3.0,"scratch_burst_window_sec":1.0,"scratch_notes":60,"scratch_positions":59,"total_notes":1707,"total_positions":1026,"chart_seconds":139.61551966292134},"soft":{"base_bpm":178.0,"intensity":0.0,"up_intensity":0.0,"down_intensity":0.0,"max_intensity":0.0,"max_up_intensity":0.0,"max_down_intensity":0.0,"step_frequency":0.0,"ramp_frequency":0.0,"continuity_beats":0.0,"off_base_note_ratio":0.0,"gimmick_burst_score":0.0,"max_off_base_density_per_beat":0.0,"base_mean_density_per_beat":4.116648432489531,"base_density_source":"on_base","distinct_off_base_bpm_count":0,"bpm_change_events":0,"measure_count":139},"ln":{"ln_ratio":0.0,"ln_hold_time_mean_beats":0.0,"ln_simultaneity_rate":0.0,"ln_simultaneity_weighted":0.0,"ln_count":0,"ln_count_raw":0,"ln_positions":0,"total_notes":1707,"m1_short_count_rt":0,"m1_short_rate_rt":0.0,"m2_long_count_rt":0,"m2_density_rt":0.0,"m2_burst_max_rt":0.0,"m3_density_rt":0.0,"m_concurrent_rt":0.0,"total_long_sec":0.0,"long_active_sec":0.0,"long_hold_sec_mean":0.0,"long_hold_sec_max":0.0,"adv_hand_imb":0.0,"adv_rel_pressure_1beat":0.0,"adv_ln_hold_min_beats":0.0,"adv_ln_chord_big_rate":0.0,"adv_ln_scatter_cv":0.0},"stair":{"stair_index":0.08258154059680778,"stair_transitions":119,"eligible_transitions":1441},"peak":{"peak_local_max_density":9.25,"peak_local_max_density_per_sec":27.441666666666666,"peak_max_chord_size":6,"peak_concentration":0.5155243116578794,"total_notes":1707,"intervals":[[2268,2472],[3408,3684],[3984,4224],[4584,4800],[5136,5376],[5724,6324],[6624,7404],[7452,7680],[8328,8556],[8604,8952],[9060,9396],[10308,10560],[11436,11784],[12612,12876],[13764,14016],[14916,15168],[16068,16320],[17232,17988],[18204,19140],[19260,19968]]},"jack":{"jack_pairs":63,"jack_in_stream_pairs":62,"jack_outside_pairs":1,"pure_jack_per_sec":0.02753286929621028,"flow_break_per_stream_sec":0.6002209494025875,"stream_seconds":103.29529494382011,"non_stream_seconds":36.32022471910123,"chart_seconds":139.61551966292134,"window_ticks":24,"min_region_sec":10.0},"distraction":{"mode_formulation":"DP","dp_distraction_per_sec":3.040878145938458,"dp_pair_count":76,"dp_chord_tier_pair_count":2,"dp_mean_time_distance_sec":0.2627882909520994,"scratch_chord_pair_count":2,"chord_time_threshold_sec":0.01667,"window_sec_min":0.2,"window_sec_max":0.8,"chart_seconds":139.61551966292134}},"warnings":[],"tags":["burst_focused"],"scales":["★"]}