{"md5":"cc067eab6e9960218679ec1eaf56ceb5","headers":{"title":"ヒュブリスの頂に聳えるのは","artist":"qfeileadh feat.のあ","genre":"Progressive Electro Fusion","playlevel":"12","base_bpm":158.0},"mode":"DP","scope":"playable_only","scaling_mode":"p99_linear","params":{"stream_window_ticks":48,"stream_density_threshold_per_beat":4.0,"peak_window_ticks":192,"peak_min_window_notes":4,"peak_min_window_sec":0.05,"felt_bpm_trigger_eff_bpm":500.0,"felt_bpm_trigger_peak_per_sec":200.0,"felt_bpm_target_peak_per_sec":100.0,"felt_bpm_floor":30.0,"jack_window_ticks":24,"soft_burst_ref":8.0,"soft_freq_ref":0.1,"soft_burst_exp":1.5,"soft_freq_exp":1.5,"chord_time_threshold_ms":16.67,"sp_distraction_min_scratches":3,"dp_distraction_window_sec_min":0.2,"dp_distraction_window_sec_max":0.8,"stream_density_ref_per_sec":28.0,"peak_density_ref_per_sec":50.0,"chord_size_ref":3.3,"ln_simultaneity_ref":0.18,"scratch_density_ref_per_sec":1.0,"scratch_ratio_ref":0.07,"distraction_density_ref":5.0,"distraction_event_ref":1.0,"dp_distraction_ref":6.0},"raw_axes":{"chord":1.4548148148148148,"stream":18.901566843782863,"scratch":0.0203785476929481,"soft":0.0,"stair":0.10863377609108159,"peak":31.599999999999998,"ln_m1_short_rate_rt":0.0007930214115781126,"ln_m2_density_rt":61.76363636363609,"ln_m2_burst_max_rt":148.0,"ln_m3_density_rt":61.76363636363609,"ln_m_concurrent_rt":0.0,"adv_hand_imb":0.3333333333333333,"adv_rel_pressure_1beat":0.0,"adv_ln_hold_min_beats":0.25,"adv_ln_chord_big_rate":0.0,"adv_ln_scatter_cv":0.0,"distraction":4.233676648485589},"x_chord":0.453,"x_stream":0.591,"x_scratch":0.11,"x_soft":0.0,"x_ln":0.766,"x_stair":0.34,"x_peak":0.545,"x_distraction":0.404,"ln_advanced_score":0.467,"submetrics":{"chord":{"chord_rate":0.5866666666666667,"avg_chord_size":2.4797979797979797,"chord_positions":792,"total_positions":1350},"stream":{"stream_coverage":0.9817605075337034,"stream_density_mean":7.311162079510703,"stream_density_mean_per_sec":19.252726809378185,"stream_windows":20,"notes_in_stream":2476,"total_notes":2522,"intervals":[[168,1020],[1104,1308],[1320,1584],[1620,2784],[3060,3144],[3216,3612],[3624,5052],[5232,5460],[5532,5856],[5916,6120],[6144,6312],[6348,6624],[6684,7680],[7704,10632],[11556,12744],[12780,12936],[13020,13212],[14064,14472],[14484,20196],[20340,20520]]},"scratch":{"scratch_ratio":0.035685963521015066,"scratch_positions_ratio":0.06666666666666667,"scratch_with_key_chord_rate":0.6777777777777778,"scratch_per_sec":0.5710521920179457,"scratch_burst_max_per_sec":7.0,"scratch_burst_window_sec":1.0,"scratch_notes":90,"scratch_positions":90,"total_notes":2522,"total_positions":1350,"chart_seconds":157.6038079496098},"soft":{"base_bpm":158.0,"intensity":0.0,"up_intensity":0.0,"down_intensity":0.0,"max_intensity":6329.113924050633,"max_up_intensity":6329.113924050633,"max_down_intensity":0.0,"step_frequency":0.006779661016949152,"ramp_frequency":0.006779661016949152,"continuity_beats":16.0,"off_base_note_ratio":0.0,"gimmick_burst_score":0.0,"max_off_base_density_per_beat":0.0,"base_mean_density_per_beat":6.074698795180723,"base_density_source":"on_base","distinct_off_base_bpm_count":1,"bpm_change_events":2,"measure_count":295},"ln":{"ln_ratio":0.0023790642347343376,"ln_hold_time_mean_beats":9.924479166666666,"ln_simultaneity_rate":0.011498810467882634,"ln_simultaneity_weighted":0.011498810467882634,"ln_count":6,"ln_count_raw":6,"ln_positions":3,"total_notes":2522,"m1_short_count_rt":2,"m1_short_rate_rt":0.0007930214115781126,"m2_long_count_rt":1,"m2_density_rt":61.76363636363609,"m2_burst_max_rt":148.0,"m3_density_rt":61.76363636363609,"m_concurrent_rt":0.0,"total_long_sec":4.177215189873436,"long_active_sec":4.177215189873436,"long_hold_sec_mean":4.177215189873436,"long_hold_sec_max":4.177215189873436,"adv_hand_imb":0.3333333333333333,"adv_rel_pressure_1beat":0.0,"adv_ln_hold_min_beats":0.25,"adv_ln_chord_big_rate":0.0,"adv_ln_scatter_cv":0.0},"stair":{"stair_index":0.10863377609108159,"stair_transitions":229,"eligible_transitions":2108},"peak":{"peak_local_max_density":12.0,"peak_local_max_density_per_sec":31.599999999999998,"peak_max_chord_size":6,"peak_concentration":0.32989690721649484,"total_notes":2522,"intervals":[[468,864],[2220,2748],[5544,5868],[8868,9072],[9492,9840],[12444,12732],[15036,15264],[16284,17712],[17964,18696]]},"jack":{"jack_pairs":74,"jack_in_stream_pairs":68,"jack_outside_pairs":6,"pure_jack_per_sec":0.2898679390305273,"flow_break_per_stream_sec":0.4966957796271799,"stream_seconds":136.90472677468858,"non_stream_seconds":20.69908117492122,"chart_seconds":157.6038079496098,"window_ticks":24,"min_region_sec":10.0},"distraction":{"mode_formulation":"DP","dp_distraction_per_sec":4.233676648485589,"dp_pair_count":135,"dp_chord_tier_pair_count":0,"dp_mean_time_distance_sec":0.2577026195499289,"scratch_chord_pair_count":0,"chord_time_threshold_sec":0.01667,"window_sec_min":0.2,"window_sec_max":0.8,"chart_seconds":157.6038079496098}},"warnings":[],"tags":["distraction_heavy","visual_gimmick"],"scales":["★"]}