{"md5":"b7ff48a82dc10c9622934bbf39de2202","headers":{"title":"Nervous As the Damsel","artist":"paraneumann","genre":"OTOMETIC CORE","playlevel":"12","base_bpm":174.0},"mode":"DP","scope":"playable_only","scaling_mode":"p99_linear","params":{"stream_window_ticks":48,"stream_density_threshold_per_beat":4.0,"peak_window_ticks":192,"peak_min_window_notes":4,"peak_min_window_sec":0.05,"felt_bpm_trigger_eff_bpm":500.0,"felt_bpm_trigger_peak_per_sec":200.0,"felt_bpm_target_peak_per_sec":100.0,"felt_bpm_floor":30.0,"jack_window_ticks":24,"soft_burst_ref":8.0,"soft_freq_ref":0.1,"soft_burst_exp":1.5,"soft_freq_exp":1.5,"chord_time_threshold_ms":16.67,"sp_distraction_min_scratches":3,"sp_distraction_bin_sec":0.25,"sp_distraction_t_key":2,"sp_distraction_gap_bins":2,"dp_distraction_window_sec_min":0.2,"dp_distraction_window_sec_max":0.8,"stream_density_ref_per_sec":28.0,"peak_density_ref_per_sec":50.0,"chord_size_ref":3.3,"ln_simultaneity_ref":0.18,"scratch_density_ref_per_sec":1.0,"scratch_ratio_ref":0.07,"distraction_density_ref":5.0,"distraction_event_ref":1.0,"dp_distraction_ref":6.0},"raw_axes":{"chord":1.8536324786324787,"stream":18.499769283910616,"scratch_per_sec":0.28509567558078297,"scratch_burst_max_per_sec":4.0,"scratch_max_run_sec":1.0344827586206868,"soft":0.0,"stair":0.060435699226985246,"peak":30.45,"ln_m1_short_rate_rt":0.0,"ln_m2_density_rt":40.24489795918373,"ln_m2_burst_max_rt":125.0,"ln_m3_density_rt":40.24489795918373,"ln_m_concurrent_rt":0.0,"adv_hand_imb":0.0625,"adv_rel_pressure_1beat":0.96875,"adv_ln_hold_min_beats":0.5,"adv_ln_chord_big_rate":0.0,"adv_ln_scatter_cv":3.107818563450451,"distraction":1.1451149026524952},"x_chord":0.577,"x_stream":0.579,"x_scratch":0.171,"x_soft":0.0,"x_ln":0.655,"x_stair":0.186,"x_peak":0.525,"x_distraction":0.109,"ln_advanced_score":0.646,"submetrics":{"chord":{"chord_rate":0.5886752136752137,"avg_chord_size":3.148820326678766,"chord_positions":551,"total_positions":936},"stream":{"stream_coverage":0.9741007194244604,"stream_density_mean":6.548841059602649,"stream_density_mean_per_sec":18.99163907284768,"stream_windows":23,"notes_in_stream":2031,"total_notes":2085,"intervals":[[156,408],[540,792],[924,1176],[1308,1560],[1692,3120],[3228,4764],[4788,6168],[6324,6564],[6588,6948],[6960,7056],[7068,7320],[7356,7716],[7728,7824],[7836,9240],[9288,10488],[10500,11256],[11268,12324],[12468,12672],[12684,13056],[13068,13440],[13452,13836],[13884,15516],[15540,16920]]},"scratch":{"scratch_ratio":0.01650943396226415,"scratch_positions_ratio":0.03632478632478633,"scratch_with_key_chord_rate":0.7647058823529411,"scratch_per_sec":0.28509567558078297,"scratch_burst_max_per_sec":4.0,"scratch_burst_window_sec":1.0,"scratch_max_run_sec":1.0344827586206868,"ls_count":3,"ls_per_sec":0.02443677219263854,"ls_complexity_mean":0.3333333333333333,"scratch_notes":35,"scratch_positions":34,"total_notes":2120,"total_positions":936,"chart_seconds":122.76580459770115},"soft":{"base_bpm":174.0,"intensity":0.0,"up_intensity":0.0,"down_intensity":0.0,"max_intensity":0.0,"max_up_intensity":0.0,"max_down_intensity":0.0,"step_frequency":0.0,"ramp_frequency":0.0,"continuity_beats":0.0,"off_base_note_ratio":0.0,"gimmick_burst_score":0.0,"max_off_base_density_per_beat":0.0,"base_mean_density_per_beat":5.952247191011236,"base_density_source":"on_base","distinct_off_base_bpm_count":0,"bpm_change_events":0,"measure_count":90},"ln":{"ln_ratio":0.02122641509433962,"ln_hold_time_mean_beats":0.6805555555555556,"ln_simultaneity_rate":0.01650943396226415,"ln_simultaneity_weighted":0.01650943396226415,"ln_count":45,"ln_count_raw":45,"ln_positions":42,"total_notes":2120,"m1_short_count_rt":0,"m1_short_rate_rt":0.0,"m2_long_count_rt":32,"m2_density_rt":40.24489795918373,"m2_burst_max_rt":125.0,"m3_density_rt":40.24489795918373,"m_concurrent_rt":0.0,"total_long_sec":10.560344827586192,"long_active_sec":10.560344827586192,"long_hold_sec_mean":0.3300107758620685,"long_hold_sec_max":0.8189655172413808,"adv_hand_imb":0.0625,"adv_rel_pressure_1beat":0.96875,"adv_ln_hold_min_beats":0.5,"adv_ln_chord_big_rate":0.0,"adv_ln_scatter_cv":3.107818563450451},"stair":{"stair_index":0.060435699226985246,"stair_transitions":86,"eligible_transitions":1423},"peak":{"peak_local_max_density":10.5,"peak_local_max_density_per_sec":30.45,"peak_max_chord_size":5,"peak_concentration":0.2815347721822542,"total_notes":2085,"intervals":[[3708,4008],[5556,6120],[8952,9240],[10560,10920],[11844,12336],[13176,13368],[13488,13824],[14460,14760],[16308,16872]]},"jack":{"jack_pairs":124,"jack_in_stream_pairs":97,"jack_outside_pairs":27,"pure_jack_per_sec":2.3893197711379544,"flow_break_per_stream_sec":0.8702242846094354,"stream_seconds":111.46551724137932,"non_stream_seconds":11.300287356321832,"chart_seconds":122.76580459770115,"window_ticks":24,"min_region_sec":10.0},"distraction":{"mode_formulation":"DP","dp_distraction_per_sec":1.1451149026524952,"dp_pair_count":34,"dp_chord_tier_pair_count":0,"dp_mean_time_distance_sec":0.2789046653144013,"scratch_chord_pair_count":0,"chord_time_threshold_sec":0.01667,"window_sec_min":0.2,"window_sec_max":0.8,"chart_seconds":122.76580459770115}},"warnings":["Unterminated LNOBJ LN on lane P2_KEY5 started at m87 pos0.875; closing at EOF","Unterminated LNOBJ LN on lane P2_SCR started at m89 pos0.0; closing at EOF","Unterminated LNOBJ LN on lane P2_KEY1 started at m87 pos0.875; closing at EOF","Unterminated LNOBJ LN on lane P1_KEY2 started at m87 pos0.5; closing at EOF","Unterminated LNOBJ LN on lane P1_KEY5 started at m87 pos0.875; closing at EOF","Unterminated LNOBJ LN on lane P1_KEY1 started at m87 pos0.375; closing at EOF","Unterminated LNOBJ LN on lane P2_KEY6 started at m88 pos0.0; closing at EOF","Unterminated LNOBJ LN on lane P2_KEY3 started at m87 pos0.625; closing at EOF","Unterminated LNOBJ LN on lane P2_KEY7 started at m87 pos0.75; closing at EOF","Unterminated LNOBJ LN on lane P2_KEY2 started at m87 pos0.4375; closing at EOF","Unterminated LNOBJ LN on lane P1_KEY7 started at m87 pos0.9375; closing at EOF","Unterminated LNOBJ LN on lane P1_KEY6 started at m87 pos0.6875; closing at EOF","Unterminated LNOBJ LN on lane P2_KEY4 started at m88 pos0.125; closing at EOF","Unterminated LNOBJ LN on lane P1_KEY3 started at m87 pos0.625; closing at EOF","Unterminated LNOBJ LN on lane P1_SCR started at m88 pos0.0; closing at EOF"],"axis_intensities":{"chord":"red","stream":"yellow","peak":"yellow","scratch":"yellow","soft":null,"ln":"green","stair":"green","distraction":"yellow"},"tags":["jack_chart"],"scales":["DPsl"]}