{"md5":"3a80f6ffb94124c4468b4c810254e952","headers":{"title":"物怪舞踏[ANOTHER14]","artist":"篠螺悠那","genre":"fantasia","playlevel":"12","base_bpm":182.0},"mode":"DP","scope":"playable_only","scaling_mode":"p99_linear","params":{"stream_window_ticks":48,"stream_density_threshold_per_beat":4.0,"peak_window_ticks":192,"jack_window_ticks":24,"soft_burst_ref":8.0,"soft_freq_ref":0.1,"soft_burst_exp":1.5,"soft_freq_exp":1.5,"chord_time_threshold_ms":16.67,"sp_distraction_min_scratches":3,"dp_distraction_window_sec_min":0.2,"dp_distraction_window_sec_max":0.8,"stream_density_ref_per_sec":28.0,"peak_density_ref_per_sec":50.0,"chord_size_ref":3.3,"ln_simultaneity_ref":0.18,"scratch_density_ref_per_sec":1.0,"scratch_ratio_ref":0.07,"distraction_density_ref":5.0,"distraction_event_ref":1.0,"dp_distraction_ref":6.0},"raw_axes":{"chord":1.4009174311926607,"stream":14.778704700237709,"scratch":0.0023366372205080523,"soft":0.0,"ln":0.0,"stair":0.05896656534954407,"peak":25.025,"distraction":1.9726921052701138},"x_chord":0.449,"x_stream":0.463,"x_scratch":0.013,"x_soft":0.0,"x_ln":0.0,"x_stair":0.192,"x_peak":0.397,"x_distraction":0.167,"submetrics":{"chord":{"chord_rate":0.5614678899082569,"avg_chord_size":2.4950980392156863,"chord_positions":612,"total_positions":1090},"stream":{"stream_coverage":0.8942643391521197,"stream_density_mean":5.448165869218501,"stream_density_mean_per_sec":16.52610313662945,"stream_windows":30,"notes_in_stream":1793,"total_notes":2005,"intervals":[[348,431],[1116,1199],[1260,1319],[1500,1631],[1884,1967],[2100,2159],[2172,2231],[2292,2351],[2412,2471],[2484,2591],[2652,2735],[3060,3119],[3360,3503],[4980,5783],[5832,5891],[6012,6155],[6192,6359],[6504,12707],[13572,13655],[13764,13847],[13956,14231],[14244,14303],[14388,14603],[14868,15023],[15108,15191],[15300,15407],[15492,15839],[15912,16367],[16392,19415],[19452,22679]]},"scratch":{"scratch_ratio":0.013466334164588529,"scratch_positions_ratio":0.02018348623853211,"scratch_with_key_chord_rate":0.6818181818181818,"scratch_per_sec":0.1735169491525424,"scratch_burst_max_per_sec":4.0,"scratch_burst_window_sec":1.0,"scratch_notes":27,"scratch_positions":22,"total_notes":2005,"total_positions":1090,"chart_seconds":155.6043956043956},"soft":{"base_bpm":182.0,"intensity":0.0,"up_intensity":0.0,"down_intensity":0.0,"max_intensity":0.0,"max_up_intensity":0.0,"max_down_intensity":0.0,"step_frequency":0.0,"ramp_frequency":0.0,"continuity_beats":0.0,"off_base_note_ratio":0.0,"gimmick_burst_score":0.0,"max_off_base_density_per_beat":0.0,"base_mean_density_per_beat":4.24364406779661,"base_density_source":"on_base","distinct_off_base_bpm_count":0,"bpm_change_events":0,"measure_count":119},"ln":{"ln_ratio":0.0,"ln_hold_time_mean_beats":0.0,"ln_simultaneity_rate":0.0,"ln_simultaneity_weighted":0.0,"ln_count":0,"ln_positions":0,"total_notes":2005},"stair":{"stair_index":0.05896656534954407,"stair_transitions":97,"eligible_transitions":1645},"peak":{"peak_local_max_density":8.25,"peak_local_max_density_per_sec":25.025,"peak_max_chord_size":6,"peak_concentration":0.3596009975062344,"total_notes":2005,"intervals":[[7884,8075],[8652,8951],[9804,9995],[10056,10547],[10572,11303],[12336,12719],[19452,20831],[20916,22703]]},"jack":{"jack_pairs":9,"jack_in_stream_pairs":9,"jack_outside_pairs":0,"pure_jack_per_sec":0.0,"flow_break_per_stream_sec":0.07913043478260866,"stream_seconds":113.7362637362638,"non_stream_seconds":41.8681318681318,"chart_seconds":155.6043956043956,"window_ticks":24,"min_region_sec":10.0},"distraction":{"mode_formulation":"DP","dp_distraction_per_sec":1.9726921052701138,"dp_pair_count":25,"dp_chord_tier_pair_count":3,"dp_mean_time_distance_sec":0.19780219780219752,"scratch_chord_pair_count":3,"chord_time_threshold_sec":0.01667,"window_sec_min":0.2,"window_sec_max":0.8,"chart_seconds":155.6043956043956}},"warnings":[],"tags":[],"scales":["★"]}