{"md5":"80cddadffa0a17716ef130973f5f6003","headers":{"title":"Berry Go!! [DP M-ANOTHER]","artist":"Freezer feat. 妃苺","genre":"HYBRID J-POP","playlevel":"12","base_bpm":175.0},"mode":"DP","scope":"playable_only","scaling_mode":"p99_linear","params":{"stream_window_ticks":48,"stream_density_threshold_per_beat":4.0,"peak_window_ticks":192,"peak_min_window_notes":4,"peak_min_window_sec":0.05,"felt_bpm_trigger_eff_bpm":500.0,"felt_bpm_trigger_peak_per_sec":200.0,"felt_bpm_target_peak_per_sec":100.0,"felt_bpm_floor":30.0,"jack_window_ticks":24,"soft_burst_ref":8.0,"soft_freq_ref":0.1,"soft_burst_exp":1.5,"soft_freq_exp":1.5,"chord_time_threshold_ms":16.67,"sp_distraction_min_scratches":3,"sp_distraction_bin_sec":0.25,"sp_distraction_t_key":2,"sp_distraction_gap_bins":2,"dp_distraction_window_sec_min":0.2,"dp_distraction_window_sec_max":0.8,"stream_density_ref_per_sec":28.0,"peak_density_ref_per_sec":50.0,"chord_size_ref":3.3,"ln_simultaneity_ref":0.18,"scratch_density_ref_per_sec":1.0,"scratch_ratio_ref":0.07,"distraction_density_ref":5.0,"distraction_event_ref":1.0,"dp_distraction_ref":6.0},"raw_axes":{"chord":1.3275299238302503,"stream":15.822583848084744,"scratch_per_sec":0.8536043188313751,"scratch_burst_max_per_sec":11.0,"scratch_max_run_sec":2.057142857142864,"soft":0.0,"stair":0.07838283828382839,"peak":29.166666666666668,"ln_m1_short_rate_rt":0.0,"ln_m2_density_rt":46.95833333333384,"ln_m2_burst_max_rt":80.0,"ln_m3_density_rt":46.95833333333384,"ln_m_concurrent_rt":0.24999999999999903,"adv_hand_imb":0.07142857142857142,"adv_rel_pressure_1beat":1.0,"adv_ln_hold_min_beats":0.5,"adv_ln_chord_big_rate":0.0,"adv_ln_scatter_cv":1.110648109076891,"distraction":3.451219081895482},"x_chord":0.413,"x_stream":0.495,"x_scratch":0.465,"x_soft":0.0,"x_ln":0.735,"x_stair":0.241,"x_peak":0.503,"x_distraction":0.329,"ln_advanced_score":0.632,"submetrics":{"chord":{"chord_rate":0.49075081610446136,"avg_chord_size":2.70509977827051,"chord_positions":451,"total_positions":919},"stream":{"stream_coverage":0.9742462311557789,"stream_density_mean":5.56829035339064,"stream_density_mean_per_sec":16.240846864056035,"stream_windows":27,"notes_in_stream":1551,"total_notes":1592,"intervals":[[192,528],[540,720],[732,912],[924,984],[1020,1296],[1308,1488],[1500,1680],[1692,3288],[3384,4068],[4140,4824],[4896,4956],[4980,6360],[6492,7440],[7452,8076],[8172,8808],[8844,9360],[9384,9588],[9600,10212],[10224,10980],[11040,11100],[11136,11184],[11196,11544],[11580,11928],[11964,12312],[12348,12504],[12660,14040],[14172,15732]]},"scratch":{"scratch_ratio":0.05687203791469194,"scratch_positions_ratio":0.10337323177366703,"scratch_with_key_chord_rate":0.7052631578947368,"scratch_per_sec":0.8536043188313751,"scratch_burst_max_per_sec":11.0,"scratch_burst_window_sec":1.0,"scratch_max_run_sec":2.057142857142864,"ls_count":2,"ls_per_sec":0.01778342330898698,"ls_complexity_mean":1,"scratch_notes":96,"scratch_positions":95,"total_notes":1688,"total_positions":919,"chart_seconds":112.46428571428571},"soft":{"base_bpm":175.0,"intensity":0.0,"up_intensity":0.0,"down_intensity":0.0,"max_intensity":0.0,"max_up_intensity":0.0,"max_down_intensity":0.0,"step_frequency":0.0,"ramp_frequency":0.0,"continuity_beats":0.0,"off_base_note_ratio":0.0,"gimmick_burst_score":0.0,"max_off_base_density_per_beat":0.0,"base_mean_density_per_beat":5.140243902439025,"base_density_source":"on_base","distinct_off_base_bpm_count":0,"bpm_change_events":0,"measure_count":83},"ln":{"ln_ratio":0.024881516587677725,"ln_hold_time_mean_beats":0.47619047619047616,"ln_simultaneity_rate":0.014218009478672985,"ln_simultaneity_weighted":0.018957345971563982,"ln_count":42,"ln_count_raw":42,"ln_positions":36,"total_notes":1688,"m1_short_count_rt":0,"m1_short_rate_rt":0.0,"m2_long_count_rt":28,"m2_density_rt":46.95833333333384,"m2_burst_max_rt":80.0,"m3_density_rt":46.95833333333384,"m_concurrent_rt":0.24999999999999903,"total_long_sec":6.857142857142783,"long_active_sec":5.485714285714231,"long_hold_sec_mean":0.24489795918367083,"long_hold_sec_max":0.8571428571428541,"adv_hand_imb":0.07142857142857142,"adv_rel_pressure_1beat":1.0,"adv_ln_hold_min_beats":0.5,"adv_ln_chord_big_rate":0.0,"adv_ln_scatter_cv":1.110648109076891},"stair":{"stair_index":0.07838283828382839,"stair_transitions":95,"eligible_transitions":1212},"peak":{"peak_local_max_density":10.0,"peak_local_max_density_per_sec":29.166666666666668,"peak_max_chord_size":5,"peak_concentration":0.36809045226130654,"total_notes":1592,"intervals":[[1692,1980],[2172,2376],[2484,2760],[2940,3312],[4140,4404],[4416,4872],[7212,7416],[7836,8028],[8316,8580],[9348,9624],[10248,10968],[11676,11892],[14892,15096],[15156,15360],[15420,15708]]},"jack":{"jack_pairs":51,"jack_in_stream_pairs":50,"jack_outside_pairs":1,"pure_jack_per_sec":0.09964412811387881,"flow_break_per_stream_sec":0.488145048814505,"stream_seconds":102.4285714285714,"non_stream_seconds":10.035714285714306,"chart_seconds":112.46428571428571,"window_ticks":24,"min_region_sec":10.0},"distraction":{"mode_formulation":"DP","dp_distraction_per_sec":3.451219081895482,"dp_pair_count":82,"dp_chord_tier_pair_count":0,"dp_mean_time_distance_sec":0.23101045296167144,"scratch_chord_pair_count":0,"chord_time_threshold_sec":0.01667,"window_sec_min":0.2,"window_sec_max":0.8,"chart_seconds":112.46428571428571}},"warnings":["Unterminated LNOBJ LN on lane P1_KEY2 started at m81 pos0.8125; closing at EOF","Unterminated LNOBJ LN on lane P1_SCR started at m82 pos0.0; closing at EOF","Unterminated LNOBJ LN on lane P2_SCR started at m82 pos0.0; closing at EOF","Unterminated LNOBJ LN on lane P2_KEY6 started at m81 pos0.6875; closing at EOF","Unterminated LNOBJ LN on lane P2_KEY2 started at m81 pos0.625; closing at EOF","Unterminated LNOBJ LN on lane P2_KEY1 started at m78 pos0.8125; closing at EOF","Unterminated LNOBJ LN on lane P2_KEY3 started at m79 pos0.8125; closing at EOF","Unterminated LNOBJ LN on lane P2_KEY5 started at m79 pos0.875; closing at EOF","Unterminated LNOBJ LN on lane P2_KEY7 started at m79 pos0.6875; closing at EOF","Unterminated LNOBJ LN on lane P1_KEY3 started at m81 pos0.375; closing at EOF","Unterminated LNOBJ LN on lane P1_KEY1 started at m81 pos0.375; closing at EOF","Unterminated LNOBJ LN on lane P1_KEY5 started at m81 pos0.25; closing at EOF","Unterminated LNOBJ LN on lane P1_KEY6 started at m81 pos0.6875; closing at EOF","Unterminated LNOBJ LN on lane P1_KEY7 started at m80 pos0.0; closing at EOF","Unterminated LNOBJ LN on lane P2_KEY4 started at m78 pos0.6875; closing at EOF","Unterminated LNOBJ LN on lane P1_KEY4 started at m81 pos0.875; closing at EOF"],"axis_intensities":{"chord":"green","stream":"green","peak":"yellow","scratch":"red","soft":null,"ln":"yellow","stair":"green","distraction":"red"},"tags":["scratch_burst"],"scales":["★"]}