{"md5":"56f1b63f4af0dbf5017c56ef1450d679","headers":{"title":"Gerard [Fantasy]","artist":"Widowmaker / obj:Hador","genre":"memorial","playlevel":"18","base_bpm":160.0},"mode":"DP","scope":"playable_only","scaling_mode":"p99_linear","params":{"stream_window_ticks":48,"stream_density_threshold_per_beat":4.0,"peak_window_ticks":192,"peak_min_window_notes":4,"peak_min_window_sec":0.05,"felt_bpm_trigger_eff_bpm":500.0,"felt_bpm_trigger_peak_per_sec":200.0,"felt_bpm_target_peak_per_sec":100.0,"felt_bpm_floor":30.0,"jack_window_ticks":24,"soft_burst_ref":8.0,"soft_freq_ref":0.1,"soft_burst_exp":1.5,"soft_freq_exp":1.5,"chord_time_threshold_ms":16.67,"sp_distraction_min_scratches":3,"dp_distraction_window_sec_min":0.2,"dp_distraction_window_sec_max":0.8,"stream_density_ref_per_sec":28.0,"peak_density_ref_per_sec":50.0,"chord_size_ref":3.3,"ln_simultaneity_ref":0.18,"scratch_density_ref_per_sec":1.0,"scratch_ratio_ref":0.07,"distraction_density_ref":5.0,"distraction_event_ref":1.0,"dp_distraction_ref":6.0},"raw_axes":{"chord":1.6822867853795687,"stream":22.34149265953091,"scratch":0.003913841575671647,"soft":0.0,"stair":0.20663956639566394,"peak":39.333333333333336,"ln_m1_short_rate_rt":0.0,"ln_m2_density_rt":0.0,"ln_m2_burst_max_rt":0.0,"ln_m3_density_rt":0.0,"ln_m_concurrent_rt":0.5818181818181818,"adv_hand_imb":0.0,"adv_rel_pressure_1beat":0.5,"adv_ln_hold_min_beats":1.0,"adv_ln_chord_big_rate":0.0,"adv_ln_scatter_cv":0.09428090415820632,"distraction":0.7886432704716707},"x_chord":0.523,"x_stream":0.699,"x_scratch":0.021,"x_soft":0.0,"x_ln":0.462,"x_stair":0.647,"x_peak":0.678,"x_distraction":0.075,"ln_advanced_score":0.44,"submetrics":{"chord":{"chord_rate":0.5979381443298969,"avg_chord_size":2.8134796238244513,"chord_positions":638,"total_positions":1067},"stream":{"stream_coverage":0.9820143884892086,"stream_density_mean":8.53150406504065,"stream_density_mean_per_sec":22.750677506775066,"stream_windows":34,"notes_in_stream":2184,"total_notes":2224,"intervals":[[144,228],[240,996],[1008,1104],[1116,1668],[1692,3300],[3708,3768],[3924,3972],[4092,4260],[4308,4392],[4740,4992],[5040,5124],[5148,5292],[5460,5508],[5532,5796],[5808,5892],[5916,5976],[6192,6276],[6300,9744],[9756,9960],[10020,10092],[10140,10200],[10224,10344],[10356,10512],[10524,10812],[10932,11160],[11196,11280],[11292,11388],[11412,11472],[11484,11544],[11700,11772],[11796,11856],[11868,14052],[14076,15804],[15960,16032]]},"scratch":{"scratch_ratio":0.014838129496402877,"scratch_positions_ratio":0.030927835051546393,"scratch_with_key_chord_rate":0.48484848484848486,"scratch_per_sec":0.26376920194829523,"scratch_burst_max_per_sec":4.0,"scratch_burst_window_sec":1.0,"scratch_notes":33,"scratch_positions":33,"total_notes":2224,"total_positions":1067,"chart_seconds":125.109375},"soft":{"base_bpm":160.0,"intensity":0.0,"up_intensity":0.0,"down_intensity":0.0,"max_intensity":0.0,"max_up_intensity":0.0,"max_down_intensity":0.0,"step_frequency":0.0,"ramp_frequency":0.0,"continuity_beats":0.0,"off_base_note_ratio":0.0,"gimmick_burst_score":0.0,"max_off_base_density_per_beat":0.0,"base_mean_density_per_beat":6.663585836507837,"base_density_source":"on_base","distinct_off_base_bpm_count":0,"bpm_change_events":0,"measure_count":84},"ln":{"ln_ratio":0.0017985611510791368,"ln_hold_time_mean_beats":2.71875,"ln_simultaneity_rate":0.0,"ln_simultaneity_weighted":0.0,"ln_count":4,"ln_count_raw":4,"ln_positions":3,"total_notes":2224,"m1_short_count_rt":0,"m1_short_rate_rt":0.0,"m2_long_count_rt":4,"m2_density_rt":0.0,"m2_burst_max_rt":0.0,"m3_density_rt":0.0,"m_concurrent_rt":0.5818181818181818,"total_long_sec":4.078125,"long_active_sec":2.578125,"long_hold_sec_mean":1.01953125,"long_hold_sec_max":1.5,"adv_hand_imb":0.0,"adv_rel_pressure_1beat":0.5,"adv_ln_hold_min_beats":1.0,"adv_ln_chord_big_rate":0.0,"adv_ln_scatter_cv":0.09428090415820632},"stair":{"stair_index":0.20663956639566394,"stair_transitions":305,"eligible_transitions":1476},"peak":{"peak_local_max_density":14.75,"peak_local_max_density_per_sec":39.333333333333336,"peak_max_chord_size":6,"peak_concentration":0.36106115107913667,"total_notes":2224,"intervals":[[2832,3300],[7632,8028],[8484,8688],[9168,9612],[12240,13044],[13692,13920],[15060,15816]]},"jack":{"jack_pairs":31,"jack_in_stream_pairs":27,"jack_outside_pairs":4,"pure_jack_per_sec":0.19937694704049844,"flow_break_per_stream_sec":0.2570281124497992,"stream_seconds":105.046875,"non_stream_seconds":20.0625,"chart_seconds":125.109375,"window_ticks":24,"min_region_sec":10.0},"distraction":{"mode_formulation":"DP","dp_distraction_per_sec":0.7886432704716707,"dp_pair_count":25,"dp_chord_tier_pair_count":0,"dp_mean_time_distance_sec":0.2925,"scratch_chord_pair_count":0,"chord_time_threshold_sec":0.01667,"window_sec_min":0.2,"window_sec_max":0.8,"chart_seconds":125.109375}},"warnings":[],"tags":["stream_heavy","stair_focused","pure_stream"],"scales":["★★"]}