{"md5":"ff55f7d0695ed70e6a441d246e78eed0","headers":{"title":"Ascension to Heaven","artist":"xi / Limite","genre":"ARTCORE","playlevel":"15","base_bpm":100.0},"mode":"DP","scope":"playable_only","scaling_mode":"p99_linear","params":{"stream_window_ticks":48,"stream_density_threshold_per_beat":4.0,"peak_window_ticks":192,"peak_min_window_notes":4,"peak_min_window_sec":0.05,"felt_bpm_trigger_eff_bpm":500.0,"felt_bpm_trigger_peak_per_sec":200.0,"felt_bpm_target_peak_per_sec":100.0,"felt_bpm_floor":30.0,"jack_window_ticks":24,"soft_burst_ref":8.0,"soft_freq_ref":0.1,"soft_burst_exp":1.5,"soft_freq_exp":1.5,"chord_time_threshold_ms":16.67,"sp_distraction_min_scratches":3,"dp_distraction_window_sec_min":0.2,"dp_distraction_window_sec_max":0.8,"stream_density_ref_per_sec":28.0,"peak_density_ref_per_sec":50.0,"chord_size_ref":3.3,"ln_simultaneity_ref":0.18,"scratch_density_ref_per_sec":1.0,"scratch_ratio_ref":0.07,"distraction_density_ref":5.0,"distraction_event_ref":1.0,"dp_distraction_ref":6.0},"raw_axes":{"chord":2.046329294369209,"stream":29.318631276415893,"scratch":0.0005608891896550623,"soft":0.012848327208449941,"ln":0.24123076923076922,"stair":0.27328556806550663,"peak":58.333333333333336,"distraction":1.0514631392712595},"x_chord":0.637,"x_stream":0.917,"x_scratch":0.003,"x_soft":0.088,"x_ln":0.874,"x_stair":0.864,"x_peak":0.977,"x_distraction":0.1,"submetrics":{"chord":{"chord_rate":0.729864575908767,"avg_chord_size":2.8037109375,"chord_positions":1024,"total_positions":1403},"stream":{"stream_coverage":0.9858461538461538,"stream_density_mean":9.266666666666667,"stream_density_mean_per_sec":29.739560439560442,"stream_windows":14,"notes_in_stream":3204,"total_notes":3250,"intervals":[[384,2532],[2652,8880],[9180,9264],[9588,9648],[9972,10032],[10344,10416],[10620,10920],[10932,11040],[11052,11820],[11832,11880],[11892,12120],[12132,12720],[12852,19080],[20064,20232]]},"scratch":{"scratch_ratio":0.005230769230769231,"scratch_positions_ratio":0.010691375623663579,"scratch_with_key_chord_rate":0.7333333333333333,"scratch_per_sec":0.10722881566935016,"scratch_burst_max_per_sec":3.0,"scratch_burst_window_sec":1.0,"scratch_notes":17,"scratch_positions":15,"total_notes":3250,"total_positions":1403,"chart_seconds":158.53947368421052},"soft":{"base_bpm":200.0,"intensity":0.048376923076923074,"up_intensity":0.0,"down_intensity":0.048376923076923074,"max_intensity":0.525,"max_up_intensity":0.0,"max_down_intensity":0.525,"step_frequency":0.05555555555555555,"ramp_frequency":0.023809523809523808,"continuity_beats":124.5,"off_base_note_ratio":0.11846153846153847,"gimmick_burst_score":0.23126988975209894,"max_off_base_density_per_beat":8.333333333333334,"base_mean_density_per_beat":9.66554054054054,"base_density_source":"on_base","distinct_off_base_bpm_count":5,"bpm_change_events":8,"measure_count":126},"ln":{"ln_ratio":0.016615384615384615,"ln_hold_time_mean_beats":2.0833333333333335,"ln_simultaneity_rate":0.12061538461538461,"ln_simultaneity_weighted":0.24123076923076922,"ln_count":54,"ln_positions":32,"total_notes":3250},"stair":{"stair_index":0.27328556806550663,"stair_transitions":534,"eligible_transitions":1954},"peak":{"peak_local_max_density":17.5,"peak_local_max_density_per_sec":58.333333333333336,"peak_max_chord_size":7,"peak_concentration":0.31138461538461537,"total_notes":3250,"intervals":[[5544,5820],[6960,7200],[8256,8904],[15936,16224],[16452,17688],[17772,18096],[18156,18480],[18516,19104]]},"jack":{"jack_pairs":14,"jack_in_stream_pairs":11,"jack_outside_pairs":3,"pure_jack_per_sec":0.07973979645367742,"flow_break_per_stream_sec":0.09097141364788842,"stream_seconds":120.91710526315786,"non_stream_seconds":37.622368421052656,"chart_seconds":158.53947368421052,"window_ticks":24,"min_region_sec":10.0},"distraction":{"mode_formulation":"DP","dp_distraction_per_sec":1.0514631392712595,"dp_pair_count":34,"dp_chord_tier_pair_count":0,"dp_mean_time_distance_sec":0.2323529411764695,"scratch_chord_pair_count":0,"chord_time_threshold_sec":0.01667,"window_sec_min":0.2,"window_sec_max":0.8,"chart_seconds":158.53947368421052}},"warnings":["Unterminated LNOBJ LN on lane P1_SCR started at m74 pos0.0; closing at EOF","Unterminated LNOBJ LN on lane P2_SCR started at m86 pos0.0; closing at EOF","Unterminated LNOBJ LN on lane P2_KEY1 started at m124 pos0.8125; closing at EOF","Unterminated LNOBJ LN on lane P2_KEY5 started at m124 pos0.6875; closing at EOF","Unterminated LNOBJ LN on lane P2_KEY7 started at m124 pos0.625; closing at EOF","Unterminated LNOBJ LN on lane P2_KEY4 started at m125 pos0.0; closing at EOF","Unterminated LNOBJ LN on lane P2_KEY6 started at m125 pos0.0; closing at EOF","Unterminated LNOBJ LN on lane P2_KEY3 started at m124 pos0.75; closing at EOF","Unterminated LNOBJ LN on lane P2_KEY2 started at m125 pos0.0; closing at EOF","Unterminated LNOBJ LN on lane P1_KEY1 started at m124 pos0.90625; closing at EOF","Unterminated LNOBJ LN on lane P1_KEY5 started at m124 pos0.96875; closing at EOF","Unterminated LNOBJ LN on lane P1_KEY7 started at m125 pos0.0; closing at EOF","Unterminated LNOBJ LN on lane P1_KEY4 started at m122 pos0.5; closing at EOF","Unterminated LNOBJ LN on lane P1_KEY6 started at m124 pos0.875; closing at EOF","Unterminated LNOBJ LN on lane P1_KEY3 started at m124 pos0.9375; closing at EOF","Unterminated LNOBJ LN on lane P1_KEY2 started at m124 pos0.5; closing at EOF"],"tags":["chord_heavy","stream_heavy","ln_chart","stair_focused","peak_intense","dense_chart","fast_chart","chord_stream"],"scales":["★★"]}