{"md5":"d3537d9058bbbbc95ea6687a3e729ca6","headers":{"title":"Unleashed World","artist":"sak feat.みゅい Movie: げ～むばか Illust: 球根","genre":"Aufheben","playlevel":"12","base_bpm":232.0},"mode":"DP","scope":"playable_only","scaling_mode":"p99_linear","params":{"stream_window_ticks":48,"stream_density_threshold_per_beat":4.0,"peak_window_ticks":192,"peak_min_window_notes":4,"peak_min_window_sec":0.05,"felt_bpm_trigger_eff_bpm":500.0,"felt_bpm_trigger_peak_per_sec":200.0,"felt_bpm_target_peak_per_sec":100.0,"felt_bpm_floor":30.0,"jack_window_ticks":24,"soft_burst_ref":8.0,"soft_freq_ref":0.1,"soft_burst_exp":1.5,"soft_freq_exp":1.5,"chord_time_threshold_ms":16.67,"sp_distraction_min_scratches":3,"dp_distraction_window_sec_min":0.2,"dp_distraction_window_sec_max":0.8,"stream_density_ref_per_sec":28.0,"peak_density_ref_per_sec":50.0,"chord_size_ref":3.3,"ln_simultaneity_ref":0.18,"scratch_density_ref_per_sec":1.0,"scratch_ratio_ref":0.07,"distraction_density_ref":5.0,"distraction_event_ref":1.0,"dp_distraction_ref":6.0},"raw_axes":{"chord":1.6372934697088906,"stream":26.330145203631645,"scratch":0.005337705020025664,"soft":0.0,"ln":0.0,"stair":0.16811175337186898,"peak":42.53333333333333,"distraction":0.651135219677431},"x_chord":0.525,"x_stream":0.825,"x_scratch":0.029,"x_soft":0.0,"x_ln":0.0,"x_stair":0.548,"x_peak":0.675,"x_distraction":0.055,"submetrics":{"chord":{"chord_rate":0.6703383162863886,"avg_chord_size":2.442488262910798,"chord_positions":852,"total_positions":1271},"stream":{"stream_coverage":0.9472,"stream_density_mean":7.189105058365759,"stream_density_mean_per_sec":27.7978728923476,"stream_windows":38,"notes_in_stream":2368,"total_notes":2500,"intervals":[[1860,1943],[1968,3131],[3276,3503],[3804,3887],[4056,4271],[4572,4655],[4776,5039],[5340,5423],[5592,5807],[6108,6191],[6300,6575],[6636,6767],[6780,6839],[6876,7007],[7020,7139],[7260,7343],[7428,7775],[7788,7871],[8004,12719],[12924,13007],[13020,13103],[13116,13175],[13212,13379],[13392,14255],[14268,14327],[14340,14639],[14652,14711],[14724,14999],[18012,18095],[18204,18479],[18492,18551],[18564,18623],[18636,20351],[21096,23471],[23676,23759],[23772,23855],[23868,23927],[23964,25751]]},"scratch":{"scratch_ratio":0.0172,"scratch_positions_ratio":0.03383162863886703,"scratch_with_key_chord_rate":0.7209302325581395,"scratch_per_sec":0.3103316872107944,"scratch_burst_max_per_sec":4.0,"scratch_burst_window_sec":1.0,"scratch_notes":43,"scratch_positions":43,"total_notes":2500,"total_positions":1271,"chart_seconds":138.5614224137931},"soft":{"base_bpm":232.0,"intensity":0.0,"up_intensity":0.0,"down_intensity":0.0,"max_intensity":0.0,"max_up_intensity":0.0,"max_down_intensity":0.0,"step_frequency":0.0,"ramp_frequency":0.0,"continuity_beats":0.0,"off_base_note_ratio":0.0,"gimmick_burst_score":0.0,"max_off_base_density_per_beat":0.0,"base_mean_density_per_beat":4.6626224918338774,"base_density_source":"on_base","distinct_off_base_bpm_count":0,"bpm_change_events":0,"measure_count":134},"ln":{"ln_ratio":0.0,"ln_hold_time_mean_beats":0.0,"ln_simultaneity_rate":0.0,"ln_simultaneity_weighted":0.0,"ln_count":0,"ln_positions":0,"total_notes":2500},"stair":{"stair_index":0.16811175337186898,"stair_transitions":349,"eligible_transitions":2076},"peak":{"peak_local_max_density":11.0,"peak_local_max_density_per_sec":42.53333333333333,"peak_max_chord_size":6,"peak_concentration":0.5316,"total_notes":2500,"intervals":[[3288,3491],[8112,9371],[10176,11219],[11712,12695],[13416,13847],[14028,14219],[19500,19715],[21120,21971],[22464,23459],[24144,24767],[24780,25427]]},"jack":{"jack_pairs":23,"jack_in_stream_pairs":15,"jack_outside_pairs":8,"pure_jack_per_sec":0.16973022405121185,"flow_break_per_stream_sec":0.16406388119512044,"stream_seconds":91.42780172413798,"non_stream_seconds":47.13362068965513,"chart_seconds":138.5614224137931,"window_ticks":24,"min_region_sec":10.0},"distraction":{"mode_formulation":"DP","dp_distraction_per_sec":0.651135219677431,"dp_pair_count":17,"dp_chord_tier_pair_count":0,"dp_mean_time_distance_sec":0.2167849898580113,"scratch_chord_pair_count":0,"chord_time_threshold_sec":0.01667,"window_sec_min":0.2,"window_sec_max":0.8,"chart_seconds":138.5614224137931}},"warnings":[],"tags":["stream_heavy","stair_focused","peak_intense","burst_focused","fast_chart","pure_stream"],"scales":["★★"]}