{"md5":"ef582887d6ebced9a0f818c313726378","headers":{"title":"AVALON [A14]","artist":"Team:SASAKURATION obj:ucc","genre":"Ω","playlevel":"15","base_bpm":200.0},"mode":"DP","scope":"playable_only","scaling_mode":"reference","params":{"stream_window_ticks":48,"stream_density_threshold_per_beat":4.0,"peak_window_ticks":192,"jack_window_ticks":24,"soft_burst_ref":8.0,"soft_freq_ref":0.1,"soft_burst_exp":1.5,"soft_freq_exp":1.5,"chord_time_threshold_ms":16.67,"sp_distraction_min_scratches":3,"dp_distraction_window_sec_min":0.2,"dp_distraction_window_sec_max":0.8,"stream_density_ref_per_sec":28.0,"peak_density_ref_per_sec":50.0,"chord_size_ref":3.3,"ln_simultaneity_ref":0.18,"scratch_density_ref_per_sec":1.0,"scratch_ratio_ref":0.07,"distraction_density_ref":5.0,"distraction_event_ref":1.0,"dp_distraction_ref":6.0},"x_chord":0.38521803399852184,"x_stream":0.6606687640701546,"x_scratch":0.20702400289928846,"x_soft":0.05406047328179606,"x_ln":0.0,"x_stair":0.15883977900552487,"x_peak":0.8666666666666667,"x_distraction":0.17969902288966522,"submetrics":{"chord":{"chord_rate":0.4819512195121951,"avg_chord_size":2.6376518218623484,"chord_positions":494,"total_positions":1025},"stream":{"stream_coverage":0.955288985823337,"stream_density_mean":6.25211665098777,"stream_density_mean_per_sec":19.364533317654438,"stream_windows":24,"notes_in_stream":1752,"total_notes":1834,"intervals":[[1896,3479],[3492,6815],[10440,10583],[11292,11339],[12444,12527],[12636,12719],[12828,12911],[13020,13103],[13236,13391],[13404,13679],[13692,15191],[19932,20063],[20076,20159],[20268,20351],[20388,20447],[20460,20591],[20700,20759],[20772,20831],[20844,20927],[21120,26195],[26232,26387],[26400,26963],[27000,27155],[27168,27671]]},"scratch":{"scratch_ratio":0.04252998909487459,"scratch_positions_ratio":0.07317073170731707,"scratch_with_key_chord_rate":0.5866666666666667,"scratch_per_sec":0.34074027554116226,"scratch_burst_max_per_sec":7.0,"scratch_burst_window_sec":1.0,"scratch_notes":78,"scratch_positions":75,"total_notes":1834,"total_positions":1025,"chart_seconds":228.91335600442517},"soft":{"base_bpm":200.0,"intensity":0.08115316248636859,"up_intensity":0.0,"down_intensity":0.08115316248636859,"max_intensity":9.04,"max_up_intensity":9.04,"max_down_intensity":0.75,"step_frequency":0.08783783783783784,"ramp_frequency":0.08108108108108109,"continuity_beats":237.4375,"off_base_note_ratio":0.14830970556161396,"gimmick_burst_score":1.3021516904304509,"max_off_base_density_per_beat":5.8,"base_mean_density_per_beat":4.412980740915248,"base_density_source":"on_base","distinct_off_base_bpm_count":4,"bpm_change_events":15,"measure_count":148},"ln":{"ln_ratio":0.0,"ln_hold_time_mean_beats":0.0,"ln_simultaneity_rate":0.0,"ln_simultaneity_weighted":0.0,"ln_count":0,"ln_positions":0,"total_notes":1834},"stair":{"stair_index":0.15883977900552487,"stair_transitions":230,"eligible_transitions":1448},"peak":{"peak_local_max_density":13.0,"peak_local_max_density_per_sec":43.333333333333336,"peak_max_chord_size":5,"peak_concentration":0.44874591057797164,"total_notes":1834,"intervals":[[2904,3275],[4104,5699],[14976,15167],[22932,24143],[24348,24671],[26256,26999],[27024,27743]]},"jack":{"jack_pairs":148,"jack_in_stream_pairs":146,"jack_outside_pairs":2,"pure_jack_per_sec":0.01713615138968867,"flow_break_per_stream_sec":1.3012357672574815,"stream_seconds":112.20103510351042,"non_stream_seconds":116.71232090091475,"chart_seconds":228.91335600442517,"window_ticks":24,"min_region_sec":10.0},"distraction":{"mode_formulation":"DP","dp_distraction_per_sec":1.0781941373379913,"dp_pair_count":44,"dp_chord_tier_pair_count":0,"dp_mean_time_distance_sec":0.2477272727272722,"scratch_chord_pair_count":0,"chord_time_threshold_sec":0.01667,"window_sec_min":0.2,"window_sec_max":0.8,"chart_seconds":228.91335600442517}},"warnings":[],"tags":["peak_intense","flow_break","visual_gimmick","fast_chart"],"scales":["★"]}