{"md5":"02a7aa2050dffe7f6866086794396503","headers":{"title":"TransientTears[DP ANOTHER]","artist":"69 de 74","genre":"HARD RENAISSANCE WALTZ","playlevel":"12","base_bpm":192.0},"mode":"DP","scope":"playable_only","scaling_mode":"p99_linear","params":{"stream_window_ticks":48,"stream_density_threshold_per_beat":4.0,"peak_window_ticks":192,"jack_window_ticks":24,"soft_burst_ref":8.0,"soft_freq_ref":0.1,"soft_burst_exp":1.5,"soft_freq_exp":1.5,"chord_time_threshold_ms":16.67,"sp_distraction_min_scratches":3,"dp_distraction_window_sec_min":0.2,"dp_distraction_window_sec_max":0.8,"stream_density_ref_per_sec":28.0,"peak_density_ref_per_sec":50.0,"chord_size_ref":3.3,"ln_simultaneity_ref":0.18,"scratch_density_ref_per_sec":1.0,"scratch_ratio_ref":0.07,"distraction_density_ref":5.0,"distraction_event_ref":1.0,"dp_distraction_ref":6.0},"raw_axes":{"chord":1.2365591397849462,"stream":13.724631089650474,"scratch":0.0014556239395552158,"soft":0.0,"ln":0.057770075101097634,"stair":0.09741935483870967,"peak":21.6,"distraction":0.6853543307086535},"x_chord":0.397,"x_stream":0.43,"x_scratch":0.008,"x_soft":0.0,"x_ln":0.209,"x_stair":0.318,"x_peak":0.343,"x_distraction":0.058,"submetrics":{"chord":{"chord_rate":0.544477028347996,"avg_chord_size":2.2710951526032317,"chord_positions":557,"total_positions":1023},"stream":{"stream_coverage":0.8977469670710572,"stream_density_mean":4.792870905587669,"stream_density_mean_per_sec":15.2878612716763,"stream_windows":52,"notes_in_stream":1554,"total_notes":1731,"intervals":[[540,719],[732,815],[924,1103],[1116,1199],[1308,1487],[1500,1679],[1692,1967],[2076,2255],[2268,2351],[2460,2639],[2652,2735],[2844,3023],[3036,3215],[3228,3503],[3612,3791],[3828,3983],[4020,4175],[4212,5327],[5352,5423],[5556,5711],[5724,5771],[5844,5963],[6012,6095],[6204,6347],[6396,6539],[6612,6863],[6888,6959],[7080,7247],[7260,7307],[7380,7535],[7548,7631],[7644,7823],[7836,8087],[8148,11171],[11292,14447],[14556,14603],[14772,14831],[14868,14987],[15132,15599],[15708,15755],[15924,15983],[16092,16139],[16308,16367],[16404,16523],[16668,17099],[17208,17327],[17376,17507],[18936,20363],[20532,22091],[22296,22487],[22644,23627],[24348,24431]]},"scratch":{"scratch_ratio":0.011554015020219527,"scratch_positions_ratio":0.019550342130987292,"scratch_with_key_chord_rate":1.0,"scratch_per_sec":0.12598425196850394,"scratch_burst_max_per_sec":2.0,"scratch_burst_window_sec":1.0,"scratch_notes":20,"scratch_positions":20,"total_notes":1731,"total_positions":1023,"chart_seconds":158.75},"soft":{"base_bpm":192.0,"intensity":0.0,"up_intensity":0.0,"down_intensity":0.0,"max_intensity":0.0,"max_up_intensity":0.0,"max_down_intensity":0.0,"step_frequency":0.0,"ramp_frequency":0.0,"continuity_beats":0.0,"off_base_note_ratio":0.0,"gimmick_burst_score":0.0,"max_off_base_density_per_beat":0.0,"base_mean_density_per_beat":3.3996062992125986,"base_density_source":"on_base","distinct_off_base_bpm_count":0,"bpm_change_events":0,"measure_count":128},"ln":{"ln_ratio":0.01733102253032929,"ln_hold_time_mean_beats":2.1333333333333333,"ln_simultaneity_rate":0.057770075101097634,"ln_simultaneity_weighted":0.057770075101097634,"ln_count":30,"ln_positions":24,"total_notes":1731},"stair":{"stair_index":0.09741935483870967,"stair_transitions":151,"eligible_transitions":1550},"peak":{"peak_local_max_density":6.75,"peak_local_max_density_per_sec":21.6,"peak_max_chord_size":5,"peak_concentration":0.2848064702484113,"total_notes":1731,"intervals":[[4920,5291],[8100,9911],[10620,11195],[12624,12935],[14112,14471],[21108,21323],[21876,22091],[22716,23279],[23352,23627]]},"jack":{"jack_pairs":0,"jack_in_stream_pairs":0,"jack_outside_pairs":0,"pure_jack_per_sec":0.0,"flow_break_per_stream_sec":0.0,"stream_seconds":117.265625,"non_stream_seconds":41.484375,"chart_seconds":158.75,"window_ticks":24,"min_region_sec":10.0},"distraction":{"mode_formulation":"DP","dp_distraction_per_sec":0.6853543307086535,"dp_pair_count":21,"dp_chord_tier_pair_count":0,"dp_mean_time_distance_sec":0.20337301587301718,"scratch_chord_pair_count":0,"chord_time_threshold_sec":0.01667,"window_sec_min":0.2,"window_sec_max":0.8,"chart_seconds":158.75}},"warnings":["Unterminated LNOBJ LN on lane P2_KEY2 started at m127 pos0.0; closing at EOF","Unterminated LNOBJ LN on lane P1_KEY1 started at m120 pos0.58333333; closing at EOF","Unterminated LNOBJ LN on lane P1_KEY2 started at m127 pos0.0; closing at EOF","Unterminated LNOBJ LN on lane P1_SCR started at m123 pos0.0; closing at EOF","Unterminated LNOBJ LN on lane P2_SCR started at m121 pos0.83333333; closing at EOF","Unterminated LNOBJ LN on lane P2_KEY5 started at m122 pos0.41666667; closing at EOF","Unterminated LNOBJ LN on lane P2_KEY7 started at m122 pos0.66666667; closing at EOF","Unterminated LNOBJ LN on lane P2_KEY6 started at m127 pos0.0; closing at EOF","Unterminated LNOBJ LN on lane P2_KEY3 started at m122 pos0.91666667; closing at EOF","Unterminated LNOBJ LN on lane P2_KEY1 started at m123 pos0.0; closing at EOF","Unterminated LNOBJ LN on lane P1_KEY7 started at m122 pos0.66666667; closing at EOF","Unterminated LNOBJ LN on lane P1_KEY5 started at m122 pos0.58333333; closing at EOF","Unterminated LNOBJ LN on lane P1_KEY3 started at m122 pos0.83333333; closing at EOF","Unterminated LNOBJ LN on lane P1_KEY6 started at m127 pos0.0; closing at EOF"],"tags":[],"scales":["DPsl"]}