{"md5":"7b00521bff9a8275d02b71a4f2a5086a","headers":{"title":"Caelumize [MG]","artist":"void","genre":"Filmscore / Neurocore","playlevel":"12","base_bpm":175.0},"mode":"DP","scope":"playable_only","scaling_mode":"p99_linear","params":{"stream_window_ticks":48,"stream_density_threshold_per_beat":4.0,"peak_window_ticks":192,"peak_min_window_notes":4,"peak_min_window_sec":0.05,"felt_bpm_trigger_eff_bpm":500.0,"felt_bpm_trigger_peak_per_sec":200.0,"felt_bpm_target_peak_per_sec":100.0,"felt_bpm_floor":30.0,"jack_window_ticks":24,"soft_burst_ref":8.0,"soft_freq_ref":0.1,"soft_burst_exp":1.5,"soft_freq_exp":1.5,"chord_time_threshold_ms":16.67,"sp_distraction_min_scratches":3,"sp_distraction_bin_sec":0.25,"sp_distraction_t_key":2,"sp_distraction_gap_bins":2,"dp_distraction_window_sec_min":0.2,"dp_distraction_window_sec_max":0.8,"stream_density_ref_per_sec":28.0,"peak_density_ref_per_sec":50.0,"chord_size_ref":3.3,"ln_simultaneity_ref":0.18,"scratch_density_ref_per_sec":1.0,"scratch_ratio_ref":0.07,"distraction_density_ref":5.0,"distraction_event_ref":1.0,"dp_distraction_ref":6.0},"raw_axes":{"chord":1.2766666666666668,"stream":15.422365737593475,"scratch_per_sec":0.7901579047498256,"scratch_burst_max_per_sec":4.0,"scratch_max_run_sec":0.6857142857142833,"soft":0.0,"stair":0.14464425332290853,"peak":23.333333333333332,"ln_m1_short_rate_rt":0.0,"ln_m2_density_rt":62.89855072463711,"ln_m2_burst_max_rt":181.0,"ln_m3_density_rt":62.89855072463711,"ln_m_concurrent_rt":0.8157894736842215,"adv_hand_imb":0.23076923076923078,"adv_rel_pressure_1beat":0.7692307692307693,"adv_ln_hold_min_beats":0.75,"adv_ln_chord_big_rate":0.1,"adv_ln_scatter_cv":0.8380291757500357,"distraction":3.101320452928037},"x_chord":0.397,"x_stream":0.483,"x_scratch":0.261,"x_soft":0.0,"x_ln":0.783,"x_stair":0.445,"x_peak":0.402,"x_distraction":0.296,"ln_advanced_score":0.697,"submetrics":{"chord":{"chord_rate":0.5433333333333333,"avg_chord_size":2.3496932515337425,"chord_positions":489,"total_positions":900},"stream":{"stream_coverage":0.9544527532290958,"stream_density_mean":5.54,"stream_density_mean_per_sec":16.158333333333335,"stream_windows":37,"notes_in_stream":1404,"total_notes":1471,"intervals":[[252,3228],[3312,3612],[3696,3960],[3984,4056],[4104,4392],[4452,4728],[4800,6132],[6300,6360],[6588,6648],[6660,6768],[6852,6984],[7092,7200],[7356,7416],[7428,7536],[7644,7752],[7884,8040],[8052,8136],[8148,8232],[8244,8328],[8340,8424],[8436,8520],[8532,8616],[8628,8808],[8820,8904],[8916,9000],[9012,9096],[9108,9192],[9204,9288],[9300,9384],[9396,9456],[9468,10908],[11040,11148],[11424,11532],[11724,11940],[12156,12300],[12504,15624],[15660,15792]]},"scratch":{"scratch_ratio":0.05705128205128205,"scratch_positions_ratio":0.09222222222222222,"scratch_with_key_chord_rate":0.7590361445783133,"scratch_per_sec":0.7901579047498256,"scratch_burst_max_per_sec":4.0,"scratch_burst_window_sec":1.0,"scratch_max_run_sec":0.6857142857142833,"ls_count":18,"ls_per_sec":0.15980721669097597,"ls_complexity_mean":1.5555555555555556,"scratch_notes":89,"scratch_positions":83,"total_notes":1560,"total_positions":900,"chart_seconds":112.63571428571429},"soft":{"base_bpm":175.0,"intensity":0.0,"up_intensity":0.0,"down_intensity":0.0,"max_intensity":0.0,"max_up_intensity":0.0,"max_down_intensity":0.0,"step_frequency":0.0,"ramp_frequency":0.0,"continuity_beats":0.0,"off_base_note_ratio":0.0,"gimmick_burst_score":0.0,"max_off_base_density_per_beat":0.0,"base_mean_density_per_beat":4.739726027397261,"base_density_source":"on_base","distinct_off_base_bpm_count":0,"bpm_change_events":0,"measure_count":83},"ln":{"ln_ratio":0.01730769230769231,"ln_hold_time_mean_beats":0.6388888888888888,"ln_simultaneity_rate":0.014102564102564103,"ln_simultaneity_weighted":0.023076923076923078,"ln_count":27,"ln_count_raw":27,"ln_positions":20,"total_notes":1560,"m1_short_count_rt":0,"m1_short_rate_rt":0.0,"m2_long_count_rt":13,"m2_density_rt":62.89855072463711,"m2_burst_max_rt":181.0,"m3_density_rt":62.89855072463711,"m_concurrent_rt":0.8157894736842215,"total_long_sec":5.914285714285768,"long_active_sec":3.257142857142867,"long_hold_sec_mean":0.45494505494505905,"long_hold_sec_max":0.7714285714285722,"adv_hand_imb":0.23076923076923078,"adv_rel_pressure_1beat":0.7692307692307693,"adv_ln_hold_min_beats":0.75,"adv_ln_chord_big_rate":0.1,"adv_ln_scatter_cv":0.8380291757500357},"stair":{"stair_index":0.14464425332290853,"stair_transitions":185,"eligible_transitions":1279},"peak":{"peak_local_max_density":8.0,"peak_local_max_density_per_sec":23.333333333333332,"peak_max_chord_size":4,"peak_concentration":0.43915703602991163,"total_notes":1471,"intervals":[[2364,2604],[2916,3108],[4476,4704],[4860,5208],[5220,5616],[5916,6108],[10212,10788],[12672,12888],[12924,13656],[13692,13884],[14004,14904],[15096,15612]]},"jack":{"jack_pairs":4,"jack_in_stream_pairs":4,"jack_outside_pairs":0,"pure_jack_per_sec":0.0,"flow_break_per_stream_sec":0.04340748779164405,"stream_seconds":92.15000000000002,"non_stream_seconds":20.485714285714266,"chart_seconds":112.63571428571429,"window_ticks":24,"min_region_sec":10.0},"distraction":{"mode_formulation":"DP","dp_distraction_per_sec":3.101320452928037,"dp_pair_count":84,"dp_chord_tier_pair_count":0,"dp_mean_time_distance_sec":0.26972789115646023,"scratch_chord_pair_count":0,"chord_time_threshold_sec":0.01667,"window_sec_min":0.2,"window_sec_max":0.8,"chart_seconds":112.63571428571429}},"warnings":["Unterminated LNOBJ LN on lane P1_KEY7 started at m82 pos0.5; closing at EOF","Unterminated LNOBJ LN on lane P1_KEY5 started at m82 pos0.875; closing at EOF","Unterminated LNOBJ LN on lane P2_KEY6 started at m82 pos0.625; closing at EOF","Unterminated LNOBJ LN on lane P2_KEY5 started at m82 pos0.375; closing at EOF","Unterminated LNOBJ LN on lane P1_KEY3 started at m82 pos0.875; closing at EOF","Unterminated LNOBJ LN on lane P1_KEY1 started at m81 pos0.375; closing at EOF","Unterminated LNOBJ LN on lane P2_KEY2 started at m82 pos0.70833333; closing at EOF","Unterminated LNOBJ LN on lane P2_KEY4 started at m82 pos0.66666667; closing at EOF","Unterminated LNOBJ LN on lane P1_KEY2 started at m81 pos0.75; closing at EOF","Unterminated LNOBJ LN on lane P1_KEY6 started at m81 pos0.75; closing at EOF","Unterminated LNOBJ LN on lane P1_KEY4 started at m81 pos0.75; closing at EOF","Unterminated LNOBJ LN on lane P2_SCR started at m82 pos0.875; closing at EOF","Unterminated LNOBJ LN on lane P2_KEY3 started at m82 pos0.41666667; closing at EOF","Unterminated LNOBJ LN on lane P2_KEY7 started at m82 pos0.75; closing at EOF","Unterminated LNOBJ LN on lane P2_KEY1 started at m82 pos0.75; closing at EOF","Unterminated LNOBJ LN on lane P1_SCR started at m82 pos0.75; closing at EOF"],"axis_intensities":{"chord":"green","stream":"green","peak":"green","scratch":"red","soft":null,"ln":"red","stair":"red","distraction":"red"},"tags":["long_scratch","complex_long_scratch"],"scales":["DPsl"]}