{"md5":"f8429330adae37163f2e65abf58aebea","headers":{"title":"PrayStation [4_PStwo]","artist":"Ras / obj@PEN","genre":"ELECTRO","playlevel":"11","base_bpm":142.0},"mode":"DP","scope":"playable_only","scaling_mode":"p99_linear","params":{"stream_window_ticks":48,"stream_density_threshold_per_beat":4.0,"peak_window_ticks":192,"peak_min_window_notes":4,"felt_bpm_trigger_eff_bpm":500.0,"felt_bpm_trigger_peak_per_sec":200.0,"felt_bpm_target_peak_per_sec":100.0,"felt_bpm_floor":30.0,"jack_window_ticks":24,"soft_burst_ref":8.0,"soft_freq_ref":0.1,"soft_burst_exp":1.5,"soft_freq_exp":1.5,"chord_time_threshold_ms":16.67,"sp_distraction_min_scratches":3,"dp_distraction_window_sec_min":0.2,"dp_distraction_window_sec_max":0.8,"stream_density_ref_per_sec":28.0,"peak_density_ref_per_sec":50.0,"chord_size_ref":3.3,"ln_simultaneity_ref":0.18,"scratch_density_ref_per_sec":1.0,"scratch_ratio_ref":0.07,"distraction_density_ref":5.0,"distraction_event_ref":1.0,"dp_distraction_ref":6.0},"raw_axes":{"chord":1.0134228187919463,"stream":12.138921734098473,"scratch":0.1647102060337558,"soft":0.0,"ln":0.024892703862660945,"stair":0.07933398628795299,"peak":20.708333333333332,"distraction":3.75545335588344},"x_chord":0.325,"x_stream":0.38,"x_scratch":0.885,"x_soft":0.0,"x_ln":0.09,"x_stair":0.259,"x_peak":0.328,"x_distraction":0.317,"submetrics":{"chord":{"chord_rate":0.44966442953020136,"avg_chord_size":2.253731343283582,"chord_positions":335,"total_positions":745},"stream":{"stream_coverage":0.9236051502145923,"stream_density_mean":5.553370786516854,"stream_density_mean_per_sec":13.142977528089888,"stream_windows":21,"notes_in_stream":1076,"total_notes":1165,"intervals":[[684,935],[960,1043],[1068,1139],[1152,1235],[1248,1391],[1440,1643],[1680,1727],[1752,1811],[1836,1907],[1920,2003],[2016,2159],[2208,2411],[2436,7823],[7872,7991],[8040,8183],[8256,8375],[8388,8591],[8640,8759],[8892,9227],[10332,10607],[10620,12287]]},"scratch":{"scratch_ratio":0.12360515021459227,"scratch_positions_ratio":0.19328859060402684,"scratch_with_key_chord_rate":0.5069444444444444,"scratch_per_sec":1.3325513196480938,"scratch_burst_max_per_sec":8.0,"scratch_burst_window_sec":1.0,"scratch_notes":144,"scratch_positions":144,"total_notes":1165,"total_positions":745,"chart_seconds":108.06338028169014},"soft":{"base_bpm":142.0,"intensity":0.0,"up_intensity":0.0,"down_intensity":0.0,"max_intensity":0.0,"max_up_intensity":0.0,"max_down_intensity":0.0,"step_frequency":0.0,"ramp_frequency":0.0,"continuity_beats":0.0,"off_base_note_ratio":0.0,"gimmick_burst_score":0.0,"max_off_base_density_per_beat":0.0,"base_mean_density_per_beat":4.551319648093842,"base_density_source":"on_base","distinct_off_base_bpm_count":0,"bpm_change_events":0,"measure_count":64},"ln":{"ln_ratio":0.0592274678111588,"ln_hold_time_mean_beats":0.8478260869565217,"ln_simultaneity_rate":0.024892703862660945,"ln_simultaneity_weighted":0.024892703862660945,"ln_count":69,"ln_positions":66,"total_notes":1165},"stair":{"stair_index":0.07933398628795299,"stair_transitions":81,"eligible_transitions":1021},"peak":{"peak_local_max_density":8.75,"peak_local_max_density_per_sec":20.708333333333332,"peak_max_chord_size":5,"peak_concentration":0.36394849785407724,"total_notes":1165,"intervals":[[4152,4715],[4800,5051],[5148,5339],[5568,5819],[5916,6107],[6336,6887],[7104,7703],[11304,11687]]},"jack":{"jack_pairs":66,"jack_in_stream_pairs":62,"jack_outside_pairs":4,"pure_jack_per_sec":0.1847154471544717,"flow_break_per_stream_sec":0.7175224123879379,"stream_seconds":86.40845070422537,"non_stream_seconds":21.65492957746477,"chart_seconds":108.06338028169014,"window_ticks":24,"min_region_sec":10.0},"distraction":{"mode_formulation":"DP","dp_distraction_per_sec":3.75545335588344,"dp_pair_count":111,"dp_chord_tier_pair_count":0,"dp_mean_time_distance_sec":0.30976398934145466,"scratch_chord_pair_count":0,"chord_time_threshold_sec":0.01667,"window_sec_min":0.2,"window_sec_max":0.8,"chart_seconds":108.06338028169014}},"warnings":[],"tags":["scratch_active"],"scales":["★"]}