{"md5":"6212177038c572314f64f1761ebd7d1c","headers":{"title":"Elixir","artist":"Lime / Kankitsu / Limite feat.制限","genre":"Uplifting Trance","playlevel":"2","base_bpm":140.0},"mode":"DP","scope":"playable_only","scaling_mode":"p99_linear","params":{"stream_window_ticks":48,"stream_density_threshold_per_beat":4.0,"peak_window_ticks":192,"peak_min_window_notes":4,"peak_min_window_sec":0.05,"felt_bpm_trigger_eff_bpm":500.0,"felt_bpm_trigger_peak_per_sec":200.0,"felt_bpm_target_peak_per_sec":100.0,"felt_bpm_floor":30.0,"jack_window_ticks":24,"soft_burst_ref":8.0,"soft_freq_ref":0.1,"soft_burst_exp":1.5,"soft_freq_exp":1.5,"chord_time_threshold_ms":16.67,"sp_distraction_min_scratches":3,"dp_distraction_window_sec_min":0.2,"dp_distraction_window_sec_max":0.8,"stream_density_ref_per_sec":28.0,"peak_density_ref_per_sec":50.0,"chord_size_ref":3.3,"ln_simultaneity_ref":0.18,"scratch_density_ref_per_sec":1.0,"scratch_ratio_ref":0.07,"distraction_density_ref":5.0,"distraction_event_ref":1.0,"dp_distraction_ref":6.0},"raw_axes":{"chord":1.0666023166023166,"stream":14.5806683151002,"scratch":0.003190443549335625,"soft":0.0,"ln":0.14105642256902762,"stair":0.06173677069199457,"peak":22.75,"distraction":0.9086445471576653},"x_chord":0.332,"x_stream":0.456,"x_scratch":0.017,"x_soft":0.0,"x_ln":0.511,"x_stair":0.195,"x_peak":0.392,"x_distraction":0.087,"submetrics":{"chord":{"chord_rate":0.4584942084942085,"avg_chord_size":2.3263157894736843,"chord_positions":475,"total_positions":1036},"stream":{"stream_coverage":0.946578631452581,"stream_density_mean":6.601520086862107,"stream_density_mean_per_sec":15.403546869344916,"stream_windows":24,"notes_in_stream":1577,"total_notes":1666,"intervals":[[348,432],[444,588],[696,804],[876,5040],[5076,5136],[5172,5232],[5280,5424],[5472,5520],[5724,5808],[6468,6576],[6588,6672],[6684,6960],[7164,7248],[7260,7344],[7452,7536],[7548,7632],[7644,7728],[7932,8088],[8100,8196],[8268,8496],[8796,8880],[9168,9252],[9276,10404],[10632,15396]]},"scratch":{"scratch_ratio":0.016206482593037214,"scratch_positions_ratio":0.023166023166023165,"scratch_with_key_chord_rate":0.5833333333333334,"scratch_per_sec":0.1968621834515982,"scratch_burst_max_per_sec":3.0,"scratch_burst_window_sec":1.0,"scratch_notes":27,"scratch_positions":24,"total_notes":1666,"total_positions":1036,"chart_seconds":137.15178571428572},"soft":{"base_bpm":140.0,"intensity":0.0,"up_intensity":0.0,"down_intensity":0.0,"max_intensity":0.0,"max_up_intensity":0.0,"max_down_intensity":0.0,"step_frequency":0.0,"ramp_frequency":0.0,"continuity_beats":0.0,"off_base_note_ratio":0.0,"gimmick_burst_score":0.0,"max_off_base_density_per_beat":0.0,"base_mean_density_per_beat":5.2,"base_density_source":"on_base","distinct_off_base_bpm_count":0,"bpm_change_events":0,"measure_count":81},"ln":{"ln_ratio":0.04561824729891957,"ln_hold_time_mean_beats":1.7675438596491229,"ln_simultaneity_rate":0.10984393757503001,"ln_simultaneity_weighted":0.14105642256902762,"ln_count":76,"ln_positions":48,"total_notes":1666},"stair":{"stair_index":0.06173677069199457,"stair_transitions":91,"eligible_transitions":1474},"peak":{"peak_local_max_density":9.75,"peak_local_max_density_per_sec":22.75,"peak_max_chord_size":5,"peak_concentration":0.35114045618247297,"total_notes":1666,"intervals":[[1344,1836],[3972,4260],[4512,4980],[9756,10392],[12264,13008],[13440,13812],[14928,15372]]},"jack":{"jack_pairs":23,"jack_in_stream_pairs":23,"jack_outside_pairs":0,"pure_jack_per_sec":0.0,"flow_break_per_stream_sec":0.20961835788103184,"stream_seconds":109.72321428571428,"non_stream_seconds":27.428571428571445,"chart_seconds":137.15178571428572,"window_ticks":24,"min_region_sec":10.0},"distraction":{"mode_formulation":"DP","dp_distraction_per_sec":0.9086445471576653,"dp_pair_count":37,"dp_chord_tier_pair_count":0,"dp_mean_time_distance_sec":0.33204633204633127,"scratch_chord_pair_count":0,"chord_time_threshold_sec":0.01667,"window_sec_min":0.2,"window_sec_max":0.8,"chart_seconds":137.15178571428572}},"warnings":["Unterminated LNOBJ LN on lane P2_SCR started at m80 pos0.0; closing at EOF","Unterminated LNOBJ LN on lane P1_KEY6 started at m79 pos0.75; closing at EOF","Unterminated LNOBJ LN on lane P1_SCR started at m80 pos0.0; closing at EOF","Unterminated LNOBJ LN on lane P1_KEY3 started at m79 pos0.8125; closing at EOF","Unterminated LNOBJ LN on lane P2_KEY3 started at m79 pos0.75; closing at EOF","Unterminated LNOBJ LN on lane P2_KEY4 started at m79 pos0.875; closing at EOF","Unterminated LNOBJ LN on lane P2_KEY6 started at m79 pos0.8125; closing at EOF","Unterminated LNOBJ LN on lane P2_KEY1 started at m79 pos0.5; closing at EOF","Unterminated LNOBJ LN on lane P1_KEY1 started at m79 pos0.5625; closing at EOF","Unterminated LNOBJ LN on lane P1_KEY2 started at m79 pos0.375; closing at EOF","Unterminated LNOBJ LN on lane P2_KEY2 started at m79 pos0.625; closing at EOF","Unterminated LNOBJ LN on lane P2_KEY7 started at m79 pos0.9375; closing at EOF","Unterminated LNOBJ LN on lane P1_KEY4 started at m79 pos0.6875; closing at EOF","Unterminated LNOBJ LN on lane P1_KEY5 started at m79 pos0.875; closing at EOF","Unterminated LNOBJ LN on lane P2_KEY5 started at m79 pos0.6875; closing at EOF","Unterminated LNOBJ LN on lane P1_KEY7 started at m79 pos0.9375; closing at EOF"],"tags":["ln_chart"],"scales":["DPsl","★"]}