{"md5":"d79eb1fa30f29569e4d269765bdfd1a1","headers":{"title":"MARENOL[Nightmare]","artist":"LeaF / obj@PEN","genre":"PHANTASMA","playlevel":"12","base_bpm":140.0},"mode":"DP","scope":"playable_only","scaling_mode":"p99_linear","params":{"stream_window_ticks":48,"stream_density_threshold_per_beat":4.0,"peak_window_ticks":192,"peak_min_window_notes":4,"peak_min_window_sec":0.05,"felt_bpm_trigger_eff_bpm":500.0,"felt_bpm_trigger_peak_per_sec":200.0,"felt_bpm_target_peak_per_sec":100.0,"felt_bpm_floor":30.0,"jack_window_ticks":24,"soft_burst_ref":8.0,"soft_freq_ref":0.1,"soft_burst_exp":1.5,"soft_freq_exp":1.5,"chord_time_threshold_ms":16.67,"sp_distraction_min_scratches":3,"sp_distraction_bin_sec":0.25,"sp_distraction_t_key":2,"sp_distraction_gap_bins":2,"dp_distraction_window_sec_min":0.2,"dp_distraction_window_sec_max":0.8,"stream_density_ref_per_sec":28.0,"peak_density_ref_per_sec":50.0,"chord_size_ref":3.3,"ln_simultaneity_ref":0.18,"scratch_density_ref_per_sec":1.0,"scratch_ratio_ref":0.07,"distraction_density_ref":5.0,"distraction_event_ref":1.0,"dp_distraction_ref":6.0},"raw_axes":{"chord":1.3179916317991631,"stream":20.423018273163898,"scratch_per_sec":0.46803467847564384,"scratch_burst_max_per_sec":7.0,"scratch_max_run_sec":2.5714285714285765,"soft":0.33240211163896655,"stair":0.18134715025906736,"peak":37.333333333333336,"ln_m1_short_rate_rt":0.0,"ln_m2_density_rt":0.0,"ln_m2_burst_max_rt":0.0,"ln_m3_density_rt":0.0,"ln_m_concurrent_rt":0.4827586206896545,"adv_hand_imb":0.0,"adv_rel_pressure_1beat":1.0,"adv_ln_hold_min_beats":0.4375,"adv_ln_chord_big_rate":0.0,"adv_ln_scatter_cv":0.5907880084379907,"distraction":1.133994469739492},"x_chord":0.41,"x_stream":0.639,"x_scratch":0.31,"x_soft":1.0,"x_ln":0.471,"x_stair":0.558,"x_peak":0.644,"x_distraction":0.108,"ln_advanced_score":0.548,"submetrics":{"chord":{"chord_rate":0.47364016736401676,"avg_chord_size":2.782685512367491,"chord_positions":566,"total_positions":1195},"stream":{"stream_coverage":0.9209171736078615,"stream_density_mean":9.54726368159204,"stream_density_mean_per_sec":22.176824212271974,"stream_windows":23,"notes_in_stream":1968,"total_notes":2137,"intervals":[[396,1896],[2028,3600],[3756,4980],[5256,5316],[5376,5532],[5568,5700],[5712,5868],[5988,6048],[6180,6240],[6756,6816],[6948,7008],[7524,7584],[7644,7704],[7764,7824],[7884,7944],[8076,9288],[10764,14100],[14124,14232],[14304,14424],[14556,14616],[14892,15000],[15072,15192],[15300,15432]]},"scratch":{"scratch_ratio":0.030399274047186932,"scratch_positions_ratio":0.05606694560669456,"scratch_with_key_chord_rate":0.5522388059701493,"scratch_per_sec":0.46803467847564384,"scratch_burst_max_per_sec":7.0,"scratch_burst_window_sec":1.0,"scratch_max_run_sec":2.5714285714285765,"ls_count":9,"ls_per_sec":0.06287032994448948,"ls_complexity_mean":0,"scratch_notes":67,"scratch_positions":67,"total_notes":2204,"total_positions":1195,"chart_seconds":143.15178571428575},"soft":{"base_bpm":140.0,"intensity":0.0057849364791288565,"up_intensity":0.0,"down_intensity":0.0057849364791288565,"max_intensity":0.75,"max_up_intensity":0.0,"max_down_intensity":0.75,"step_frequency":0.07575757575757576,"ramp_frequency":0.07575757575757576,"continuity_beats":3.0,"off_base_note_ratio":0.007713248638838476,"gimmick_burst_score":4.387707873634358,"max_off_base_density_per_beat":8.0,"base_mean_density_per_beat":6.917721518987341,"base_density_source":"on_base","distinct_off_base_bpm_count":1,"bpm_change_events":10,"measure_count":132},"ln":{"ln_ratio":0.011796733212341199,"ln_hold_time_mean_beats":0.4230769230769231,"ln_simultaneity_rate":0.0,"ln_simultaneity_weighted":0.0,"ln_count":26,"ln_count_raw":26,"ln_positions":17,"total_notes":2204,"m1_short_count_rt":0,"m1_short_rate_rt":0.0,"m2_long_count_rt":12,"m2_density_rt":0.0,"m2_burst_max_rt":0.0,"m3_density_rt":0.0,"m_concurrent_rt":0.4827586206896545,"total_long_sec":9.214285714285722,"long_active_sec":6.214285714285722,"long_hold_sec_mean":0.7678571428571436,"long_hold_sec_max":0.8035714285714306,"adv_hand_imb":0.0,"adv_rel_pressure_1beat":1.0,"adv_ln_hold_min_beats":0.4375,"adv_ln_chord_big_rate":0.0,"adv_ln_scatter_cv":0.5907880084379907},"stair":{"stair_index":0.18134715025906736,"stair_transitions":280,"eligible_transitions":1544},"peak":{"peak_local_max_density":16.0,"peak_local_max_density_per_sec":37.333333333333336,"peak_max_chord_size":7,"peak_concentration":0.3336452971455311,"total_notes":2137,"intervals":[[2100,2460],[2976,3468],[4644,4992],[12468,14100]]},"jack":{"jack_pairs":9,"jack_in_stream_pairs":9,"jack_outside_pairs":0,"pure_jack_per_sec":0.0,"flow_break_per_stream_sec":0.09364548494983276,"stream_seconds":96.10714285714288,"non_stream_seconds":47.044642857142875,"chart_seconds":143.15178571428575,"window_ticks":24,"min_region_sec":10.0},"distraction":{"mode_formulation":"DP","dp_distraction_per_sec":1.133994469739492,"dp_pair_count":48,"dp_chord_tier_pair_count":0,"dp_mean_time_distance_sec":0.32700892857142877,"scratch_chord_pair_count":0,"chord_time_threshold_sec":0.01667,"window_sec_min":0.2,"window_sec_max":0.8,"chart_seconds":143.15178571428575}},"warnings":["Unterminated LNOBJ LN on lane P2_KEY7 started at m129 pos0.875; closing at EOF","Unterminated LNOBJ LN on lane P1_KEY1 started at m127 pos0.875; closing at EOF","Unterminated LNOBJ LN on lane P1_KEY7 started at m129 pos0.875; closing at EOF","Unterminated LNOBJ LN on lane P2_KEY1 started at m127 pos0.125; closing at EOF","Unterminated LNOBJ LN on lane P1_KEY4 started at m130 pos0.5; closing at EOF","Unterminated LNOBJ LN on lane P2_KEY3 started at m130 pos0.75; closing at EOF","Unterminated LNOBJ LN on lane P2_KEY5 started at m130 pos0.25; closing at EOF","Unterminated LNOBJ LN on lane P1_KEY6 started at m130 pos0.0; closing at EOF","Unterminated LNOBJ LN on lane P1_KEY5 started at m130 pos0.25; closing at EOF","Unterminated LNOBJ LN on lane P2_KEY6 started at m130 pos0.0; closing at EOF","Unterminated LNOBJ LN on lane P1_KEY2 started at m129 pos0.5; closing at EOF","Unterminated LNOBJ LN on lane P2_KEY2 started at m128 pos0.125; closing at EOF","Unterminated LNOBJ LN on lane P2_KEY4 started at m130 pos0.5; closing at EOF","Unterminated LNOBJ LN on lane P1_KEY3 started at m130 pos0.75; closing at EOF","Unterminated LNOBJ LN on lane P2_SCR started at m105 pos0.375; closing at EOF","Unterminated LNOBJ LN on lane P1_SCR started at m131 pos0.0; closing at EOF"],"axis_intensities":{"chord":"green","stream":"red","peak":"red","scratch":"red","soft":"red","ln":"green","stair":"red","distraction":"yellow"},"tags":["long_scratch"],"scales":["★","★★"]}