{"md5":"c295724cca6ec0fe626d3e484c883478","headers":{"title":"introspect","artist":"Lokan","genre":"","playlevel":"12","base_bpm":140.0},"mode":"DP","scope":"playable_only","scaling_mode":"p99_linear","params":{"stream_window_ticks":48,"stream_density_threshold_per_beat":4.0,"peak_window_ticks":192,"peak_min_window_notes":4,"peak_min_window_sec":0.05,"felt_bpm_trigger_eff_bpm":500.0,"felt_bpm_trigger_peak_per_sec":200.0,"felt_bpm_target_peak_per_sec":100.0,"felt_bpm_floor":30.0,"jack_window_ticks":24,"soft_burst_ref":8.0,"soft_freq_ref":0.1,"soft_burst_exp":1.5,"soft_freq_exp":1.5,"chord_time_threshold_ms":16.67,"sp_distraction_min_scratches":3,"dp_distraction_window_sec_min":0.2,"dp_distraction_window_sec_max":0.8,"stream_density_ref_per_sec":28.0,"peak_density_ref_per_sec":50.0,"chord_size_ref":3.3,"ln_simultaneity_ref":0.18,"scratch_density_ref_per_sec":1.0,"scratch_ratio_ref":0.07,"distraction_density_ref":5.0,"distraction_event_ref":1.0,"dp_distraction_ref":6.0},"raw_axes":{"chord":1.033092037228542,"stream":16.428277379031144,"scratch":0.0016549214743526541,"soft":0.00016895884349137715,"ln":0.0,"stair":0.11941391941391942,"peak":25.979166666666668,"distraction":0.7792062126227323},"x_chord":0.331,"x_stream":0.515,"x_scratch":0.009,"x_soft":0.002,"x_ln":0.0,"x_stair":0.389,"x_peak":0.412,"x_distraction":0.066,"submetrics":{"chord":{"chord_rate":0.45398138572905894,"avg_chord_size":2.275626423690205,"chord_positions":439,"total_positions":967},"stream":{"stream_coverage":0.9652914210870989,"stream_density_mean":7.090112640801001,"stream_density_mean_per_sec":17.01898206090947,"stream_windows":13,"notes_in_stream":1474,"total_notes":1527,"intervals":[[384,599],[936,1187],[2172,2327],[2748,2831],[2880,3107],[3132,7655],[8388,8471],[8556,8903],[8940,9071],[9084,9299],[9324,9419],[9480,10583],[10596,13655]]},"scratch":{"scratch_ratio":0.011787819253438114,"scratch_positions_ratio":0.01861427094105481,"scratch_with_key_chord_rate":0.8888888888888888,"scratch_per_sec":0.14039250507425016,"scratch_burst_max_per_sec":4.0,"scratch_burst_window_sec":1.0,"scratch_notes":18,"scratch_positions":18,"total_notes":1527,"total_positions":967,"chart_seconds":128.2119725015252},"soft":{"base_bpm":145.0,"intensity":0.008312444956303774,"up_intensity":0.0,"down_intensity":0.008312444956303774,"max_intensity":0.5620689655172414,"max_up_intensity":0.0,"max_down_intensity":0.5620689655172414,"step_frequency":0.1111111111111111,"ramp_frequency":0.05555555555555555,"continuity_beats":144.0,"off_base_note_ratio":0.3516699410609037,"gimmick_burst_score":0.0015206295914223945,"max_off_base_density_per_beat":8.125,"base_mean_density_per_beat":6.945427944403804,"base_density_source":"on_base","distinct_off_base_bpm_count":5,"bpm_change_events":8,"measure_count":72},"ln":{"ln_ratio":0.0,"ln_hold_time_mean_beats":0.0,"ln_simultaneity_rate":0.0,"ln_simultaneity_weighted":0.0,"ln_count":0,"ln_positions":0,"total_notes":1527},"stair":{"stair_index":0.11941391941391942,"stair_transitions":163,"eligible_transitions":1365},"peak":{"peak_local_max_density":10.75,"peak_local_max_density_per_sec":25.979166666666668,"peak_max_chord_size":5,"peak_concentration":0.48461034708578915,"total_notes":1527,"intervals":[[3288,3659],[3720,4367],[6264,6863],[7044,7523],[9936,10295],[10908,11171],[11784,12095],[12216,12815],[13032,13667]]},"jack":{"jack_pairs":17,"jack_in_stream_pairs":17,"jack_outside_pairs":0,"pure_jack_per_sec":0.0,"flow_break_per_stream_sec":0.1853527576601595,"stream_seconds":91.71700607319345,"non_stream_seconds":36.49496642833175,"chart_seconds":128.2119725015252,"window_ticks":24,"min_region_sec":10.0},"distraction":{"mode_formulation":"DP","dp_distraction_per_sec":0.7792062126227323,"dp_pair_count":25,"dp_chord_tier_pair_count":0,"dp_mean_time_distance_sec":0.29799872541251987,"scratch_chord_pair_count":0,"chord_time_threshold_sec":0.01667,"window_sec_min":0.2,"window_sec_max":0.8,"chart_seconds":128.2119725015252}},"warnings":[],"tags":["burst_focused"],"scales":["★"]}