{"md5":"13137adcdf79c422e5725c7109e144ff","headers":{"title":"事象の地平","artist":"wa. / Limite","genre":"OMNIVERSE","playlevel":"15","base_bpm":169.0},"mode":"DP","scope":"playable_only","scaling_mode":"reference","params":{"stream_window_ticks":48,"stream_density_threshold_per_beat":4.0,"peak_window_ticks":192,"jack_window_ticks":24,"soft_burst_ref":8.0,"soft_freq_ref":0.1,"soft_burst_exp":1.5,"soft_freq_exp":1.5,"chord_time_threshold_ms":16.67,"sp_distraction_min_scratches":3,"dp_distraction_window_sec_min":0.2,"dp_distraction_window_sec_max":0.8,"stream_density_ref_per_sec":28.0,"peak_density_ref_per_sec":50.0,"chord_size_ref":3.3,"ln_simultaneity_ref":0.18,"scratch_density_ref_per_sec":1.0,"scratch_ratio_ref":0.07,"distraction_density_ref":5.0,"distraction_event_ref":1.0,"dp_distraction_ref":6.0},"x_chord":0.7901294108190658,"x_stream":0.9929230769230769,"x_scratch":0.008871701546860783,"x_soft":0.0001675175334636852,"x_ln":0.0,"x_stair":0.18872017353579176,"x_peak":0.9576666666666667,"x_distraction":0.6416832361630617,"submetrics":{"chord":{"chord_rate":0.7338638373121131,"avg_chord_size":3.553012048192771,"chord_positions":830,"total_positions":1131},"stream":{"stream_coverage":0.9929230769230769,"stream_density_mean":11.773394495412845,"stream_density_mean_per_sec":33.14493119266055,"stream_windows":16,"notes_in_stream":3227,"total_notes":3250,"intervals":[[156,1571],[1884,1967],[2076,2159],[2268,2351],[2364,2447],[2460,2639],[2652,2735],[2748,2831],[2844,3119],[3132,3215],[3228,3311],[3324,9743],[9756,9935],[9948,10031],[10044,10127],[10140,14627]]},"scratch":{"scratch_ratio":0.004615384615384616,"scratch_positions_ratio":0.011494252873563218,"scratch_with_key_chord_rate":0.8461538461538461,"scratch_per_sec":0.13455414012738853,"scratch_burst_max_per_sec":3.0,"scratch_burst_window_sec":1.0,"scratch_notes":15,"scratch_positions":13,"total_notes":3250,"total_positions":1131,"chart_seconds":111.4792899408284},"soft":{"base_bpm":169.0,"intensity":0.0003076923076923077,"up_intensity":0.0,"down_intensity":0.0003076923076923077,"max_intensity":1.0,"max_up_intensity":1.0,"max_down_intensity":0.5,"step_frequency":0.05194805194805195,"ramp_frequency":0.03896103896103896,"continuity_beats":8.0,"off_base_note_ratio":0.0006153846153846154,"gimmick_burst_score":0.046798029556650245,"max_off_base_density_per_beat":0.5,"base_mean_density_per_beat":10.68421052631579,"base_density_source":"on_base","distinct_off_base_bpm_count":2,"bpm_change_events":4,"measure_count":77},"ln":{"ln_ratio":0.005538461538461538,"ln_hold_time_mean_beats":1.6666666666666667,"ln_simultaneity_rate":0.0,"ln_simultaneity_weighted":0.0,"ln_count":18,"ln_positions":11,"total_notes":3250},"stair":{"stair_index":0.18872017353579176,"stair_transitions":348,"eligible_transitions":1844},"peak":{"peak_local_max_density":17.0,"peak_local_max_density_per_sec":47.88333333333333,"peak_max_chord_size":9,"peak_concentration":0.2763076923076923,"total_notes":3250,"intervals":[[816,1547],[8064,8255],[8268,9635],[14172,14603]]},"jack":{"jack_pairs":13,"jack_in_stream_pairs":13,"jack_outside_pairs":0,"pure_jack_per_sec":0.0,"flow_break_per_stream_sec":0.12703093379589478,"stream_seconds":102.33727810650886,"non_stream_seconds":9.142011834319533,"chart_seconds":111.4792899408284,"window_ticks":24,"min_region_sec":10.0},"distraction":{"mode_formulation":"DP","dp_distraction_per_sec":3.8500994169783698,"dp_pair_count":76,"dp_chord_tier_pair_count":0,"dp_mean_time_distance_sec":0.23824353783868024,"scratch_chord_pair_count":0,"chord_time_threshold_sec":0.01667,"window_sec_min":0.2,"window_sec_max":0.8,"chart_seconds":111.4792899408284}},"warnings":["Unterminated LNOBJ LN on lane P1_KEY1 started at m75 pos0.875; closing at EOF","Unterminated LNOBJ LN on lane P1_KEY7 started at m75 pos0.75; closing at EOF","Unterminated LNOBJ LN on lane P2_KEY5 started at m75 pos0.8125; closing at EOF","Unterminated LNOBJ LN on lane P2_KEY7 started at m75 pos0.875; closing at EOF","Unterminated LNOBJ LN on lane P2_KEY2 started at m75 pos0.875; closing at EOF","Unterminated LNOBJ LN on lane P1_KEY2 started at m75 pos0.95833333; closing at EOF","Unterminated LNOBJ LN on lane P2_KEY4 started at m75 pos0.9375; closing at EOF","Unterminated LNOBJ LN on lane P1_KEY6 started at m75 pos0.79166667; closing at EOF","Unterminated LNOBJ LN on lane P2_KEY6 started at m75 pos0.6875; closing at EOF","Unterminated LNOBJ LN on lane P1_KEY3 started at m75 pos0.91666667; closing at EOF","Unterminated LNOBJ LN on lane P2_KEY1 started at m75 pos0.875; closing at EOF","Unterminated LNOBJ LN on lane P2_KEY3 started at m75 pos0.75; closing at EOF","Unterminated LNOBJ LN on lane P1_KEY5 started at m75 pos0.83333333; closing at EOF","Unterminated LNOBJ LN on lane P1_KEY4 started at m75 pos0.875; closing at EOF"],"tags":["chord_heavy","stream_heavy","peak_intense","big_chord_burst","sustained","peak_outlier","dense_chart","chord_stream"],"scales":["★★"]}