{"md5":"5e44a97a065f148abca9e128396f5528","headers":{"title":"ふりんとどっとらいん","artist":"鈎兎(KagiUsagi)","genre":"Furi Furi Pop","playlevel":"12","base_bpm":174.0},"mode":"DP","scope":"playable_only","scaling_mode":"p99_linear","params":{"stream_window_ticks":48,"stream_density_threshold_per_beat":4.0,"peak_window_ticks":192,"peak_min_window_notes":4,"peak_min_window_sec":0.05,"felt_bpm_trigger_eff_bpm":500.0,"felt_bpm_trigger_peak_per_sec":200.0,"felt_bpm_target_peak_per_sec":100.0,"felt_bpm_floor":30.0,"jack_window_ticks":24,"soft_burst_ref":8.0,"soft_freq_ref":0.1,"soft_burst_exp":1.5,"soft_freq_exp":1.5,"chord_time_threshold_ms":16.67,"sp_distraction_min_scratches":3,"dp_distraction_window_sec_min":0.2,"dp_distraction_window_sec_max":0.8,"stream_density_ref_per_sec":28.0,"peak_density_ref_per_sec":50.0,"chord_size_ref":3.3,"ln_simultaneity_ref":0.18,"scratch_density_ref_per_sec":1.0,"scratch_ratio_ref":0.07,"distraction_density_ref":5.0,"distraction_event_ref":1.0,"dp_distraction_ref":6.0},"raw_axes":{"chord":1.155893536121673,"stream":16.163487451809015,"scratch":0.005240129024550505,"soft":0.0,"ln":0.0,"stair":0.09773013871374527,"peak":23.2,"distraction":1.182353264440602},"x_chord":0.36,"x_stream":0.506,"x_scratch":0.028,"x_soft":0.0,"x_ln":0.0,"x_stair":0.309,"x_peak":0.4,"x_distraction":0.113,"submetrics":{"chord":{"chord_rate":0.5133079847908745,"avg_chord_size":2.251851851851852,"chord_positions":540,"total_positions":1052},"stream":{"stream_coverage":0.9762731481481481,"stream_density_mean":5.709074733096085,"stream_density_mean_per_sec":16.556316725978647,"stream_windows":26,"notes_in_stream":1687,"total_notes":1728,"intervals":[[384,552],[564,3684],[3744,3864],[3948,4020],[4152,4464],[4512,4656],[4704,4944],[4956,5040],[5064,7032],[7080,7320],[7332,7428],[7476,7608],[7620,7800],[7836,8412],[8436,11556],[11580,11832],[11892,12000],[12012,12072],[12084,12276],[12660,12828],[12852,13008],[13020,13944],[13956,14376],[14388,15456],[15492,16368],[16704,16752]]},"scratch":{"scratch_ratio":0.019097222222222224,"scratch_positions_ratio":0.030418250950570342,"scratch_with_key_chord_rate":0.90625,"scratch_per_sec":0.2743922107400992,"scratch_burst_max_per_sec":3.0,"scratch_burst_window_sec":1.0,"scratch_notes":33,"scratch_positions":32,"total_notes":1728,"total_positions":1052,"chart_seconds":120.26580459770115},"soft":{"base_bpm":174.0,"intensity":0.0,"up_intensity":0.0,"down_intensity":0.0,"max_intensity":0.0,"max_up_intensity":0.0,"max_down_intensity":0.0,"step_frequency":0.0,"ramp_frequency":0.0,"continuity_beats":0.0,"off_base_note_ratio":0.0,"gimmick_burst_score":0.0,"max_off_base_density_per_beat":0.0,"base_mean_density_per_beat":4.951971326164874,"base_density_source":"on_base","distinct_off_base_bpm_count":0,"bpm_change_events":0,"measure_count":88},"ln":{"ln_ratio":0.0,"ln_hold_time_mean_beats":0.0,"ln_simultaneity_rate":0.0,"ln_simultaneity_weighted":0.0,"ln_count":0,"ln_positions":0,"total_notes":1728},"stair":{"stair_index":0.09773013871374527,"stair_transitions":155,"eligible_transitions":1586},"peak":{"peak_local_max_density":8.0,"peak_local_max_density_per_sec":23.2,"peak_max_chord_size":5,"peak_concentration":0.3587962962962963,"total_notes":1728,"intervals":[[1056,1356],[1728,2124],[2592,2892],[3144,3564],[8040,8304],[8928,9228],[9636,9996],[10464,10764],[11016,11436],[13248,13500],[14016,14268],[15504,15804],[15960,16344]]},"jack":{"jack_pairs":64,"jack_in_stream_pairs":61,"jack_outside_pairs":3,"pure_jack_per_sec":0.21886792452830228,"flow_break_per_stream_sec":0.5724533135576079,"stream_seconds":106.55890804597703,"non_stream_seconds":13.706896551724114,"chart_seconds":120.26580459770115,"window_ticks":24,"min_region_sec":10.0},"distraction":{"mode_formulation":"DP","dp_distraction_per_sec":1.182353264440602,"dp_pair_count":38,"dp_chord_tier_pair_count":0,"dp_mean_time_distance_sec":0.28811252268602344,"scratch_chord_pair_count":0,"chord_time_threshold_sec":0.01667,"window_sec_min":0.2,"window_sec_max":0.8,"chart_seconds":120.26580459770115}},"warnings":[],"tags":[],"scales":["★"]}