{"md5":"6eb311ce9ffa0a337813037b3d59aa45","headers":{"title":"Cryonix[DP ANOTHER]","artist":"sky_delta //obj:MIST","genre":"THE LAST HOPE","playlevel":"12","base_bpm":184.0},"mode":"DP","scope":"playable_only","scaling_mode":"p99_linear","params":{"stream_window_ticks":48,"stream_density_threshold_per_beat":4.0,"peak_window_ticks":192,"peak_min_window_notes":4,"peak_min_window_sec":0.05,"felt_bpm_trigger_eff_bpm":500.0,"felt_bpm_trigger_peak_per_sec":200.0,"felt_bpm_target_peak_per_sec":100.0,"felt_bpm_floor":30.0,"jack_window_ticks":24,"soft_burst_ref":8.0,"soft_freq_ref":0.1,"soft_burst_exp":1.5,"soft_freq_exp":1.5,"chord_time_threshold_ms":16.67,"sp_distraction_min_scratches":3,"sp_distraction_bin_sec":0.25,"sp_distraction_t_key":2,"sp_distraction_gap_bins":2,"dp_distraction_window_sec_min":0.2,"dp_distraction_window_sec_max":0.8,"stream_density_ref_per_sec":28.0,"peak_density_ref_per_sec":50.0,"chord_size_ref":3.3,"ln_simultaneity_ref":0.18,"scratch_density_ref_per_sec":1.0,"scratch_ratio_ref":0.07,"distraction_density_ref":5.0,"distraction_event_ref":1.0,"dp_distraction_ref":6.0},"raw_axes":{"chord":1.3590859630032646,"stream":18.62106381704981,"scratch_per_sec":0.4820668324337437,"scratch_burst_max_per_sec":4.0,"scratch_max_run_sec":4.565217391304358,"soft":0.0,"stair":0.3094688221709007,"peak":27.599999999999998,"ln_m1_short_rate_rt":0.0,"ln_m2_density_rt":212.6222222222227,"ln_m2_burst_max_rt":315.0,"ln_m3_density_rt":212.6222222222227,"ln_m_concurrent_rt":0.0,"adv_hand_imb":0.7142857142857143,"adv_rel_pressure_1beat":1.0,"adv_ln_hold_min_beats":0.375,"adv_ln_chord_big_rate":0.0,"adv_ln_scatter_cv":1.375710043940946,"distraction":1.195446391870677},"x_chord":0.423,"x_stream":0.583,"x_scratch":0.289,"x_soft":0.0,"x_ln":0.749,"x_stair":0.952,"x_peak":0.476,"x_distraction":0.114,"ln_advanced_score":0.684,"submetrics":{"chord":{"chord_rate":0.5244831338411317,"avg_chord_size":2.591286307053942,"chord_positions":482,"total_positions":919},"stream":{"stream_coverage":0.9497549019607843,"stream_density_mean":6.393318965517241,"stream_density_mean_per_sec":19.60617816091954,"stream_windows":20,"notes_in_stream":1550,"total_notes":1632,"intervals":[[372,432],[564,744],[1260,1344],[1884,2112],[2124,2424],[2436,3384],[3396,3552],[3564,3744],[3756,3864],[3876,3936],[3948,4320],[4332,4512],[4524,6504],[6516,8076],[8724,10308],[10332,10416],[10476,10800],[10860,11796],[11868,14004],[14028,15000]]},"scratch":{"scratch_ratio":0.03202846975088968,"scratch_positions_ratio":0.058759521218716,"scratch_with_key_chord_rate":0.5,"scratch_per_sec":0.4820668324337437,"scratch_burst_max_per_sec":4.0,"scratch_burst_window_sec":1.0,"scratch_max_run_sec":4.565217391304358,"ls_count":5,"ls_per_sec":0.04463581781793923,"ls_complexity_mean":0.2,"scratch_notes":54,"scratch_positions":54,"total_notes":1686,"total_positions":919,"chart_seconds":112.01766304347827},"soft":{"base_bpm":184.0,"intensity":0.0,"up_intensity":0.0,"down_intensity":0.0,"max_intensity":0.0,"max_up_intensity":0.0,"max_down_intensity":0.0,"step_frequency":0.0,"ramp_frequency":0.0,"continuity_beats":0.0,"off_base_note_ratio":0.0,"gimmick_burst_score":0.0,"max_off_base_density_per_beat":0.0,"base_mean_density_per_beat":4.905385735080058,"base_density_source":"on_base","distinct_off_base_bpm_count":0,"bpm_change_events":0,"measure_count":86},"ln":{"ln_ratio":0.012455516014234875,"ln_hold_time_mean_beats":0.4107142857142857,"ln_simultaneity_rate":0.018979833926453145,"ln_simultaneity_weighted":0.018979833926453145,"ln_count":21,"ln_count_raw":21,"ln_positions":17,"total_notes":1686,"m1_short_count_rt":0,"m1_short_rate_rt":0.0,"m2_long_count_rt":7,"m2_density_rt":212.6222222222227,"m2_burst_max_rt":315.0,"m3_density_rt":212.6222222222227,"m_concurrent_rt":0.0,"total_long_sec":2.812499999999994,"long_active_sec":2.812499999999994,"long_hold_sec_mean":0.4017857142857134,"long_hold_sec_max":1.263586956521742,"adv_hand_imb":0.7142857142857143,"adv_rel_pressure_1beat":1.0,"adv_ln_hold_min_beats":0.375,"adv_ln_chord_big_rate":0.0,"adv_ln_scatter_cv":1.375710043940946},"stair":{"stair_index":0.3094688221709007,"stair_transitions":402,"eligible_transitions":1299},"peak":{"peak_local_max_density":9.0,"peak_local_max_density_per_sec":27.599999999999998,"peak_max_chord_size":6,"peak_concentration":0.3290441176470588,"total_notes":1632,"intervals":[[3108,3408],[5952,6480],[7500,7944],[8976,9168],[10548,10776],[11208,11760],[13200,13860],[14544,14976]]},"jack":{"jack_pairs":4,"jack_in_stream_pairs":4,"jack_outside_pairs":0,"pure_jack_per_sec":0.0,"flow_break_per_stream_sec":0.04736164736164736,"stream_seconds":84.45652173913044,"non_stream_seconds":27.561141304347828,"chart_seconds":112.01766304347827,"window_ticks":24,"min_region_sec":10.0},"distraction":{"mode_formulation":"DP","dp_distraction_per_sec":1.195446391870677,"dp_pair_count":31,"dp_chord_tier_pair_count":0,"dp_mean_time_distance_sec":0.2656030855539963,"scratch_chord_pair_count":0,"chord_time_threshold_sec":0.01667,"window_sec_min":0.2,"window_sec_max":0.8,"chart_seconds":112.01766304347827}},"warnings":["Unterminated LNOBJ LN on lane P1_KEY4 started at m77 pos0.75; closing at EOF","Unterminated LNOBJ LN on lane P1_KEY2 started at m77 pos0.25; closing at EOF","Unterminated LNOBJ LN on lane P2_KEY3 started at m77 pos0.8125; closing at EOF","Unterminated LNOBJ LN on lane P2_KEY4 started at m77 pos0.75; closing at EOF","Unterminated LNOBJ LN on lane P1_KEY3 started at m77 pos0.5; closing at EOF","Unterminated LNOBJ LN on lane P2_KEY1 started at m77 pos0.9375; closing at EOF","Unterminated LNOBJ LN on lane P1_KEY1 started at m77 pos0.0; closing at EOF","Unterminated LNOBJ LN on lane P1_KEY5 started at m77 pos0.8125; closing at EOF","Unterminated LNOBJ LN on lane P1_KEY7 started at m77 pos0.9375; closing at EOF","Unterminated LNOBJ LN on lane P2_KEY2 started at m77 pos0.875; closing at EOF","Unterminated LNOBJ LN on lane P1_KEY6 started at m77 pos0.875; closing at EOF","Unterminated LNOBJ LN on lane P1_SCR started at m81 pos0.75; closing at EOF","Unterminated LNOBJ LN on lane P2_KEY5 started at m77 pos0.6875; closing at EOF","Unterminated LNOBJ LN on lane P2_KEY6 started at m77 pos0.4375; closing at EOF","Unterminated LNOBJ LN on lane P2_KEY7 started at m77 pos0.0625; closing at EOF","Unterminated LNOBJ LN on lane P2_SCR started at m85 pos0.875; closing at EOF"],"axis_intensities":{"chord":"green","stream":"yellow","peak":"yellow","scratch":"red","soft":null,"ln":"yellow","stair":"red","distraction":"yellow"},"tags":["long_scratch"],"scales":["DPsl"]}