{"md5":"35e92f45e7464c5c928368ee8374dc14","headers":{"title":"Dreaming in library","artist":"nmk feat.青井望 / PEN","genre":"Clarity","playlevel":"12","base_bpm":140.0},"mode":"DP","scope":"playable_only","scaling_mode":"p99_linear","params":{"stream_window_ticks":48,"stream_density_threshold_per_beat":4.0,"peak_window_ticks":192,"peak_min_window_notes":4,"peak_min_window_sec":0.05,"felt_bpm_trigger_eff_bpm":500.0,"felt_bpm_trigger_peak_per_sec":200.0,"felt_bpm_target_peak_per_sec":100.0,"felt_bpm_floor":30.0,"jack_window_ticks":24,"soft_burst_ref":8.0,"soft_freq_ref":0.1,"soft_burst_exp":1.5,"soft_freq_exp":1.5,"chord_time_threshold_ms":16.67,"sp_distraction_min_scratches":3,"dp_distraction_window_sec_min":0.2,"dp_distraction_window_sec_max":0.8,"stream_density_ref_per_sec":28.0,"peak_density_ref_per_sec":50.0,"chord_size_ref":3.3,"ln_simultaneity_ref":0.18,"scratch_density_ref_per_sec":1.0,"scratch_ratio_ref":0.07,"distraction_density_ref":5.0,"distraction_event_ref":1.0,"dp_distraction_ref":6.0},"raw_axes":{"chord":1.418227215980025,"stream":14.384151640775837,"scratch":0.0004335299892649717,"soft":0.0,"ln":0.0,"stair":0.11314186248912098,"peak":23.333333333333332,"distraction":1.7169569130314049},"x_chord":0.455,"x_stream":0.451,"x_scratch":0.002,"x_soft":0.0,"x_ln":0.0,"x_stair":0.369,"x_peak":0.37,"x_distraction":0.145,"submetrics":{"chord":{"chord_rate":0.5543071161048689,"avg_chord_size":2.5585585585585586,"chord_positions":444,"total_positions":801},"stream":{"stream_coverage":0.943067649028801,"stream_density_mean":6.536791314837153,"stream_density_mean_per_sec":15.252513067953357,"stream_windows":23,"notes_in_stream":1408,"total_notes":1493,"intervals":[[228,287],[612,671],[972,1055],[1332,1463],[1692,6383],[6492,6647],[6708,6815],[7092,7151],[7260,7343],[7476,7583],[7596,7775],[7836,7919],[8028,8183],[8244,8351],[8628,8687],[8796,8879],[9012,9071],[9180,9239],[9252,9359],[9372,10247],[10260,11783],[11796,12431],[12456,14051]]},"scratch":{"scratch_ratio":0.006028131279303416,"scratch_positions_ratio":0.011235955056179775,"scratch_with_key_chord_rate":0.8888888888888888,"scratch_per_sec":0.07191780821917808,"scratch_burst_max_per_sec":2.0,"scratch_burst_window_sec":1.0,"scratch_notes":9,"scratch_positions":9,"total_notes":1493,"total_positions":801,"chart_seconds":125.14285714285714},"soft":{"base_bpm":140.0,"intensity":0.0,"up_intensity":0.0,"down_intensity":0.0,"max_intensity":0.0,"max_up_intensity":0.0,"max_down_intensity":0.0,"step_frequency":0.0,"ramp_frequency":0.0,"continuity_beats":0.0,"off_base_note_ratio":0.0,"gimmick_burst_score":0.0,"max_off_base_density_per_beat":0.0,"base_mean_density_per_beat":5.109589041095891,"base_density_source":"on_base","distinct_off_base_bpm_count":0,"bpm_change_events":0,"measure_count":74},"ln":{"ln_ratio":0.0,"ln_hold_time_mean_beats":0.0,"ln_simultaneity_rate":0.0,"ln_simultaneity_weighted":0.0,"ln_count":0,"ln_positions":0,"total_notes":1493},"stair":{"stair_index":0.11314186248912098,"stair_transitions":130,"eligible_transitions":1149},"peak":{"peak_local_max_density":10.0,"peak_local_max_density_per_sec":23.333333333333332,"peak_max_chord_size":5,"peak_concentration":0.22103148024112526,"total_notes":1493,"intervals":[[6156,6359],[12480,14051]]},"jack":{"jack_pairs":1,"jack_in_stream_pairs":1,"jack_outside_pairs":0,"pure_jack_per_sec":0.0,"flow_break_per_stream_sec":0.010144927536231885,"stream_seconds":98.57142857142857,"non_stream_seconds":26.57142857142857,"chart_seconds":125.14285714285714,"window_ticks":24,"min_region_sec":10.0},"distraction":{"mode_formulation":"DP","dp_distraction_per_sec":1.7169569130314049,"dp_pair_count":23,"dp_chord_tier_pair_count":2,"dp_mean_time_distance_sec":0.26086956521739085,"scratch_chord_pair_count":2,"chord_time_threshold_sec":0.01667,"window_sec_min":0.2,"window_sec_max":0.8,"chart_seconds":125.14285714285714}},"warnings":[],"tags":["sustained"],"scales":["★"]}