{"md5":"1f5b24b0b762acd93b8b66981fef57f0","headers":{"title":"E.V.E [peccatum]","artist":"SOMON","genre":"HARD TECH-TRANCE","playlevel":"12","base_bpm":158.0},"mode":"DP","scope":"playable_only","scaling_mode":"p99_linear","params":{"stream_window_ticks":48,"stream_density_threshold_per_beat":4.0,"peak_window_ticks":192,"peak_min_window_notes":4,"peak_min_window_sec":0.05,"felt_bpm_trigger_eff_bpm":500.0,"felt_bpm_trigger_peak_per_sec":200.0,"felt_bpm_target_peak_per_sec":100.0,"felt_bpm_floor":30.0,"jack_window_ticks":24,"soft_burst_ref":8.0,"soft_freq_ref":0.1,"soft_burst_exp":1.5,"soft_freq_exp":1.5,"chord_time_threshold_ms":16.67,"sp_distraction_min_scratches":3,"dp_distraction_window_sec_min":0.2,"dp_distraction_window_sec_max":0.8,"stream_density_ref_per_sec":28.0,"peak_density_ref_per_sec":50.0,"chord_size_ref":3.3,"ln_simultaneity_ref":0.18,"scratch_density_ref_per_sec":1.0,"scratch_ratio_ref":0.07,"distraction_density_ref":5.0,"distraction_event_ref":1.0,"dp_distraction_ref":6.0},"raw_axes":{"chord":1.995386389850058,"stream":24.16190426649853,"scratch":0.006128606949314631,"soft":0.0,"ln":0.0,"stair":0.0847457627118644,"peak":35.55,"distraction":0.6790759749229589},"x_chord":0.64,"x_stream":0.779,"x_scratch":0.033,"x_soft":0.0,"x_ln":0.0,"x_stair":0.276,"x_peak":0.632,"x_distraction":0.065,"submetrics":{"chord":{"chord_rate":0.6885813148788927,"avg_chord_size":2.897822445561139,"chord_positions":597,"total_positions":867},"stream":{"stream_coverage":0.9695,"stream_density_mean":9.4640605296343,"stream_density_mean_per_sec":24.922026061370325,"stream_windows":24,"notes_in_stream":1939,"total_notes":2000,"intervals":[[1896,2520],[2664,5760],[5940,6048],[6084,6156],[6324,6432],[6468,6540],[6708,6816],[6852,6924],[7080,8688],[8736,8880],[9564,9648],[10332,10416],[10692,10872],[11040,11172],[11292,11448],[11472,11760],[11856,15024],[15072,15120],[15156,15216],[15264,15312],[15348,15408],[15456,15504],[15540,15600],[15648,15696]]},"scratch":{"scratch_ratio":0.0195,"scratch_positions_ratio":0.04498269896193772,"scratch_with_key_chord_rate":0.46153846153846156,"scratch_per_sec":0.3142875358622888,"scratch_burst_max_per_sec":4.0,"scratch_burst_window_sec":1.0,"scratch_notes":39,"scratch_positions":39,"total_notes":2000,"total_positions":867,"chart_seconds":124.09018987341773},"soft":{"base_bpm":158.0,"intensity":0.0,"up_intensity":0.0,"down_intensity":0.0,"max_intensity":0.0,"max_up_intensity":0.0,"max_down_intensity":0.0,"step_frequency":0.0,"ramp_frequency":0.0,"continuity_beats":0.0,"off_base_note_ratio":0.0,"gimmick_burst_score":0.0,"max_off_base_density_per_beat":0.0,"base_mean_density_per_beat":6.117827084927314,"base_density_source":"on_base","distinct_off_base_bpm_count":0,"bpm_change_events":0,"measure_count":82},"ln":{"ln_ratio":0.0,"ln_hold_time_mean_beats":0.0,"ln_simultaneity_rate":0.0,"ln_simultaneity_weighted":0.0,"ln_count":0,"ln_positions":0,"total_notes":2000},"stair":{"stair_index":0.0847457627118644,"stair_transitions":120,"eligible_transitions":1416},"peak":{"peak_local_max_density":13.5,"peak_local_max_density_per_sec":35.55,"peak_max_chord_size":6,"peak_concentration":0.4275,"total_notes":2000,"intervals":[[4788,4992],[7308,7668],[7692,8460],[12420,13116],[13368,13872],[13920,14820]]},"jack":{"jack_pairs":24,"jack_in_stream_pairs":22,"jack_outside_pairs":2,"pure_jack_per_sec":0.048429118773946345,"flow_break_per_stream_sec":0.2657238413760153,"stream_seconds":82.79272151898734,"non_stream_seconds":41.29746835443039,"chart_seconds":124.09018987341773,"window_ticks":24,"min_region_sec":10.0},"distraction":{"mode_formulation":"DP","dp_distraction_per_sec":0.6790759749229589,"dp_pair_count":24,"dp_chord_tier_pair_count":0,"dp_mean_time_distance_sec":0.3006329113924047,"scratch_chord_pair_count":0,"chord_time_threshold_sec":0.01667,"window_sec_min":0.2,"window_sec_max":0.8,"chart_seconds":124.09018987341773}},"warnings":[],"tags":["chord_heavy","stream_heavy","chord_stream"],"scales":["DPst"]}