{"md5":"41b509b55591eb5b9a538986234ba7f7","headers":{"title":"Cosmo Memory","artist":"Nardis","genre":"Final Fantasy","playlevel":"14","base_bpm":175.0},"mode":"DP","scope":"playable_only","scaling_mode":"p99_linear","params":{"stream_window_ticks":48,"stream_density_threshold_per_beat":4.0,"peak_window_ticks":192,"peak_min_window_notes":4,"felt_bpm_trigger_eff_bpm":500.0,"felt_bpm_trigger_peak_per_sec":200.0,"felt_bpm_target_peak_per_sec":100.0,"felt_bpm_floor":30.0,"jack_window_ticks":24,"soft_burst_ref":8.0,"soft_freq_ref":0.1,"soft_burst_exp":1.5,"soft_freq_exp":1.5,"chord_time_threshold_ms":16.67,"sp_distraction_min_scratches":3,"dp_distraction_window_sec_min":0.2,"dp_distraction_window_sec_max":0.8,"stream_density_ref_per_sec":28.0,"peak_density_ref_per_sec":50.0,"chord_size_ref":3.3,"ln_simultaneity_ref":0.18,"scratch_density_ref_per_sec":1.0,"scratch_ratio_ref":0.07,"distraction_density_ref":5.0,"distraction_event_ref":1.0,"dp_distraction_ref":6.0},"raw_axes":{"chord":1.2933789954337898,"stream":14.581839307127657,"scratch":0.001925950659727005,"soft":0.0,"ln":0.4201110425663171,"stair":0.13655287260616153,"peak":25.520833333333332,"distraction":0.7708558072635731},"x_chord":0.415,"x_stream":0.457,"x_scratch":0.01,"x_soft":0.0,"x_ln":1.0,"x_stair":0.445,"x_peak":0.405,"x_distraction":0.065,"submetrics":{"chord":{"chord_rate":0.4429223744292237,"avg_chord_size":2.920103092783505,"chord_positions":388,"total_positions":876},"stream":{"stream_coverage":0.8618136952498457,"stream_density_mean":5.801123595505618,"stream_density_mean_per_sec":16.91994382022472,"stream_windows":42,"notes_in_stream":1397,"total_notes":1621,"intervals":[[1692,1775],[1884,1967],[1980,2207],[2220,2399],[2412,2591],[2604,3695],[3996,4103],[4176,4259],[4296,5255],[5292,5399],[5460,5639],[5676,5783],[5844,6023],[6060,6167],[6228,7487],[7500,7871],[7884,9023],[9036,9407],[9420,9839],[10104,10211],[10452,10511],[10524,10583],[10596,10679],[10896,10991],[11184,11363],[11424,12143],[12252,12335],[12396,12599],[12732,13727],[13740,14111],[14124,14207],[14220,14495],[14508,15263],[15276,15455],[15468,15743],[15756,16031],[16044,16223],[16236,16415],[16428,16751],[17436,17519],[17904,17975],[18588,18647]]},"scratch":{"scratch_ratio":0.012954966070326958,"scratch_positions_ratio":0.023972602739726026,"scratch_with_key_chord_rate":0.47619047619047616,"scratch_per_sec":0.1486650485436893,"scratch_burst_max_per_sec":8.0,"scratch_burst_window_sec":1.0,"scratch_notes":21,"scratch_positions":21,"total_notes":1621,"total_positions":876,"chart_seconds":141.25714285714287},"soft":{"base_bpm":175.0,"intensity":0.0,"up_intensity":0.0,"down_intensity":0.0,"max_intensity":0.0,"max_up_intensity":0.0,"max_down_intensity":0.0,"step_frequency":0.0,"ramp_frequency":0.0,"continuity_beats":0.0,"off_base_note_ratio":0.0,"gimmick_burst_score":0.0,"max_off_base_density_per_beat":0.0,"base_mean_density_per_beat":3.9344660194174756,"base_density_source":"on_base","distinct_off_base_bpm_count":0,"bpm_change_events":0,"measure_count":102},"ln":{"ln_ratio":0.1011721159777915,"ln_hold_time_mean_beats":2.0533536585365852,"ln_simultaneity_rate":0.24799506477483035,"ln_simultaneity_weighted":0.4201110425663171,"ln_count":164,"ln_positions":98,"total_notes":1621},"stair":{"stair_index":0.13655287260616153,"stair_transitions":164,"eligible_transitions":1201},"peak":{"peak_local_max_density":8.75,"peak_local_max_density_per_sec":25.520833333333332,"peak_max_chord_size":5,"peak_concentration":0.3596545342381246,"total_notes":1621,"intervals":[[2676,3671],[4896,5375],[5556,5759],[5940,6143],[6180,6671],[8040,8423],[9516,9863],[12756,13739],[14964,15179],[15444,15695]]},"jack":{"jack_pairs":102,"jack_in_stream_pairs":98,"jack_outside_pairs":4,"pure_jack_per_sec":0.08215962441314552,"flow_break_per_stream_sec":1.058641975308642,"stream_seconds":92.57142857142857,"non_stream_seconds":48.6857142857143,"chart_seconds":141.25714285714287,"window_ticks":24,"min_region_sec":10.0},"distraction":{"mode_formulation":"DP","dp_distraction_per_sec":0.7708558072635731,"dp_pair_count":25,"dp_chord_tier_pair_count":0,"dp_mean_time_distance_sec":0.26742857142857074,"scratch_chord_pair_count":0,"chord_time_threshold_sec":0.01667,"window_sec_min":0.2,"window_sec_max":0.8,"chart_seconds":141.25714285714287}},"warnings":["Unterminated LNOBJ LN on lane P2_SCR started at m53 pos0.375; closing at EOF","Unterminated LNOBJ LN on lane P1_SCR started at m49 pos0.125; closing at EOF","Unterminated LNOBJ LN on lane P1_KEY2 started at m94 pos0.375; closing at EOF","Unterminated LNOBJ LN on lane P1_KEY1 started at m94 pos0.625; closing at EOF","Unterminated LNOBJ LN on lane P1_KEY5 started at m93 pos0.46875; closing at EOF","Unterminated LNOBJ LN on lane P2_KEY7 started at m98 pos0.75; closing at EOF","Unterminated LNOBJ LN on lane P2_KEY5 started at m96 pos0.75; closing at EOF","Unterminated LNOBJ LN on lane P2_KEY3 started at m97 pos0.25; closing at EOF"],"tags":["ln_chart"],"scales":["DPsl"]}