{"md5":"527cbd9a4535e4ed8cc3ac44e08e17b5","headers":{"title":"忘れられた肖像 [DP]","artist":"ギャリー obj:ROCO","genre":"ゲルテナアートコア","playlevel":"12","base_bpm":188.0},"mode":"DP","scope":"playable_only","scaling_mode":"p99_linear","params":{"stream_window_ticks":48,"stream_density_threshold_per_beat":4.0,"peak_window_ticks":192,"peak_min_window_notes":4,"peak_min_window_sec":0.05,"felt_bpm_trigger_eff_bpm":500.0,"felt_bpm_trigger_peak_per_sec":200.0,"felt_bpm_target_peak_per_sec":100.0,"felt_bpm_floor":30.0,"jack_window_ticks":24,"soft_burst_ref":8.0,"soft_freq_ref":0.1,"soft_burst_exp":1.5,"soft_freq_exp":1.5,"chord_time_threshold_ms":16.67,"sp_distraction_min_scratches":3,"dp_distraction_window_sec_min":0.2,"dp_distraction_window_sec_max":0.8,"stream_density_ref_per_sec":28.0,"peak_density_ref_per_sec":50.0,"chord_size_ref":3.3,"ln_simultaneity_ref":0.18,"scratch_density_ref_per_sec":1.0,"scratch_ratio_ref":0.07,"distraction_density_ref":5.0,"distraction_event_ref":1.0,"dp_distraction_ref":6.0},"raw_axes":{"chord":1.17018779342723,"stream":17.648591651018343,"scratch":0.0006274988834294556,"soft":0.01880704434884001,"ln":0.015282392026578074,"stair":0.08533077660594439,"peak":38.38333333333333,"distraction":1.6618575795781143},"x_chord":0.364,"x_stream":0.552,"x_scratch":0.003,"x_soft":0.128,"x_ln":0.055,"x_stair":0.27,"x_peak":0.662,"x_distraction":0.159,"submetrics":{"chord":{"chord_rate":0.40375586854460094,"avg_chord_size":2.8982558139534884,"chord_positions":344,"total_positions":852},"stream":{"stream_coverage":0.8903654485049833,"stream_density_mean":6.3478260869565215,"stream_density_mean_per_sec":19.821739130434782,"stream_windows":92,"notes_in_stream":1340,"total_notes":1505,"intervals":[[156,240],[348,432],[540,624],[732,816],[912,996],[1308,1392],[1500,1572],[1860,2040],[2052,2232],[2268,2544],[2556,2616],[2652,2808],[2820,3312],[3324,3564],[3588,3768],[3780,3960],[3972,4344],[4356,4512],[4572,4728],[4740,5040],[6624,6708],[6816,6900],[7008,7092],[7200,7284],[7392,7476],[7680,7764],[7776,7860],[7968,8052],[8064,8148],[8160,8316],[8340,8436],[8532,8616],[8736,8820],[8916,9084],[9120,9204],[9312,9396],[9492,9588],[9672,9828],[9876,9960],[9984,10044],[10080,10164],[10260,10356],[10368,10452],[10464,10548],[10656,10740],[10848,10980],[10992,11316],[11424,11508],[11520,11604],[11616,11700],[11712,11772],[11796,11892],[11904,11988],[12000,12084],[12192,12276],[12288,12348],[12384,12468],[12576,12660],[12672,12756],[12768,12852],[12960,13044],[13056,13236],[13344,13428],[13536,13620],[13728,13812],[13824,14004],[14112,14388],[14496,14580],[14688,14772],[14880,14964],[15060,15144],[15456,15540],[15648,15720],[15840,17460],[17568,17652],[17760,17844],[17952,18036],[18132,18228],[18528,18612],[18720,18804],[18828,18900],[18912,18996],[19104,19572],[19644,20712],[20784,20916],[21216,21300],[21408,21492],[21600,21684],[21792,21876],[21972,22056],[22368,22452],[22560,22632]]},"scratch":{"scratch_ratio":0.007973421926910298,"scratch_positions_ratio":0.014084507042253521,"scratch_with_key_chord_rate":0.8333333333333334,"scratch_per_sec":0.07869881829677756,"scratch_burst_max_per_sec":1.0,"scratch_burst_window_sec":1.0,"scratch_notes":12,"scratch_positions":12,"total_notes":1505,"total_positions":852,"chart_seconds":152.48005319148936},"soft":{"base_bpm":188.0,"intensity":0.0026578073089701,"up_intensity":0.0,"down_intensity":0.0026578073089701,"max_intensity":0.5,"max_up_intensity":0.0,"max_down_intensity":0.5,"step_frequency":0.03007518796992481,"ramp_frequency":0.03007518796992481,"continuity_beats":5.0,"off_base_note_ratio":0.0053156146179402,"gimmick_burst_score":0.6253342245989304,"max_off_base_density_per_beat":2.0,"base_mean_density_per_beat":3.1982896846606095,"base_density_source":"on_base","distinct_off_base_bpm_count":1,"bpm_change_events":4,"measure_count":133},"ln":{"ln_ratio":0.00132890365448505,"ln_hold_time_mean_beats":7.875,"ln_simultaneity_rate":0.015282392026578074,"ln_simultaneity_weighted":0.015282392026578074,"ln_count":2,"ln_positions":2,"total_notes":1505},"stair":{"stair_index":0.08533077660594439,"stair_transitions":89,"eligible_transitions":1043},"peak":{"peak_local_max_density":12.25,"peak_local_max_density_per_sec":38.38333333333333,"peak_max_chord_size":7,"peak_concentration":0.3588039867109635,"total_notes":1505,"intervals":[[3336,3552],[3996,4248],[11028,11388],[14112,14412],[16260,17460],[19176,19620],[19644,20772]]},"jack":{"jack_pairs":22,"jack_in_stream_pairs":21,"jack_outside_pairs":1,"pure_jack_per_sec":0.015863305558485395,"flow_break_per_stream_sec":0.2347903657448706,"stream_seconds":89.44148936170214,"non_stream_seconds":63.03856382978722,"chart_seconds":152.48005319148936,"window_ticks":24,"min_region_sec":10.0},"distraction":{"mode_formulation":"DP","dp_distraction_per_sec":1.6618575795781143,"dp_pair_count":14,"dp_chord_tier_pair_count":3,"dp_mean_time_distance_sec":0.16289893617020898,"scratch_chord_pair_count":3,"chord_time_threshold_sec":0.01667,"window_sec_min":0.2,"window_sec_max":0.8,"chart_seconds":152.48005319148936}},"warnings":[],"tags":["soflan"],"scales":["★★"]}