{"md5":"a27df82d4fcac0d543a397764a4f265c","headers":{"title":"Marion","artist":"kozato","genre":"HARD DIRGE [ANOTHER]","playlevel":"12","base_bpm":165.0},"mode":"DP","scope":"playable_only","scaling_mode":"percentile_rank","params":{"stream_window_ticks":48,"stream_density_threshold_per_beat":4.0,"peak_window_ticks":192,"jack_window_ticks":24,"soft_burst_ref":8.0,"soft_freq_ref":0.1,"soft_burst_exp":1.5,"soft_freq_exp":1.5,"chord_time_threshold_ms":16.67,"sp_distraction_min_scratches":3,"dp_distraction_window_sec_min":0.2,"dp_distraction_window_sec_max":0.8,"stream_density_ref_per_sec":28.0,"peak_density_ref_per_sec":50.0,"chord_size_ref":3.3,"ln_simultaneity_ref":0.18,"scratch_density_ref_per_sec":1.0,"scratch_ratio_ref":0.07,"distraction_density_ref":5.0,"distraction_event_ref":1.0,"dp_distraction_ref":6.0},"raw_axes":{"chord":1.757906215921483,"stream":16.811676556125935,"scratch":0.0,"soft":0.0,"ln":0.13786213786213786,"stair":0.16954022988505746,"peak":28.1875,"distraction":0.0},"x_chord":0.643360433604336,"x_stream":0.416260162601626,"x_scratch":0.0,"x_soft":0.0,"x_ln":0.9490514905149051,"x_stair":0.8482384823848238,"x_peak":0.4764227642276423,"x_distraction":0.0,"submetrics":{"chord":{"chord_rate":0.5747001090512541,"avg_chord_size":3.0588235294117645,"chord_positions":527,"total_positions":917},"stream":{"stream_coverage":0.942057942057942,"stream_density_mean":6.489342806394316,"stream_density_mean_per_sec":17.84569271758437,"stream_windows":32,"notes_in_stream":1886,"total_notes":2002,"intervals":[[156,383],[432,767],[816,1151],[1200,1535],[1596,1679],[1692,1751],[1884,1967],[2076,2159],[2268,2351],[2460,2543],[2652,2735],[2844,2927],[3036,3119],[3228,3311],[3384,7343],[7356,7727],[7740,7919],[7992,11183],[11292,11375],[11484,11567],[11676,11759],[11868,11951],[12060,12143],[12252,12335],[12444,12527],[12600,14015],[14160,14591],[14604,14975],[14988,17327],[17628,17711],[18012,18095],[18396,18479]]},"scratch":{"scratch_ratio":0.0,"scratch_positions_ratio":0.0,"scratch_with_key_chord_rate":0.0,"scratch_per_sec":0.0,"scratch_burst_max_per_sec":0.0,"scratch_burst_window_sec":1.0,"scratch_notes":0,"scratch_positions":0,"total_notes":2002,"total_positions":917,"chart_seconds":142.54545454545453},"soft":{"base_bpm":165.0,"intensity":0.0,"up_intensity":0.0,"down_intensity":0.0,"max_intensity":0.0,"max_up_intensity":0.0,"max_down_intensity":0.0,"step_frequency":0.0,"ramp_frequency":0.0,"continuity_beats":0.0,"off_base_note_ratio":0.0,"gimmick_burst_score":0.0,"max_off_base_density_per_beat":0.0,"base_mean_density_per_beat":5.099489795918367,"base_density_source":"on_base","distinct_off_base_bpm_count":0,"bpm_change_events":1,"measure_count":99},"ln":{"ln_ratio":0.029970029970029972,"ln_hold_time_mean_beats":3.8,"ln_simultaneity_rate":0.04595404595404595,"ln_simultaneity_weighted":0.13786213786213786,"ln_count":60,"ln_positions":20,"total_notes":2002},"stair":{"stair_index":0.16954022988505746,"stair_transitions":236,"eligible_transitions":1392},"peak":{"peak_local_max_density":10.25,"peak_local_max_density_per_sec":28.1875,"peak_max_chord_size":5,"peak_concentration":0.34015984015984013,"total_notes":2002,"intervals":[[6276,6647],[6984,7331],[9168,9455],[9480,11147],[15204,15431],[15648,16727],[16764,16955]]},"jack":{"jack_pairs":39,"jack_in_stream_pairs":39,"jack_outside_pairs":0,"pure_jack_per_sec":0.0,"flow_break_per_stream_sec":0.3396674584323041,"stream_seconds":114.8181818181818,"non_stream_seconds":27.727272727272734,"chart_seconds":142.54545454545453,"window_ticks":24,"min_region_sec":10.0},"distraction":{"mode_formulation":"DP","dp_distraction_per_sec":0.0,"dp_pair_count":0,"dp_chord_tier_pair_count":0,"dp_mean_time_distance_sec":0.0,"scratch_chord_pair_count":0,"chord_time_threshold_sec":0.01667,"window_sec_min":0.2,"window_sec_max":0.8,"chart_seconds":142.54545454545453}},"warnings":[],"tags":["ln_chart","stair_focused"],"scales":["★"]}