{"md5":"50e2f39b3d1904bbb16d308549901a19","headers":{"title":"Grayed Out -Antifront- [DPA]","artist":"Getty vs. DJ DiA obj:けろりん vs. げろちゃん","genre":"Pumpcore","playlevel":"12","base_bpm":190.0},"mode":"DP","scope":"playable_only","scaling_mode":"percentile_rank","params":{"stream_window_ticks":48,"stream_density_threshold_per_beat":4.0,"peak_window_ticks":192,"jack_window_ticks":24,"soft_burst_ref":8.0,"soft_freq_ref":0.1,"soft_burst_exp":1.5,"soft_freq_exp":1.5,"chord_time_threshold_ms":16.67,"sp_distraction_min_scratches":3,"dp_distraction_window_sec_min":0.2,"dp_distraction_window_sec_max":0.8,"stream_density_ref_per_sec":28.0,"peak_density_ref_per_sec":50.0,"chord_size_ref":3.3,"ln_simultaneity_ref":0.18,"scratch_density_ref_per_sec":1.0,"scratch_ratio_ref":0.07,"distraction_density_ref":5.0,"distraction_event_ref":1.0,"dp_distraction_ref":6.0},"raw_axes":{"chord":1.4704618689581095,"stream":20.279226793418548,"scratch":0.016093993867278715,"soft":0.0,"ln":0.0,"stair":0.05738278516445067,"peak":29.291666666666668,"distraction":1.0127660669703669},"x_chord":0.416260162601626,"x_stream":0.7056910569105691,"x_scratch":0.8140921409214092,"x_soft":0.0,"x_ln":0.0,"x_stair":0.17398373983739837,"x_peak":0.526829268292683,"x_distraction":0.4834688346883469,"submetrics":{"chord":{"chord_rate":0.5617615467239527,"avg_chord_size":2.617590822179732,"chord_positions":523,"total_positions":931},"stream":{"stream_coverage":0.9673607203151379,"stream_density_mean":6.620039682539683,"stream_density_mean_per_sec":20.963458994708994,"stream_windows":14,"notes_in_stream":1719,"total_notes":1777,"intervals":[[1884,2267],[2304,2651],[2676,4631],[4896,4967],[5028,5087],[5124,5375],[5388,5735],[5784,6503],[6516,8039],[9600,10787],[11040,14051],[14184,17111],[17136,17195],[17232,17279]]},"scratch":{"scratch_ratio":0.032076533483398985,"scratch_positions_ratio":0.05800214822771214,"scratch_with_key_chord_rate":0.24074074074074073,"scratch_per_sec":0.501737317581654,"scratch_burst_max_per_sec":10.0,"scratch_burst_window_sec":1.0,"scratch_notes":57,"scratch_positions":54,"total_notes":1777,"total_positions":931,"chart_seconds":113.60526315789474},"soft":{"base_bpm":190.0,"intensity":0.0,"up_intensity":0.0,"down_intensity":0.0,"max_intensity":0.0,"max_up_intensity":0.0,"max_down_intensity":0.0,"step_frequency":0.0,"ramp_frequency":0.0,"continuity_beats":0.0,"off_base_note_ratio":0.0,"gimmick_burst_score":0.0,"max_off_base_density_per_beat":0.0,"base_mean_density_per_beat":4.936761640027797,"base_density_source":"on_base","distinct_off_base_bpm_count":0,"bpm_change_events":0,"measure_count":90},"ln":{"ln_ratio":0.011254924029262802,"ln_hold_time_mean_beats":0.9875,"ln_simultaneity_rate":0.0,"ln_simultaneity_weighted":0.0,"ln_count":20,"ln_positions":15,"total_notes":1777},"stair":{"stair_index":0.05738278516445067,"stair_transitions":82,"eligible_transitions":1429},"peak":{"peak_local_max_density":9.25,"peak_local_max_density_per_sec":29.291666666666668,"peak_max_chord_size":6,"peak_concentration":0.3353967360720315,"total_notes":1777,"intervals":[[7524,8015],[10356,10751],[12372,12635],[13368,13871],[14724,15047],[15408,16151],[16164,17099]]},"jack":{"jack_pairs":49,"jack_in_stream_pairs":35,"jack_outside_pairs":14,"pure_jack_per_sec":0.4858447488584471,"flow_break_per_stream_sec":0.4127870887647425,"stream_seconds":84.7894736842105,"non_stream_seconds":28.815789473684234,"chart_seconds":113.60526315789474,"window_ticks":24,"min_region_sec":10.0},"distraction":{"mode_formulation":"DP","dp_distraction_per_sec":1.0127660669703669,"dp_pair_count":25,"dp_chord_tier_pair_count":0,"dp_mean_time_distance_sec":0.24631578947368424,"scratch_chord_pair_count":0,"chord_time_threshold_sec":0.01667,"window_sec_min":0.2,"window_sec_max":0.8,"chart_seconds":113.60526315789474}},"warnings":["Unterminated LNOBJ LN on lane P2_SCR started at m89 pos0.9375; closing at EOF","Unterminated LNOBJ LN on lane P1_KEY1 started at m88 pos0.4375; closing at EOF","Unterminated LNOBJ LN on lane P1_KEY3 started at m88 pos0.8125; closing at EOF","Unterminated LNOBJ LN on lane P1_KEY7 started at m88 pos0.125; closing at EOF","Unterminated LNOBJ LN on lane P1_KEY2 started at m88 pos0.6875; closing at EOF","Unterminated LNOBJ LN on lane P1_KEY4 started at m88 pos0.9375; closing at EOF","Unterminated LNOBJ LN on lane P1_KEY5 started at m88 pos0.75; closing at EOF","Unterminated LNOBJ LN on lane P1_KEY6 started at m88 pos0.875; closing at EOF","Unterminated LNOBJ LN on lane P2_KEY1 started at m88 pos0.75; closing at EOF","Unterminated LNOBJ LN on lane P2_KEY3 started at m88 pos0.875; closing at EOF","Unterminated LNOBJ LN on lane P2_KEY5 started at m88 pos0.9375; closing at EOF","Unterminated LNOBJ LN on lane P2_KEY2 started at m88 pos0.375; closing at EOF","Unterminated LNOBJ LN on lane P2_KEY6 started at m88 pos0.6875; closing at EOF","Unterminated LNOBJ LN on lane P2_KEY4 started at m85 pos0.75; closing at EOF","Unterminated LNOBJ LN on lane P2_KEY7 started at m88 pos0.8125; closing at EOF","Unterminated LNOBJ LN on lane P1_SCR started at m89 pos0.625; closing at EOF"],"tags":["scratch_burst"],"scales":["DPsl"]}