{"md5":"202e154a111c23154713d606c7d58563","headers":{"title":"Merry Christmas Mr.ereter","artist":"sasakure.UK/obj:Hersh","genre":"LAMENT","playlevel":"12","base_bpm":145.0},"mode":"DP","scope":"playable_only","scaling_mode":"p99_linear","params":{"stream_window_ticks":48,"stream_density_threshold_per_beat":4.0,"peak_window_ticks":192,"peak_min_window_notes":4,"peak_min_window_sec":0.05,"felt_bpm_trigger_eff_bpm":500.0,"felt_bpm_trigger_peak_per_sec":200.0,"felt_bpm_target_peak_per_sec":100.0,"felt_bpm_floor":30.0,"jack_window_ticks":24,"soft_burst_ref":8.0,"soft_freq_ref":0.1,"soft_burst_exp":1.5,"soft_freq_exp":1.5,"chord_time_threshold_ms":16.67,"sp_distraction_min_scratches":3,"dp_distraction_window_sec_min":0.2,"dp_distraction_window_sec_max":0.8,"stream_density_ref_per_sec":28.0,"peak_density_ref_per_sec":50.0,"chord_size_ref":3.3,"ln_simultaneity_ref":0.18,"scratch_density_ref_per_sec":1.0,"scratch_ratio_ref":0.07,"distraction_density_ref":5.0,"distraction_event_ref":1.0,"dp_distraction_ref":6.0},"raw_axes":{"chord":2.2479856759176364,"stream":25.092767589846183,"scratch":0.0020491360371877572,"soft":0.0,"stair":0.13008130081300814,"peak":48.9375,"ln_m1_short_rate_rt":0.024682893383613302,"ln_m2_density_rt":2.0470588235294223,"ln_m2_burst_max_rt":23.0,"ln_m3_density_rt":2.0470588235294223,"ln_m_concurrent_rt":0.6634050880626176,"adv_hand_imb":0.0,"adv_rel_pressure_1beat":0.35185185185185186,"adv_ln_hold_min_beats":0.041666666666666664,"adv_ln_chord_big_rate":0.425531914893617,"adv_ln_scatter_cv":4.7394382526697445,"distraction":0.5009735242257544},"x_chord":0.699,"x_stream":0.785,"x_scratch":0.011,"x_soft":0.0,"x_ln":0.771,"x_stair":0.407,"x_peak":0.844,"x_distraction":0.048,"ln_advanced_score":0.665,"submetrics":{"chord":{"chord_rate":0.6365264100268576,"avg_chord_size":3.5316455696202533,"chord_positions":711,"total_positions":1117},"stream":{"stream_coverage":0.9701748371614672,"stream_density_mean":10.702415458937198,"stream_density_mean_per_sec":25.86417069243156,"stream_windows":18,"notes_in_stream":2830,"total_notes":2917,"intervals":[[240,504],[552,732],[744,996],[1008,1092],[1128,1584],[1668,3300],[3984,4176],[4260,4368],[4380,4512],[4572,4944],[5028,5136],[5148,5280],[5340,5424],[5460,6960],[7032,7152],[7812,7944],[8556,11568],[11640,16356]]},"scratch":{"scratch_ratio":0.00994172094617758,"scratch_positions_ratio":0.023276633840644583,"scratch_with_key_chord_rate":0.5,"scratch_per_sec":0.20611482139574783,"scratch_burst_max_per_sec":6.0,"scratch_burst_window_sec":1.0,"scratch_notes":29,"scratch_positions":26,"total_notes":2917,"total_positions":1117,"chart_seconds":140.69827586206895},"soft":{"base_bpm":145.0,"intensity":0.0,"up_intensity":0.0,"down_intensity":0.0,"max_intensity":0.0,"max_up_intensity":0.0,"max_down_intensity":0.0,"step_frequency":0.0,"ramp_frequency":0.0,"continuity_beats":0.0,"off_base_note_ratio":0.0,"gimmick_burst_score":0.0,"max_off_base_density_per_beat":0.0,"base_mean_density_per_beat":8.573529411764707,"base_density_source":"on_base","distinct_off_base_bpm_count":0,"bpm_change_events":0,"measure_count":86},"ln":{"ln_ratio":0.04559478916695235,"ln_hold_time_mean_beats":0.31140350877192985,"ln_simultaneity_rate":0.0017140898183064792,"ln_simultaneity_weighted":0.0017140898183064792,"ln_count":133,"ln_count_raw":133,"ln_positions":54,"total_notes":2917,"m1_short_count_rt":72,"m1_short_rate_rt":0.024682893383613302,"m2_long_count_rt":36,"m2_density_rt":2.0470588235294223,"m2_burst_max_rt":23.0,"m3_density_rt":2.0470588235294223,"m_concurrent_rt":0.6634050880626176,"total_long_sec":14.655172413793029,"long_active_sec":8.810344827586187,"long_hold_sec_mean":0.40708812260536187,"long_hold_sec_max":4.862068965517242,"adv_hand_imb":0.0,"adv_rel_pressure_1beat":0.35185185185185186,"adv_ln_hold_min_beats":0.041666666666666664,"adv_ln_chord_big_rate":0.425531914893617,"adv_ln_scatter_cv":4.7394382526697445},"stair":{"stair_index":0.13008130081300814,"stair_transitions":224,"eligible_transitions":1722},"peak":{"peak_local_max_density":20.25,"peak_local_max_density_per_sec":48.9375,"peak_max_chord_size":9,"peak_concentration":0.3249914295509085,"total_notes":2917,"intervals":[[12600,12804],[13248,14976],[15012,15636],[15984,16368]]},"jack":{"jack_pairs":44,"jack_in_stream_pairs":42,"jack_outside_pairs":2,"pure_jack_per_sec":0.08055555555555563,"flow_break_per_stream_sec":0.36247303028048505,"stream_seconds":115.87068965517243,"non_stream_seconds":24.827586206896527,"chart_seconds":140.69827586206895,"window_ticks":24,"min_region_sec":10.0},"distraction":{"mode_formulation":"DP","dp_distraction_per_sec":0.5009735242257544,"dp_pair_count":15,"dp_chord_tier_pair_count":0,"dp_mean_time_distance_sec":0.2689655172413786,"scratch_chord_pair_count":0,"chord_time_threshold_sec":0.01667,"window_sec_min":0.2,"window_sec_max":0.8,"chart_seconds":140.69827586206895}},"warnings":["Unterminated LNTYPE1 LN on lane P1_KEY7 started at m68 pos0.54545455; closing at EOF"],"tags":["chord_heavy","stream_heavy","peak_intense","big_chord_burst","dense_chart","chord_stream"],"scales":["★★"]}