{"md5":"aa3272f75acd44e59f252216ed9b54bf","headers":{"title":"Gerard [Enjoy]","artist":"Widowmaker / obj:Hador","genre":"memorial","playlevel":"16","base_bpm":160.0},"mode":"DP","scope":"playable_only","scaling_mode":"p99_linear","params":{"stream_window_ticks":48,"stream_density_threshold_per_beat":4.0,"peak_window_ticks":192,"peak_min_window_notes":4,"peak_min_window_sec":0.05,"felt_bpm_trigger_eff_bpm":500.0,"felt_bpm_trigger_peak_per_sec":200.0,"felt_bpm_target_peak_per_sec":100.0,"felt_bpm_floor":30.0,"jack_window_ticks":24,"soft_burst_ref":8.0,"soft_freq_ref":0.1,"soft_burst_exp":1.5,"soft_freq_exp":1.5,"chord_time_threshold_ms":16.67,"sp_distraction_min_scratches":3,"dp_distraction_window_sec_min":0.2,"dp_distraction_window_sec_max":0.8,"stream_density_ref_per_sec":28.0,"peak_density_ref_per_sec":50.0,"chord_size_ref":3.3,"ln_simultaneity_ref":0.18,"scratch_density_ref_per_sec":1.0,"scratch_ratio_ref":0.07,"distraction_density_ref":5.0,"distraction_event_ref":1.0,"dp_distraction_ref":6.0},"raw_axes":{"chord":1.6431334622823985,"stream":21.328604053180783,"scratch":0.00408848457693459,"soft":0.0,"stair":0.15308291991495393,"peak":34.0,"ln_m1_short_rate_rt":0.0,"ln_m2_density_rt":97.92349726775956,"ln_m2_burst_max_rt":495.0,"ln_m3_density_rt":97.92349726775956,"ln_m_concurrent_rt":1.103448275862069,"adv_hand_imb":0.42857142857142855,"adv_rel_pressure_1beat":0.2857142857142857,"adv_ln_hold_min_beats":1.0,"adv_ln_chord_big_rate":0.25,"adv_ln_scatter_cv":0.07530655685082074,"distraction":0.5968111236001831},"x_chord":0.511,"x_stream":0.667,"x_scratch":0.022,"x_soft":0.0,"x_ln":0.835,"x_stair":0.479,"x_peak":0.586,"x_distraction":0.057,"ln_advanced_score":0.655,"submetrics":{"chord":{"chord_rate":0.5841392649903289,"avg_chord_size":2.812913907284768,"chord_positions":604,"total_positions":1034},"stream":{"stream_coverage":0.9798027242837013,"stream_density_mean":8.163098878695209,"stream_density_mean_per_sec":21.768263676520558,"stream_windows":33,"notes_in_stream":2086,"total_notes":2129,"intervals":[[144,228],[240,996],[1008,1104],[1116,1668],[1692,3300],[3924,3972],[4092,4260],[4308,4392],[4740,4992],[5040,5124],[5148,5292],[5460,5508],[5532,5796],[5808,5892],[5916,5976],[6192,6276],[6300,9744],[9756,9960],[10020,10092],[10140,10200],[10224,10344],[10356,10512],[10524,10812],[10932,11160],[11196,11280],[11292,11388],[11412,11472],[11484,11544],[11700,11772],[11796,11856],[11868,14052],[14076,15804],[15960,16032]]},"scratch":{"scratch_ratio":0.015500234852043212,"scratch_positions_ratio":0.031914893617021274,"scratch_with_key_chord_rate":0.45454545454545453,"scratch_per_sec":0.26376920194829523,"scratch_burst_max_per_sec":4.0,"scratch_burst_window_sec":1.0,"scratch_notes":33,"scratch_positions":33,"total_notes":2129,"total_positions":1034,"chart_seconds":125.109375},"soft":{"base_bpm":160.0,"intensity":0.0,"up_intensity":0.0,"down_intensity":0.0,"max_intensity":0.0,"max_up_intensity":0.0,"max_down_intensity":0.0,"step_frequency":0.0,"ramp_frequency":0.0,"continuity_beats":0.0,"off_base_note_ratio":0.0,"gimmick_burst_score":0.0,"max_off_base_density_per_beat":0.0,"base_mean_density_per_beat":6.378817211016049,"base_density_source":"on_base","distinct_off_base_bpm_count":0,"bpm_change_events":0,"measure_count":84},"ln":{"ln_ratio":0.0032879286049788633,"ln_hold_time_mean_beats":3.267857142857143,"ln_simultaneity_rate":0.009394081728511038,"ln_simultaneity_weighted":0.028182245185533115,"ln_count":7,"ln_count_raw":7,"ln_positions":4,"total_notes":2129,"m1_short_count_rt":0,"m1_short_rate_rt":0.0,"m2_long_count_rt":7,"m2_density_rt":97.92349726775956,"m2_burst_max_rt":495.0,"m3_density_rt":97.92349726775956,"m_concurrent_rt":1.103448275862069,"total_long_sec":8.578125,"long_active_sec":4.078125,"long_hold_sec_mean":1.2254464285714286,"long_hold_sec_max":1.5,"adv_hand_imb":0.42857142857142855,"adv_rel_pressure_1beat":0.2857142857142857,"adv_ln_hold_min_beats":1.0,"adv_ln_chord_big_rate":0.25,"adv_ln_scatter_cv":0.07530655685082074},"stair":{"stair_index":0.15308291991495393,"stair_transitions":216,"eligible_transitions":1411},"peak":{"peak_local_max_density":12.75,"peak_local_max_density_per_sec":34.0,"peak_max_chord_size":6,"peak_concentration":0.3828088304368248,"total_notes":2129,"intervals":[[2784,3120],[7668,8028],[8352,8736],[8988,9228],[9288,9624],[12276,12516],[12648,13284],[13620,13944],[14988,15552],[15564,15792]]},"jack":{"jack_pairs":32,"jack_in_stream_pairs":27,"jack_outside_pairs":5,"pure_jack_per_sec":0.243531202435312,"flow_break_per_stream_sec":0.2581801882563873,"stream_seconds":104.578125,"non_stream_seconds":20.53125,"chart_seconds":125.109375,"window_ticks":24,"min_region_sec":10.0},"distraction":{"mode_formulation":"DP","dp_distraction_per_sec":0.5968111236001831,"dp_pair_count":22,"dp_chord_tier_pair_count":0,"dp_mean_time_distance_sec":0.32386363636363635,"scratch_chord_pair_count":0,"chord_time_threshold_sec":0.01667,"window_sec_min":0.2,"window_sec_max":0.8,"chart_seconds":125.109375}},"warnings":[],"tags":["stream_heavy","ln_chart","stair_focused","pure_stream"],"scales":["★","★★"]}