{"md5":"b5403179a9f3a205433bbd45673a8fff","headers":{"title":"Fakeover[DP ANOTHER]","artist":"NIKITA / nabehiro","genre":"Jazzin'nova","playlevel":"12","base_bpm":167.0},"mode":"DP","scope":"playable_only","scaling_mode":"p99_linear","params":{"stream_window_ticks":48,"stream_density_threshold_per_beat":4.0,"peak_window_ticks":192,"peak_min_window_notes":4,"peak_min_window_sec":0.05,"felt_bpm_trigger_eff_bpm":500.0,"felt_bpm_trigger_peak_per_sec":200.0,"felt_bpm_target_peak_per_sec":100.0,"felt_bpm_floor":30.0,"jack_window_ticks":24,"soft_burst_ref":8.0,"soft_freq_ref":0.1,"soft_burst_exp":1.5,"soft_freq_exp":1.5,"chord_time_threshold_ms":16.67,"sp_distraction_min_scratches":3,"sp_distraction_bin_sec":0.25,"sp_distraction_t_key":2,"sp_distraction_gap_bins":2,"dp_distraction_window_sec_min":0.2,"dp_distraction_window_sec_max":0.8,"stream_density_ref_per_sec":28.0,"peak_density_ref_per_sec":50.0,"chord_size_ref":3.3,"ln_simultaneity_ref":0.18,"scratch_density_ref_per_sec":1.0,"scratch_ratio_ref":0.07,"distraction_density_ref":5.0,"distraction_event_ref":1.0,"dp_distraction_ref":6.0},"raw_axes":{"chord":1.655430711610487,"stream":14.826231275697138,"scratch_per_sec":0.28006754789495136,"scratch_burst_max_per_sec":2.0,"scratch_max_run_sec":0.3592814371257482,"soft":0.0,"stair":0.11212624584717608,"peak":27.833333333333332,"ln_m1_short_rate_rt":0.0,"ln_m2_density_rt":21.02030857552926,"ln_m2_burst_max_rt":95.0,"ln_m3_density_rt":21.02030857552926,"ln_m_concurrent_rt":0.729981378026069,"adv_hand_imb":0.01694915254237288,"adv_rel_pressure_1beat":0.847457627118644,"adv_ln_hold_min_beats":0.5,"adv_ln_chord_big_rate":0.0,"adv_ln_scatter_cv":3.507209261007449,"distraction":1.5590426832818989},"x_chord":0.515,"x_stream":0.464,"x_scratch":0.108,"x_soft":0.0,"x_ln":0.723,"x_stair":0.345,"x_peak":0.48,"x_distraction":0.149,"ln_advanced_score":0.627,"submetrics":{"chord":{"chord_rate":0.6292134831460674,"avg_chord_size":2.630952380952381,"chord_positions":504,"total_positions":801},"stream":{"stream_coverage":0.9401386263390044,"stream_density_mean":5.665961945031713,"stream_density_mean_per_sec":15.770260747004933,"stream_windows":36,"notes_in_stream":1492,"total_notes":1587,"intervals":[[156,2196],[2340,2388],[2460,2616],[2628,2772],[2844,2928],[2940,3096],[3108,3168],[3180,3540],[3636,3852],[3864,5376],[5424,5664],[5676,6144],[6192,6432],[6444,6888],[6900,7188],[7248,7392],[7404,7584],[7596,7680],[7692,7956],[8004,8460],[8652,8712],[8976,9036],[9228,9288],[9372,9432],[9552,9684],[9792,9876],[9924,10116],[10128,10212],[10392,10476],[10788,13560],[13944,14184],[14232,14472],[14520,14784],[14808,16248],[16272,16620],[16944,17220]]},"scratch":{"scratch_ratio":0.022181146025878003,"scratch_positions_ratio":0.0449438202247191,"scratch_with_key_chord_rate":0.9444444444444444,"scratch_per_sec":0.28006754789495136,"scratch_burst_max_per_sec":2.0,"scratch_burst_window_sec":1.0,"scratch_max_run_sec":0.3592814371257482,"ls_count":1,"ls_per_sec":0.007779654108193094,"ls_complexity_mean":1,"scratch_notes":36,"scratch_positions":36,"total_notes":1623,"total_positions":801,"chart_seconds":128.54041916167665},"soft":{"base_bpm":167.0,"intensity":0.0,"up_intensity":0.0,"down_intensity":0.0,"max_intensity":0.0,"max_up_intensity":0.0,"max_down_intensity":0.0,"step_frequency":0.0,"ramp_frequency":0.0,"continuity_beats":0.0,"off_base_note_ratio":0.0,"gimmick_burst_score":0.0,"max_off_base_density_per_beat":0.0,"base_mean_density_per_beat":4.525506638714186,"base_density_source":"on_base","distinct_off_base_bpm_count":0,"bpm_change_events":0,"measure_count":97},"ln":{"ln_ratio":0.036352433764633395,"ln_hold_time_mean_beats":1.9682203389830508,"ln_simultaneity_rate":0.05545286506469501,"ln_simultaneity_weighted":0.05545286506469501,"ln_count":59,"ln_count_raw":59,"ln_positions":56,"total_notes":1623,"m1_short_count_rt":0,"m1_short_rate_rt":0.0,"m2_long_count_rt":59,"m2_density_rt":21.02030857552926,"m2_burst_max_rt":95.0,"m3_density_rt":21.02030857552926,"m_concurrent_rt":0.729981378026069,"total_long_sec":41.72155688622751,"long_active_sec":24.116766467065872,"long_hold_sec_mean":0.7071450319699578,"long_hold_sec_max":2.9191616766467092,"adv_hand_imb":0.01694915254237288,"adv_rel_pressure_1beat":0.847457627118644,"adv_ln_hold_min_beats":0.5,"adv_ln_chord_big_rate":0.0,"adv_ln_scatter_cv":3.507209261007449},"stair":{"stair_index":0.11212624584717608,"stair_transitions":135,"eligible_transitions":1204},"peak":{"peak_local_max_density":10.0,"peak_local_max_density_per_sec":27.833333333333332,"peak_max_chord_size":6,"peak_concentration":0.42344045368620037,"total_notes":1587,"intervals":[[144,876],[5700,6144],[6540,6804],[10860,11112],[11148,11616],[11628,12648],[12684,13152],[13164,13536],[14532,14760],[14820,15120],[16896,17256]]},"jack":{"jack_pairs":2,"jack_in_stream_pairs":2,"jack_outside_pairs":0,"pure_jack_per_sec":0.0,"flow_break_per_stream_sec":0.01917749228450441,"stream_seconds":104.28892215568864,"non_stream_seconds":24.251497005988014,"chart_seconds":128.54041916167665,"window_ticks":24,"min_region_sec":10.0},"distraction":{"mode_formulation":"DP","dp_distraction_per_sec":1.5590426832818989,"dp_pair_count":49,"dp_chord_tier_pair_count":0,"dp_mean_time_distance_sec":0.27129414640107424,"scratch_chord_pair_count":0,"chord_time_threshold_sec":0.01667,"window_sec_min":0.2,"window_sec_max":0.8,"chart_seconds":128.54041916167665}},"warnings":[],"axis_intensities":{"chord":"yellow","stream":"green","peak":"yellow","scratch":"green","soft":null,"ln":"yellow","stair":"yellow","distraction":"yellow"},"tags":[],"scales":["DPsl"]}