{"md5":"8f759b1801720487ad61b6202417d81c","headers":{"title":"SEPIA[life]","artist":"SHIKI/-45","genre":"TRANCE","playlevel":"23","base_bpm":142.0},"mode":"SP","scope":"playable_only","scaling_mode":"p99_linear","params":{"stream_window_ticks":48,"stream_density_threshold_per_beat":4.0,"peak_window_ticks":192,"jack_window_ticks":24,"soft_burst_ref":8.0,"soft_freq_ref":0.1,"soft_burst_exp":1.5,"soft_freq_exp":1.5,"chord_time_threshold_ms":16.67,"sp_distraction_min_scratches":3,"dp_distraction_window_sec_min":0.2,"dp_distraction_window_sec_max":0.8,"stream_density_ref_per_sec":40.0,"peak_density_ref_per_sec":70.0,"chord_size_ref":3.5,"ln_simultaneity_ref":0.05,"scratch_density_ref_per_sec":1.5,"scratch_ratio_ref":0.1,"distraction_density_ref":2.0,"distraction_event_ref":0.15},"raw_axes":{"chord":2.503234152652005,"stream":27.674652710000654,"scratch":0.0007173157293640733,"soft":3.3872994874527977e-06,"ln":0.0,"stair":0.22279792746113988,"peak":40.825,"distraction":0.7247515808491419},"x_chord":0.65,"x_stream":0.677,"x_scratch":0.002,"x_soft":0.0,"x_ln":0.0,"x_stair":0.677,"x_peak":0.417,"x_distraction":0.194,"submetrics":{"chord":{"chord_rate":0.6830530401034929,"avg_chord_size":3.664772727272727,"chord_positions":528,"total_positions":773},"stream":{"stream_coverage":0.9472477064220184,"stream_density_mean":12.344984802431611,"stream_density_mean_per_sec":29.215856129685918,"stream_windows":15,"notes_in_stream":2065,"total_notes":2180,"intervals":[[156,227],[732,815],[828,911],[924,995],[1884,2495],[2652,3107],[3228,4043],[4188,5027],[7020,7139],[7212,8423],[8448,8615],[8748,9191],[9216,9383],[9516,11159],[12468,14231]]},"scratch":{"scratch_ratio":0.006422018348623854,"scratch_positions_ratio":0.018111254851228976,"scratch_with_key_chord_rate":1.0,"scratch_per_sec":0.11169630642954856,"scratch_burst_max_per_sec":3.0,"scratch_burst_window_sec":1.0,"scratch_notes":14,"scratch_positions":14,"total_notes":2180,"total_positions":773,"chart_seconds":125.3398652786283},"soft":{"base_bpm":142.0,"intensity":0.00016798035921953742,"up_intensity":0.0,"down_intensity":0.00016798035921953742,"max_intensity":0.028169014084507043,"max_up_intensity":0.0,"max_down_intensity":0.028169014084507043,"step_frequency":0.02666666666666667,"ramp_frequency":0.02666666666666667,"continuity_beats":22.0,"off_base_note_ratio":0.005963302752293578,"gimmick_burst_score":0.0001270237307794799,"max_off_base_density_per_beat":0.5909090909090909,"base_mean_density_per_beat":7.905109489051095,"base_density_source":"on_base","distinct_off_base_bpm_count":1,"bpm_change_events":2,"measure_count":75},"ln":{"ln_ratio":0.0,"ln_hold_time_mean_beats":0.0,"ln_simultaneity_rate":0.0,"ln_simultaneity_weighted":0.0,"ln_count":0,"ln_positions":0,"total_notes":2180},"stair":{"stair_index":0.22279792746113988,"stair_transitions":172,"eligible_transitions":772},"peak":{"peak_local_max_density":17.25,"peak_local_max_density_per_sec":40.825,"peak_max_chord_size":7,"peak_concentration":0.41651376146788993,"total_notes":2180,"intervals":[[2040,2291],[2808,3035],[3576,4007],[4344,4715],[12660,13991]]},"jack":{"jack_pairs":5,"jack_in_stream_pairs":5,"jack_outside_pairs":0,"pure_jack_per_sec":0.0,"flow_break_per_stream_sec":0.06656476103128504,"stream_seconds":75.11481935088793,"non_stream_seconds":50.22504592774037,"chart_seconds":125.3398652786283,"window_ticks":24,"min_region_sec":10.0},"distraction":{"mode_formulation":"SP","qualifying_window_count":2,"qualifying_scratches":11,"qualifying_flow_sec":25.985915492957744,"distract_density":0.4233062330623307,"distract_event_per_sec":0.07696476964769648,"scratch_chord_pair_count":22,"chord_time_threshold_sec":0.01667,"min_scratches":3}},"warnings":[],"tags":["chord_heavy","stream_heavy","stair_focused","chord_stream"],"scales":["sn"]}