{"md5":"ad266f295b7788bbd2ef925575e272a2","headers":{"title":"LABO (ANOTHER)","artist":"maklow obj;江澤","genre":"Drum`n`bass","playlevel":"6","base_bpm":198.0},"mode":"SP","scope":"playable_only","scaling_mode":"p99_linear","params":{"stream_window_ticks":48,"stream_density_threshold_per_beat":4.0,"peak_window_ticks":192,"peak_min_window_notes":4,"peak_min_window_sec":0.05,"felt_bpm_trigger_eff_bpm":500.0,"felt_bpm_trigger_peak_per_sec":200.0,"felt_bpm_target_peak_per_sec":100.0,"felt_bpm_floor":30.0,"jack_window_ticks":24,"soft_burst_ref":8.0,"soft_freq_ref":0.1,"soft_burst_exp":1.5,"soft_freq_exp":1.5,"chord_time_threshold_ms":16.67,"sp_distraction_min_scratches":3,"dp_distraction_window_sec_min":0.2,"dp_distraction_window_sec_max":0.8,"stream_density_ref_per_sec":40.0,"peak_density_ref_per_sec":70.0,"chord_size_ref":3.5,"ln_simultaneity_ref":0.05,"scratch_density_ref_per_sec":1.5,"scratch_ratio_ref":0.1,"distraction_density_ref":2.0,"distraction_event_ref":0.15},"raw_axes":{"chord":2.211740041928721,"stream":17.169273050439873,"scratch":0.1336993708660539,"soft":0.0,"ln":0.0,"stair":0.06722689075630252,"peak":27.224999999999998,"distraction":1.5781045751633984},"x_chord":0.557,"x_stream":0.428,"x_scratch":0.319,"x_soft":0.0,"x_ln":0.0,"x_stair":0.198,"x_peak":0.439,"x_distraction":0.417,"submetrics":{"chord":{"chord_rate":0.7777777777777778,"avg_chord_size":2.8436657681940702,"chord_positions":371,"total_positions":477},"stream":{"stream_coverage":0.9000861326442722,"stream_density_mean":5.780346820809249,"stream_density_mean_per_sec":19.07514450867052,"stream_windows":21,"notes_in_stream":1045,"total_notes":1161,"intervals":[[1692,1824],[1836,1896],[1908,2064],[2076,2208],[2220,2280],[2292,2448],[2460,2592],[2604,2664],[2676,2832],[2844,2976],[2988,3048],[3060,3216],[3228,6288],[7836,7968],[8028,8112],[8604,8736],[8796,8880],[9372,13368],[13404,13560],[13620,13752],[13788,13920]]},"scratch":{"scratch_ratio":0.10077519379844961,"scratch_positions_ratio":0.24528301886792453,"scratch_with_key_chord_rate":0.9658119658119658,"scratch_per_sec":1.3267091416708428,"scratch_burst_max_per_sec":4.0,"scratch_burst_window_sec":1.0,"scratch_notes":117,"scratch_positions":117,"total_notes":1161,"total_positions":477,"chart_seconds":88.18813131313131},"soft":{"base_bpm":198.0,"intensity":0.0,"up_intensity":0.0,"down_intensity":0.0,"max_intensity":0.0,"max_up_intensity":0.0,"max_down_intensity":0.0,"step_frequency":0.0,"ramp_frequency":0.0,"continuity_beats":0.0,"off_base_note_ratio":0.0,"gimmick_burst_score":0.0,"max_off_base_density_per_beat":0.0,"base_mean_density_per_beat":3.986254295532646,"base_density_source":"on_base","distinct_off_base_bpm_count":0,"bpm_change_events":0,"measure_count":73},"ln":{"ln_ratio":0.0,"ln_hold_time_mean_beats":0.0,"ln_simultaneity_rate":0.0,"ln_simultaneity_weighted":0.0,"ln_count":0,"ln_positions":0,"total_notes":1161},"stair":{"stair_index":0.06722689075630252,"stair_transitions":32,"eligible_transitions":476},"peak":{"peak_local_max_density":8.25,"peak_local_max_density_per_sec":27.224999999999998,"peak_max_chord_size":6,"peak_concentration":0.36175710594315247,"total_notes":1161,"intervals":[[9516,9888],[9900,10272],[10284,11424],[11436,11808],[11820,12456]]},"jack":{"jack_pairs":15,"jack_in_stream_pairs":11,"jack_outside_pairs":4,"pure_jack_per_sec":0.1357035767830371,"flow_break_per_stream_sec":0.1873548387096774,"stream_seconds":58.71212121212122,"non_stream_seconds":29.47601010101009,"chart_seconds":88.18813131313131,"window_ticks":24,"min_region_sec":10.0},"distraction":{"mode_formulation":"SP","qualifying_window_count":4,"qualifying_scratches":93,"qualifying_flow_sec":46.363636363636374,"distract_density":2.005882352941176,"distract_event_per_sec":0.08627450980392155,"scratch_chord_pair_count":131,"chord_time_threshold_sec":0.01667,"min_scratches":3}},"warnings":[],"tags":["scratch_active","distraction_heavy"],"scales":["★"]}