{"md5":"c8c6c0463ef62e1bd64316cd5507a33d","headers":{"title":"freely sky","artist":"kas_0120","genre":"hi-speed Fusion","playlevel":"12","base_bpm":272.0},"mode":"SP","scope":"playable_only","scaling_mode":"p99_linear","params":{"stream_window_ticks":48,"stream_density_threshold_per_beat":4.0,"peak_window_ticks":192,"peak_min_window_notes":4,"peak_min_window_sec":0.05,"felt_bpm_trigger_eff_bpm":500.0,"felt_bpm_trigger_peak_per_sec":200.0,"felt_bpm_target_peak_per_sec":100.0,"felt_bpm_floor":30.0,"jack_window_ticks":24,"soft_burst_ref":8.0,"soft_freq_ref":0.1,"soft_burst_exp":1.5,"soft_freq_exp":1.5,"chord_time_threshold_ms":16.67,"sp_distraction_min_scratches":3,"sp_distraction_bin_sec":0.25,"sp_distraction_t_key":2,"sp_distraction_gap_bins":2,"dp_distraction_window_sec_min":0.2,"dp_distraction_window_sec_max":0.8,"stream_density_ref_per_sec":40.0,"peak_density_ref_per_sec":70.0,"chord_size_ref":3.5,"ln_simultaneity_ref":0.05,"scratch_density_ref_per_sec":1.5,"scratch_ratio_ref":0.1,"distraction_density_ref":2.0,"distraction_event_ref":0.15},"raw_axes":{"chord":1.1913116123642442,"stream":16.776600703749953,"scratch_per_sec":0.5511832445997608,"scratch_burst_max_per_sec":4.0,"scratch_max_run_sec":1.102941176470594,"soft":0.0,"stair":0.18478260869565216,"peak":24.933333333333334,"ln_m1_short_rate_rt":0.0,"ln_m2_density_rt":30.679814484480953,"ln_m2_burst_max_rt":60.0,"ln_m3_density_rt":30.679814484480953,"ln_m_concurrent_rt":0.0,"adv_hand_imb":0.6,"adv_rel_pressure_1beat":0.6857142857142857,"adv_ln_hold_min_beats":1.25,"adv_ln_chord_big_rate":0.0,"adv_ln_scatter_cv":3.498583432603291,"distraction":2.150295127080548},"x_chord":0.306,"x_stream":0.433,"x_scratch":0.106,"x_soft":0.0,"x_ln":0.716,"x_stair":0.524,"x_peak":0.418,"x_distraction":0.132,"ln_advanced_score":0.651,"submetrics":{"chord":{"chord_rate":0.5522138680033417,"avg_chord_size":2.157337367624811,"chord_positions":661,"total_positions":1197},"stream":{"stream_coverage":0.8027644869750132,"stream_density_mean":4.609970674486804,"stream_density_mean_per_sec":20.898533724340176,"stream_windows":55,"notes_in_stream":1510,"total_notes":1881,"intervals":[[3096,3204],[3216,3444],[3456,3564],[3576,3684],[3696,3924],[3936,4008],[4044,4164],[4176,4248],[4260,4404],[4416,4488],[4536,4644],[4656,4728],[4740,4884],[4896,4968],[4980,5040],[5136,5184],[5616,5664],[6096,6144],[6720,6768],[6900,6984],[8016,8184],[8376,8424],[8856,9780],[9816,10848],[10920,10968],[11016,11088],[11160,11208],[11400,11448],[11616,12288],[12336,12408],[12456,12528],[12576,12648],[12696,12888],[13092,14616],[14628,17052],[17064,17112],[17532,17592],[17904,17976],[17988,18072],[18984,19056],[19224,19296],[19488,19536],[19704,19776],[19848,20016],[20184,20256],[20424,20496],[20664,20736],[20784,20856],[21780,22104],[22152,22344],[22392,22584],[22632,22824],[22836,23184],[23232,25716],[25908,29904]]},"scratch":{"scratch_ratio":0.04128440366972477,"scratch_positions_ratio":0.06766917293233082,"scratch_with_key_chord_rate":1.0,"scratch_per_sec":0.5511832445997608,"scratch_burst_max_per_sec":4.0,"scratch_burst_window_sec":1.0,"scratch_max_run_sec":1.102941176470594,"ls_count":1,"ls_per_sec":0.006804731414811862,"ls_complexity_mean":0,"scratch_notes":81,"scratch_positions":81,"total_notes":1962,"total_positions":1197,"chart_seconds":146.95657169117646},"soft":{"base_bpm":272.0,"intensity":0.0,"up_intensity":0.0,"down_intensity":0.0,"max_intensity":0.0,"max_up_intensity":0.0,"max_down_intensity":0.0,"step_frequency":0.0,"ramp_frequency":0.0,"continuity_beats":0.0,"off_base_note_ratio":0.0,"gimmick_burst_score":0.0,"max_off_base_density_per_beat":0.0,"base_mean_density_per_beat":2.9436387375202298,"base_density_source":"on_base","distinct_off_base_bpm_count":0,"bpm_change_events":0,"measure_count":134},"ln":{"ln_ratio":0.021406727828746176,"ln_hold_time_mean_beats":1.7379712301587302,"ln_simultaneity_rate":0.03058103975535168,"ln_simultaneity_weighted":0.03058103975535168,"ln_count":42,"ln_count_raw":42,"ln_positions":41,"total_notes":1962,"m1_short_count_rt":0,"m1_short_rate_rt":0.0,"m2_long_count_rt":35,"m2_density_rt":30.679814484480953,"m2_burst_max_rt":60.0,"m3_density_rt":30.679814484480953,"m_concurrent_rt":0.0,"total_long_sec":16.101792279411743,"long_active_sec":16.101792279411743,"long_hold_sec_mean":0.46005120798319266,"long_hold_sec_max":0.884650735294116,"adv_hand_imb":0.6,"adv_rel_pressure_1beat":0.6857142857142857,"adv_ln_hold_min_beats":1.25,"adv_ln_chord_big_rate":0.0,"adv_ln_scatter_cv":3.498583432603291},"stair":{"stair_index":0.18478260869565216,"stair_transitions":221,"eligible_transitions":1196},"peak":{"peak_local_max_density":5.5,"peak_local_max_density_per_sec":24.933333333333334,"peak_max_chord_size":3,"peak_concentration":0.6390217969165337,"total_notes":1881,"intervals":[[8832,9264],[9432,9744],[9792,10824],[11592,12288],[12636,12984],[13104,14376],[14400,17016],[21768,22104],[22128,22320],[22368,22560],[22812,23220],[23232,24504],[24528,25464],[25920,29928]]},"jack":{"jack_pairs":21,"jack_in_stream_pairs":12,"jack_outside_pairs":9,"pure_jack_per_sec":0.14132164312388354,"flow_break_per_stream_sec":0.14410596026490086,"stream_seconds":83.2720588235293,"non_stream_seconds":63.68451286764716,"chart_seconds":146.95657169117646,"window_ticks":24,"min_region_sec":10.0},"distraction":{"mode_formulation":"SP","v3_score":2.150295127080548,"qualifying_intervals":3,"qualifying_flow_sec":124.0,"qualifying_scratches":79,"scratch_chord_pair_count":60,"chord_time_threshold_sec":0.01667,"min_scratches":3,"bin_sec":0.25,"t_key":2,"gap_bins":2}},"warnings":["Unterminated LNOBJ LN on lane P1_KEY1 started at m130 pos0.8; closing at EOF","Unterminated LNOBJ LN on lane P1_SCR started at m125 pos0.0; closing at EOF","Unterminated LNOBJ LN on lane P1_KEY2 started at m133 pos0.0; closing at EOF","Unterminated LNOBJ LN on lane P1_KEY7 started at m131 pos0.0; closing at EOF","Unterminated LNOBJ LN on lane P1_KEY5 started at m131 pos0.0; closing at EOF","Unterminated LNOBJ LN on lane P1_KEY6 started at m133 pos0.0375; closing at EOF","Unterminated LNOBJ LN on lane P1_KEY3 started at m129 pos0.8; closing at EOF","Unterminated LNOBJ LN on lane P1_KEY4 started at m128 pos0.6; closing at EOF"],"axis_intensities":{"chord":"green","stream":"green","peak":"green","scratch":"yellow","soft":null,"ln":"yellow","stair":"red","distraction":"yellow"},"tags":["burst_focused"],"scales":["so"]}