{"md5":"2338ea893bf8c9c3d3304c862615adc6","headers":{"title":"Lamir(KF7)","artist":"激辛マニア","genre":"tenac wave","playlevel":"22","base_bpm":200.0},"mode":"SP","scope":"playable_only","scaling_mode":"percentile_rank","params":{"stream_window_ticks":48,"stream_density_threshold_per_beat":4.0,"peak_window_ticks":192,"jack_window_ticks":24,"soft_burst_ref":8.0,"soft_freq_ref":0.1,"soft_burst_exp":1.5,"soft_freq_exp":1.5,"chord_time_threshold_ms":16.67,"sp_distraction_min_scratches":3,"dp_distraction_window_sec_min":0.2,"dp_distraction_window_sec_max":0.8,"stream_density_ref_per_sec":40.0,"peak_density_ref_per_sec":70.0,"chord_size_ref":3.5,"ln_simultaneity_ref":0.05,"scratch_density_ref_per_sec":1.5,"scratch_ratio_ref":0.1,"distraction_density_ref":2.0,"distraction_event_ref":0.15},"raw_axes":{"chord":1.7967914438502675,"stream":24.8093602820158,"scratch":0.013871514496992605,"soft":0.0,"ln":0.0,"stair":0.12934879571810884,"peak":44.166666666666664,"distraction":1.2422195735664154},"x_chord":0.4683176771989752,"x_stream":0.6307429547395389,"x_scratch":0.5070879590093936,"x_soft":0.0,"x_ln":0.0,"x_stair":0.2883005977796755,"x_peak":0.8111016225448334,"x_distraction":0.8363791631084543,"submetrics":{"chord":{"chord_rate":0.5650623885918004,"avg_chord_size":3.1798107255520507,"chord_positions":634,"total_positions":1122},"stream":{"stream_coverage":0.9217252396166135,"stream_density_mean":8.074866310160427,"stream_density_mean_per_sec":26.916221033868094,"stream_windows":19,"notes_in_stream":2308,"total_notes":2504,"intervals":[[348,1175],[1224,1367],[1404,1943],[1980,4523],[4800,4883],[4956,5219],[7884,7943],[8004,8135],[8160,11363],[13008,13091],[13584,16331],[16392,16547],[16668,17099],[17184,17315],[17412,17855],[17952,18059],[18204,18623],[18744,19799],[20520,21335]]},"scratch":{"scratch_ratio":0.027156549520766772,"scratch_positions_ratio":0.06060606060606061,"scratch_with_key_chord_rate":1.0,"scratch_per_sec":0.5107981220657277,"scratch_burst_max_per_sec":4.0,"scratch_burst_window_sec":1.0,"scratch_notes":68,"scratch_positions":68,"total_notes":2504,"total_positions":1122,"chart_seconds":133.125},"soft":{"base_bpm":200.0,"intensity":0.0,"up_intensity":0.0,"down_intensity":0.0,"max_intensity":0.0,"max_up_intensity":0.0,"max_down_intensity":0.0,"step_frequency":0.0,"ramp_frequency":0.0,"continuity_beats":0.0,"off_base_note_ratio":0.0,"gimmick_burst_score":0.0,"max_off_base_density_per_beat":0.0,"base_mean_density_per_beat":5.636056338028169,"base_density_source":"on_base","distinct_off_base_bpm_count":0,"bpm_change_events":0,"measure_count":111},"ln":{"ln_ratio":0.0,"ln_hold_time_mean_beats":0.0,"ln_simultaneity_rate":0.0,"ln_simultaneity_weighted":0.0,"ln_count":0,"ln_positions":0,"total_notes":2504},"stair":{"stair_index":0.12934879571810884,"stair_transitions":145,"eligible_transitions":1121},"peak":{"peak_local_max_density":13.25,"peak_local_max_density_per_sec":44.166666666666664,"peak_max_chord_size":8,"peak_concentration":0.3742012779552716,"total_notes":2504,"intervals":[[1716,1919],[8244,9155],[9600,9791],[10464,11375],[14208,14471],[15528,16019],[18828,19775],[20940,21359]]},"jack":{"jack_pairs":33,"jack_in_stream_pairs":6,"jack_outside_pairs":27,"pure_jack_per_sec":0.6050420168067226,"flow_break_per_stream_sec":0.06779661016949153,"stream_seconds":88.5,"non_stream_seconds":44.625,"chart_seconds":133.125,"window_ticks":24,"min_region_sec":10.0},"distraction":{"mode_formulation":"SP","qualifying_window_count":7,"qualifying_scratches":63,"qualifying_flow_sec":62.92499999999998,"distract_density":1.0011918951132304,"distract_event_per_sec":0.11124354390147004,"scratch_chord_pair_count":96,"chord_time_threshold_sec":0.01667,"min_scratches":3}},"warnings":[],"tags":["big_chord_burst","fast_chart"],"scales":["★"]}