{"md5":"3db390c05597a39e5a3f318908ae961b","headers":{"title":"Undercontrolled [Mind control]","artist":"Sumire Tachibana / obj:kinoko","genre":"HARDCORE","playlevel":"12","base_bpm":182.0},"mode":"SP","scope":"playable_only","scaling_mode":"p99_linear","params":{"stream_window_ticks":48,"stream_density_threshold_per_beat":4.0,"peak_window_ticks":192,"peak_min_window_notes":4,"peak_min_window_sec":0.05,"felt_bpm_trigger_eff_bpm":500.0,"felt_bpm_trigger_peak_per_sec":200.0,"felt_bpm_target_peak_per_sec":100.0,"felt_bpm_floor":30.0,"jack_window_ticks":24,"soft_burst_ref":8.0,"soft_freq_ref":0.1,"soft_burst_exp":1.5,"soft_freq_exp":1.5,"chord_time_threshold_ms":16.67,"sp_distraction_min_scratches":3,"sp_distraction_bin_sec":0.25,"sp_distraction_t_key":2,"sp_distraction_gap_bins":2,"dp_distraction_window_sec_min":0.2,"dp_distraction_window_sec_max":0.8,"stream_density_ref_per_sec":40.0,"peak_density_ref_per_sec":70.0,"chord_size_ref":3.5,"ln_simultaneity_ref":0.05,"scratch_density_ref_per_sec":1.5,"scratch_ratio_ref":0.1,"distraction_density_ref":2.0,"distraction_event_ref":0.15},"raw_axes":{"chord":2.2781015820149877,"stream":24.56337733293497,"scratch_per_sec":0.6355240315460542,"scratch_burst_max_per_sec":6.0,"scratch_max_run_sec":1.3186813186813282,"soft":0.0,"stair":0.17558528428093645,"peak":37.916666666666664,"ln_m1_short_rate_rt":0.0,"ln_m2_density_rt":0.0,"ln_m2_burst_max_rt":0.0,"ln_m3_density_rt":0.0,"ln_m_concurrent_rt":1.0,"adv_hand_imb":0.4166666666666667,"adv_rel_pressure_1beat":0.08333333333333333,"adv_ln_hold_min_beats":1.25,"adv_ln_chord_big_rate":0.0,"adv_ln_scatter_cv":0.6660490966715252,"distraction":4.02257824512673},"x_chord":0.585,"x_stream":0.634,"x_scratch":0.148,"x_soft":0.0,"x_ln":0.51,"x_stair":0.498,"x_peak":0.636,"x_distraction":0.247,"ln_advanced_score":0.588,"submetrics":{"chord":{"chord_rate":0.742714404662781,"avg_chord_size":3.0672645739910314,"chord_positions":892,"total_positions":1201},"stream":{"stream_coverage":0.9770037199864727,"stream_density_mean":8.2884195193008,"stream_density_mean_per_sec":25.141539208545762,"stream_windows":20,"notes_in_stream":2889,"total_notes":2957,"intervals":[[168,480],[492,864],[876,1248],[1260,1764],[3348,3444],[3468,3528],[3732,3828],[3852,4056],[4116,4212],[4236,4296],[4500,4596],[4620,10968],[11028,11124],[11148,11208],[11412,11508],[11532,11736],[11796,11892],[11916,11976],[12180,12276],[12300,20184]]},"scratch":{"scratch_ratio":0.02889983579638752,"scratch_positions_ratio":0.07327227310574522,"scratch_with_key_chord_rate":0.9545454545454546,"scratch_per_sec":0.6355240315460542,"scratch_burst_max_per_sec":6.0,"scratch_burst_window_sec":1.0,"scratch_max_run_sec":1.3186813186813282,"ls_count":0,"ls_per_sec":0.0,"ls_complexity_mean":0.0,"scratch_notes":88,"scratch_positions":88,"total_notes":3045,"total_positions":1201,"chart_seconds":138.4684065934066},"soft":{"base_bpm":182.0,"intensity":0.0,"up_intensity":0.0,"down_intensity":0.0,"max_intensity":0.0,"max_up_intensity":0.0,"max_down_intensity":0.0,"step_frequency":0.0,"ramp_frequency":0.0,"continuity_beats":0.0,"off_base_note_ratio":0.0,"gimmick_burst_score":0.0,"max_off_base_density_per_beat":0.0,"base_mean_density_per_beat":7.247619047619048,"base_density_source":"on_base","distinct_off_base_bpm_count":0,"bpm_change_events":0,"measure_count":106},"ln":{"ln_ratio":0.007881773399014778,"ln_hold_time_mean_beats":2.2916666666666665,"ln_simultaneity_rate":0.0,"ln_simultaneity_weighted":0.0,"ln_count":24,"ln_count_raw":24,"ln_positions":12,"total_notes":3045,"m1_short_count_rt":0,"m1_short_rate_rt":0.0,"m2_long_count_rt":24,"m2_density_rt":0.0,"m2_burst_max_rt":0.0,"m3_density_rt":0.0,"m_concurrent_rt":1.0,"total_long_sec":18.131868131868128,"long_active_sec":9.065934065934064,"long_hold_sec_mean":0.7554945054945054,"long_hold_sec_max":1.318681318681321,"adv_hand_imb":0.4166666666666667,"adv_rel_pressure_1beat":0.08333333333333333,"adv_ln_hold_min_beats":1.25,"adv_ln_chord_big_rate":0.0,"adv_ln_scatter_cv":0.6660490966715252},"stair":{"stair_index":0.17558528428093645,"stair_transitions":210,"eligible_transitions":1196},"peak":{"peak_local_max_density":12.5,"peak_local_max_density_per_sec":37.916666666666664,"peak_max_chord_size":6,"peak_concentration":0.26614812309773417,"total_notes":2957,"intervals":[[9384,10344],[10476,10884],[16140,16632],[18600,20160]]},"jack":{"jack_pairs":7,"jack_in_stream_pairs":7,"jack_outside_pairs":0,"pure_jack_per_sec":0.0,"flow_break_per_stream_sec":0.05930753564154786,"stream_seconds":118.02884615384616,"non_stream_seconds":20.439560439560438,"chart_seconds":138.4684065934066,"window_ticks":24,"min_region_sec":10.0},"distraction":{"mode_formulation":"SP","v3_score":4.02257824512673,"qualifying_intervals":2,"qualifying_flow_sec":128.0,"qualifying_scratches":88,"scratch_chord_pair_count":144,"chord_time_threshold_sec":0.01667,"min_scratches":3,"bin_sec":0.25,"t_key":2,"gap_bins":2}},"warnings":[],"axis_intensities":{"chord":"red","stream":"red","peak":"red","scratch":"yellow","soft":null,"ln":"green","stair":"yellow","distraction":"red"},"tags":["sustained","peak_outlier","dense_chart"],"scales":["st"]}