{"md5":"7efd0cb03da8a2e1a4daf76dbcf5f142","headers":{"title":"アトロポスと最果の探求者","artist":"しーけー","genre":"eschatology","playlevel":"22","base_bpm":230.0},"mode":"SP","scope":"playable_only","scaling_mode":"p99_linear","params":{"stream_window_ticks":48,"stream_density_threshold_per_beat":4.0,"peak_window_ticks":192,"peak_min_window_notes":4,"peak_min_window_sec":0.05,"felt_bpm_trigger_eff_bpm":500.0,"felt_bpm_trigger_peak_per_sec":200.0,"felt_bpm_target_peak_per_sec":100.0,"felt_bpm_floor":30.0,"jack_window_ticks":24,"soft_burst_ref":8.0,"soft_freq_ref":0.1,"soft_burst_exp":1.5,"soft_freq_exp":1.5,"chord_time_threshold_ms":16.67,"sp_distraction_min_scratches":3,"sp_distraction_bin_sec":0.25,"sp_distraction_t_key":2,"sp_distraction_gap_bins":2,"dp_distraction_window_sec_min":0.2,"dp_distraction_window_sec_max":0.8,"stream_density_ref_per_sec":40.0,"peak_density_ref_per_sec":70.0,"chord_size_ref":3.5,"ln_simultaneity_ref":0.05,"scratch_density_ref_per_sec":1.5,"scratch_ratio_ref":0.1,"distraction_density_ref":2.0,"distraction_event_ref":0.15},"raw_axes":{"chord":2.750795334040297,"stream":23.526328653187985,"scratch_per_sec":0.46206628231882,"scratch_burst_max_per_sec":4.0,"scratch_max_run_sec":1.5652173913043441,"soft":0.0,"stair":0.1997874601487779,"peak":38.333333333333336,"ln_m1_short_rate_rt":0.0,"ln_m2_density_rt":0.6969696969696968,"ln_m2_burst_max_rt":17.0,"ln_m3_density_rt":0.6969696969696968,"ln_m_concurrent_rt":0.9893617021276602,"adv_hand_imb":0.14705882352941177,"adv_rel_pressure_1beat":0.23529411764705882,"adv_ln_hold_min_beats":0.5,"adv_ln_chord_big_rate":0.0,"adv_ln_scatter_cv":4.8810708605725495,"distraction":3.1368443391221303},"x_chord":0.706,"x_stream":0.607,"x_scratch":0.104,"x_soft":0.0,"x_ln":0.758,"x_stair":0.566,"x_peak":0.643,"x_distraction":0.193,"ln_advanced_score":0.621,"submetrics":{"chord":{"chord_rate":0.7518557794273595,"avg_chord_size":3.6586741889985896,"chord_positions":709,"total_positions":943},"stream":{"stream_coverage":0.9249183895538629,"stream_density_mean":6.635507733691997,"stream_density_mean_per_sec":25.436112979152657,"stream_windows":46,"notes_in_stream":2550,"total_notes":2757,"intervals":[[252,1344],[1404,2640],[2844,2928],[3132,3504],[3600,3792],[3852,3936],[3996,4080],[4140,4224],[4284,4368],[4428,4512],[4572,4656],[4716,4944],[5004,5088],[5148,5232],[5292,5376],[5436,5520],[5580,5664],[5700,5808],[5868,5952],[6012,8304],[8316,9552],[9756,9816],[10020,10536],[10620,10704],[11196,11256],[11772,11856],[11916,12000],[12204,12288],[12348,12432],[12492,19512],[19584,19632],[19728,19776],[19824,19872],[20064,20112],[20304,20496],[20508,20592],[20628,20832],[20868,20952],[21036,21120],[21180,21264],[21324,21408],[21468,21552],[22620,23856],[23916,24000],[24060,25728],[25788,26160]]},"scratch":{"scratch_ratio":0.025106082036775106,"scratch_positions_ratio":0.07529162248144221,"scratch_with_key_chord_rate":0.9859154929577465,"scratch_per_sec":0.46206628231882,"scratch_burst_max_per_sec":4.0,"scratch_burst_window_sec":1.0,"scratch_max_run_sec":1.5652173913043441,"ls_count":0,"ls_per_sec":0.0,"ls_complexity_mean":0.0,"scratch_notes":71,"scratch_positions":71,"total_notes":2828,"total_positions":943,"chart_seconds":153.6576086956522},"soft":{"base_bpm":230.0,"intensity":0.0,"up_intensity":0.0,"down_intensity":0.0,"max_intensity":0.0,"max_up_intensity":0.0,"max_down_intensity":0.0,"step_frequency":0.0,"ramp_frequency":0.0,"continuity_beats":0.0,"off_base_note_ratio":0.0,"gimmick_burst_score":0.0,"max_off_base_density_per_beat":0.0,"base_mean_density_per_beat":4.799660441426146,"base_density_source":"on_base","distinct_off_base_bpm_count":0,"bpm_change_events":0,"measure_count":188},"ln":{"ln_ratio":0.024045261669024046,"ln_hold_time_mean_beats":1.375,"ln_simultaneity_rate":0.0007072135785007072,"ln_simultaneity_weighted":0.0007072135785007072,"ln_count":68,"ln_count_raw":68,"ln_positions":36,"total_notes":2828,"m1_short_count_rt":0,"m1_short_rate_rt":0.0,"m2_long_count_rt":68,"m2_density_rt":0.6969696969696968,"m2_burst_max_rt":17.0,"m3_density_rt":0.6969696969696968,"m_concurrent_rt":0.9893617021276602,"total_long_sec":24.391304347826093,"long_active_sec":12.26086956521739,"long_hold_sec_mean":0.35869565217391314,"long_hold_sec_max":0.7826086956521721,"adv_hand_imb":0.14705882352941177,"adv_rel_pressure_1beat":0.23529411764705882,"adv_ln_hold_min_beats":0.5,"adv_ln_chord_big_rate":0.0,"adv_ln_scatter_cv":4.8810708605725495},"stair":{"stair_index":0.1997874601487779,"stair_transitions":188,"eligible_transitions":941},"peak":{"peak_local_max_density":10.0,"peak_local_max_density_per_sec":38.333333333333336,"peak_max_chord_size":7,"peak_concentration":0.3942691331157055,"total_notes":2757,"intervals":[[6036,6240],[7116,7332],[8460,8664],[8748,9096],[9204,9528],[10068,10512],[12876,13704],[13764,14016],[14340,14808],[17520,17712],[18144,18672],[18720,18912],[18960,19152],[19200,19392],[23508,23856],[24060,25692],[25788,26160]]},"jack":{"jack_pairs":14,"jack_in_stream_pairs":12,"jack_outside_pairs":2,"pure_jack_per_sec":0.04659997467392692,"flow_break_per_stream_sec":0.1083627797408715,"stream_seconds":110.73913043478272,"non_stream_seconds":42.91847826086946,"chart_seconds":153.6576086956522,"window_ticks":24,"min_region_sec":10.0},"distraction":{"mode_formulation":"SP","v3_score":3.1368443391221303,"qualifying_intervals":5,"qualifying_flow_sec":135.5,"qualifying_scratches":71,"scratch_chord_pair_count":154,"chord_time_threshold_sec":0.01667,"min_scratches":3,"bin_sec":0.25,"t_key":2,"gap_bins":2}},"warnings":[],"axis_intensities":{"chord":"red","stream":"yellow","peak":"red","scratch":"yellow","soft":null,"ln":"yellow","stair":"red","distraction":"yellow"},"tags":[],"scales":["st"]}