{"md5":"e4dd8090d701a8048cd9662258a4cf0d","headers":{"title":"樟葉(remix) [F]","artist":"-45 remixed by SABREMISSILE / akusil(mov)","genre":"GOTH FANTASIA","playlevel":"12","base_bpm":150.0},"mode":"SP","scope":"playable_only","scaling_mode":"p99_linear","params":{"stream_window_ticks":48,"stream_density_threshold_per_beat":4.0,"peak_window_ticks":192,"peak_min_window_notes":4,"peak_min_window_sec":0.05,"felt_bpm_trigger_eff_bpm":500.0,"felt_bpm_trigger_peak_per_sec":200.0,"felt_bpm_target_peak_per_sec":100.0,"felt_bpm_floor":30.0,"jack_window_ticks":24,"soft_burst_ref":8.0,"soft_freq_ref":0.1,"soft_burst_exp":1.5,"soft_freq_exp":1.5,"chord_time_threshold_ms":16.67,"sp_distraction_min_scratches":3,"dp_distraction_window_sec_min":0.2,"dp_distraction_window_sec_max":0.8,"stream_density_ref_per_sec":40.0,"peak_density_ref_per_sec":70.0,"chord_size_ref":3.5,"ln_simultaneity_ref":0.05,"scratch_density_ref_per_sec":1.5,"scratch_ratio_ref":0.1,"distraction_density_ref":2.0,"distraction_event_ref":0.15},"raw_axes":{"chord":1.5825825825825826,"stream":17.094861821903788,"scratch":0.034514821140677124,"soft":0.020696569060447784,"ln":0.0,"stair":0.11322645290581163,"peak":35.0,"distraction":1.5544871794871793},"x_chord":0.411,"x_stream":0.424,"x_scratch":0.083,"x_soft":0.122,"x_ln":0.0,"x_stair":0.344,"x_peak":0.415,"x_distraction":0.419,"submetrics":{"chord":{"chord_rate":0.5805805805805806,"avg_chord_size":2.725862068965517,"chord_positions":580,"total_positions":999},"stream":{"stream_coverage":0.928,"stream_density_mean":7.384851586489253,"stream_density_mean_per_sec":18.421187308085976,"stream_windows":21,"notes_in_stream":1856,"total_notes":2000,"intervals":[[1692,2039],[2076,2543],[2568,2927],[2940,3971],[3996,4355],[4380,5231],[5316,6743],[7068,8687],[8700,9071],[9096,9263],[9288,10175],[11676,11747],[17844,17903],[18012,19907],[19932,20291],[20304,20675],[20700,21167],[21252,22559],[22572,22751],[22764,22943],[22956,23075]]},"scratch":{"scratch_ratio":0.0775,"scratch_positions_ratio":0.15515515515515516,"scratch_with_key_chord_rate":0.8193548387096774,"scratch_per_sec":0.44535253084744675,"scratch_burst_max_per_sec":9.0,"scratch_burst_window_sec":1.0,"scratch_notes":155,"scratch_positions":155,"total_notes":2000,"total_positions":999,"chart_seconds":348.03888888888895},"soft":{"base_bpm":150.0,"intensity":0.0192825,"up_intensity":0.0,"down_intensity":0.0192825,"max_intensity":0.94,"max_up_intensity":0.0,"max_down_intensity":0.94,"step_frequency":0.03305785123966942,"ramp_frequency":0.01652892561983471,"continuity_beats":128.625,"off_base_note_ratio":0.0255,"gimmick_burst_score":0.6260712140785455,"max_off_base_density_per_beat":4.8,"base_mean_density_per_beat":5.538242618285308,"base_density_source":"on_base","distinct_off_base_bpm_count":3,"bpm_change_events":4,"measure_count":121},"ln":{"ln_ratio":0.0,"ln_hold_time_mean_beats":0.0,"ln_simultaneity_rate":0.0,"ln_simultaneity_weighted":0.0,"ln_count":0,"ln_positions":0,"total_notes":2000},"stair":{"stair_index":0.11322645290581163,"stair_transitions":113,"eligible_transitions":998},"peak":{"peak_local_max_density":14.0,"peak_local_max_density_per_sec":35.0,"peak_max_chord_size":5,"peak_concentration":0.513,"total_notes":2000,"intervals":[[3648,3959],[4032,4343],[4500,4763],[5988,6719],[7344,7679],[7692,7907],[18048,18335],[18432,18731],[18816,19103],[19524,20327],[20352,20687],[21888,23039]]},"jack":{"jack_pairs":29,"jack_in_stream_pairs":28,"jack_outside_pairs":1,"pure_jack_per_sec":0.004217629692113032,"flow_break_per_stream_sec":0.2523912063698733,"stream_seconds":110.93888888888891,"non_stream_seconds":237.10000000000002,"chart_seconds":348.03888888888895,"window_ticks":24,"min_region_sec":10.0},"distraction":{"mode_formulation":"SP","qualifying_window_count":13,"qualifying_scratches":150,"qualifying_flow_sec":104.00000000000001,"distract_density":1.442307692307692,"distract_event_per_sec":0.12499999999999999,"scratch_chord_pair_count":127,"chord_time_threshold_sec":0.01667,"min_scratches":3}},"warnings":[],"tags":["soflan","distraction_heavy","burst_focused"],"scales":["★"]}