{"md5":"575a09f7bd5d6e22f91e01fdff83ff38","headers":{"title":"TearVid","artist":"An","genre":"ArtCore","playlevel":"0","base_bpm":195.0},"mode":"SP","scope":"playable_only","scaling_mode":"p99_linear","params":{"stream_window_ticks":48,"stream_density_threshold_per_beat":4.0,"peak_window_ticks":192,"peak_min_window_notes":4,"felt_bpm_trigger_eff_bpm":500.0,"felt_bpm_trigger_peak_per_sec":200.0,"felt_bpm_target_peak_per_sec":100.0,"felt_bpm_floor":30.0,"jack_window_ticks":24,"soft_burst_ref":8.0,"soft_freq_ref":0.1,"soft_burst_exp":1.5,"soft_freq_exp":1.5,"chord_time_threshold_ms":16.67,"sp_distraction_min_scratches":3,"dp_distraction_window_sec_min":0.2,"dp_distraction_window_sec_max":0.8,"stream_density_ref_per_sec":40.0,"peak_density_ref_per_sec":70.0,"chord_size_ref":3.5,"ln_simultaneity_ref":0.05,"scratch_density_ref_per_sec":1.5,"scratch_ratio_ref":0.1,"distraction_density_ref":2.0,"distraction_event_ref":0.15},"raw_axes":{"chord":2.0628930817610063,"stream":32.075317480440454,"scratch":0.0025385728061716488,"soft":0.0,"ln":0.0,"stair":0.12307692307692308,"peak":43.875,"distraction":0.28594626513138477},"x_chord":0.536,"x_stream":0.796,"x_scratch":0.006,"x_soft":0.0,"x_ln":0.0,"x_stair":0.374,"x_peak":0.533,"x_distraction":0.077,"submetrics":{"chord":{"chord_rate":0.686932215234102,"avg_chord_size":3.0030518819938963,"chord_positions":983,"total_positions":1431},"stream":{"stream_coverage":0.9479411764705883,"stream_density_mean":10.41543513957307,"stream_density_mean_per_sec":33.83682266009852,"stream_windows":28,"notes_in_stream":3223,"total_notes":3400,"intervals":[[540,599],[1692,1763],[1884,1967],[2268,2327],[2460,2519],[2652,2723],[2844,2903],[3696,10031],[10212,10295],[11484,11567],[11724,11831],[11868,11927],[12036,12083],[12096,12311],[12480,12587],[12864,12971],[12996,13151],[13188,13343],[13380,13535],[13572,20783],[20892,20963],[21276,21335],[22044,22115],[22620,22679],[22812,22871],[23004,23075],[23196,23255],[23292,23471]]},"scratch":{"scratch_ratio":0.010588235294117647,"scratch_positions_ratio":0.025157232704402517,"scratch_with_key_chord_rate":0.9444444444444444,"scratch_per_sec":0.23975409836065573,"scratch_burst_max_per_sec":3.0,"scratch_burst_window_sec":1.0,"scratch_notes":36,"scratch_positions":36,"total_notes":3400,"total_positions":1431,"chart_seconds":150.15384615384616},"soft":{"base_bpm":195.0,"intensity":0.0,"up_intensity":0.0,"down_intensity":0.0,"max_intensity":0.0,"max_up_intensity":0.0,"max_down_intensity":0.0,"step_frequency":0.0,"ramp_frequency":0.0,"continuity_beats":0.0,"off_base_note_ratio":0.0,"gimmick_burst_score":0.0,"max_off_base_density_per_beat":0.0,"base_mean_density_per_beat":6.956967213114754,"base_density_source":"on_base","distinct_off_base_bpm_count":0,"bpm_change_events":0,"measure_count":123},"ln":{"ln_ratio":0.0,"ln_hold_time_mean_beats":0.0,"ln_simultaneity_rate":0.0,"ln_simultaneity_weighted":0.0,"ln_count":0,"ln_positions":0,"total_notes":3400},"stair":{"stair_index":0.12307692307692308,"stair_transitions":176,"eligible_transitions":1430},"peak":{"peak_local_max_density":13.5,"peak_local_max_density_per_sec":43.875,"peak_max_chord_size":7,"peak_concentration":0.27852941176470586,"total_notes":3400,"intervals":[[15864,16283],[17364,20771]]},"jack":{"jack_pairs":0,"jack_in_stream_pairs":0,"jack_outside_pairs":0,"pure_jack_per_sec":0.0,"flow_break_per_stream_sec":0.0,"stream_seconds":101.84615384615383,"non_stream_seconds":48.307692307692335,"chart_seconds":150.15384615384616,"window_ticks":24,"min_region_sec":10.0},"distraction":{"mode_formulation":"SP","qualifying_window_count":2,"qualifying_scratches":23,"qualifying_flow_sec":86.84615384615384,"distract_density":0.26483613817537643,"distract_event_per_sec":0.023029229406554476,"scratch_chord_pair_count":79,"chord_time_threshold_sec":0.01667,"min_scratches":3}},"warnings":[],"tags":["stream_heavy","peak_intense","sustained","peak_outlier","dense_chart","pure_stream"],"scales":["st"]}