{"md5":"0297acfbb8be061caef1f327c0ea4316","headers":{"title":"la noche (end of mix)","artist":"NAGI  obj;江澤","genre":"euro beat","playlevel":"8","base_bpm":172.0},"mode":"SP","scope":"playable_only","scaling_mode":"p99_linear","params":{"stream_window_ticks":48,"stream_density_threshold_per_beat":4.0,"peak_window_ticks":192,"peak_min_window_notes":4,"peak_min_window_sec":0.05,"felt_bpm_trigger_eff_bpm":500.0,"felt_bpm_trigger_peak_per_sec":200.0,"felt_bpm_target_peak_per_sec":100.0,"felt_bpm_floor":30.0,"jack_window_ticks":24,"soft_burst_ref":8.0,"soft_freq_ref":0.1,"soft_burst_exp":1.5,"soft_freq_exp":1.5,"chord_time_threshold_ms":16.67,"sp_distraction_min_scratches":3,"sp_distraction_bin_sec":0.25,"sp_distraction_t_key":2,"sp_distraction_gap_bins":2,"dp_distraction_window_sec_min":0.2,"dp_distraction_window_sec_max":0.8,"stream_density_ref_per_sec":40.0,"peak_density_ref_per_sec":70.0,"chord_size_ref":3.5,"ln_simultaneity_ref":0.05,"scratch_density_ref_per_sec":1.5,"scratch_ratio_ref":0.1,"distraction_density_ref":2.0,"distraction_event_ref":0.15},"raw_axes":{"chord":0.8754246885617213,"stream":18.837713668886202,"scratch_per_sec":0.3047256101611063,"scratch_burst_max_per_sec":6.0,"scratch_max_run_sec":1.3953488372092977,"soft":0.04632662394190685,"stair":0.1191151446398185,"peak":37.266666666666666,"ln_m1_short_rate_rt":0.0,"ln_m2_density_rt":0.0,"ln_m2_burst_max_rt":0.0,"ln_m3_density_rt":0.0,"ln_m_concurrent_rt":0.0,"adv_hand_imb":0.0,"adv_rel_pressure_1beat":0.0,"adv_ln_hold_min_beats":0.0,"adv_ln_chord_big_rate":0.0,"adv_ln_scatter_cv":0.0,"distraction":1.871885890989653},"x_chord":0.225,"x_stream":0.486,"x_scratch":0.134,"x_soft":0.139,"x_ln":0.0,"x_stair":0.338,"x_peak":0.625,"x_distraction":0.115,"ln_advanced_score":0.0,"submetrics":{"chord":{"chord_rate":0.3686296715741789,"avg_chord_size":2.3748079877112134,"chord_positions":651,"total_positions":1766},"stream":{"stream_coverage":0.9697549770290965,"stream_density_mean":6.790745856353591,"stream_density_mean_per_sec":19.42523020257827,"stream_windows":23,"notes_in_stream":2533,"total_notes":2612,"intervals":[[1512,6372],[6516,6648],[6708,6792],[7020,7080],[7632,7728],[7740,11016],[11040,11208],[11220,11412],[11424,18924],[18936,19020],[19068,19140],[19152,19332],[19344,19476],[19596,19680],[19692,20100],[20172,20460],[20472,20556],[20604,20676],[20688,20868],[20880,21012],[21108,21204],[21300,21348],[21456,21684]]},"scratch":{"scratch_ratio":0.0184141300263059,"scratch_positions_ratio":0.027746319365798414,"scratch_with_key_chord_rate":0.9591836734693877,"scratch_per_sec":0.3047256101611063,"scratch_burst_max_per_sec":6.0,"scratch_burst_window_sec":1.0,"scratch_max_run_sec":1.3953488372092977,"ls_count":0,"ls_per_sec":0.0,"ls_complexity_mean":0.0,"scratch_notes":49,"scratch_positions":49,"total_notes":2661,"total_positions":1766,"chart_seconds":160.80039998638134},"soft":{"base_bpm":172.0,"intensity":0.0025868924953899126,"up_intensity":0.0,"down_intensity":0.0025868924953899126,"max_intensity":0.9418604651162791,"max_up_intensity":0.0,"max_down_intensity":0.9418604651162791,"step_frequency":0.13157894736842105,"ramp_frequency":0.017543859649122806,"continuity_beats":5.25,"off_base_note_ratio":0.013904547162720781,"gimmick_burst_score":0.3520823419584921,"max_off_base_density_per_beat":12.0,"base_mean_density_per_beat":5.857142857142857,"base_density_source":"on_base","distinct_off_base_bpm_count":13,"bpm_change_events":15,"measure_count":114},"ln":{"ln_ratio":0.0,"ln_hold_time_mean_beats":0.0,"ln_simultaneity_rate":0.0,"ln_simultaneity_weighted":0.0,"ln_count":0,"ln_count_raw":0,"ln_positions":0,"total_notes":2661,"m1_short_count_rt":0,"m1_short_rate_rt":0.0,"m2_long_count_rt":0,"m2_density_rt":0.0,"m2_burst_max_rt":0.0,"m3_density_rt":0.0,"m_concurrent_rt":0.0,"total_long_sec":0.0,"long_active_sec":0.0,"long_hold_sec_mean":0.0,"long_hold_sec_max":0.0,"adv_hand_imb":0.0,"adv_rel_pressure_1beat":0.0,"adv_ln_hold_min_beats":0.0,"adv_ln_chord_big_rate":0.0,"adv_ln_scatter_cv":0.0},"stair":{"stair_index":0.1191151446398185,"stair_transitions":210,"eligible_transitions":1763},"peak":{"peak_local_max_density":13.0,"peak_local_max_density_per_sec":37.266666666666666,"peak_max_chord_size":6,"peak_concentration":0.32924961715160794,"total_notes":2612,"intervals":[[1788,2568],[4584,4908],[9600,9804],[9984,10200],[10704,10956],[12024,12600],[13488,13860],[14892,15552],[16572,16848],[18192,18720],[19644,19980],[21444,21708]]},"jack":{"jack_pairs":9,"jack_in_stream_pairs":8,"jack_outside_pairs":1,"pure_jack_per_sec":0.038098301514927664,"flow_break_per_stream_sec":0.05945634130590496,"stream_seconds":134.5525107042783,"non_stream_seconds":26.247889282103046,"chart_seconds":160.80039998638134,"window_ticks":24,"min_region_sec":10.0},"distraction":{"mode_formulation":"SP","v3_score":1.871885890989653,"qualifying_intervals":2,"qualifying_flow_sec":139.25,"qualifying_scratches":49,"scratch_chord_pair_count":66,"chord_time_threshold_sec":0.01667,"min_scratches":3,"bin_sec":0.25,"t_key":2,"gap_bins":2}},"warnings":[],"axis_intensities":{"chord":"green","stream":"yellow","peak":"red","scratch":"yellow","soft":"red","ln":null,"stair":"green","distraction":"yellow"},"tags":["extreme_burst"],"scales":["★"]}