{"md5":"b78bfb4c1b33d253375d64f4b407bb7b","headers":{"title":"wilis [G3]","artist":"parakeet 41 obj:goe","genre":"TERROR","playlevel":"23","base_bpm":172.0},"mode":"SP","scope":"playable_only","scaling_mode":"p99_linear","params":{"stream_window_ticks":48,"stream_density_threshold_per_beat":4.0,"peak_window_ticks":192,"jack_window_ticks":24,"soft_burst_ref":8.0,"soft_freq_ref":0.1,"soft_burst_exp":1.5,"soft_freq_exp":1.5,"chord_time_threshold_ms":16.67,"sp_distraction_min_scratches":3,"dp_distraction_window_sec_min":0.2,"dp_distraction_window_sec_max":0.8,"stream_density_ref_per_sec":40.0,"peak_density_ref_per_sec":70.0,"chord_size_ref":3.5,"ln_simultaneity_ref":0.05,"scratch_density_ref_per_sec":1.5,"scratch_ratio_ref":0.1,"distraction_density_ref":2.0,"distraction_event_ref":0.15},"raw_axes":{"chord":2.303409090909091,"stream":25.495579963847398,"scratch":0.008641545893719807,"soft":0.014492325192209984,"ln":0.0013043478260869566,"stair":0.13993174061433447,"peak":45.15,"distraction":0.4505469199769718},"x_chord":0.598,"x_stream":0.624,"x_scratch":0.021,"x_soft":0.086,"x_ln":0.021,"x_stair":0.425,"x_peak":0.461,"x_distraction":0.121,"submetrics":{"chord":{"chord_rate":0.6897727272727273,"avg_chord_size":3.3393739703459637,"chord_positions":607,"total_positions":880},"stream":{"stream_coverage":0.9834782608695652,"stream_density_mean":9.552516411378555,"stream_density_mean_per_sec":25.923887673231217,"stream_windows":10,"notes_in_stream":2262,"total_notes":2300,"intervals":[[156,2735],[2844,6383],[6492,6575],[6684,6767],[6876,6959],[7068,7403],[7416,12527],[13272,13415],[13464,13547],[13560,14027]]},"scratch":{"scratch_ratio":0.022608695652173914,"scratch_positions_ratio":0.05909090909090909,"scratch_with_key_chord_rate":0.9230769230769231,"scratch_per_sec":0.38222222222222224,"scratch_burst_max_per_sec":5.0,"scratch_burst_window_sec":1.0,"scratch_notes":52,"scratch_positions":52,"total_notes":2300,"total_positions":880,"chart_seconds":136.04651162790697},"soft":{"base_bpm":172.0,"intensity":0.06847826086956522,"up_intensity":0.0,"down_intensity":0.06847826086956522,"max_intensity":0.5,"max_up_intensity":0.0,"max_down_intensity":0.5,"step_frequency":0.04054054054054054,"ramp_frequency":0.04054054054054054,"continuity_beats":95.0,"off_base_note_ratio":0.13695652173913042,"gimmick_burst_score":0.3574773547411796,"max_off_base_density_per_beat":3.9833333333333334,"base_mean_density_per_beat":9.92,"base_density_source":"on_base","distinct_off_base_bpm_count":1,"bpm_change_events":3,"measure_count":74},"ln":{"ln_ratio":0.0004347826086956522,"ln_hold_time_mean_beats":3.5,"ln_simultaneity_rate":0.0013043478260869566,"ln_simultaneity_weighted":0.0013043478260869566,"ln_count":1,"ln_positions":1,"total_notes":2300},"stair":{"stair_index":0.13993174061433447,"stair_transitions":123,"eligible_transitions":879},"peak":{"peak_local_max_density":15.75,"peak_local_max_density_per_sec":45.15,"peak_max_chord_size":8,"peak_concentration":0.32304347826086954,"total_notes":2300,"intervals":[[3312,3623],[4452,4679],[4788,4991],[5760,5975],[10668,12527]]},"jack":{"jack_pairs":44,"jack_in_stream_pairs":28,"jack_outside_pairs":16,"pure_jack_per_sec":0.7741209563994378,"flow_break_per_stream_sec":0.24268077601410934,"stream_seconds":115.37790697674419,"non_stream_seconds":20.66860465116278,"chart_seconds":136.04651162790697,"window_ticks":24,"min_region_sec":10.0},"distraction":{"mode_formulation":"SP","qualifying_window_count":3,"qualifying_scratches":51,"qualifying_flow_sec":100.98837209302324,"distract_density":0.5050086355785838,"distract_event_per_sec":0.02970639032815199,"scratch_chord_pair_count":73,"chord_time_threshold_sec":0.01667,"min_scratches":3}},"warnings":[],"tags":["chord_heavy","jack_chart","big_chord_burst","dense_chart"],"scales":["st"]}