{"md5":"6a3762ad91ec89392dda8554360f66c1","headers":{"title":"ting ting","artist":"陳 正平","genre":"Happy Summer Memories","playlevel":"18","base_bpm":167.0},"mode":"SP","scope":"playable_only","scaling_mode":"p99_linear","params":{"stream_window_ticks":48,"stream_density_threshold_per_beat":4.0,"peak_window_ticks":192,"peak_min_window_notes":4,"peak_min_window_sec":0.05,"felt_bpm_trigger_eff_bpm":500.0,"felt_bpm_trigger_peak_per_sec":200.0,"felt_bpm_target_peak_per_sec":100.0,"felt_bpm_floor":30.0,"jack_window_ticks":24,"soft_burst_ref":8.0,"soft_freq_ref":0.1,"soft_burst_exp":1.5,"soft_freq_exp":1.5,"chord_time_threshold_ms":16.67,"sp_distraction_min_scratches":3,"dp_distraction_window_sec_min":0.2,"dp_distraction_window_sec_max":0.8,"stream_density_ref_per_sec":40.0,"peak_density_ref_per_sec":70.0,"chord_size_ref":3.5,"ln_simultaneity_ref":0.05,"scratch_density_ref_per_sec":1.5,"scratch_ratio_ref":0.1,"distraction_density_ref":2.0,"distraction_event_ref":0.15},"raw_axes":{"chord":2.388659793814433,"stream":25.669106604189317,"scratch":0.003181548694709764,"soft":0.0,"ln":0.0,"stair":0.14654282765737875,"peak":36.18333333333333,"distraction":0.5823426850530988,"pure_jack_raw":0.4762923351158639,"flow_break_raw":0.029686689874824094},"x_chord":0.602,"x_stream":0.64,"x_scratch":0.008,"x_soft":0.0,"x_ln":0.0,"x_stair":0.432,"x_peak":0.584,"x_distraction":0.154,"jack_signal":0.332,"noise_budget":0.494,"submetrics":{"chord":{"chord_rate":0.7463917525773196,"avg_chord_size":3.2002762430939224,"chord_positions":724,"total_positions":970},"stream":{"stream_coverage":0.9734685914943426,"stream_density_mean":9.47378640776699,"stream_density_mean_per_sec":26.368705501618123,"stream_windows":22,"notes_in_stream":2495,"total_notes":2563,"intervals":[[156,240],[492,624],[924,1008],[1068,1200],[1212,1680],[1692,3312],[3444,3504],[3612,3672],[3804,3864],[3900,3984],[3996,4056],[4104,4404],[4428,4596],[4620,4920],[4956,5496],[5532,11172],[11808,11988],[12036,12096],[12132,12180],[12204,12288],[12396,14160],[14172,15792]]},"scratch":{"scratch_ratio":0.012095200936402654,"scratch_positions_ratio":0.031958762886597936,"scratch_with_key_chord_rate":1.0,"scratch_per_sec":0.26304223563035883,"scratch_burst_max_per_sec":3.0,"scratch_burst_window_sec":1.0,"scratch_notes":31,"scratch_positions":31,"total_notes":2563,"total_positions":970,"chart_seconds":117.85179640718563},"soft":{"base_bpm":167.0,"intensity":0.0,"up_intensity":0.0,"down_intensity":0.0,"max_intensity":0.0,"max_up_intensity":0.0,"max_down_intensity":0.0,"step_frequency":0.0,"ramp_frequency":0.0,"continuity_beats":0.0,"off_base_note_ratio":0.0,"gimmick_burst_score":0.0,"max_off_base_density_per_beat":0.0,"base_mean_density_per_beat":7.801829268292683,"base_density_source":"on_base","distinct_off_base_bpm_count":0,"bpm_change_events":0,"measure_count":83},"ln":{"ln_ratio":0.0,"ln_hold_time_mean_beats":0.0,"ln_simultaneity_rate":0.0,"ln_simultaneity_weighted":0.0,"ln_count":0,"ln_positions":0,"total_notes":2563},"stair":{"stair_index":0.14654282765737875,"stair_transitions":142,"eligible_transitions":969},"peak":{"peak_local_max_density":13.0,"peak_local_max_density_per_sec":36.18333333333333,"peak_max_chord_size":6,"peak_concentration":0.4034334763948498,"total_notes":2563,"intervals":[[3072,3276],[5172,5388],[5952,6144],[7056,7356],[7824,8124],[8592,8892],[10356,11160],[12672,14028],[14640,14832],[15456,15756]]},"jack":{"jack_pairs":11,"jack_in_stream_pairs":3,"jack_outside_pairs":8,"pure_jack_per_sec":0.4762923351158639,"flow_break_per_stream_sec":0.029686689874824094,"stream_seconds":101.05538922155687,"non_stream_seconds":16.796407185628766,"chart_seconds":117.85179640718563,"window_ticks":24,"min_region_sec":10.0},"distraction":{"mode_formulation":"SP","qualifying_window_count":4,"qualifying_scratches":20,"qualifying_flow_sec":62.96407185628741,"distract_density":0.31764146457441755,"distract_event_per_sec":0.06352829291488352,"scratch_chord_pair_count":48,"chord_time_threshold_sec":0.01667,"min_scratches":3}},"warnings":[],"tags":["chord_heavy","dense_chart"],"scales":["sl"]}