{"md5":"3cc376adecd0e196a34a12eb39311146","headers":{"title":"絶対的共依存-Codependence-","artist":"Hope / obj:sarao3","genre":"HARD TECH","playlevel":"12","base_bpm":146.0},"mode":"SP","scope":"playable_only","scaling_mode":"reference","params":{"stream_window_ticks":48,"stream_density_threshold_per_beat":4.0,"peak_window_ticks":192,"jack_window_ticks":24,"soft_burst_ref":8.0,"soft_freq_ref":0.1,"soft_burst_exp":1.5,"soft_freq_exp":1.5,"stream_density_ref_per_sec":40.0,"peak_density_ref_per_sec":70.0,"chord_size_ref":3.5,"ln_simultaneity_ref":0.05},"x_chord":0.5536041939711664,"x_stream":0.536154661518175,"x_scratch":0.046103631170950635,"x_soft":3.987355570273389e-06,"x_ln":0.0,"x_stair":0.06244260789715335,"x_peak":0.6083333333333334,"x_jack":0.0440771349862259,"submetrics":{"chord":{"chord_rate":0.6889908256880733,"avg_chord_size":2.8122503328894806,"chord_positions":751,"total_positions":1090},"stream":{"stream_coverage":0.9551203590371277,"stream_density_mean":9.227634194831014,"stream_density_mean_per_sec":22.4539098740888,"stream_windows":5,"notes_in_stream":2341,"total_notes":2451},"scratch":{"scratch_ratio":0.046103631170950635,"scratch_positions_ratio":0.10366972477064221,"scratch_with_key_chord_rate":0.9734513274336283,"scratch_notes":113,"scratch_positions":113,"total_notes":2451,"total_positions":1090},"soft":{"base_bpm":146.0,"intensity":0.0007684870027889092,"up_intensity":0.0,"down_intensity":0.0007684870027889092,"max_intensity":0.14383561643835616,"max_up_intensity":0.0,"max_down_intensity":0.14383561643835616,"step_frequency":0.045454545454545456,"ramp_frequency":0.011363636363636364,"continuity_beats":12.0,"off_base_note_ratio":0.010199918400652794,"gimmick_burst_score":0.004425570987857513,"max_off_base_density_per_beat":2.25,"base_mean_density_per_beat":7.217261904761905,"base_density_source":"on_base","distinct_off_base_bpm_count":3,"bpm_change_events":4,"measure_count":88},"ln":{"ln_ratio":0.0,"ln_hold_time_mean_beats":0.0,"ln_simultaneity_rate":0.0,"ln_simultaneity_weighted":0.0,"ln_count":0,"ln_positions":0,"total_notes":2451},"stair":{"stair_index":0.06244260789715335,"stair_transitions":68,"eligible_transitions":1089},"peak":{"peak_local_max_density":17.5,"peak_local_max_density_per_sec":42.583333333333336,"peak_max_chord_size":7,"peak_concentration":0.317421460628315,"total_notes":2451},"jack":{"jack_ratio":0.0440771349862259,"jack_transitions":48,"all_transitions":1089}},"warnings":[],"tags":[],"scales":["★"]}