{"md5":"393241292b1b8d72f3629323e776961a","headers":{"title":"Gale of Viridian[風天]","artist":"白羽","genre":"#40826D","playlevel":"25","base_bpm":160.0},"mode":"SP","scope":"playable_only","scaling_mode":"p99_linear","params":{"stream_window_ticks":48,"stream_density_threshold_per_beat":4.0,"peak_window_ticks":192,"peak_min_window_notes":4,"peak_min_window_sec":0.05,"felt_bpm_trigger_eff_bpm":500.0,"felt_bpm_trigger_peak_per_sec":200.0,"felt_bpm_target_peak_per_sec":100.0,"felt_bpm_floor":30.0,"jack_window_ticks":24,"soft_burst_ref":8.0,"soft_freq_ref":0.1,"soft_burst_exp":1.5,"soft_freq_exp":1.5,"chord_time_threshold_ms":16.67,"sp_distraction_min_scratches":3,"sp_distraction_bin_sec":0.25,"sp_distraction_t_key":2,"sp_distraction_gap_bins":2,"dp_distraction_window_sec_min":0.2,"dp_distraction_window_sec_max":0.8,"stream_density_ref_per_sec":40.0,"peak_density_ref_per_sec":70.0,"chord_size_ref":3.5,"ln_simultaneity_ref":0.05,"scratch_density_ref_per_sec":1.5,"scratch_ratio_ref":0.1,"distraction_density_ref":2.0,"distraction_event_ref":0.15},"raw_axes":{"chord":1.6307901907356948,"stream":29.22014745449446,"scratch_per_sec":0.568551969203435,"scratch_burst_max_per_sec":11.0,"scratch_max_run_sec":2.15625,"soft":0.0,"stair":0.09589993050729674,"peak":40.666666666666664,"ln_m1_short_rate_rt":0.0,"ln_m2_density_rt":0.0,"ln_m2_burst_max_rt":0.0,"ln_m3_density_rt":0.0,"ln_m_concurrent_rt":2.0270270270270263,"adv_hand_imb":0.0625,"adv_rel_pressure_1beat":1.0,"adv_ln_hold_min_beats":0.375,"adv_ln_chord_big_rate":0.7272727272727273,"adv_ln_scatter_cv":2.3885532964122405,"distraction":2.4637251998815515},"x_chord":0.419,"x_stream":0.754,"x_scratch":0.245,"x_soft":0.0,"x_ln":0.523,"x_stair":0.272,"x_peak":0.682,"x_distraction":0.151,"ln_advanced_score":0.757,"submetrics":{"chord":{"chord_rate":0.5688010899182562,"avg_chord_size":2.867065868263473,"chord_positions":835,"total_positions":1468},"stream":{"stream_coverage":0.981029810298103,"stream_density_mean":11.169441723800196,"stream_density_mean_per_sec":29.785177930133855,"stream_windows":17,"notes_in_stream":2896,"total_notes":2952,"intervals":[[2076,3024],[3036,3660],[4392,4656],[4680,4944],[4956,5316],[5340,5700],[5832,7512],[7716,7884],[7920,8076],[8088,8460],[8484,8748],[8760,8844],[8856,13848],[13896,14148],[14280,14532],[14556,14916],[15048,16896]]},"scratch":{"scratch_ratio":0.024777006937561942,"scratch_positions_ratio":0.05108991825613079,"scratch_with_key_chord_rate":0.6266666666666667,"scratch_per_sec":0.568551969203435,"scratch_burst_max_per_sec":11.0,"scratch_burst_window_sec":1.0,"scratch_max_run_sec":2.15625,"ls_count":5,"ls_per_sec":0.03790346461356233,"ls_complexity_mean":0.4,"scratch_notes":75,"scratch_positions":75,"total_notes":3027,"total_positions":1468,"chart_seconds":131.9140625},"soft":{"base_bpm":160.0,"intensity":0.0,"up_intensity":0.0,"down_intensity":0.0,"max_intensity":0.0,"max_up_intensity":0.0,"max_down_intensity":0.0,"step_frequency":0.0,"ramp_frequency":0.0,"continuity_beats":0.0,"off_base_note_ratio":0.0,"gimmick_burst_score":0.0,"max_off_base_density_per_beat":0.0,"base_mean_density_per_beat":8.60270078180526,"base_density_source":"on_base","distinct_off_base_bpm_count":0,"bpm_change_events":0,"measure_count":88},"ln":{"ln_ratio":0.01288404360753221,"ln_hold_time_mean_beats":1.794871794871795,"ln_simultaneity_rate":0.0,"ln_simultaneity_weighted":0.0,"ln_count":39,"ln_count_raw":39,"ln_positions":18,"total_notes":3027,"m1_short_count_rt":0,"m1_short_rate_rt":0.0,"m2_long_count_rt":32,"m2_density_rt":0.0,"m2_burst_max_rt":0.0,"m3_density_rt":0.0,"m_concurrent_rt":2.0270270270270263,"total_long_sec":26.250000000000036,"long_active_sec":8.671875000000014,"long_hold_sec_mean":0.8203125000000011,"long_hold_sec_max":4.453125,"adv_hand_imb":0.0625,"adv_rel_pressure_1beat":1.0,"adv_ln_hold_min_beats":0.375,"adv_ln_chord_big_rate":0.7272727272727273,"adv_ln_scatter_cv":2.3885532964122405},"stair":{"stair_index":0.09589993050729674,"stair_transitions":138,"eligible_transitions":1439},"peak":{"peak_local_max_density":15.25,"peak_local_max_density_per_sec":40.666666666666664,"peak_max_chord_size":5,"peak_concentration":0.4532520325203252,"total_notes":2952,"intervals":[[6624,6816],[6912,7140],[10752,11016],[11040,11676],[11832,12300],[12372,13008],[13080,13632],[13920,14124],[14304,14508],[14592,14892],[15072,15300],[15768,16116],[16140,16464]]},"jack":{"jack_pairs":13,"jack_in_stream_pairs":13,"jack_outside_pairs":0,"pure_jack_per_sec":0.0,"flow_break_per_stream_sec":0.1257082420488026,"stream_seconds":103.4140625,"non_stream_seconds":28.5,"chart_seconds":131.9140625,"window_ticks":24,"min_region_sec":10.0},"distraction":{"mode_formulation":"SP","v3_score":2.4637251998815515,"qualifying_intervals":4,"qualifying_flow_sec":91.25,"qualifying_scratches":58,"scratch_chord_pair_count":52,"chord_time_threshold_sec":0.01667,"min_scratches":3,"bin_sec":0.25,"t_key":2,"gap_bins":2}},"warnings":["Unterminated LNOBJ LN on lane P1_KEY7 started at m87 pos0.9375; closing at EOF","Unterminated LNOBJ LN on lane P1_KEY6 started at m87 pos0.875; closing at EOF","Unterminated LNOBJ LN on lane P1_SCR started at m83 pos0.875; closing at EOF","Unterminated LNOBJ LN on lane P1_KEY1 started at m87 pos0.0; closing at EOF","Unterminated LNOBJ LN on lane P1_KEY2 started at m87 pos0.25; closing at EOF","Unterminated LNOBJ LN on lane P1_KEY3 started at m87 pos0.5; closing at EOF","Unterminated LNOBJ LN on lane P1_KEY5 started at m87 pos0.8125; closing at EOF","Unterminated LNOBJ LN on lane P1_KEY4 started at m87 pos0.75; closing at EOF"],"axis_intensities":{"chord":"yellow","stream":"red","peak":"red","scratch":"red","soft":null,"ln":"green","stair":"green","distraction":"yellow"},"tags":["advanced_ln","scratch_burst","long_scratch","burst_focused","dense_chart"],"scales":["st"]}