{"md5":"d2d922aa6bcaeed61087d434b330c30e","headers":{"title":"Berry Go!!","artist":"Freezer feat. 妃苺","genre":"HYBRID J-POP","playlevel":"1.5","base_bpm":175.0},"mode":"SP","scope":"playable_only","scaling_mode":"p99_linear","params":{"stream_window_ticks":48,"stream_density_threshold_per_beat":4.0,"peak_window_ticks":192,"jack_window_ticks":24,"soft_burst_ref":8.0,"soft_freq_ref":0.1,"soft_burst_exp":1.5,"soft_freq_exp":1.5,"chord_time_threshold_ms":16.67,"sp_distraction_min_scratches":3,"dp_distraction_window_sec_min":0.2,"dp_distraction_window_sec_max":0.8,"stream_density_ref_per_sec":40.0,"peak_density_ref_per_sec":70.0,"chord_size_ref":3.5,"ln_simultaneity_ref":0.05,"scratch_density_ref_per_sec":1.5,"scratch_ratio_ref":0.1,"distraction_density_ref":2.0,"distraction_event_ref":0.15},"raw_axes":{"chord":1.5689084895259098,"stream":17.1732752942426,"scratch":0.0520626020835335,"soft":0.0,"ln":0.0,"stair":0.12362030905077263,"peak":24.791666666666668,"distraction":1.428676687297378},"x_chord":0.407,"x_stream":0.42,"x_scratch":0.125,"x_soft":0.0,"x_ln":0.0,"x_stair":0.376,"x_peak":0.253,"x_distraction":0.382,"submetrics":{"chord":{"chord_rate":0.6097023153252481,"avg_chord_size":2.573236889692586,"chord_positions":553,"total_positions":907},"stream":{"stream_coverage":0.967923466516601,"stream_density_mean":6.083105022831051,"stream_density_mean_per_sec":17.742389649923897,"stream_windows":20,"notes_in_stream":1720,"total_notes":1777,"intervals":[[192,647],[660,1031],[1044,1415],[1428,3407],[3432,4067],[4140,4823],[4884,6431],[6492,8111],[8172,9635],[9708,9767],[10092,10151],[10224,10967],[11040,11099],[11220,11459],[11604,11927],[11988,12227],[12372,12515],[12528,12611],[12636,14111],[14172,15731]]},"scratch":{"scratch_ratio":0.057400112549240295,"scratch_positions_ratio":0.11245865490628446,"scratch_with_key_chord_rate":0.6568627450980392,"scratch_per_sec":0.9070121951219512,"scratch_burst_max_per_sec":11.0,"scratch_burst_window_sec":1.0,"scratch_notes":102,"scratch_positions":102,"total_notes":1777,"total_positions":907,"chart_seconds":112.45714285714286},"soft":{"base_bpm":175.0,"intensity":0.0,"up_intensity":0.0,"down_intensity":0.0,"max_intensity":0.0,"max_up_intensity":0.0,"max_down_intensity":0.0,"step_frequency":0.0,"ramp_frequency":0.0,"continuity_beats":0.0,"off_base_note_ratio":0.0,"gimmick_burst_score":0.0,"max_off_base_density_per_beat":0.0,"base_mean_density_per_beat":5.411585365853658,"base_density_source":"on_base","distinct_off_base_bpm_count":0,"bpm_change_events":0,"measure_count":83},"ln":{"ln_ratio":0.009003939223410242,"ln_hold_time_mean_beats":0.375,"ln_simultaneity_rate":0.0,"ln_simultaneity_weighted":0.0,"ln_count":16,"ln_positions":16,"total_notes":1777},"stair":{"stair_index":0.12362030905077263,"stair_transitions":112,"eligible_transitions":906},"peak":{"peak_local_max_density":8.5,"peak_local_max_density_per_sec":24.791666666666668,"peak_max_chord_size":5,"peak_concentration":0.48227349465391106,"total_notes":1777,"intervals":[[1704,1979],[2508,2711],[3072,3263],[4176,4379],[4452,4835],[5676,5939],[6132,6335],[7176,8111],[8820,9047],[9384,9635],[10692,10967],[12660,13055],[13260,14087],[14196,14591],[14796,15707]]},"jack":{"jack_pairs":37,"jack_in_stream_pairs":22,"jack_outside_pairs":15,"pure_jack_per_sec":1.2962962962962934,"flow_break_per_stream_sec":0.21806853582554522,"stream_seconds":100.88571428571426,"non_stream_seconds":11.571428571428598,"chart_seconds":112.45714285714286,"window_ticks":24,"min_region_sec":10.0},"distraction":{"mode_formulation":"SP","qualifying_window_count":8,"qualifying_scratches":78,"qualifying_flow_sec":64.62857142857139,"distract_density":1.2068965517241386,"distract_event_per_sec":0.12378426171529627,"scratch_chord_pair_count":92,"chord_time_threshold_sec":0.01667,"min_scratches":3}},"warnings":[],"tags":["jack_chart","scratch_burst","burst_focused"],"scales":["sl"]}