{"md5":"142cfcfca6917f6d5a9efba5ff1ea524","headers":{"title":"未来のコピヌ","artist":"yoayua (yoa + yuayua)","genre":"Girls Pop","playlevel":"5","base_bpm":140.0},"mode":"SP","scope":"playable_only","scaling_mode":"p99_linear","params":{"stream_window_ticks":48,"stream_density_threshold_per_beat":4.0,"peak_window_ticks":192,"peak_min_window_notes":4,"peak_min_window_sec":0.05,"felt_bpm_trigger_eff_bpm":500.0,"felt_bpm_trigger_peak_per_sec":200.0,"felt_bpm_target_peak_per_sec":100.0,"felt_bpm_floor":30.0,"jack_window_ticks":24,"soft_burst_ref":8.0,"soft_freq_ref":0.1,"soft_burst_exp":1.5,"soft_freq_exp":1.5,"chord_time_threshold_ms":16.67,"sp_distraction_min_scratches":3,"dp_distraction_window_sec_min":0.2,"dp_distraction_window_sec_max":0.8,"stream_density_ref_per_sec":40.0,"peak_density_ref_per_sec":70.0,"chord_size_ref":3.5,"ln_simultaneity_ref":0.05,"scratch_density_ref_per_sec":1.5,"scratch_ratio_ref":0.1,"distraction_density_ref":2.0,"distraction_event_ref":0.15},"raw_axes":{"chord":2.065198983911939,"stream":27.78675203757078,"scratch":0.010499110989193207,"soft":7.619475107582562e-05,"ln":0.0,"stair":0.14152542372881355,"peak":38.13333333333333,"distraction":0.5209305943579103,"pure_jack_raw":0.0,"flow_break_raw":0.11812808510897915},"x_chord":0.52,"x_stream":0.693,"x_scratch":0.025,"x_soft":0.0,"x_ln":0.0,"x_stair":0.417,"x_peak":0.615,"x_distraction":0.138,"jack_signal":0.111,"noise_budget":0.274,"submetrics":{"chord":{"chord_rate":0.5393734123624048,"avg_chord_size":3.828885400313972,"chord_positions":637,"total_positions":1181},"stream":{"stream_coverage":0.9973181361045927,"stream_density_mean":11.65483234714004,"stream_density_mean_per_sec":27.861472715318868,"stream_windows":7,"notes_in_stream":2975,"total_notes":2983,"intervals":[[108,8352],[8364,10176],[10332,10500],[10716,10824],[10860,12480],[12492,12576],[12588,13212]]},"scratch":{"scratch_ratio":0.02011397921555481,"scratch_positions_ratio":0.05080440304826418,"scratch_with_key_chord_rate":0.9,"scratch_per_sec":0.5219808013460556,"scratch_burst_max_per_sec":4.0,"scratch_burst_window_sec":1.0,"scratch_notes":60,"scratch_positions":60,"total_notes":2983,"total_positions":1181,"chart_seconds":114.9467563658956},"soft":{"base_bpm":143.0,"intensity":0.008343316087198085,"up_intensity":0.005661452191790777,"down_intensity":0.0026818638954073082,"max_intensity":0.027972027972027972,"max_up_intensity":0.027972027972027972,"max_down_intensity":0.02097902097902098,"step_frequency":0.19718309859154928,"ramp_frequency":0.056338028169014086,"continuity_beats":182.25,"off_base_note_ratio":0.6037546094535702,"gimmick_burst_score":0.00038641623759882993,"max_off_base_density_per_beat":12.555555555555555,"base_mean_density_per_beat":12.782608695652174,"base_density_source":"on_base","distinct_off_base_bpm_count":7,"bpm_change_events":15,"measure_count":71},"ln":{"ln_ratio":0.0026818638954073082,"ln_hold_time_mean_beats":0.0,"ln_simultaneity_rate":0.0,"ln_simultaneity_weighted":0.0,"ln_count":8,"ln_positions":3,"total_notes":2983},"stair":{"stair_index":0.14152542372881355,"stair_transitions":167,"eligible_transitions":1180},"peak":{"peak_local_max_density":16.0,"peak_local_max_density_per_sec":38.13333333333333,"peak_max_chord_size":7,"peak_concentration":0.37579617834394907,"total_notes":2983,"intervals":[[4488,4860],[6228,6864],[6924,7248],[7608,8172],[9228,9432],[9492,9972],[10884,11256],[11340,12156]]},"jack":{"jack_pairs":13,"jack_in_stream_pairs":13,"jack_outside_pairs":0,"pure_jack_per_sec":0.0,"flow_break_per_stream_sec":0.11812808510897915,"stream_seconds":110.05003584039173,"non_stream_seconds":4.896720525503866,"chart_seconds":114.9467563658956,"window_ticks":24,"min_region_sec":10.0},"distraction":{"mode_formulation":"SP","qualifying_window_count":4,"qualifying_scratches":58,"qualifying_flow_sec":106.8600448305026,"distract_density":0.5427660084926731,"distract_event_per_sec":0.037432138516736074,"scratch_chord_pair_count":122,"chord_time_threshold_sec":0.01667,"min_scratches":3}},"warnings":["Unterminated LNOBJ LN on lane P1_KEY1 started at m70 pos0.0; closing at EOF","Unterminated LNOBJ LN on lane P1_KEY3 started at m70 pos0.0; closing at EOF","Unterminated LNOBJ LN on lane P1_KEY5 started at m70 pos0.0; closing at EOF","Unterminated LNOBJ LN on lane P1_KEY7 started at m70 pos0.0; closing at EOF","Unterminated LNOBJ LN on lane P1_KEY2 started at m69 pos0.98412698; closing at EOF","Unterminated LNOBJ LN on lane P1_KEY4 started at m70 pos0.0; closing at EOF","Unterminated LNOBJ LN on lane P1_KEY6 started at m69 pos0.98809524; closing at EOF","Unterminated LNOBJ LN on lane P1_SCR started at m70 pos0.0; closing at EOF"],"tags":["stream_heavy","extreme_burst","dense_chart","pure_stream"],"scales":["st"]}