{"md5":"d8a2719afd4a0649028f06d8850c437d","headers":{"title":"フロンティア↑↑エクスプローラー","artist":"kei_iwata","genre":"SOARING HAPPY HARDCORE","playlevel":"14","base_bpm":200.0},"mode":"SP","scope":"playable_only","scaling_mode":"p99_linear","params":{"stream_window_ticks":48,"stream_density_threshold_per_beat":4.0,"peak_window_ticks":192,"peak_min_window_notes":4,"felt_bpm_trigger_eff_bpm":500.0,"felt_bpm_trigger_peak_per_sec":200.0,"felt_bpm_target_peak_per_sec":100.0,"felt_bpm_floor":30.0,"jack_window_ticks":24,"soft_burst_ref":8.0,"soft_freq_ref":0.1,"soft_burst_exp":1.5,"soft_freq_exp":1.5,"chord_time_threshold_ms":16.67,"sp_distraction_min_scratches":3,"dp_distraction_window_sec_min":0.2,"dp_distraction_window_sec_max":0.8,"stream_density_ref_per_sec":40.0,"peak_density_ref_per_sec":70.0,"chord_size_ref":3.5,"ln_simultaneity_ref":0.05,"scratch_density_ref_per_sec":1.5,"scratch_ratio_ref":0.1,"distraction_density_ref":2.0,"distraction_event_ref":0.15},"raw_axes":{"chord":1.697098372257608,"stream":22.615030955441902,"scratch":0.034408975248669905,"soft":0.0,"ln":0.0,"stair":0.1281869688385269,"peak":40.0,"distraction":1.1054791214096067},"x_chord":0.441,"x_stream":0.56,"x_scratch":0.083,"x_soft":0.0,"x_ln":0.0,"x_stair":0.39,"x_peak":0.455,"x_distraction":0.298,"submetrics":{"chord":{"chord_rate":0.6574663835810333,"avg_chord_size":2.581270182992465,"chord_positions":929,"total_positions":1413},"stream":{"stream_coverage":0.946911866759195,"stream_density_mean":7.164879356568365,"stream_density_mean_per_sec":23.882931188561216,"stream_windows":23,"notes_in_stream":2729,"total_notes":2882,"intervals":[[540,695],[708,839],[852,1079],[1092,1223],[1236,1943],[1992,3683],[5004,5063],[5088,5207],[5916,5975],[6276,8075],[8136,11375],[11400,11483],[11592,11675],[11784,11867],[11976,14183],[14280,16175],[16236,16559],[16620,20579],[20904,21251],[21276,21431],[21444,21575],[21588,21887],[21900,22871]]},"scratch":{"scratch_ratio":0.04129077029840389,"scratch_positions_ratio":0.08421797593772117,"scratch_with_key_chord_rate":0.9327731092436975,"scratch_per_sec":0.8333333333333333,"scratch_burst_max_per_sec":5.0,"scratch_burst_window_sec":1.0,"scratch_notes":119,"scratch_positions":119,"total_notes":2882,"total_positions":1413,"chart_seconds":142.8},"soft":{"base_bpm":200.0,"intensity":0.0,"up_intensity":0.0,"down_intensity":0.0,"max_intensity":0.0,"max_up_intensity":0.0,"max_down_intensity":0.0,"step_frequency":0.0,"ramp_frequency":0.0,"continuity_beats":0.0,"off_base_note_ratio":0.0,"gimmick_burst_score":0.0,"max_off_base_density_per_beat":0.0,"base_mean_density_per_beat":6.052521008403361,"base_density_source":"on_base","distinct_off_base_bpm_count":0,"bpm_change_events":0,"measure_count":120},"ln":{"ln_ratio":0.0,"ln_hold_time_mean_beats":0.0,"ln_simultaneity_rate":0.0,"ln_simultaneity_weighted":0.0,"ln_count":0,"ln_positions":0,"total_notes":2882},"stair":{"stair_index":0.1281869688385269,"stair_transitions":181,"eligible_transitions":1412},"peak":{"peak_local_max_density":12.0,"peak_local_max_density_per_sec":40.0,"peak_max_chord_size":6,"peak_concentration":0.3518390006939625,"total_notes":2882,"intervals":[[3168,3671],[6540,6779],[8160,8447],[9468,9983],[10764,11339],[12648,13019],[13452,13655],[14304,14591],[15588,15995],[17292,17579],[19284,19511],[19668,19895],[19980,20471],[20868,21251],[22080,22883]]},"jack":{"jack_pairs":12,"jack_in_stream_pairs":5,"jack_outside_pairs":7,"pure_jack_per_sec":0.2802802802802797,"flow_break_per_stream_sec":0.04243581582855932,"stream_seconds":117.82499999999996,"non_stream_seconds":24.97500000000005,"chart_seconds":142.8,"window_ticks":24,"min_region_sec":10.0},"distraction":{"mode_formulation":"SP","qualifying_window_count":9,"qualifying_scratches":109,"qualifying_flow_sec":103.57499999999999,"distract_density":1.0523775042239925,"distract_event_per_sec":0.08689355539464157,"scratch_chord_pair_count":181,"chord_time_threshold_sec":0.01667,"min_scratches":3}},"warnings":[],"tags":["dense_chart","fast_chart"],"scales":["sl"]}