{"md5":"969ce9512086a7f7baa68f45c9ad395f","headers":{"title":"AVALON -Genocide-","artist":"Team:SASAKURATION / selene.","genre":"Ω","playlevel":"22","base_bpm":200.0},"mode":"SP","scope":"playable_only","scaling_mode":"p99_linear","params":{"stream_window_ticks":48,"stream_density_threshold_per_beat":4.0,"peak_window_ticks":192,"peak_min_window_notes":4,"peak_min_window_sec":0.05,"felt_bpm_trigger_eff_bpm":500.0,"felt_bpm_trigger_peak_per_sec":200.0,"felt_bpm_target_peak_per_sec":100.0,"felt_bpm_floor":30.0,"jack_window_ticks":24,"soft_burst_ref":8.0,"soft_freq_ref":0.1,"soft_burst_exp":1.5,"soft_freq_exp":1.5,"chord_time_threshold_ms":16.67,"sp_distraction_min_scratches":3,"dp_distraction_window_sec_min":0.2,"dp_distraction_window_sec_max":0.8,"stream_density_ref_per_sec":40.0,"peak_density_ref_per_sec":70.0,"chord_size_ref":3.5,"ln_simultaneity_ref":0.05,"scratch_density_ref_per_sec":1.5,"scratch_ratio_ref":0.1,"distraction_density_ref":2.0,"distraction_event_ref":0.15},"raw_axes":{"chord":2.836879432624113,"stream":30.47841187134455,"scratch":0.01890982565036033,"soft":0.03987165539506167,"ln":0.0,"stair":0.1650399290150843,"peak":48.333333333333336,"distraction":0.8795508560972166},"x_chord":0.737,"x_stream":0.783,"x_scratch":0.045,"x_soft":0.169,"x_ln":0.0,"x_stair":0.501,"x_peak":0.804,"x_distraction":0.232,"submetrics":{"chord":{"chord_rate":0.7925531914893617,"avg_chord_size":3.5794183445190155,"chord_positions":894,"total_positions":1128},"stream":{"stream_coverage":0.9871869539895166,"stream_density_mean":9.315492957746478,"stream_density_mean_per_sec":30.874001877934273,"stream_windows":23,"notes_in_stream":3390,"total_notes":3434,"intervals":[[756,852],[924,1020],[1092,1188],[1260,1356],[1404,1560],[1572,1728],[1740,1944],[1956,2304],[2364,2628],[2700,2796],[2844,7368],[8076,8124],[8148,8988],[9000,9276],[9288,11004],[11088,11148],[11160,11220],[11232,12132],[12432,13548],[13584,18708],[18864,19032],[19140,19200],[19248,21348]]},"scratch":{"scratch_ratio":0.029120559114735003,"scratch_positions_ratio":0.08865248226950355,"scratch_with_key_chord_rate":0.93,"scratch_per_sec":0.6493634128333737,"scratch_burst_max_per_sec":7.0,"scratch_burst_window_sec":1.0,"scratch_notes":100,"scratch_positions":100,"total_notes":3434,"total_positions":1128,"chart_seconds":153.99697307193367},"soft":{"base_bpm":200.0,"intensity":0.008494408852649973,"up_intensity":0.0,"down_intensity":0.008494408852649973,"max_intensity":9.04,"max_up_intensity":9.04,"max_down_intensity":0.75,"step_frequency":0.0945945945945946,"ramp_frequency":0.0945945945945946,"continuity_beats":36.515625,"off_base_note_ratio":0.021549213744903904,"gimmick_burst_score":0.421500357033509,"max_off_base_density_per_beat":32.0,"base_mean_density_per_beat":7.7577857168633395,"base_density_source":"on_base","distinct_off_base_bpm_count":4,"bpm_change_events":15,"measure_count":148},"ln":{"ln_ratio":0.0,"ln_hold_time_mean_beats":0.0,"ln_simultaneity_rate":0.0,"ln_simultaneity_weighted":0.0,"ln_count":0,"ln_positions":0,"total_notes":3434},"stair":{"stair_index":0.1650399290150843,"stair_transitions":186,"eligible_transitions":1127},"peak":{"peak_local_max_density":14.5,"peak_local_max_density_per_sec":48.333333333333336,"peak_max_chord_size":8,"peak_concentration":0.43680838672102507,"total_notes":3434,"intervals":[[3456,3720],[4440,5376],[5448,6144],[6996,7368],[10608,10980],[11760,12132],[15444,15996],[16008,16368],[16788,17460],[18072,18684],[19728,20040],[20580,21324]]},"jack":{"jack_pairs":6,"jack_in_stream_pairs":4,"jack_outside_pairs":2,"pure_jack_per_sec":0.05891730703056035,"flow_break_per_stream_sec":0.03331914763378173,"stream_seconds":120.05109026091853,"non_stream_seconds":33.94588281101514,"chart_seconds":153.99697307193367,"window_ticks":24,"min_region_sec":10.0},"distraction":{"mode_formulation":"SP","qualifying_window_count":7,"qualifying_scratches":91,"qualifying_flow_sec":104.78833148504093,"distract_density":0.8684173009567455,"distract_event_per_sec":0.06680133084282658,"scratch_chord_pair_count":188,"chord_time_threshold_sec":0.01667,"min_scratches":3}},"warnings":[],"tags":["chord_heavy","stream_heavy","soflan","peak_intense","visual_gimmick","extreme_burst","big_chord_burst","fast_chart","chord_stream","gimmick_soflan"],"scales":["st"]}