{"md5":"88e7d0747983b331e35a264719c41e67","headers":{"title":"ouroVoros [SP AMETHER-A]","artist":"Negentropy / obj:AMERIA","genre":"Symphonic Roar","playlevel":"12","base_bpm":185.0},"mode":"SP","scope":"playable_only","scaling_mode":"p99_linear","params":{"stream_window_ticks":48,"stream_density_threshold_per_beat":4.0,"peak_window_ticks":192,"peak_min_window_notes":4,"peak_min_window_sec":0.05,"felt_bpm_trigger_eff_bpm":500.0,"felt_bpm_trigger_peak_per_sec":200.0,"felt_bpm_target_peak_per_sec":100.0,"felt_bpm_floor":30.0,"jack_window_ticks":24,"soft_burst_ref":8.0,"soft_freq_ref":0.1,"soft_burst_exp":1.5,"soft_freq_exp":1.5,"chord_time_threshold_ms":16.67,"sp_distraction_min_scratches":3,"sp_distraction_bin_sec":0.25,"sp_distraction_t_key":2,"sp_distraction_gap_bins":2,"dp_distraction_window_sec_min":0.2,"dp_distraction_window_sec_max":0.8,"stream_density_ref_per_sec":40.0,"peak_density_ref_per_sec":70.0,"chord_size_ref":3.5,"ln_simultaneity_ref":0.05,"scratch_density_ref_per_sec":1.5,"scratch_ratio_ref":0.1,"distraction_density_ref":2.0,"distraction_event_ref":0.15},"raw_axes":{"chord":1.7575471698113208,"stream":20.362018008061828,"scratch_per_sec":0.629727016302529,"scratch_burst_max_per_sec":7.0,"scratch_max_run_sec":8.91891891891892,"soft":0.0,"stair":0.2881516587677725,"peak":28.520833333333332,"ln_m1_short_rate_rt":0.0,"ln_m2_density_rt":0.0,"ln_m2_burst_max_rt":0.0,"ln_m3_density_rt":0.0,"ln_m_concurrent_rt":0.0,"adv_hand_imb":0.0,"adv_rel_pressure_1beat":0.0,"adv_ln_hold_min_beats":0.0,"adv_ln_chord_big_rate":0.0,"adv_ln_scatter_cv":0.0,"distraction":3.551943395324377},"x_chord":0.451,"x_stream":0.525,"x_scratch":0.204,"x_soft":0.0,"x_ln":0.0,"x_stair":0.816,"x_peak":0.478,"x_distraction":0.218,"ln_advanced_score":0.0,"submetrics":{"chord":{"chord_rate":0.6830188679245283,"avg_chord_size":2.5732044198895028,"chord_positions":724,"total_positions":1060},"stream":{"stream_coverage":0.9464454976303317,"stream_density_mean":6.977578475336323,"stream_density_mean_per_sec":21.51420029895366,"stream_windows":27,"notes_in_stream":1997,"total_notes":2110,"intervals":[[2280,5568],[5616,8676],[9264,9432],[9672,9840],[9948,10032],[10044,10128],[10140,10224],[10524,10608],[10920,11160],[11700,14832],[14940,15012],[15228,15288],[15312,15408],[15708,15864],[16080,16368],[16476,16632],[16668,16752],[16764,16848],[16860,16944],[16956,17040],[17052,17136],[17244,17328],[17340,17424],[17436,17520],[17532,17592],[17628,17712],[17844,20784]]},"scratch":{"scratch_ratio":0.04047294224647567,"scratch_positions_ratio":0.08396226415094339,"scratch_with_key_chord_rate":0.9550561797752809,"scratch_per_sec":0.629727016302529,"scratch_burst_max_per_sec":7.0,"scratch_burst_window_sec":1.0,"scratch_max_run_sec":8.91891891891892,"ls_count":0,"ls_per_sec":0.0,"ls_complexity_mean":0.0,"scratch_notes":89,"scratch_positions":89,"total_notes":2199,"total_positions":1060,"chart_seconds":141.3310810810811},"soft":{"base_bpm":185.0,"intensity":0.0,"up_intensity":0.0,"down_intensity":0.0,"max_intensity":0.0,"max_up_intensity":0.0,"max_down_intensity":0.0,"step_frequency":0.0,"ramp_frequency":0.0,"continuity_beats":0.0,"off_base_note_ratio":0.0,"gimmick_burst_score":0.0,"max_off_base_density_per_beat":0.0,"base_mean_density_per_beat":5.044176706827309,"base_density_source":"on_base","distinct_off_base_bpm_count":0,"bpm_change_events":0,"measure_count":109},"ln":{"ln_ratio":0.0,"ln_hold_time_mean_beats":0.0,"ln_simultaneity_rate":0.0,"ln_simultaneity_weighted":0.0,"ln_count":0,"ln_count_raw":0,"ln_positions":0,"total_notes":2199,"m1_short_count_rt":0,"m1_short_rate_rt":0.0,"m2_long_count_rt":0,"m2_density_rt":0.0,"m2_burst_max_rt":0.0,"m3_density_rt":0.0,"m_concurrent_rt":0.0,"total_long_sec":0.0,"long_active_sec":0.0,"long_hold_sec_mean":0.0,"long_hold_sec_max":0.0,"adv_hand_imb":0.0,"adv_rel_pressure_1beat":0.0,"adv_ln_hold_min_beats":0.0,"adv_ln_chord_big_rate":0.0,"adv_ln_scatter_cv":0.0},"stair":{"stair_index":0.2881516587677725,"stair_transitions":304,"eligible_transitions":1055},"peak":{"peak_local_max_density":9.25,"peak_local_max_density_per_sec":28.520833333333332,"peak_max_chord_size":6,"peak_concentration":0.5345971563981042,"total_notes":2110,"intervals":[[2280,2592],[3072,4128],[4524,4896],[5664,6348],[6792,7128],[8328,8652],[10944,11136],[12168,13260],[13704,14808],[17964,18324],[18576,19248],[20112,20388]]},"jack":{"jack_pairs":3,"jack_in_stream_pairs":3,"jack_outside_pairs":0,"pure_jack_per_sec":0.0,"flow_break_per_stream_sec":0.029647435897435896,"stream_seconds":101.1891891891892,"non_stream_seconds":40.1418918918919,"chart_seconds":141.3310810810811,"window_ticks":24,"min_region_sec":10.0},"distraction":{"mode_formulation":"SP","v3_score":3.551943395324377,"qualifying_intervals":2,"qualifying_flow_sec":79.75,"qualifying_scratches":82,"scratch_chord_pair_count":128,"chord_time_threshold_sec":0.01667,"min_scratches":3,"bin_sec":0.25,"t_key":2,"gap_bins":2}},"warnings":[],"axis_intensities":{"chord":"yellow","stream":"yellow","peak":"yellow","scratch":"red","soft":null,"ln":null,"stair":"red","distraction":"yellow"},"tags":["burst_focused"],"scales":["sl"]}