{"md5":"08dc0a32a403439741308b35b75e02e4","headers":{"title":"Renaissance [Revolution]","artist":"LhoU / obj.siokaze vs 0samil0","genre":"Fusion","playlevel":"12","base_bpm":130.0},"mode":"SP","scope":"playable_only","scaling_mode":"p99_linear","params":{"stream_window_ticks":48,"stream_density_threshold_per_beat":4.0,"peak_window_ticks":192,"jack_window_ticks":24,"soft_burst_ref":8.0,"soft_freq_ref":0.1,"soft_burst_exp":1.5,"soft_freq_exp":1.5,"chord_time_threshold_ms":16.67,"sp_distraction_min_scratches":3,"dp_distraction_window_sec_min":0.2,"dp_distraction_window_sec_max":0.8,"stream_density_ref_per_sec":40.0,"peak_density_ref_per_sec":70.0,"chord_size_ref":3.5,"ln_simultaneity_ref":0.05,"scratch_density_ref_per_sec":1.5,"scratch_ratio_ref":0.1,"distraction_density_ref":2.0,"distraction_event_ref":0.15},"raw_axes":{"chord":1.8590504451038574,"stream":16.648702560650488,"scratch":0.004741095162147793,"soft":0.00011097102443973621,"ln":0.0,"stair":0.18573551263001487,"peak":26.541666666666668,"distraction":0.8604651162790701},"x_chord":0.483,"x_stream":0.407,"x_scratch":0.011,"x_soft":0.001,"x_ln":0.0,"x_stair":0.564,"x_peak":0.271,"x_distraction":0.23,"submetrics":{"chord":{"chord_rate":0.6884272997032641,"avg_chord_size":2.7004310344827585,"chord_positions":464,"total_positions":674},"stream":{"stream_coverage":0.9548872180451128,"stream_density_mean":8.054628224582702,"stream_density_mean_per_sec":17.435255437531612,"stream_windows":37,"notes_in_stream":1397,"total_notes":1463,"intervals":[[180,263],[276,359],[372,3263],[9648,9731],[9744,9827],[9840,9923],[9948,10019],[10032,10115],[10164,10211],[10236,10307],[10332,10415],[10428,10499],[10524,10595],[10644,10691],[10716,10799],[10836,10991],[11004,12503],[12636,12719],[12756,12815],[12852,12911],[12924,12995],[13008,13391],[13404,13487],[13500,13583],[13596,13679],[13692,13871],[13884,13967],[13980,14063],[14172,14279],[14292,14375],[14388,14471],[14556,14759],[14772,14891],[14964,15023],[15708,17327],[17364,17423],[17436,17615]]},"scratch":{"scratch_ratio":0.03349282296650718,"scratch_positions_ratio":0.07270029673590504,"scratch_with_key_chord_rate":0.9387755102040817,"scratch_per_sec":0.14155555555555555,"scratch_burst_max_per_sec":3.0,"scratch_burst_window_sec":1.0,"scratch_notes":49,"scratch_positions":49,"total_notes":1463,"total_positions":674,"chart_seconds":346.1538461538462},"soft":{"base_bpm":130.0,"intensity":0.0005126452494873548,"up_intensity":0.0,"down_intensity":0.0005126452494873548,"max_intensity":0.75,"max_up_intensity":0.0,"max_down_intensity":0.75,"step_frequency":0.021739130434782608,"ramp_frequency":0.021739130434782608,"continuity_beats":128.0,"off_base_note_ratio":0.000683526999316473,"gimmick_burst_score":0.005104667124227866,"max_off_base_density_per_beat":0.0078125,"base_mean_density_per_beat":6.121848739495798,"base_density_source":"on_base","distinct_off_base_bpm_count":1,"bpm_change_events":2,"measure_count":92},"ln":{"ln_ratio":0.0,"ln_hold_time_mean_beats":0.0,"ln_simultaneity_rate":0.0,"ln_simultaneity_weighted":0.0,"ln_count":0,"ln_positions":0,"total_notes":1463},"stair":{"stair_index":0.18573551263001487,"stair_transitions":125,"eligible_transitions":673},"peak":{"peak_local_max_density":12.25,"peak_local_max_density_per_sec":26.541666666666668,"peak_max_chord_size":6,"peak_concentration":0.6404647983595352,"total_notes":1463,"intervals":[[1728,3239],[11124,11423],[11436,12119],[12156,12455],[15732,17291]]},"jack":{"jack_pairs":0,"jack_in_stream_pairs":0,"jack_outside_pairs":0,"pure_jack_per_sec":0.0,"flow_break_per_stream_sec":0.0,"stream_seconds":89.76923076923084,"non_stream_seconds":256.38461538461536,"chart_seconds":346.1538461538462,"window_ticks":24,"min_region_sec":10.0},"distraction":{"mode_formulation":"SP","qualifying_window_count":6,"qualifying_scratches":31,"qualifying_flow_sec":64.49999999999999,"distract_density":0.4806201550387598,"distract_event_per_sec":0.09302325581395351,"scratch_chord_pair_count":72,"chord_time_threshold_sec":0.01667,"min_scratches":3}},"warnings":[],"tags":["burst_focused"],"scales":["sl"]}