{"md5":"1bcf005067e17e5da4c23a08eb19cbdd","headers":{"title":"Altale -Ragnarok-","artist":"削除 / selene.","genre":"fant　asy","playlevel":"25","base_bpm":90.0},"mode":"SP","scope":"playable_only","scaling_mode":"reference","params":{"stream_window_ticks":48,"stream_density_threshold_per_beat":4.0,"peak_window_ticks":192,"jack_window_ticks":24,"soft_burst_ref":8.0,"soft_freq_ref":0.1,"soft_burst_exp":1.5,"soft_freq_exp":1.5,"chord_time_threshold_ms":16.67,"sp_distraction_min_scratches":3,"dp_distraction_window_sec_min":0.2,"dp_distraction_window_sec_max":0.8,"stream_density_ref_per_sec":40.0,"peak_density_ref_per_sec":70.0,"chord_size_ref":3.5,"ln_simultaneity_ref":0.05,"scratch_density_ref_per_sec":1.5,"scratch_ratio_ref":0.1,"distraction_density_ref":2.0,"distraction_event_ref":0.15},"x_chord":0.21390374331550802,"x_stream":0.43301388753938336,"x_scratch":0.032251093837043554,"x_soft":1.7209750367761784e-06,"x_ln":0.0,"x_stair":0.17121455323702514,"x_peak":0.805297619047619,"x_distraction":0.12481557144478495,"submetrics":{"chord":{"chord_rate":0.26737967914438504,"avg_chord_size":2.8,"chord_positions":500,"total_positions":1870},"stream":{"stream_coverage":0.9859205776173285,"stream_density_mean":11.776914539400666,"stream_density_mean_per_sec":17.567901405845358,"stream_windows":27,"notes_in_stream":2731,"total_notes":2770,"intervals":[[156,215],[252,299],[348,419],[444,491],[912,995],[1020,1091],[1116,1187],[1212,1295],[1308,1379],[1404,1475],[1500,8675],[10932,11075],[11088,11147],[11292,11363],[11388,11435],[11484,11627],[11676,11723],[12012,15011],[15036,15083],[15132,15203],[15228,15275],[15516,15587],[15612,15683],[15900,15971],[15996,16067],[16272,16355],[16476,16739]]},"scratch":{"scratch_ratio":0.020216606498194945,"scratch_positions_ratio":0.029946524064171122,"scratch_with_key_chord_rate":0.875,"scratch_per_sec":0.23929159802306424,"scratch_burst_max_per_sec":2.0,"scratch_burst_window_sec":1.0,"scratch_notes":56,"scratch_positions":56,"total_notes":2770,"total_positions":1870,"chart_seconds":234.02409638554218},"soft":{"base_bpm":90.0,"intensity":0.006121139189731247,"up_intensity":0.0,"down_intensity":0.006121139189731247,"max_intensity":0.07777777777777778,"max_up_intensity":0.0,"max_down_intensity":0.07777777777777778,"step_frequency":0.011363636363636364,"ramp_frequency":0.011363636363636364,"continuity_beats":36.0,"off_base_note_ratio":0.07870036101083032,"gimmick_burst_score":0.010110105938267663,"max_off_base_density_per_beat":6.055555555555555,"base_mean_density_per_beat":8.173076923076923,"base_density_source":"on_base","distinct_off_base_bpm_count":1,"bpm_change_events":1,"measure_count":88},"ln":{"ln_ratio":0.0,"ln_hold_time_mean_beats":0.0,"ln_simultaneity_rate":0.0,"ln_simultaneity_weighted":0.0,"ln_count":0,"ln_positions":0,"total_notes":2770},"stair":{"stair_index":0.17121455323702514,"stair_transitions":320,"eligible_transitions":1869},"peak":{"peak_local_max_density":40.75,"peak_local_max_density_per_sec":56.37083333333333,"peak_max_chord_size":8,"peak_concentration":0.48592057761732854,"total_notes":2770,"intervals":[[5184,5375],[7380,7787],[7896,8663],[12000,12275],[13344,14423],[14544,14819],[16416,16811]]},"jack":{"jack_pairs":1,"jack_in_stream_pairs":1,"jack_outside_pairs":0,"pure_jack_per_sec":0.0,"flow_break_per_stream_sec":0.005895933226780322,"stream_seconds":169.6084337349398,"non_stream_seconds":64.41566265060237,"chart_seconds":234.02409638554218,"window_ticks":24,"min_region_sec":10.0},"distraction":{"mode_formulation":"SP","qualifying_window_count":2,"qualifying_scratches":44,"qualifying_flow_sec":141.5421686746988,"distract_density":0.3108614232209738,"distract_event_per_sec":0.014130064691862445,"scratch_chord_pair_count":89,"chord_time_threshold_sec":0.01667,"min_scratches":3}},"warnings":[],"tags":["peak_intense","big_chord_burst","burst_focused","slow_chart"],"scales":["st"]}