{"md5":"c579ab9782a224ea1dd8fe371e1a7424","headers":{"title":"風仁雷仁(可愛さ余って憎さ百倍)","artist":"カラフル・サウンズ・ポート obj:tokkou","genre":"classical crossover pop","playlevel":"15","base_bpm":142.0},"mode":"SP","scope":"playable_only","scaling_mode":"p99_linear","params":{"stream_window_ticks":48,"stream_density_threshold_per_beat":4.0,"peak_window_ticks":192,"peak_min_window_notes":4,"felt_bpm_trigger_eff_bpm":500.0,"felt_bpm_trigger_peak_per_sec":200.0,"felt_bpm_target_peak_per_sec":100.0,"felt_bpm_floor":30.0,"jack_window_ticks":24,"soft_burst_ref":8.0,"soft_freq_ref":0.1,"soft_burst_exp":1.5,"soft_freq_exp":1.5,"chord_time_threshold_ms":16.67,"sp_distraction_min_scratches":3,"dp_distraction_window_sec_min":0.2,"dp_distraction_window_sec_max":0.8,"stream_density_ref_per_sec":40.0,"peak_density_ref_per_sec":70.0,"chord_size_ref":3.5,"ln_simultaneity_ref":0.05,"scratch_density_ref_per_sec":1.5,"scratch_ratio_ref":0.1,"distraction_density_ref":2.0,"distraction_event_ref":0.15},"raw_axes":{"chord":1.9931506849315068,"stream":18.250800582241627,"scratch":0.23998422879448503,"soft":0.2209157017701151,"ln":0.0,"stair":0.12864493996569468,"peak":28.991666666666667,"distraction":1.6251752370854682},"x_chord":0.518,"x_stream":0.452,"x_scratch":0.58,"x_soft":1.0,"x_ln":0.0,"x_stair":0.391,"x_peak":0.329,"x_distraction":0.438,"submetrics":{"chord":{"chord_rate":0.6404109589041096,"avg_chord_size":3.1122994652406417,"chord_positions":374,"total_positions":584},"stream":{"stream_coverage":0.975254730713246,"stream_density_mean":7.908955223880597,"stream_density_mean_per_sec":18.713880597014924,"stream_windows":6,"notes_in_stream":1340,"total_notes":1374,"intervals":[[1212,1271],[1596,3107],[3228,3647],[3660,4415],[4428,8207],[8232,10031]]},"scratch":{"scratch_ratio":0.12882096069868995,"scratch_positions_ratio":0.3030821917808219,"scratch_with_key_chord_rate":0.8700564971751412,"scratch_per_sec":1.8629284201334602,"scratch_burst_max_per_sec":10.0,"scratch_burst_window_sec":1.0,"scratch_notes":177,"scratch_positions":177,"total_notes":1374,"total_positions":584,"chart_seconds":95.0117020531147},"soft":{"base_bpm":142.0,"intensity":0.0021769994054574903,"up_intensity":0.0,"down_intensity":0.0021769994054574903,"max_intensity":2.908450704225352,"max_up_intensity":2.908450704225352,"max_down_intensity":0.960387323943662,"step_frequency":0.07272727272727272,"ramp_frequency":0.03636363636363636,"continuity_beats":8.3125,"off_base_note_ratio":0.010189228529839884,"gimmick_burst_score":3.037590899339083,"max_off_base_density_per_beat":6.4,"base_mean_density_per_beat":6.538461538461538,"base_density_source":"on_base","distinct_off_base_bpm_count":3,"bpm_change_events":4,"measure_count":55},"ln":{"ln_ratio":0.0,"ln_hold_time_mean_beats":0.0,"ln_simultaneity_rate":0.0,"ln_simultaneity_weighted":0.0,"ln_count":0,"ln_positions":0,"total_notes":1374},"stair":{"stair_index":0.12864493996569468,"stair_transitions":75,"eligible_transitions":583},"peak":{"peak_local_max_density":12.25,"peak_local_max_density_per_sec":28.991666666666667,"peak_max_chord_size":7,"peak_concentration":0.32532751091703055,"total_notes":1374,"intervals":[[6156,6371],[7044,7427],[7620,8195],[8976,9383],[9408,9731],[9780,10031]]},"jack":{"jack_pairs":21,"jack_in_stream_pairs":19,"jack_outside_pairs":2,"pure_jack_per_sec":0.09226532017443195,"flow_break_per_stream_sec":0.2590847200126127,"stream_seconds":73.33508513769182,"non_stream_seconds":21.676616915422883,"chart_seconds":95.0117020531147,"window_ticks":24,"min_region_sec":10.0},"distraction":{"mode_formulation":"SP","qualifying_window_count":3,"qualifying_scratches":163,"qualifying_flow_sec":62.45480344755099,"distract_density":2.6098873265510476,"distract_event_per_sec":0.048034736071491675,"scratch_chord_pair_count":192,"chord_time_threshold_sec":0.01667,"min_scratches":3}},"warnings":[],"tags":["scratch_active","soflan","distraction_heavy","scratch_burst"],"scales":["so"]}