{"md5":"287d374175465cce156aaa8101a48e87","headers":{"title":"パガニーニの「ラ・カンパネラ」の主題による華麗なる大幻想曲 [発狂2]","artist":"Liszt / ddou / obj:???","genre":"Classic","playlevel":"0","base_bpm":180.0},"mode":"SP","scope":"playable_only","scaling_mode":"reference","params":{"stream_window_ticks":48,"stream_density_threshold_per_beat":4.0,"peak_window_ticks":192,"jack_window_ticks":24,"soft_burst_ref":8.0,"soft_freq_ref":0.1,"soft_burst_exp":1.5,"soft_freq_exp":1.5,"stream_density_ref_per_sec":40.0,"peak_density_ref_per_sec":70.0,"chord_size_ref":3.5,"ln_simultaneity_ref":0.05},"x_chord":0.4726700018528812,"x_stream":0.6406461787497194,"x_scratch":0.0015206812652068127,"x_soft":0.000579339179674736,"x_ln":0.0,"x_stair":0.1674237508111616,"x_peak":0.61,"x_jack":0.035691109669046074,"submetrics":{"chord":{"chord_rate":0.5220492866407264,"avg_chord_size":3.1689440993788818,"chord_positions":805,"total_positions":1542},"stream":{"stream_coverage":0.9267031630170316,"stream_density_mean":7.658097686375322,"stream_density_mean_per_sec":27.652702799200227,"stream_windows":13,"notes_in_stream":3047,"total_notes":3288},"scratch":{"scratch_ratio":0.0015206812652068127,"scratch_positions_ratio":0.00324254215304799,"scratch_with_key_chord_rate":1.0,"scratch_notes":5,"scratch_positions":5,"total_notes":3288,"total_positions":1542},"soft":{"base_bpm":232.0,"intensity":0.08115194227703668,"up_intensity":0.004263151271079789,"down_intensity":0.07688879100595687,"max_intensity":0.6551724137931034,"max_up_intensity":0.05172413793103448,"max_down_intensity":0.6551724137931034,"step_frequency":0.2835820895522388,"ramp_frequency":0.12686567164179105,"continuity_beats":409.3333333333333,"off_base_note_ratio":0.7281021897810219,"gimmick_burst_score":0.0555962185779428,"max_off_base_density_per_beat":15.0,"base_mean_density_per_beat":7.185483870967742,"base_density_source":"on_base","distinct_off_base_bpm_count":19,"bpm_change_events":38,"measure_count":134},"ln":{"ln_ratio":0.0,"ln_hold_time_mean_beats":0.0,"ln_simultaneity_rate":0.0,"ln_simultaneity_weighted":0.0,"ln_count":0,"ln_positions":0,"total_notes":3288},"stair":{"stair_index":0.1674237508111616,"stair_transitions":258,"eligible_transitions":1541},"peak":{"peak_local_max_density":12.0,"peak_local_max_density_per_sec":42.7,"peak_max_chord_size":8,"peak_concentration":0.277676399026764,"total_notes":3288},"jack":{"jack_ratio":0.035691109669046074,"jack_transitions":55,"all_transitions":1541}},"warnings":[],"tags":["extreme_burst","big_chord_burst","sustained","dense_chart","fast_chart"],"scales":["★★"]}