{"md5":"602cc5ef40df734beb381fb348e75b83","headers":{"title":"Valedict -SA-","artist":"void","genre":"Sci-fi","playlevel":"12","base_bpm":156.0},"mode":"SP","scope":"playable_only","scaling_mode":"percentile_rank","params":{"stream_window_ticks":48,"stream_density_threshold_per_beat":4.0,"peak_window_ticks":192,"jack_window_ticks":24,"soft_burst_ref":8.0,"soft_freq_ref":0.1,"soft_burst_exp":1.5,"soft_freq_exp":1.5,"chord_time_threshold_ms":16.67,"sp_distraction_min_scratches":3,"dp_distraction_window_sec_min":0.2,"dp_distraction_window_sec_max":0.8,"stream_density_ref_per_sec":40.0,"peak_density_ref_per_sec":70.0,"chord_size_ref":3.5,"ln_simultaneity_ref":0.05,"scratch_density_ref_per_sec":1.5,"scratch_ratio_ref":0.1,"distraction_density_ref":2.0,"distraction_event_ref":0.15},"raw_axes":{"chord":1.7311411992263057,"stream":19.71494436240502,"scratch":0.02573615673392773,"soft":0.0,"ln":0.0,"stair":0.11519845111326234,"peak":35.1,"distraction":1.0648537288833952},"x_chord":0.4271562766865927,"x_stream":0.3470538001707942,"x_scratch":0.6792485055508113,"x_soft":0.0,"x_ln":0.0,"x_stair":0.18394534585824082,"x_peak":0.4968403074295474,"x_distraction":0.7632792485055508,"submetrics":{"chord":{"chord_rate":0.6702127659574468,"avg_chord_size":2.582972582972583,"chord_positions":693,"total_positions":1034},"stream":{"stream_coverage":0.9314875645236977,"stream_density_mean":8.140388768898488,"stream_density_mean_per_sec":21.16501079913607,"stream_windows":35,"notes_in_stream":1985,"total_notes":2131,"intervals":[[936,2339],[2376,5399],[5928,5999],[6024,6191],[6300,6383],[6432,6575],[6624,6743],[6828,6959],[7020,7415],[7428,7511],[7584,7727],[7764,7823],[7836,7919],[7944,8111],[8148,8231],[8316,8495],[8568,8687],[8712,10775],[11244,11303],[12012,12071],[12180,12299],[12396,12455],[12468,12587],[12972,13031],[13356,13463],[13476,13607],[13620,13751],[13764,13871],[13908,13955],[13992,14147],[14184,14303],[14340,14615],[14712,14843],[14856,14915],[14940,17327]]},"scratch":{"scratch_ratio":0.04223369310183012,"scratch_positions_ratio":0.08704061895551257,"scratch_with_key_chord_rate":0.8888888888888888,"scratch_per_sec":0.609375,"scratch_burst_max_per_sec":5.0,"scratch_burst_window_sec":1.0,"scratch_notes":90,"scratch_positions":90,"total_notes":2131,"total_positions":1034,"chart_seconds":147.69230769230768},"soft":{"base_bpm":156.0,"intensity":0.0,"up_intensity":0.0,"down_intensity":0.0,"max_intensity":0.0,"max_up_intensity":0.0,"max_down_intensity":0.0,"step_frequency":0.0,"ramp_frequency":0.0,"continuity_beats":0.0,"off_base_note_ratio":0.0,"gimmick_burst_score":0.0,"max_off_base_density_per_beat":0.0,"base_mean_density_per_beat":5.544270833333333,"base_density_source":"on_base","distinct_off_base_bpm_count":0,"bpm_change_events":0,"measure_count":97},"ln":{"ln_ratio":0.0,"ln_hold_time_mean_beats":0.0,"ln_simultaneity_rate":0.0,"ln_simultaneity_weighted":0.0,"ln_count":0,"ln_positions":0,"total_notes":2131},"stair":{"stair_index":0.11519845111326234,"stair_transitions":119,"eligible_transitions":1033},"peak":{"peak_local_max_density":13.5,"peak_local_max_density_per_sec":35.1,"peak_max_chord_size":5,"peak_concentration":0.2885969028625059,"total_notes":2131,"intervals":[[3744,5003],[5076,5375],[16404,17303]]},"jack":{"jack_pairs":8,"jack_in_stream_pairs":8,"jack_outside_pairs":0,"pure_jack_per_sec":0.0,"flow_break_per_stream_sec":0.07878787878787878,"stream_seconds":101.53846153846155,"non_stream_seconds":46.15384615384613,"chart_seconds":147.69230769230768,"window_ticks":24,"min_region_sec":10.0},"distraction":{"mode_formulation":"SP","qualifying_window_count":8,"qualifying_scratches":59,"qualifying_flow_sec":77.78846153846153,"distract_density":0.7584672435105069,"distract_event_per_sec":0.10284301606922126,"scratch_chord_pair_count":75,"chord_time_threshold_sec":0.01667,"min_scratches":3}},"warnings":[],"tags":[],"scales":["sl"]}