{"md5":"c8f94305dd353be85579d3b8b4e377d4","headers":{"title":"BIG LOVE","artist":"Alkome","genre":"175","playlevel":"0","base_bpm":175.0},"mode":"SP","scope":"playable_only","scaling_mode":"p99_linear","params":{"stream_window_ticks":48,"stream_density_threshold_per_beat":4.0,"peak_window_ticks":192,"peak_min_window_notes":4,"peak_min_window_sec":0.05,"felt_bpm_trigger_eff_bpm":500.0,"felt_bpm_trigger_peak_per_sec":200.0,"felt_bpm_target_peak_per_sec":100.0,"felt_bpm_floor":30.0,"jack_window_ticks":24,"soft_burst_ref":8.0,"soft_freq_ref":0.1,"soft_burst_exp":1.5,"soft_freq_exp":1.5,"chord_time_threshold_ms":16.67,"sp_distraction_min_scratches":3,"dp_distraction_window_sec_min":0.2,"dp_distraction_window_sec_max":0.8,"stream_density_ref_per_sec":40.0,"peak_density_ref_per_sec":70.0,"chord_size_ref":3.5,"ln_simultaneity_ref":0.05,"scratch_density_ref_per_sec":1.5,"scratch_ratio_ref":0.1,"distraction_density_ref":2.0,"distraction_event_ref":0.15},"raw_axes":{"chord":0.7851622874806801,"stream":26.665615493989794,"scratch":0.006521868093034158,"soft":0.0,"ln":0.0,"stair":0.2252577319587629,"peak":40.833333333333336,"distraction":0.7022807187328625},"x_chord":0.198,"x_stream":0.665,"x_scratch":0.016,"x_soft":0.0,"x_ln":0.0,"x_stair":0.664,"x_peak":0.659,"x_distraction":0.185,"submetrics":{"chord":{"chord_rate":0.3106646058732612,"avg_chord_size":2.527363184079602,"chord_positions":603,"total_positions":1941},"stream":{"stream_coverage":0.9654088050314465,"stream_density_mean":9.470078057241977,"stream_density_mean_per_sec":27.621061000289103,"stream_windows":19,"notes_in_stream":2763,"total_notes":2862,"intervals":[[348,1776],[1800,3396],[3444,6576],[6684,7896],[7944,8112],[9564,9648],[9660,10320],[10332,10980],[11112,11520],[11532,11616],[11652,11796],[11844,11988],[12036,12180],[12228,12624],[12636,12756],[12804,12948],[12996,13092],[13188,13332],[13380,17304]]},"scratch":{"scratch_ratio":0.016771488469601678,"scratch_positions_ratio":0.02472952086553323,"scratch_with_key_chord_rate":0.7291666666666666,"scratch_per_sec":0.38886638504716164,"scratch_burst_max_per_sec":4.0,"scratch_burst_window_sec":1.0,"scratch_notes":48,"scratch_positions":48,"total_notes":2862,"total_positions":1941,"chart_seconds":123.43571428571428},"soft":{"base_bpm":175.0,"intensity":0.0,"up_intensity":0.0,"down_intensity":0.0,"max_intensity":0.0,"max_up_intensity":0.0,"max_down_intensity":0.0,"step_frequency":0.0,"ramp_frequency":0.0,"continuity_beats":0.0,"off_base_note_ratio":0.0,"gimmick_burst_score":0.0,"max_off_base_density_per_beat":0.0,"base_mean_density_per_beat":7.947222222222222,"base_density_source":"on_base","distinct_off_base_bpm_count":0,"bpm_change_events":0,"measure_count":91},"ln":{"ln_ratio":0.007337526205450734,"ln_hold_time_mean_beats":0.9047619047619048,"ln_simultaneity_rate":0.0,"ln_simultaneity_weighted":0.0,"ln_count":21,"ln_positions":12,"total_notes":2862},"stair":{"stair_index":0.2252577319587629,"stair_transitions":437,"eligible_transitions":1940},"peak":{"peak_local_max_density":14.0,"peak_local_max_density_per_sec":40.833333333333336,"peak_max_chord_size":7,"peak_concentration":0.4472396925227114,"total_notes":2862,"intervals":[[384,768],[780,1152],[1164,1608],[2592,2832],[3036,3288],[4992,5340],[5676,6396],[10716,10944],[11100,11484],[12240,12552],[13392,13812],[13896,14184],[14688,15024],[15288,15624],[16404,16656],[16824,17136]]},"jack":{"jack_pairs":61,"jack_in_stream_pairs":8,"jack_outside_pairs":53,"pure_jack_per_sec":2.8234398782344052,"flow_break_per_stream_sec":0.0764348597556814,"stream_seconds":104.66428571428575,"non_stream_seconds":18.77142857142853,"chart_seconds":123.43571428571428,"window_ticks":24,"min_region_sec":10.0},"distraction":{"mode_formulation":"SP","qualifying_window_count":5,"qualifying_scratches":37,"qualifying_flow_sec":73.80714285714285,"distract_density":0.5013064937578632,"distract_event_per_sec":0.06774412077808963,"scratch_chord_pair_count":44,"chord_time_threshold_sec":0.01667,"min_scratches":3}},"warnings":["Unterminated LNOBJ LN on lane P1_SCR started at m90 pos0.0; closing at EOF","Unterminated LNOBJ LN on lane P1_KEY5 started at m89 pos0.78125; closing at EOF","Unterminated LNOBJ LN on lane P1_KEY6 started at m89 pos0.9375; closing at EOF","Unterminated LNOBJ LN on lane P1_KEY7 started at m89 pos0.96875; closing at EOF","Unterminated LNOBJ LN on lane P1_KEY1 started at m89 pos0.84375; closing at EOF","Unterminated LNOBJ LN on lane P1_KEY2 started at m89 pos0.875; closing at EOF","Unterminated LNOBJ LN on lane P1_KEY3 started at m89 pos0.75; closing at EOF","Unterminated LNOBJ LN on lane P1_KEY4 started at m89 pos0.90625; closing at EOF"],"tags":["stair_focused","jack_chart","dense_chart"],"scales":["st"]}