{"md5":"b6d071c80ab9bb84f3280264e4c616c3","headers":{"title":"INSANER","artist":"saaa","genre":"UPTEMPO HARDCORE","playlevel":"12","base_bpm":230.0},"mode":"SP","scope":"playable_only","scaling_mode":"p99_linear","params":{"stream_window_ticks":48,"stream_density_threshold_per_beat":4.0,"peak_window_ticks":192,"peak_min_window_notes":4,"peak_min_window_sec":0.05,"felt_bpm_trigger_eff_bpm":500.0,"felt_bpm_trigger_peak_per_sec":200.0,"felt_bpm_target_peak_per_sec":100.0,"felt_bpm_floor":30.0,"jack_window_ticks":24,"soft_burst_ref":8.0,"soft_freq_ref":0.1,"soft_burst_exp":1.5,"soft_freq_exp":1.5,"chord_time_threshold_ms":16.67,"sp_distraction_min_scratches":3,"dp_distraction_window_sec_min":0.2,"dp_distraction_window_sec_max":0.8,"stream_density_ref_per_sec":40.0,"peak_density_ref_per_sec":70.0,"chord_size_ref":3.5,"ln_simultaneity_ref":0.05,"scratch_density_ref_per_sec":1.5,"scratch_ratio_ref":0.1,"distraction_density_ref":2.0,"distraction_event_ref":0.15},"raw_axes":{"chord":1.7150890346766638,"stream":20.325752332542898,"scratch":0.02314751203011458,"soft":0.0,"ln":0.0027210884353741495,"stair":0.1378986866791745,"peak":30.666666666666668,"distraction":0.9605064247921393},"x_chord":0.445,"x_stream":0.504,"x_scratch":0.056,"x_soft":0.0,"x_ln":0.043,"x_stair":0.419,"x_peak":0.364,"x_distraction":0.259,"submetrics":{"chord":{"chord_rate":0.6485473289597001,"avg_chord_size":2.6445086705202314,"chord_positions":692,"total_positions":1067},"stream":{"stream_coverage":0.9301587301587302,"stream_density_mean":5.711937097927091,"stream_density_mean_per_sec":21.851918036692876,"stream_windows":40,"notes_in_stream":2051,"total_notes":2205,"intervals":[[348,431],[660,779],[1116,1199],[1428,1547],[1884,1967],[1980,2063],[2172,2255],[2364,2447],[2556,2639],[2652,2735],[2748,2831],[2844,2927],[2940,3023],[3036,3215],[3480,6479],[6552,9647],[11124,11183],[12636,12815],[12828,13007],[13020,13199],[13212,13583],[13596,13775],[13788,13967],[13980,14351],[14364,14735],[14748,15119],[15132,15503],[15516,15791],[15804,15887],[15900,15983],[15996,16079],[16092,16175],[16188,16271],[16284,16367],[16380,16463],[16476,17111],[17292,20291],[20364,23375],[23388,24011],[24204,24287]]},"scratch":{"scratch_ratio":0.037188208616780044,"scratch_positions_ratio":0.07685098406747891,"scratch_with_key_chord_rate":0.7682926829268293,"scratch_per_sec":0.6224422442244225,"scratch_burst_max_per_sec":7.0,"scratch_burst_window_sec":1.0,"scratch_notes":82,"scratch_positions":82,"total_notes":2205,"total_positions":1067,"chart_seconds":131.7391304347826},"soft":{"base_bpm":230.0,"intensity":0.0,"up_intensity":0.0,"down_intensity":0.0,"max_intensity":0.0,"max_up_intensity":0.0,"max_down_intensity":0.0,"step_frequency":0.0,"ramp_frequency":0.0,"continuity_beats":0.0,"off_base_note_ratio":0.0,"gimmick_burst_score":0.0,"max_off_base_density_per_beat":0.0,"base_mean_density_per_beat":4.358415841584159,"base_density_source":"on_base","distinct_off_base_bpm_count":0,"bpm_change_events":0,"measure_count":127},"ln":{"ln_ratio":0.010884353741496598,"ln_hold_time_mean_beats":0.5625,"ln_simultaneity_rate":0.0027210884353741495,"ln_simultaneity_weighted":0.0027210884353741495,"ln_count":24,"ln_positions":19,"total_notes":2205},"stair":{"stair_index":0.1378986866791745,"stair_transitions":147,"eligible_transitions":1066},"peak":{"peak_local_max_density":8.0,"peak_local_max_density_per_sec":30.666666666666668,"peak_max_chord_size":6,"peak_concentration":0.5147392290249433,"total_notes":2205,"intervals":[[5964,6491],[6564,6839],[6972,7247],[7356,7607],[7716,8027],[8052,8375],[8508,8783],[8892,9611],[14028,14351],[14748,15119],[15516,15755],[16776,17135],[17820,18215],[18528,18851],[19356,19751],[19788,20327],[20388,21299],[21420,23435],[23688,24023]]},"jack":{"jack_pairs":0,"jack_in_stream_pairs":0,"jack_outside_pairs":0,"pure_jack_per_sec":0.0,"flow_break_per_stream_sec":0.0,"stream_seconds":100.17391304347821,"non_stream_seconds":31.565217391304387,"chart_seconds":131.7391304347826,"window_ticks":24,"min_region_sec":10.0},"distraction":{"mode_formulation":"SP","qualifying_window_count":7,"qualifying_scratches":54,"qualifying_flow_sec":76.69565217391303,"distract_density":0.7040816326530613,"distract_event_per_sec":0.09126984126984128,"scratch_chord_pair_count":74,"chord_time_threshold_sec":0.01667,"min_scratches":3}},"warnings":["Unterminated LNOBJ LN on lane P1_KEY1 started at m126 pos0.25; closing at EOF","Unterminated LNOBJ LN on lane P1_KEY3 started at m124 pos0.83333333; closing at EOF","Unterminated LNOBJ LN on lane P1_KEY2 started at m124 pos0.75; closing at EOF","Unterminated LNOBJ LN on lane P1_KEY4 started at m126 pos0.25; closing at EOF","Unterminated LNOBJ LN on lane P1_KEY5 started at m124 pos0.75; closing at EOF","Unterminated LNOBJ LN on lane P1_KEY7 started at m126 pos0.25; closing at EOF","Unterminated LNOBJ LN on lane P1_KEY6 started at m124 pos0.83333333; closing at EOF","Unterminated LNOBJ LN on lane P1_SCR started at m126 pos0.25; closing at EOF"],"tags":["burst_focused","fast_chart"],"scales":["sl"]}