{"md5":"db74f2fa8e093ff854f4d7c40226b4c8","headers":{"title":"LOSTAIR -SA-","artist":"Nardis","genre":"174","playlevel":"6","base_bpm":174.0},"mode":"SP","scope":"playable_only","scaling_mode":"reference","params":{"stream_window_ticks":48,"stream_density_threshold_per_beat":4.0,"peak_window_ticks":192,"jack_window_ticks":24,"soft_burst_ref":8.0,"soft_freq_ref":0.1,"soft_burst_exp":1.5,"soft_freq_exp":1.5,"chord_time_threshold_ms":16.67,"sp_distraction_min_scratches":3,"dp_distraction_window_sec_min":0.2,"dp_distraction_window_sec_max":0.8,"stream_density_ref_per_sec":40.0,"peak_density_ref_per_sec":70.0,"chord_size_ref":3.5,"ln_simultaneity_ref":0.05,"scratch_density_ref_per_sec":1.5,"scratch_ratio_ref":0.1,"distraction_density_ref":2.0,"distraction_event_ref":0.15},"x_chord":0.6163594470046083,"x_stream":0.4729259790348101,"x_scratch":0.08809185606060604,"x_soft":0.0,"x_ln":0.0,"x_stair":0.2772543741588156,"x_peak":0.4142857142857143,"x_distraction":0.4615235322658904,"submetrics":{"chord":{"chord_rate":0.6626344086021505,"avg_chord_size":3.255578093306288,"chord_positions":493,"total_positions":744},"stream":{"stream_coverage":0.9342672413793104,"stream_density_mean":6.982067510548523,"stream_density_mean_per_sec":20.247995780590717,"stream_windows":27,"notes_in_stream":1734,"total_notes":1856,"intervals":[[324,407],[648,779],[1032,1163],[1416,1619],[1860,1943],[2184,2315],[3396,3503],[4176,4247],[4500,4583],[4716,4799],[4812,4967],[5028,5087],[5100,5279],[5292,5495],[5508,7223],[7260,8879],[9072,9263],[9456,9647],[9840,10091],[10284,10415],[10608,10787],[10896,11039],[11280,11363],[11376,11627],[11736,12863],[12876,13247],[13284,18095]]},"scratch":{"scratch_ratio":0.03286637931034483,"scratch_positions_ratio":0.08198924731182795,"scratch_with_key_chord_rate":0.9180327868852459,"scratch_per_sec":0.40204545454545454,"scratch_burst_max_per_sec":4.0,"scratch_burst_window_sec":1.0,"scratch_notes":61,"scratch_positions":61,"total_notes":1856,"total_positions":744,"chart_seconds":151.72413793103448},"soft":{"base_bpm":174.0,"intensity":0.0,"up_intensity":0.0,"down_intensity":0.0,"max_intensity":0.0,"max_up_intensity":0.0,"max_down_intensity":0.0,"step_frequency":0.0,"ramp_frequency":0.0,"continuity_beats":0.0,"off_base_note_ratio":0.0,"gimmick_burst_score":0.0,"max_off_base_density_per_beat":0.0,"base_mean_density_per_beat":4.215909090909091,"base_density_source":"on_base","distinct_off_base_bpm_count":0,"bpm_change_events":0,"measure_count":111},"ln":{"ln_ratio":0.004310344827586207,"ln_hold_time_mean_beats":0.0,"ln_simultaneity_rate":0.0,"ln_simultaneity_weighted":0.0,"ln_count":8,"ln_positions":8,"total_notes":1856},"stair":{"stair_index":0.2772543741588156,"stair_transitions":206,"eligible_transitions":743},"peak":{"peak_local_max_density":10.0,"peak_local_max_density_per_sec":29.0,"peak_max_chord_size":7,"peak_concentration":0.5641163793103449,"total_notes":1856,"intervals":[[5796,6167],[6180,7079],[7332,7703],[7716,8903],[9852,10079],[13428,13655],[13692,14039],[14772,15467],[15504,15851],[15888,16307],[16320,16655],[16716,17003],[17484,18095]]},"jack":{"jack_pairs":4,"jack_in_stream_pairs":4,"jack_outside_pairs":0,"pure_jack_per_sec":0.0,"flow_break_per_stream_sec":0.04352720450281426,"stream_seconds":91.89655172413792,"non_stream_seconds":59.827586206896555,"chart_seconds":151.72413793103448,"window_ticks":24,"min_region_sec":10.0},"distraction":{"mode_formulation":"SP","qualifying_window_count":4,"qualifying_scratches":56,"qualifying_flow_sec":59.22413793103448,"distract_density":0.9455604075691413,"distract_event_per_sec":0.06754002911208153,"scratch_chord_pair_count":102,"chord_time_threshold_sec":0.01667,"min_scratches":3}},"warnings":["Unterminated LNOBJ LN on lane P1_KEY1 started at m94 pos0.0; closing at EOF","Unterminated LNOBJ LN on lane P1_KEY2 started at m106 pos0.875; closing at EOF","Unterminated LNOBJ LN on lane P1_KEY3 started at m107 pos0.375; closing at EOF","Unterminated LNOBJ LN on lane P1_KEY4 started at m108 pos0.0; closing at EOF","Unterminated LNOBJ LN on lane P1_KEY5 started at m109 pos0.0; closing at EOF","Unterminated LNOBJ LN on lane P1_KEY6 started at m108 pos0.375; closing at EOF","Unterminated LNOBJ LN on lane P1_KEY7 started at m109 pos0.375; closing at EOF","Unterminated LNOBJ LN on lane P1_SCR started at m110 pos0.0; closing at EOF"],"tags":["stair_focused","burst_focused"],"scales":["sl"]}