{"md5":"9b06d5c2b63c2c8ffa41060dec09d31f","headers":{"title":"Snowfairy","artist":"Lime feat. Salita / deadblue238","genre":"Cooling Trance","playlevel":"23","base_bpm":136.0},"mode":"SP","scope":"playable_only","scaling_mode":"p99_linear","params":{"stream_window_ticks":48,"stream_density_threshold_per_beat":4.0,"peak_window_ticks":192,"jack_window_ticks":24,"soft_burst_ref":8.0,"soft_freq_ref":0.1,"soft_burst_exp":1.5,"soft_freq_exp":1.5,"chord_time_threshold_ms":16.67,"sp_distraction_min_scratches":3,"dp_distraction_window_sec_min":0.2,"dp_distraction_window_sec_max":0.8,"stream_density_ref_per_sec":40.0,"peak_density_ref_per_sec":70.0,"chord_size_ref":3.5,"ln_simultaneity_ref":0.05,"scratch_density_ref_per_sec":1.5,"scratch_ratio_ref":0.1,"distraction_density_ref":2.0,"distraction_event_ref":0.15},"raw_axes":{"chord":1.4487320837927233,"stream":17.67073365796075,"scratch":0.008337227606526004,"soft":0.012256384378537847,"ln":0.0,"stair":0.11920529801324503,"peak":31.166666666666668,"distraction":0.6561077735299472},"x_chord":0.376,"x_stream":0.432,"x_scratch":0.02,"x_soft":0.072,"x_ln":0.0,"x_stair":0.362,"x_peak":0.318,"x_distraction":0.176,"submetrics":{"chord":{"chord_rate":0.46416758544652703,"avg_chord_size":3.121140142517815,"chord_positions":421,"total_positions":907},"stream":{"stream_coverage":0.9188888888888889,"stream_density_mean":8.48605577689243,"stream_density_mean_per_sec":19.230544488711818,"stream_windows":21,"notes_in_stream":1654,"total_notes":1800,"intervals":[[168,395],[492,611],[696,743],[792,839],[876,1163],[1260,1379],[1464,1511],[1632,1943],[2028,2135],[2412,2711],[2796,2903],[6516,6575],[7332,7679],[7692,7871],[7896,7979],[8028,8075],[11292,12899],[14508,17507],[20892,21575],[21636,21911],[21972,23951]]},"scratch":{"scratch_ratio":0.026111111111111113,"scratch_positions_ratio":0.05181918412348401,"scratch_with_key_chord_rate":0.8936170212765957,"scratch_per_sec":0.3192980785478044,"scratch_burst_max_per_sec":5.0,"scratch_burst_window_sec":1.0,"scratch_notes":47,"scratch_positions":47,"total_notes":1800,"total_positions":907,"chart_seconds":147.19787921606078},"soft":{"base_bpm":136.0,"intensity":0.0044444444444444444,"up_intensity":0.0,"down_intensity":0.0044444444444444444,"max_intensity":100000.0,"max_up_intensity":100000.0,"max_down_intensity":0.5,"step_frequency":0.1746031746031746,"ramp_frequency":0.07936507936507936,"continuity_beats":304.9791666666667,"off_base_note_ratio":0.008888888888888889,"gimmick_burst_score":0.07019565598617131,"max_off_base_density_per_beat":0.4767225325884544,"base_mean_density_per_beat":6.791339519390911,"base_density_source":"on_base","distinct_off_base_bpm_count":5,"bpm_change_events":24,"measure_count":126},"ln":{"ln_ratio":0.0,"ln_hold_time_mean_beats":0.0,"ln_simultaneity_rate":0.0,"ln_simultaneity_weighted":0.0,"ln_count":0,"ln_positions":0,"total_notes":1800},"stair":{"stair_index":0.11920529801324503,"stair_transitions":108,"eligible_transitions":906},"peak":{"peak_local_max_density":13.75,"peak_local_max_density_per_sec":31.166666666666668,"peak_max_chord_size":7,"peak_concentration":0.6011111111111112,"total_notes":1800,"intervals":[[11328,11519],[11604,12119],[12372,12887],[14580,15131],[15324,16667],[16860,17159],[20928,21467],[21900,23027]]},"jack":{"jack_pairs":19,"jack_in_stream_pairs":12,"jack_outside_pairs":7,"pure_jack_per_sec":0.1277518453654237,"flow_break_per_stream_sec":0.12986429698053978,"stream_seconds":92.40415017068321,"non_stream_seconds":54.793729045377574,"chart_seconds":147.19787921606078,"window_ticks":24,"min_region_sec":10.0},"distraction":{"mode_formulation":"SP","qualifying_window_count":4,"qualifying_scratches":35,"qualifying_flow_sec":67.31617647058825,"distract_density":0.5199344620425996,"distract_event_per_sec":0.0594210813762971,"scratch_chord_pair_count":60,"chord_time_threshold_sec":0.01667,"min_scratches":3}},"warnings":[],"tags":["visual_gimmick","burst_focused"],"scales":["★★"]}