{"md5":"1c3cb845983b4be58c3f05cfd941fc0a","headers":{"title":"ELECTRiCiTY [7_another]","artist":"NIKITA / misokabocha","genre":"HAPPY ELECTRO pf","playlevel":"12","base_bpm":175.0},"mode":"SP","scope":"playable_only","scaling_mode":"p99_linear","params":{"stream_window_ticks":48,"stream_density_threshold_per_beat":4.0,"peak_window_ticks":192,"peak_min_window_notes":4,"peak_min_window_sec":0.05,"felt_bpm_trigger_eff_bpm":500.0,"felt_bpm_trigger_peak_per_sec":200.0,"felt_bpm_target_peak_per_sec":100.0,"felt_bpm_floor":30.0,"jack_window_ticks":24,"soft_burst_ref":8.0,"soft_freq_ref":0.1,"soft_burst_exp":1.5,"soft_freq_exp":1.5,"chord_time_threshold_ms":16.67,"sp_distraction_min_scratches":3,"dp_distraction_window_sec_min":0.2,"dp_distraction_window_sec_max":0.8,"stream_density_ref_per_sec":40.0,"peak_density_ref_per_sec":70.0,"chord_size_ref":3.5,"ln_simultaneity_ref":0.05,"scratch_density_ref_per_sec":1.5,"scratch_ratio_ref":0.1,"distraction_density_ref":2.0,"distraction_event_ref":0.15},"raw_axes":{"chord":1.1541057367829022,"stream":15.141010328732039,"scratch":0.023648849486031905,"soft":0.0,"stair":0.14076576576576577,"peak":24.791666666666668,"ln_m1_short_rate_rt":0.0,"ln_m2_density_rt":53.825757575757585,"ln_m2_burst_max_rt":221.0,"ln_m3_density_rt":53.825757575757585,"ln_m_concurrent_rt":0.3199999999999991,"adv_hand_imb":0.5333333333333333,"adv_rel_pressure_1beat":0.9666666666666667,"adv_ln_hold_min_beats":0.75,"adv_ln_chord_big_rate":0.0,"adv_ln_scatter_cv":1.9239262251175762,"distraction":1.2146398366870808},"x_chord":0.295,"x_stream":0.379,"x_scratch":0.058,"x_soft":0.0,"x_ln":0.823,"x_stair":0.409,"x_peak":0.401,"x_distraction":0.284,"ln_advanced_score":0.648,"submetrics":{"chord":{"chord_rate":0.4566929133858268,"avg_chord_size":2.5270935960591134,"chord_positions":406,"total_positions":889},"stream":{"stream_coverage":0.9324055666003976,"stream_density_mean":5.567538126361656,"stream_density_mean_per_sec":16.23865286855483,"stream_windows":35,"notes_in_stream":1407,"total_notes":1509,"intervals":[[684,768],[1068,1188],[1452,1536],[1572,1632],[1668,1728],[1800,2040],[2052,2112],[2124,2184],[2232,2496],[2508,2568],[2604,2808],[2820,2880],[2892,2952],[2988,3600],[3624,5376],[5388,6444],[6456,6768],[7068,7152],[7164,7320],[7344,7524],[7536,7716],[7740,8304],[8316,8460],[8508,8568],[8592,10464],[10524,10944],[11004,11184],[11196,11304],[11364,11652],[11676,11760],[12060,12120],[12444,13488],[13524,14064],[14076,14256],[14292,16368]]},"scratch":{"scratch_ratio":0.0437375745526839,"scratch_positions_ratio":0.07424071991001124,"scratch_with_key_chord_rate":0.8484848484848485,"scratch_per_sec":0.5406986950670022,"scratch_burst_max_per_sec":4.0,"scratch_burst_window_sec":1.0,"scratch_notes":66,"scratch_positions":66,"total_notes":1509,"total_positions":889,"chart_seconds":122.06428571428572},"soft":{"base_bpm":175.0,"intensity":0.0,"up_intensity":0.0,"down_intensity":0.0,"max_intensity":0.0,"max_up_intensity":0.0,"max_down_intensity":0.0,"step_frequency":0.0,"ramp_frequency":0.0,"continuity_beats":0.0,"off_base_note_ratio":0.0,"gimmick_burst_score":0.0,"max_off_base_density_per_beat":0.0,"base_mean_density_per_beat":4.235955056179775,"base_density_source":"on_base","distinct_off_base_bpm_count":0,"bpm_change_events":0,"measure_count":94},"ln":{"ln_ratio":0.019880715705765408,"ln_hold_time_mean_beats":3.3,"ln_simultaneity_rate":0.1126573889993373,"ln_simultaneity_weighted":0.12259774685222001,"ln_count":30,"ln_count_raw":30,"ln_positions":26,"total_notes":1509,"m1_short_count_rt":0,"m1_short_rate_rt":0.0,"m2_long_count_rt":30,"m2_density_rt":53.825757575757585,"m2_burst_max_rt":221.0,"m3_density_rt":53.825757575757585,"m_concurrent_rt":0.3199999999999991,"total_long_sec":33.942857142857136,"long_active_sec":25.714285714285726,"long_hold_sec_mean":1.1314285714285712,"long_hold_sec_max":4.799999999999997,"adv_hand_imb":0.5333333333333333,"adv_rel_pressure_1beat":0.9666666666666667,"adv_ln_hold_min_beats":0.75,"adv_ln_chord_big_rate":0.0,"adv_ln_scatter_cv":1.9239262251175762},"stair":{"stair_index":0.14076576576576577,"stair_transitions":125,"eligible_transitions":888},"peak":{"peak_local_max_density":8.5,"peak_local_max_density_per_sec":24.791666666666668,"peak_max_chord_size":5,"peak_concentration":0.32538104705102716,"total_notes":1509,"intervals":[[4380,4896],[6480,6744],[8628,8832],[9036,9288],[9492,9780],[12480,12672],[12852,13332],[14664,15660],[15960,16368]]},"jack":{"jack_pairs":13,"jack_in_stream_pairs":13,"jack_outside_pairs":0,"pure_jack_per_sec":0.0,"flow_break_per_stream_sec":0.13614602034709755,"stream_seconds":95.48571428571428,"non_stream_seconds":26.578571428571436,"chart_seconds":122.06428571428572,"window_ticks":24,"min_region_sec":10.0},"distraction":{"mode_formulation":"SP","qualifying_window_count":8,"qualifying_scratches":52,"qualifying_flow_sec":65.31428571428572,"distract_density":0.7961504811898512,"distract_event_per_sec":0.12248468941382326,"scratch_chord_pair_count":75,"chord_time_threshold_sec":0.01667,"min_scratches":3}},"warnings":[],"tags":["ln_chart"],"scales":["sl"]}