{"md5":"63ef2d71cf1bf6723fbfed650cc358f5","headers":{"title":"自由電子レーザー","artist":"1/8   BGI:morph","genre":"ELECTRIC","playlevel":"24","base_bpm":123.0},"mode":"SP","scope":"playable_only","scaling_mode":"p99_linear","params":{"stream_window_ticks":48,"stream_density_threshold_per_beat":4.0,"peak_window_ticks":192,"peak_min_window_notes":4,"peak_min_window_sec":0.05,"felt_bpm_trigger_eff_bpm":500.0,"felt_bpm_trigger_peak_per_sec":200.0,"felt_bpm_target_peak_per_sec":100.0,"felt_bpm_floor":30.0,"jack_window_ticks":24,"soft_burst_ref":8.0,"soft_freq_ref":0.1,"soft_burst_exp":1.5,"soft_freq_exp":1.5,"chord_time_threshold_ms":16.67,"sp_distraction_min_scratches":3,"dp_distraction_window_sec_min":0.2,"dp_distraction_window_sec_max":0.8,"stream_density_ref_per_sec":40.0,"peak_density_ref_per_sec":70.0,"chord_size_ref":3.5,"ln_simultaneity_ref":0.05,"scratch_density_ref_per_sec":1.5,"scratch_ratio_ref":0.1,"distraction_density_ref":2.0,"distraction_event_ref":0.15},"raw_axes":{"chord":1.0403439153439153,"stream":21.950361574834613,"scratch":0.0017411704682271042,"soft":0.43772620112841115,"ln":0.0020627062706270625,"stair":0.17604235605559232,"peak":38.95,"distraction":0.4694336536495606},"x_chord":0.27,"x_stream":0.544,"x_scratch":0.004,"x_soft":1.0,"x_ln":0.033,"x_stair":0.535,"x_peak":0.462,"x_distraction":0.127,"submetrics":{"chord":{"chord_rate":0.43716931216931215,"avg_chord_size":2.379727685325265,"chord_positions":661,"total_positions":1512},"stream":{"stream_coverage":0.9084158415841584,"stream_density_mean":7.352466367713005,"stream_density_mean_per_sec":24.163340807174887,"stream_windows":66,"notes_in_stream":2202,"total_notes":2424,"intervals":[[156,263],[276,455],[468,647],[660,839],[852,3695],[3768,4055],[4152,5219],[5304,5591],[5688,7535],[7608,7715],[7800,7907],[7992,8099],[8136,8291],[8376,8483],[8568,8675],[8760,9059],[9144,9251],[9336,9443],[9528,9635],[9672,9827],[9912,10019],[10104,10211],[10296,10607],[10716,10835],[10884,10991],[11100,11219],[11268,11459],[11472,11843],[11856,12911],[12924,12983],[13020,13079],[13116,13271],[13308,13667],[13692,13751],[13788,13847],[13884,14039],[14076,14435],[14460,14519],[14556,14615],[14652,14807],[14844,15203],[15228,15287],[15324,15383],[15420,15575],[15612,15971],[16260,16343],[16488,16631],[16644,16727],[16968,17111],[17364,17495],[17796,17879],[18024,18167],[18180,18263],[18504,18647],[18756,19031],[19332,19415],[19560,19703],[19716,19799],[20040,20183],[20436,20567],[20868,20951],[21096,21239],[21252,21335],[21576,21719],[21768,21899],[21912,22115]]},"scratch":{"scratch_ratio":0.009900990099009901,"scratch_positions_ratio":0.015873015873015872,"scratch_with_key_chord_rate":0.8333333333333334,"scratch_per_sec":0.17585821729093754,"scratch_burst_max_per_sec":4.0,"scratch_burst_window_sec":1.0,"scratch_notes":24,"scratch_positions":24,"total_notes":2424,"total_positions":1512,"chart_seconds":136.47357723577235},"soft":{"base_bpm":246.0,"intensity":0.40717821782178215,"up_intensity":0.15924092409240923,"down_intensity":0.24793729372937295,"max_intensity":1.0,"max_up_intensity":1.0,"max_down_intensity":0.875,"step_frequency":0.12931034482758622,"ramp_frequency":0.1206896551724138,"continuity_beats":268.0,"off_base_note_ratio":0.613036303630363,"gimmick_burst_score":3.3850826220597128,"max_off_base_density_per_beat":21.5,"base_mean_density_per_beat":4.869791666666667,"base_density_source":"on_base","distinct_off_base_bpm_count":4,"bpm_change_events":15,"measure_count":116},"ln":{"ln_ratio":0.013613861386138614,"ln_hold_time_mean_beats":0.24684343434343434,"ln_simultaneity_rate":0.0020627062706270625,"ln_simultaneity_weighted":0.0020627062706270625,"ln_count":33,"ln_positions":30,"total_notes":2424},"stair":{"stair_index":0.17604235605559232,"stair_transitions":266,"eligible_transitions":1511},"peak":{"peak_local_max_density":23.25,"peak_local_max_density_per_sec":38.95,"peak_max_chord_size":5,"peak_concentration":0.3502475247524752,"total_notes":2424,"intervals":[[900,1127],[1140,1499],[1512,1847],[2052,2327],[2436,3779],[6672,7571],[12444,12923]]},"jack":{"jack_pairs":93,"jack_in_stream_pairs":77,"jack_outside_pairs":16,"pure_jack_per_sec":0.6651457541191368,"flow_break_per_stream_sec":0.6849394322907253,"stream_seconds":112.41869918699182,"non_stream_seconds":24.054878048780537,"chart_seconds":136.47357723577235,"window_ticks":24,"min_region_sec":10.0},"distraction":{"mode_formulation":"SP","qualifying_window_count":2,"qualifying_scratches":20,"qualifying_flow_sec":49.70528455284551,"distract_density":0.40237170312819476,"distract_event_per_sec":0.040237170312819474,"scratch_chord_pair_count":13,"chord_time_threshold_sec":0.01667,"min_scratches":3}},"warnings":["Unterminated LNOBJ LN on lane P1_KEY1 started at m114 pos0.875; closing at EOF","Unterminated LNOBJ LN on lane P1_KEY2 started at m113 pos0.75; closing at EOF","Unterminated LNOBJ LN on lane P1_SCR started at m115 pos0.0; closing at EOF","Unterminated LNOBJ LN on lane P1_KEY7 started at m115 pos0.0; closing at EOF","Unterminated LNOBJ LN on lane P1_KEY4 started at m115 pos0.0; closing at EOF","Unterminated LNOBJ LN on lane P1_KEY3 started at m114 pos0.9375; closing at EOF","Unterminated LNOBJ LN on lane P1_KEY5 started at m114 pos0.4375; closing at EOF","Unterminated LNOBJ LN on lane P1_KEY6 started at m114 pos0.875; closing at EOF"],"tags":["soflan","flow_break","extreme_burst","dense_chart","fast_chart"],"scales":["★★"]}