{"md5":"6322a76fcbcb7660381b1fc89e8d5f4d","headers":{"title":"searoad tracks =side blue=","artist":"sasakure.UK","genre":"Intelligence(7-AquAStorm)","playlevel":"12","base_bpm":148.0},"mode":"SP","scope":"playable_only","scaling_mode":"percentile_rank","params":{"stream_window_ticks":48,"stream_density_threshold_per_beat":4.0,"peak_window_ticks":192,"jack_window_ticks":24,"soft_burst_ref":8.0,"soft_freq_ref":0.1,"soft_burst_exp":1.5,"soft_freq_exp":1.5,"chord_time_threshold_ms":16.67,"sp_distraction_min_scratches":3,"dp_distraction_window_sec_min":0.2,"dp_distraction_window_sec_max":0.8,"stream_density_ref_per_sec":40.0,"peak_density_ref_per_sec":70.0,"chord_size_ref":3.5,"ln_simultaneity_ref":0.05,"scratch_density_ref_per_sec":1.5,"scratch_ratio_ref":0.1,"distraction_density_ref":2.0,"distraction_event_ref":0.15},"raw_axes":{"chord":1.17344589409056,"stream":15.908504748434027,"scratch":0.0023609131746507982,"soft":0.025871943753209305,"ln":0.0,"stair":0.06451612903225806,"peak":34.53333333333333,"distraction":0.2772243507875692},"x_chord":0.12058070025619129,"x_stream":0.14278394534585825,"x_scratch":0.17028181041844578,"x_soft":0.9583262169086251,"x_ln":0.0,"x_stair":0.019299743808710502,"x_peak":0.477198975234842,"x_distraction":0.11836037574722459,"submetrics":{"chord":{"chord_rate":0.4681504221028396,"avg_chord_size":2.5065573770491802,"chord_positions":610,"total_positions":1303},"stream":{"stream_coverage":0.9585958595859586,"stream_density_mean":6.786122448979592,"stream_density_mean_per_sec":16.595632653061223,"stream_windows":13,"notes_in_stream":2130,"total_notes":2222,"intervals":[[168,275],[384,707],[720,1043],[1104,1475],[1488,3695],[4032,4115],[4392,4475],[4956,5027],[5568,5651],[5928,6011],[6492,6563],[6684,16727],[16764,18467]]},"scratch":{"scratch_ratio":0.01575157515751575,"scratch_positions_ratio":0.02686108979278588,"scratch_with_key_chord_rate":0.9714285714285714,"scratch_per_sec":0.14988425925925924,"scratch_burst_max_per_sec":5.0,"scratch_burst_window_sec":1.0,"scratch_notes":35,"scratch_positions":35,"total_notes":2222,"total_positions":1303,"chart_seconds":233.51351351351354},"soft":{"base_bpm":148.0,"intensity":0.04421692169216922,"up_intensity":0.0,"down_intensity":0.04421692169216922,"max_intensity":0.75,"max_up_intensity":0.0,"max_down_intensity":0.75,"step_frequency":0.020618556701030927,"ramp_frequency":0.020618556701030927,"continuity_beats":64.0,"off_base_note_ratio":0.05895589558955896,"gimmick_burst_score":1.2547892720306513,"max_off_base_density_per_beat":2.046875,"base_mean_density_per_beat":6.525,"base_density_source":"on_base","distinct_off_base_bpm_count":1,"bpm_change_events":2,"measure_count":97},"ln":{"ln_ratio":0.0,"ln_hold_time_mean_beats":0.0,"ln_simultaneity_rate":0.0,"ln_simultaneity_weighted":0.0,"ln_count":0,"ln_positions":0,"total_notes":2222},"stair":{"stair_index":0.06451612903225806,"stair_transitions":84,"eligible_transitions":1302},"peak":{"peak_local_max_density":14.0,"peak_local_max_density_per_sec":34.53333333333333,"peak_max_chord_size":5,"peak_concentration":0.3951395139513951,"total_notes":2222,"intervals":[[1992,2243],[9588,9935],[10020,10511],[11844,12215],[13380,13751],[14064,14507],[14532,15335],[15492,15983],[16044,16751],[17160,17411],[17520,17711],[17928,18179],[18252,18443]]},"jack":{"jack_pairs":0,"jack_in_stream_pairs":0,"jack_outside_pairs":0,"pure_jack_per_sec":0.0,"flow_break_per_stream_sec":0.0,"stream_seconds":145.43918918918922,"non_stream_seconds":88.07432432432432,"chart_seconds":233.51351351351354,"window_ticks":24,"min_region_sec":10.0},"distraction":{"mode_formulation":"SP","qualifying_window_count":2,"qualifying_scratches":32,"qualifying_flow_sec":105.8108108108108,"distract_density":0.30242656449553,"distract_event_per_sec":0.018901660280970626,"scratch_chord_pair_count":40,"chord_time_threshold_sec":0.01667,"min_scratches":3}},"warnings":[],"tags":["soflan"],"scales":["★"]}