{"md5":"a4b248ad36c2a21040c3678b199cc07a","headers":{"title":"エーデルワイス[Linther]","artist":"黄泉路テヂーモ / obj : LindBlum","genre":"echolocation","playlevel":"12","base_bpm":139.0},"mode":"SP","scope":"playable_only","scaling_mode":"percentile_rank","params":{"stream_window_ticks":48,"stream_density_threshold_per_beat":4.0,"peak_window_ticks":192,"jack_window_ticks":24,"soft_burst_ref":8.0,"soft_freq_ref":0.1,"soft_burst_exp":1.5,"soft_freq_exp":1.5,"chord_time_threshold_ms":16.67,"sp_distraction_min_scratches":3,"dp_distraction_window_sec_min":0.2,"dp_distraction_window_sec_max":0.8,"stream_density_ref_per_sec":40.0,"peak_density_ref_per_sec":70.0,"chord_size_ref":3.5,"ln_simultaneity_ref":0.05,"scratch_density_ref_per_sec":1.5,"scratch_ratio_ref":0.1,"distraction_density_ref":2.0,"distraction_event_ref":0.15},"raw_axes":{"chord":1.8710247349823321,"stream":21.26133517014329,"scratch":0.03122142477405635,"soft":0.0,"ln":0.0,"stair":0.1927497789566755,"peak":38.80416666666667,"distraction":0.9660923581809657},"x_chord":0.5202391118701964,"x_stream":0.43654995730145174,"x_scratch":0.7265584970111016,"x_soft":0.0,"x_ln":0.0,"x_stair":0.7865072587532024,"x_peak":0.6382578992314262,"x_distraction":0.7086251067463706,"submetrics":{"chord":{"chord_rate":0.6554770318021201,"avg_chord_size":2.8544474393530996,"chord_positions":742,"total_positions":1132},"stream":{"stream_coverage":0.9748803827751196,"stream_density_mean":9.41403162055336,"stream_density_mean_per_sec":21.80917325428195,"stream_windows":20,"notes_in_stream":2445,"total_notes":2508,"intervals":[[156,431],[444,527],[540,731],[828,911],[924,1583],[1692,6131],[6156,6215],[6228,7067],[7080,8687],[8796,8963],[8976,9071],[9156,9455],[9468,9551],[9564,9743],[9756,10799],[11412,11459],[11544,11723],[11736,11867],[11928,12095],[12252,15023]]},"scratch":{"scratch_ratio":0.04146730462519936,"scratch_positions_ratio":0.09187279151943463,"scratch_with_key_chord_rate":0.8846153846153846,"scratch_per_sec":0.7529166666666667,"scratch_burst_max_per_sec":7.0,"scratch_burst_window_sec":1.0,"scratch_notes":104,"scratch_positions":104,"total_notes":2508,"total_positions":1132,"chart_seconds":138.1294964028777},"soft":{"base_bpm":139.0,"intensity":0.0,"up_intensity":0.0,"down_intensity":0.0,"max_intensity":0.0,"max_up_intensity":0.0,"max_down_intensity":0.0,"step_frequency":0.0,"ramp_frequency":0.0,"continuity_beats":0.0,"off_base_note_ratio":0.0,"gimmick_burst_score":0.0,"max_off_base_density_per_beat":0.0,"base_mean_density_per_beat":7.8375,"base_density_source":"on_base","distinct_off_base_bpm_count":0,"bpm_change_events":0,"measure_count":79},"ln":{"ln_ratio":0.0043859649122807015,"ln_hold_time_mean_beats":2.1818181818181817,"ln_simultaneity_rate":0.0,"ln_simultaneity_weighted":0.0,"ln_count":11,"ln_positions":5,"total_notes":2508},"stair":{"stair_index":0.1927497789566755,"stair_transitions":218,"eligible_transitions":1131},"peak":{"peak_local_max_density":16.75,"peak_local_max_density_per_sec":38.80416666666667,"peak_max_chord_size":6,"peak_concentration":0.3201754385964912,"total_notes":2508,"intervals":[[4032,4223],[4428,4619],[7776,8291],[9912,10523],[12228,13211],[14328,14903]]},"jack":{"jack_pairs":29,"jack_in_stream_pairs":14,"jack_outside_pairs":15,"pure_jack_per_sec":0.8580246913580256,"flow_break_per_stream_sec":0.11604054859868812,"stream_seconds":120.6474820143885,"non_stream_seconds":17.48201438848919,"chart_seconds":138.1294964028777,"window_ticks":24,"min_region_sec":10.0},"distraction":{"mode_formulation":"SP","qualifying_window_count":8,"qualifying_scratches":91,"qualifying_flow_sec":102.3021582733813,"distract_density":0.8895218002812939,"distract_event_per_sec":0.07819971870604782,"scratch_chord_pair_count":107,"chord_time_threshold_sec":0.01667,"min_scratches":3}},"warnings":["Unterminated LNOBJ LN on lane P1_KEY1 started at m78 pos0.0; closing at EOF","Unterminated LNOBJ LN on lane P1_KEY4 started at m77 pos0.9375; closing at EOF","Unterminated LNOBJ LN on lane P1_SCR started at m78 pos0.0; closing at EOF","Unterminated LNOBJ LN on lane P1_KEY7 started at m78 pos0.0; closing at EOF","Unterminated LNOBJ LN on lane P1_KEY2 started at m77 pos0.875; closing at EOF","Unterminated LNOBJ LN on lane P1_KEY6 started at m77 pos0.875; closing at EOF"],"tags":["jack_chart"],"scales":["sl"]}