{"md5":"43ed5893736ed26e0c532df35838b8d0","headers":{"title":"クロートーと星の観測者","artist":"しーけー","genre":"eschatology","playlevel":"0","base_bpm":230.0},"mode":"SP","scope":"playable_only","scaling_mode":"p99_linear","params":{"stream_window_ticks":48,"stream_density_threshold_per_beat":4.0,"peak_window_ticks":192,"peak_min_window_notes":4,"peak_min_window_sec":0.05,"felt_bpm_trigger_eff_bpm":500.0,"felt_bpm_trigger_peak_per_sec":200.0,"felt_bpm_target_peak_per_sec":100.0,"felt_bpm_floor":30.0,"jack_window_ticks":24,"soft_burst_ref":8.0,"soft_freq_ref":0.1,"soft_burst_exp":1.5,"soft_freq_exp":1.5,"chord_time_threshold_ms":16.67,"sp_distraction_min_scratches":3,"sp_distraction_bin_sec":0.25,"sp_distraction_t_key":2,"sp_distraction_gap_bins":2,"dp_distraction_window_sec_min":0.2,"dp_distraction_window_sec_max":0.8,"stream_density_ref_per_sec":40.0,"peak_density_ref_per_sec":70.0,"chord_size_ref":3.5,"ln_simultaneity_ref":0.05,"scratch_density_ref_per_sec":1.5,"scratch_ratio_ref":0.1,"distraction_density_ref":2.0,"distraction_event_ref":0.15},"raw_axes":{"chord":4.258201058201059,"stream":36.04275791068928,"scratch_per_sec":0.47099594376402937,"scratch_burst_max_per_sec":5.0,"scratch_max_run_sec":3.1304347826087024,"soft":0.0,"stair":0.22163308589607636,"peak":51.75,"ln_m1_short_rate_rt":0.0,"ln_m2_density_rt":0.0,"ln_m2_burst_max_rt":0.0,"ln_m3_density_rt":0.0,"ln_m_concurrent_rt":0.0,"adv_hand_imb":0.0,"adv_rel_pressure_1beat":0.0,"adv_ln_hold_min_beats":0.0,"adv_ln_chord_big_rate":0.0,"adv_ln_scatter_cv":0.0,"distraction":4.463592328594494},"x_chord":0.984,"x_stream":0.93,"x_scratch":0.131,"x_soft":0.0,"x_ln":0.0,"x_stair":0.628,"x_peak":0.868,"x_distraction":0.274,"ln_advanced_score":0.0,"submetrics":{"chord":{"chord_rate":0.8105820105820106,"avg_chord_size":5.253263707571802,"chord_positions":766,"total_positions":945},"stream":{"stream_coverage":0.9700338327694539,"stream_density_mean":9.692918192918192,"stream_density_mean_per_sec":37.15618640618641,"stream_windows":26,"notes_in_stream":4014,"total_notes":4138,"intervals":[[108,2496],[2556,2640],[2700,2784],[2844,2928],[2988,3072],[3132,3216],[3276,3360],[3420,3504],[3564,3648],[3660,3792],[3804,4080],[4092,7080],[7092,7140],[7164,13584],[13788,14640],[14700,14784],[14844,14928],[14988,15072],[15132,15216],[15276,15360],[15420,15504],[15564,15648],[15708,15792],[15804,16368],[16380,17208],[17292,22560]]},"scratch":{"scratch_ratio":0.015465143944801332,"scratch_positions_ratio":0.06878306878306878,"scratch_with_key_chord_rate":0.9846153846153847,"scratch_per_sec":0.47099594376402937,"scratch_burst_max_per_sec":5.0,"scratch_burst_window_sec":1.0,"scratch_max_run_sec":3.1304347826087024,"ls_count":1,"ls_per_sec":0.007246091442523529,"ls_complexity_mean":0,"scratch_notes":65,"scratch_positions":65,"total_notes":4203,"total_positions":945,"chart_seconds":138.00543478260872},"soft":{"base_bpm":230.0,"intensity":0.0,"up_intensity":0.0,"down_intensity":0.0,"max_intensity":0.0,"max_up_intensity":0.0,"max_down_intensity":0.0,"step_frequency":0.0,"ramp_frequency":0.0,"continuity_beats":0.0,"off_base_note_ratio":0.0,"gimmick_burst_score":0.0,"max_off_base_density_per_beat":0.0,"base_mean_density_per_beat":7.945179584120983,"base_density_source":"on_base","distinct_off_base_bpm_count":0,"bpm_change_events":0,"measure_count":174},"ln":{"ln_ratio":0.0016654770402093743,"ln_hold_time_mean_beats":0.0,"ln_simultaneity_rate":0.0,"ln_simultaneity_weighted":0.0,"ln_count":7,"ln_count_raw":7,"ln_positions":6,"total_notes":4203,"m1_short_count_rt":0,"m1_short_rate_rt":0.0,"m2_long_count_rt":0,"m2_density_rt":0.0,"m2_burst_max_rt":0.0,"m3_density_rt":0.0,"m_concurrent_rt":0.0,"total_long_sec":0,"long_active_sec":0.0,"long_hold_sec_mean":0.0,"long_hold_sec_max":0.0,"adv_hand_imb":0.0,"adv_rel_pressure_1beat":0.0,"adv_ln_hold_min_beats":0.0,"adv_ln_chord_big_rate":0.0,"adv_ln_scatter_cv":0.0},"stair":{"stair_index":0.22163308589607636,"stair_transitions":209,"eligible_transitions":943},"peak":{"peak_local_max_density":13.5,"peak_local_max_density_per_sec":51.75,"peak_max_chord_size":7,"peak_concentration":0.37457709038182696,"total_notes":4138,"intervals":[[9564,11568],[17508,18792],[18852,19680],[20436,21456],[21588,22536]]},"jack":{"jack_pairs":23,"jack_in_stream_pairs":22,"jack_outside_pairs":1,"pure_jack_per_sec":0.04294049008168035,"flow_break_per_stream_sec":0.1917756300928557,"stream_seconds":114.71739130434788,"non_stream_seconds":23.288043478260832,"chart_seconds":138.00543478260872,"window_ticks":24,"min_region_sec":10.0},"distraction":{"mode_formulation":"SP","v3_score":4.463592328594494,"qualifying_intervals":3,"qualifying_flow_sec":123.25,"qualifying_scratches":63,"scratch_chord_pair_count":177,"chord_time_threshold_sec":0.01667,"min_scratches":3,"bin_sec":0.25,"t_key":2,"gap_bins":2}},"warnings":["Unterminated LNOBJ LN on lane P1_KEY1 started at m173 pos0.0; closing at EOF","Unterminated LNOBJ LN on lane P1_KEY2 started at m172 pos0.83333333; closing at EOF","Unterminated LNOBJ LN on lane P1_KEY3 started at m172 pos0.5; closing at EOF","Unterminated LNOBJ LN on lane P1_KEY4 started at m172 pos0.66666667; closing at EOF","Unterminated LNOBJ LN on lane P1_KEY5 started at m172 pos0.16666667; closing at EOF","Unterminated LNOBJ LN on lane P1_KEY6 started at m172 pos0.0; closing at EOF","Unterminated LNOBJ LN on lane P1_KEY7 started at m173 pos0.0; closing at EOF"],"axis_intensities":{"chord":"red","stream":"red","peak":"red","scratch":"yellow","soft":null,"ln":null,"stair":"red","distraction":"red"},"tags":["dense_chart"],"scales":["st"]}