{"md5":"40ac8601127a984a9491b7f797ed0147","headers":{"title":"Chronostasis","artist":"黒皇帝 / obj.Ovnize","genre":"TIMELESS ARTCORE","playlevel":"12","base_bpm":196.0},"mode":"SP","scope":"playable_only","scaling_mode":"p99_linear","params":{"stream_window_ticks":48,"stream_density_threshold_per_beat":4.0,"peak_window_ticks":192,"peak_min_window_notes":4,"peak_min_window_sec":0.05,"felt_bpm_trigger_eff_bpm":500.0,"felt_bpm_trigger_peak_per_sec":200.0,"felt_bpm_target_peak_per_sec":100.0,"felt_bpm_floor":30.0,"jack_window_ticks":24,"soft_burst_ref":8.0,"soft_freq_ref":0.1,"soft_burst_exp":1.5,"soft_freq_exp":1.5,"chord_time_threshold_ms":16.67,"sp_distraction_min_scratches":3,"dp_distraction_window_sec_min":0.2,"dp_distraction_window_sec_max":0.8,"stream_density_ref_per_sec":40.0,"peak_density_ref_per_sec":70.0,"chord_size_ref":3.5,"ln_simultaneity_ref":0.05,"scratch_density_ref_per_sec":1.5,"scratch_ratio_ref":0.1,"distraction_density_ref":2.0,"distraction_event_ref":0.15},"raw_axes":{"chord":1.1612403100775195,"stream":20.127153101339545,"scratch":0.060861330007825294,"soft":0.0,"ln":0.0,"stair":0.11171450737005431,"peak":37.56666666666666,"distraction":1.294171220400729,"pure_jack_raw":0.26747146043826253,"flow_break_raw":0.14096818810511763},"x_chord":0.293,"x_stream":0.502,"x_scratch":0.145,"x_soft":0.0,"x_ln":0.0,"x_stair":0.329,"x_peak":0.606,"x_distraction":0.342,"jack_signal":0.303,"noise_budget":0.79,"submetrics":{"chord":{"chord_rate":0.4387596899224806,"avg_chord_size":2.646643109540636,"chord_positions":566,"total_positions":1290},"stream":{"stream_coverage":0.8793879387938794,"stream_density_mean":7.006433823529412,"stream_density_mean_per_sec":22.88768382352941,"stream_windows":32,"notes_in_stream":1954,"total_notes":2222,"intervals":[[3420,7728],[7836,7920],[7932,8112],[8220,8304],[8316,8568],[8604,8688],[8748,8880],[8988,9072],[9108,9312],[9324,9696],[9708,10800],[10908,10992],[11100,11184],[11292,11376],[11484,11568],[11676,11760],[11868,11952],[12060,12144],[12252,12336],[12420,12576],[12588,13152],[13164,13344],[13356,13860],[14112,14256],[14556,17688],[19056,20784],[20892,20976],[21084,21168],[21276,21360],[21468,21552],[21660,21744],[21852,21936]]},"scratch":{"scratch_ratio":0.062106210621062106,"scratch_positions_ratio":0.10697674418604651,"scratch_with_key_chord_rate":0.7898550724637681,"scratch_per_sec":0.9799556179520855,"scratch_burst_max_per_sec":10.0,"scratch_burst_window_sec":1.0,"scratch_notes":138,"scratch_positions":138,"total_notes":2222,"total_positions":1290,"chart_seconds":140.82270408163265},"soft":{"base_bpm":196.0,"intensity":0.0,"up_intensity":0.0,"down_intensity":0.0,"max_intensity":0.0,"max_up_intensity":0.0,"max_down_intensity":0.0,"step_frequency":0.0,"ramp_frequency":0.0,"continuity_beats":0.0,"off_base_note_ratio":0.0,"gimmick_burst_score":0.0,"max_off_base_density_per_beat":0.0,"base_mean_density_per_beat":4.826086956521739,"base_density_source":"on_base","distinct_off_base_bpm_count":0,"bpm_change_events":0,"measure_count":116},"ln":{"ln_ratio":0.0,"ln_hold_time_mean_beats":0.0,"ln_simultaneity_rate":0.0,"ln_simultaneity_weighted":0.0,"ln_count":0,"ln_positions":0,"total_notes":2222},"stair":{"stair_index":0.11171450737005431,"stair_transitions":144,"eligible_transitions":1289},"peak":{"peak_local_max_density":11.5,"peak_local_max_density_per_sec":37.56666666666666,"peak_max_chord_size":7,"peak_concentration":0.3487848784878488,"total_notes":2222,"intervals":[[4320,4656],[5940,6216],[7116,7740],[15144,15360],[15732,16272],[16500,17016],[17184,17676],[19524,20136],[20268,20748]]},"jack":{"jack_pairs":26,"jack_in_stream_pairs":13,"jack_outside_pairs":13,"pure_jack_per_sec":0.26747146043826253,"flow_break_per_stream_sec":0.14096818810511763,"stream_seconds":92.219387755102,"non_stream_seconds":48.603316326530646,"chart_seconds":140.82270408163265,"window_ticks":24,"min_region_sec":10.0},"distraction":{"mode_formulation":"SP","qualifying_window_count":7,"qualifying_scratches":100,"qualifying_flow_sec":74.69387755102039,"distract_density":1.3387978142076506,"distract_event_per_sec":0.09371584699453554,"scratch_chord_pair_count":145,"chord_time_threshold_sec":0.01667,"min_scratches":3}},"warnings":[],"tags":["scratch_active","scratch_burst"],"scales":["sl"]}