{"md5":"058166279df278ff728ff04067a83aa3","headers":{"title":"dolorosa melodia　-EX-","artist":"がむつ氏 + けえ氏/さ","genre":"GOTHIC HARDDANCE","playlevel":"12","base_bpm":170.0},"mode":"SP","scope":"playable_only","scaling_mode":"p99_linear","params":{"stream_window_ticks":48,"stream_density_threshold_per_beat":4.0,"peak_window_ticks":192,"peak_min_window_notes":4,"peak_min_window_sec":0.05,"felt_bpm_trigger_eff_bpm":500.0,"felt_bpm_trigger_peak_per_sec":200.0,"felt_bpm_target_peak_per_sec":100.0,"felt_bpm_floor":30.0,"jack_window_ticks":24,"soft_burst_ref":8.0,"soft_freq_ref":0.1,"soft_burst_exp":1.5,"soft_freq_exp":1.5,"chord_time_threshold_ms":16.67,"sp_distraction_min_scratches":3,"dp_distraction_window_sec_min":0.2,"dp_distraction_window_sec_max":0.8,"stream_density_ref_per_sec":40.0,"peak_density_ref_per_sec":70.0,"chord_size_ref":3.5,"ln_simultaneity_ref":0.05,"scratch_density_ref_per_sec":1.5,"scratch_ratio_ref":0.1,"distraction_density_ref":2.0,"distraction_event_ref":0.15},"raw_axes":{"chord":2.9758713136729225,"stream":29.186834946352764,"scratch":0.02087559583293229,"soft":0.020460668830896072,"ln":0.0,"stair":0.24955277280858676,"peak":41.08333333333333,"distraction":0.6037791230966797},"x_chord":0.773,"x_stream":0.748,"x_scratch":0.05,"x_soft":0.121,"x_ln":0.0,"x_stair":0.758,"x_peak":0.507,"x_distraction":0.162,"submetrics":{"chord":{"chord_rate":0.870420017873101,"avg_chord_size":3.4188911704312117,"chord_positions":974,"total_positions":1119},"stream":{"stream_coverage":0.9959712230215827,"stream_density_mean":9.406143344709898,"stream_density_mean_per_sec":29.304897844142115,"stream_windows":9,"notes_in_stream":3461,"total_notes":3475,"intervals":[[156,7895],[8052,8111],[8124,8207],[8220,8303],[8316,8495],[8508,8591],[8604,10211],[10284,13871],[13980,18647]]},"scratch":{"scratch_ratio":0.03136690647482014,"scratch_positions_ratio":0.09740840035746202,"scratch_with_key_chord_rate":0.981651376146789,"scratch_per_sec":0.6655293166921075,"scratch_burst_max_per_sec":5.0,"scratch_burst_window_sec":1.0,"scratch_notes":109,"scratch_positions":109,"total_notes":3475,"total_positions":1119,"chart_seconds":163.77941176470586},"soft":{"base_bpm":170.0,"intensity":0.010737410071942446,"up_intensity":0.0,"down_intensity":0.010737410071942446,"max_intensity":0.9375,"max_up_intensity":0.0,"max_down_intensity":0.9375,"step_frequency":0.04081632653061224,"ramp_frequency":0.030612244897959183,"continuity_beats":20.0,"off_base_note_ratio":0.020719424460431655,"gimmick_burst_score":0.5012863863569538,"max_off_base_density_per_beat":4.3125,"base_mean_density_per_beat":9.241847826086957,"base_density_source":"on_base","distinct_off_base_bpm_count":2,"bpm_change_events":4,"measure_count":98},"ln":{"ln_ratio":0.002302158273381295,"ln_hold_time_mean_beats":0.0,"ln_simultaneity_rate":0.0,"ln_simultaneity_weighted":0.0,"ln_count":8,"ln_positions":3,"total_notes":3475},"stair":{"stair_index":0.24955277280858676,"stair_transitions":279,"eligible_transitions":1118},"peak":{"peak_local_max_density":14.5,"peak_local_max_density_per_sec":41.08333333333333,"peak_max_chord_size":8,"peak_concentration":0.30503597122302156,"total_notes":3475,"intervals":[[3084,3359],[9972,10187],[14532,14831],[14940,15263],[15300,16175],[16212,18083],[18192,18623]]},"jack":{"jack_pairs":1,"jack_in_stream_pairs":1,"jack_outside_pairs":0,"pure_jack_per_sec":0.0,"flow_break_per_stream_sec":0.007038608839664633,"stream_seconds":142.07352941176467,"non_stream_seconds":21.705882352941188,"chart_seconds":163.77941176470586,"window_ticks":24,"min_region_sec":10.0},"distraction":{"mode_formulation":"SP","qualifying_window_count":4,"qualifying_scratches":108,"qualifying_flow_sec":133.60294117647055,"distract_density":0.8083654375343976,"distract_event_per_sec":0.02993946064942213,"scratch_chord_pair_count":226,"chord_time_threshold_sec":0.01667,"min_scratches":3}},"warnings":["Unterminated LNOBJ LN on lane P1_KEY2 started at m96 pos0.875; closing at EOF","Unterminated LNOBJ LN on lane P1_KEY3 started at m96 pos0.875; closing at EOF","Unterminated LNOBJ LN on lane P1_KEY4 started at m97 pos0.0; closing at EOF","Unterminated LNOBJ LN on lane P1_KEY1 started at m96 pos0.875; closing at EOF","Unterminated LNOBJ LN on lane P1_KEY5 started at m96 pos0.875; closing at EOF","Unterminated LNOBJ LN on lane P1_KEY7 started at m96 pos0.875; closing at EOF","Unterminated LNOBJ LN on lane P1_KEY6 started at m96 pos0.75; closing at EOF","Unterminated LNOBJ LN on lane P1_SCR started at m97 pos0.0; closing at EOF"],"tags":["chord_heavy","stream_heavy","soflan","stair_focused","peak_intense","big_chord_burst","dense_chart","chord_stream"],"scales":["st"]}