{"md5":"2542a148de9cbf4d5fb20c16c9fd981c","headers":{"title":"ENERGY SYNERGY MATRIX","artist":"Tanchiky","genre":"POWER BASS","playlevel":"12","base_bpm":160.0},"mode":"SP","scope":"playable_only","scaling_mode":"p99_linear","params":{"stream_window_ticks":48,"stream_density_threshold_per_beat":4.0,"peak_window_ticks":192,"peak_min_window_notes":4,"peak_min_window_sec":0.05,"felt_bpm_trigger_eff_bpm":500.0,"felt_bpm_trigger_peak_per_sec":200.0,"felt_bpm_target_peak_per_sec":100.0,"felt_bpm_floor":30.0,"jack_window_ticks":24,"soft_burst_ref":8.0,"soft_freq_ref":0.1,"soft_burst_exp":1.5,"soft_freq_exp":1.5,"chord_time_threshold_ms":16.67,"sp_distraction_min_scratches":3,"dp_distraction_window_sec_min":0.2,"dp_distraction_window_sec_max":0.8,"stream_density_ref_per_sec":40.0,"peak_density_ref_per_sec":70.0,"chord_size_ref":3.5,"ln_simultaneity_ref":0.05,"scratch_density_ref_per_sec":1.5,"scratch_ratio_ref":0.1,"distraction_density_ref":2.0,"distraction_event_ref":0.15},"raw_axes":{"chord":2.508281573498965,"stream":24.007673480102326,"scratch":0.04715010474925884,"soft":0.005995783361322235,"ln":0.042788638878642565,"stair":0.13575129533678756,"peak":38.0,"distraction":0.8949563898369359},"x_chord":0.651,"x_stream":0.595,"x_scratch":0.114,"x_soft":0.035,"x_ln":0.678,"x_stair":0.412,"x_peak":0.451,"x_distraction":0.241,"submetrics":{"chord":{"chord_rate":0.7018633540372671,"avg_chord_size":3.573746312684366,"chord_positions":678,"total_positions":966},"stream":{"stream_coverage":0.9797122832902988,"stream_density_mean":9.229623137598598,"stream_density_mean_per_sec":24.50482033304119,"stream_windows":8,"notes_in_stream":2656,"total_notes":2711,"intervals":[[312,6359],[6420,8111],[8640,8699],[8808,8879],[9408,9467],[9552,10979],[11100,15791],[15804,15959]]},"scratch":{"scratch_ratio":0.04869052010328292,"scratch_positions_ratio":0.13664596273291926,"scratch_with_key_chord_rate":0.9166666666666666,"scratch_per_sec":0.9683631361760661,"scratch_burst_max_per_sec":6.0,"scratch_burst_window_sec":1.0,"scratch_notes":132,"scratch_positions":132,"total_notes":2711,"total_positions":966,"chart_seconds":136.3125},"soft":{"base_bpm":160.0,"intensity":0.012910365178900773,"up_intensity":0.0,"down_intensity":0.012910365178900773,"max_intensity":0.5,"max_up_intensity":0.0,"max_down_intensity":0.5,"step_frequency":0.024096385542168676,"ramp_frequency":0.024096385542168676,"continuity_beats":32.0,"off_base_note_ratio":0.02582073035780155,"gimmick_burst_score":0.24882500949487277,"max_off_base_density_per_beat":2.1875,"base_mean_density_per_beat":8.791318864774624,"base_density_source":"on_base","distinct_off_base_bpm_count":1,"bpm_change_events":2,"measure_count":83},"ln":{"ln_ratio":0.025082995204721504,"ln_hold_time_mean_beats":1.275735294117647,"ln_simultaneity_rate":0.021394319439321283,"ln_simultaneity_weighted":0.042788638878642565,"ln_count":68,"ln_positions":15,"total_notes":2711},"stair":{"stair_index":0.13575129533678756,"stair_transitions":131,"eligible_transitions":965},"peak":{"peak_local_max_density":14.25,"peak_local_max_density_per_sec":38.0,"peak_max_chord_size":8,"peak_concentration":0.33198081888601993,"total_notes":2711,"intervals":[[1380,1799],[3204,3515],[6096,6335],[7608,8039],[11700,11927],[12420,12815],[12852,13079],[13212,13895],[14700,14939],[15180,15719]]},"jack":{"jack_pairs":76,"jack_in_stream_pairs":36,"jack_outside_pairs":40,"pure_jack_per_sec":1.7066666666666668,"flow_break_per_stream_sec":0.31893687707641194,"stream_seconds":112.875,"non_stream_seconds":23.4375,"chart_seconds":136.3125,"window_ticks":24,"min_region_sec":10.0},"distraction":{"mode_formulation":"SP","qualifying_window_count":5,"qualifying_scratches":130,"qualifying_flow_sec":109.875,"distract_density":1.1831626848691694,"distract_event_per_sec":0.04550625711035267,"scratch_chord_pair_count":282,"chord_time_threshold_sec":0.01667,"min_scratches":3}},"warnings":["Unterminated LNOBJ LN on lane P1_SCR started at m82 pos0.875; closing at EOF","Unterminated LNOBJ LN on lane P1_KEY7 started at m82 pos0.875; closing at EOF","Unterminated LNOBJ LN on lane P1_KEY2 started at m82 pos0.875; closing at EOF","Unterminated LNOBJ LN on lane P1_KEY6 started at m82 pos0.875; closing at EOF","Unterminated LNOBJ LN on lane P1_KEY1 started at m82 pos0.875; closing at EOF","Unterminated LNOBJ LN on lane P1_KEY3 started at m82 pos0.875; closing at EOF","Unterminated LNOBJ LN on lane P1_KEY4 started at m82 pos0.875; closing at EOF","Unterminated LNOBJ LN on lane P1_KEY5 started at m82 pos0.875; closing at EOF"],"tags":["chord_heavy","ln_chart","jack_chart","scratch_chord","big_chord_burst","dense_chart"],"scales":["★★"]}