{"md5":"47f7ee82250b34fe6c9dcba6acb110ef","headers":{"title":"チェケナ","artist":"Micelle","genre":"HardSRC","playlevel":"0","base_bpm":200.0},"mode":"SP","scope":"playable_only","scaling_mode":"percentile_rank","params":{"stream_window_ticks":48,"stream_density_threshold_per_beat":4.0,"peak_window_ticks":192,"jack_window_ticks":24,"soft_burst_ref":8.0,"soft_freq_ref":0.1,"soft_burst_exp":1.5,"soft_freq_exp":1.5,"chord_time_threshold_ms":16.67,"sp_distraction_min_scratches":3,"dp_distraction_window_sec_min":0.2,"dp_distraction_window_sec_max":0.8,"stream_density_ref_per_sec":40.0,"peak_density_ref_per_sec":70.0,"chord_size_ref":3.5,"ln_simultaneity_ref":0.05,"scratch_density_ref_per_sec":1.5,"scratch_ratio_ref":0.1,"distraction_density_ref":2.0,"distraction_event_ref":0.15},"raw_axes":{"chord":2.251506024096386,"stream":36.5539724892173,"scratch":0.014651865569133404,"soft":0.0,"ln":0.0,"stair":0.17709118311981914,"peak":60.833333333333336,"distraction":1.0792394768655895},"x_chord":0.7333902647309991,"x_stream":0.9687446626814689,"x_scratch":0.522801024765158,"x_soft":0.0,"x_ln":0.0,"x_stair":0.6871050384286934,"x_peak":0.9612297181895816,"x_distraction":0.7713065755764305,"submetrics":{"chord":{"chord_rate":0.6995481927710844,"avg_chord_size":3.218514531754575,"chord_positions":929,"total_positions":1328},"stream":{"stream_coverage":0.9790498672174682,"stream_density_mean":11.20595744680851,"stream_density_mean_per_sec":37.33617021276596,"stream_windows":13,"notes_in_stream":3318,"total_notes":3389,"intervals":[[156,1871],[1896,2303],[2316,3323],[3372,5015],[5340,6671],[6876,7727],[7836,8495],[8760,8867],[8904,9047],[9180,11183],[11772,12659],[12732,12899],[12924,16751]]},"scratch":{"scratch_ratio":0.021245205075243436,"scratch_positions_ratio":0.05421686746987952,"scratch_with_key_chord_rate":0.6666666666666666,"scratch_per_sec":0.689655172413793,"scratch_burst_max_per_sec":7.0,"scratch_burst_window_sec":1.0,"scratch_notes":72,"scratch_positions":72,"total_notes":3389,"total_positions":1328,"chart_seconds":104.4},"soft":{"base_bpm":200.0,"intensity":0.0,"up_intensity":0.0,"down_intensity":0.0,"max_intensity":0.0,"max_up_intensity":0.0,"max_down_intensity":0.0,"step_frequency":0.0,"ramp_frequency":0.0,"continuity_beats":0.0,"off_base_note_ratio":0.0,"gimmick_burst_score":0.0,"max_off_base_density_per_beat":0.0,"base_mean_density_per_beat":9.721264367816092,"base_density_source":"on_base","distinct_off_base_bpm_count":0,"bpm_change_events":0,"measure_count":88},"ln":{"ln_ratio":0.0,"ln_hold_time_mean_beats":0.0,"ln_simultaneity_rate":0.0,"ln_simultaneity_weighted":0.0,"ln_count":0,"ln_positions":0,"total_notes":3389},"stair":{"stair_index":0.17709118311981914,"stair_transitions":235,"eligible_transitions":1327},"peak":{"peak_local_max_density":18.25,"peak_local_max_density_per_sec":60.833333333333336,"peak_max_chord_size":8,"peak_concentration":0.3835939805252287,"total_notes":3389,"intervals":[[816,1091],[2820,3011],[4668,4991],[5772,5999],[9156,10715],[13056,13247],[13380,13619],[13812,14003],[14148,14411],[14592,14783],[14940,15455],[15660,15947],[16260,16523]]},"jack":{"jack_pairs":36,"jack_in_stream_pairs":20,"jack_outside_pairs":16,"pure_jack_per_sec":1.2851405622489942,"flow_break_per_stream_sec":0.21750951604132684,"stream_seconds":91.94999999999999,"non_stream_seconds":12.450000000000017,"chart_seconds":104.4,"window_ticks":24,"min_region_sec":10.0},"distraction":{"mode_formulation":"SP","qualifying_window_count":8,"qualifying_scratches":57,"qualifying_flow_sec":75.825,"distract_density":0.7517309594460929,"distract_event_per_sec":0.10550609957138146,"scratch_chord_pair_count":110,"chord_time_threshold_sec":0.01667,"min_scratches":3}},"warnings":[],"tags":["stream_heavy","peak_intense","jack_chart","big_chord_burst","dense_chart","fast_chart","pure_stream"],"scales":["st"]}