{"md5":"32388dd5d425e025cd651096501cf694","headers":{"title":"AIWS","artist":"くるぶっこちゃん","genre":"Instrumental","playlevel":"0","base_bpm":247.0},"mode":"SP","scope":"playable_only","scaling_mode":"p99_linear","params":{"stream_window_ticks":48,"stream_density_threshold_per_beat":4.0,"peak_window_ticks":192,"peak_min_window_notes":4,"peak_min_window_sec":0.05,"felt_bpm_trigger_eff_bpm":500.0,"felt_bpm_trigger_peak_per_sec":200.0,"felt_bpm_target_peak_per_sec":100.0,"felt_bpm_floor":30.0,"jack_window_ticks":24,"soft_burst_ref":8.0,"soft_freq_ref":0.1,"soft_burst_exp":1.5,"soft_freq_exp":1.5,"chord_time_threshold_ms":16.67,"sp_distraction_min_scratches":3,"sp_distraction_bin_sec":0.25,"sp_distraction_t_key":2,"sp_distraction_gap_bins":2,"dp_distraction_window_sec_min":0.2,"dp_distraction_window_sec_max":0.8,"stream_density_ref_per_sec":40.0,"peak_density_ref_per_sec":70.0,"chord_size_ref":3.5,"ln_simultaneity_ref":0.05,"scratch_density_ref_per_sec":1.5,"scratch_ratio_ref":0.1,"distraction_density_ref":2.0,"distraction_event_ref":0.15},"raw_axes":{"chord":3.992783505154639,"stream":38.57050202016612,"scratch_per_sec":0.29403767459163316,"scratch_burst_max_per_sec":5.0,"scratch_max_run_sec":1.2107793522267194,"soft":0.0,"stair":0.32116788321167883,"peak":53.516666666666666,"ln_m1_short_rate_rt":0.0,"ln_m2_density_rt":6.037777777777758,"ln_m2_burst_max_rt":88.0,"ln_m3_density_rt":6.037777777777758,"ln_m_concurrent_rt":3.0,"adv_hand_imb":0.0,"adv_rel_pressure_1beat":0.0,"adv_ln_hold_min_beats":15.0,"adv_ln_chord_big_rate":1.0,"adv_ln_scatter_cv":0.0,"distraction":1.6773512800568162},"x_chord":0.977,"x_stream":0.973,"x_scratch":0.114,"x_soft":0.0,"x_ln":0.806,"x_stair":0.91,"x_peak":0.897,"x_distraction":0.103,"ln_advanced_score":0.417,"submetrics":{"chord":{"chord_rate":0.8041237113402062,"avg_chord_size":4.9653846153846155,"chord_positions":780,"total_positions":970},"stream":{"stream_coverage":0.9703906444389152,"stream_density_mean":9.655238095238095,"stream_density_mean_per_sec":39.74739682539683,"stream_windows":26,"notes_in_stream":3900,"total_notes":4019,"intervals":[[1056,1104],[1152,1200],[1248,1296],[1344,1392],[1440,1488],[1584,1632],[1680,1728],[1776,1824],[1872,1920],[1968,2088],[2112,2160],[2208,2256],[2304,2352],[2400,2448],[2496,2544],[2640,2688],[2736,2784],[2832,2880],[2928,2976],[3024,5328],[7440,15312],[15756,15840],[16284,16368],[17100,19536],[19980,26592],[28092,28176]]},"scratch":{"scratch_ratio":0.010829436377061285,"scratch_positions_ratio":0.04536082474226804,"scratch_with_key_chord_rate":0.7727272727272727,"scratch_per_sec":0.29403767459163316,"scratch_burst_max_per_sec":5.0,"scratch_burst_window_sec":1.0,"scratch_max_run_sec":1.2107793522267194,"ls_count":2,"ls_per_sec":0.013365348845074234,"ls_complexity_mean":0,"scratch_notes":44,"scratch_positions":44,"total_notes":4063,"total_positions":970,"chart_seconds":149.6406882591093},"soft":{"base_bpm":247.0,"intensity":0.0,"up_intensity":0.0,"down_intensity":0.0,"max_intensity":0.0,"max_up_intensity":0.0,"max_down_intensity":0.0,"step_frequency":0.0,"ramp_frequency":0.0,"continuity_beats":0.0,"off_base_note_ratio":0.0,"gimmick_burst_score":0.0,"max_off_base_density_per_beat":0.0,"base_mean_density_per_beat":6.5941558441558445,"base_density_source":"on_base","distinct_off_base_bpm_count":0,"bpm_change_events":0,"measure_count":113},"ln":{"ln_ratio":0.002707359094265321,"ln_hold_time_mean_beats":5.454545454545454,"ln_simultaneity_rate":0.0009844942160964804,"ln_simultaneity_weighted":0.0039379768643859215,"ln_count":11,"ln_count_raw":11,"ln_positions":5,"total_notes":4063,"m1_short_count_rt":0,"m1_short_rate_rt":0.0,"m2_long_count_rt":4,"m2_density_rt":6.037777777777758,"m2_burst_max_rt":88.0,"m3_density_rt":6.037777777777758,"m_concurrent_rt":3.0,"total_long_sec":14.574898785425148,"long_active_sec":3.643724696356287,"long_hold_sec_mean":3.643724696356287,"long_hold_sec_max":3.643724696356287,"adv_hand_imb":0.0,"adv_rel_pressure_1beat":0.0,"adv_ln_hold_min_beats":15.0,"adv_ln_chord_big_rate":1.0,"adv_ln_scatter_cv":0.0},"stair":{"stair_index":0.32116788321167883,"stair_transitions":308,"eligible_transitions":959},"peak":{"peak_local_max_density":13.0,"peak_local_max_density_per_sec":53.516666666666666,"peak_max_chord_size":7,"peak_concentration":0.5108235879572033,"total_notes":4019,"intervals":[[3552,3840],[4080,4368],[4608,4896],[4968,5160],[9600,9912],[17760,18048],[18288,18576],[18816,19104],[19176,19368],[20136,24120],[24156,26592]]},"jack":{"jack_pairs":0,"jack_in_stream_pairs":0,"jack_outside_pairs":0,"pure_jack_per_sec":0.0,"flow_break_per_stream_sec":0.0,"stream_seconds":103.54251012145751,"non_stream_seconds":46.0981781376518,"chart_seconds":149.6406882591093,"window_ticks":24,"min_region_sec":10.0},"distraction":{"mode_formulation":"SP","v3_score":1.6773512800568162,"qualifying_intervals":4,"qualifying_flow_sec":97.25,"qualifying_scratches":29,"scratch_chord_pair_count":73,"chord_time_threshold_sec":0.01667,"min_scratches":3,"bin_sec":0.25,"t_key":2,"gap_bins":2}},"warnings":["Unterminated LNOBJ LN on lane P1_KEY2 started at m106 pos0.33333333; closing at EOF","Unterminated LNOBJ LN on lane P1_KEY4 started at m106 pos0.66666667; closing at EOF","Unterminated LNOBJ LN on lane P1_KEY6 started at m107 pos0.0; closing at EOF","Unterminated LNOBJ LN on lane P1_SCR started at m112 pos0.0; closing at EOF","Unterminated LNOBJ LN on lane P1_KEY5 started at m106 pos0.33333333; closing at EOF","Unterminated LNOBJ LN on lane P1_KEY7 started at m105 pos0.0; closing at EOF","Unterminated LNOBJ LN on lane P1_KEY1 started at m107 pos0.0; closing at EOF","Unterminated LNOBJ LN on lane P1_KEY3 started at m106 pos0.66666667; closing at EOF"],"axis_intensities":{"chord":"red","stream":"red","peak":"red","scratch":"yellow","soft":null,"ln":"yellow","stair":"red","distraction":"yellow"},"tags":["burst_focused","dense_chart"],"scales":["st"]}