{"md5":"5535963f58fef814d0663cc61432c822","headers":{"title":"drown again and again, in purgatory's river","artist":"polyform","genre":"Artcore[7keys_Maniac]","playlevel":"8","base_bpm":170.0},"mode":"SP","scope":"playable_only","scaling_mode":"reference","params":{"stream_window_ticks":48,"stream_density_threshold_per_beat":4.0,"peak_window_ticks":192,"jack_window_ticks":24,"soft_burst_ref":8.0,"soft_freq_ref":0.1,"soft_burst_exp":1.5,"soft_freq_exp":1.5,"chord_time_threshold_ms":16.67,"sp_distraction_min_scratches":3,"dp_distraction_window_sec_min":0.2,"dp_distraction_window_sec_max":0.8,"stream_density_ref_per_sec":40.0,"peak_density_ref_per_sec":70.0,"chord_size_ref":3.5,"ln_simultaneity_ref":0.05,"scratch_density_ref_per_sec":1.5,"scratch_ratio_ref":0.1,"distraction_density_ref":2.0,"distraction_event_ref":0.15},"x_chord":0.48376319657891215,"x_stream":0.6921955860721661,"x_scratch":0.11169743568418494,"x_soft":0.009676376391148746,"x_ln":1.0,"x_stair":0.15168539325842698,"x_peak":0.5970238095238095,"x_distraction":0.34229336554917944,"submetrics":{"chord":{"chord_rate":0.54911131898971,"avg_chord_size":3.0834752981260647,"chord_positions":587,"total_positions":1069},"stream":{"stream_coverage":0.9799301919720768,"stream_density_mean":9.98993288590604,"stream_density_mean_per_sec":28.254893736017898,"stream_windows":7,"notes_in_stream":2246,"total_notes":2292,"intervals":[[1608,1883],[1896,2267],[2280,2651],[2664,3035],[3048,7955],[8028,11159],[11292,12995]]},"scratch":{"scratch_ratio":0.026614310645724257,"scratch_positions_ratio":0.05706267539756782,"scratch_with_key_chord_rate":0.9836065573770492,"scratch_per_sec":0.6295340719380785,"scratch_burst_max_per_sec":3.0,"scratch_burst_window_sec":1.0,"scratch_notes":61,"scratch_positions":61,"total_notes":2292,"total_positions":1069,"chart_seconds":96.89705882352942},"soft":{"base_bpm":170.0,"intensity":0.000981675392670157,"up_intensity":0.0,"down_intensity":0.000981675392670157,"max_intensity":0.75,"max_up_intensity":0.0,"max_down_intensity":0.75,"step_frequency":0.029411764705882353,"ramp_frequency":0.029411764705882353,"continuity_beats":1.1458333333333333,"off_base_note_ratio":0.0013089005235602095,"gimmick_burst_score":1.235124508519004,"max_off_base_density_per_beat":2.618181818181818,"base_mean_density_per_beat":8.47908627874672,"base_density_source":"on_base","distinct_off_base_bpm_count":1,"bpm_change_events":2,"measure_count":68},"ln":{"ln_ratio":0.009598603839441536,"ln_hold_time_mean_beats":1.6609848484848484,"ln_simultaneity_rate":0.0924956369982548,"ln_simultaneity_weighted":0.0924956369982548,"ln_count":22,"ln_positions":22,"total_notes":2292},"stair":{"stair_index":0.15168539325842698,"stair_transitions":162,"eligible_transitions":1068},"peak":{"peak_local_max_density":14.75,"peak_local_max_density_per_sec":41.791666666666664,"peak_max_chord_size":6,"peak_concentration":0.41273996509598604,"total_notes":2292,"intervals":[[7704,7979],[8052,8267],[8424,8651],[8820,9035],[9192,9419],[9564,9815],[9924,10187],[10356,10571],[10692,10955],[11316,11543],[11556,12887]]},"jack":{"jack_pairs":11,"jack_in_stream_pairs":10,"jack_outside_pairs":1,"pure_jack_per_sec":0.07032057911065151,"flow_break_per_stream_sec":0.12095339736748487,"stream_seconds":82.6764705882353,"non_stream_seconds":14.220588235294116,"chart_seconds":96.89705882352942,"window_ticks":24,"min_region_sec":10.0},"distraction":{"mode_formulation":"SP","qualifying_window_count":3,"qualifying_scratches":60,"qualifying_flow_sec":73.03676470588238,"distract_density":0.8215040773180305,"distract_event_per_sec":0.04107520386590153,"scratch_chord_pair_count":81,"chord_time_threshold_sec":0.01667,"min_scratches":3}},"warnings":[],"tags":["ln_chart","dense_chart"],"scales":["sl"]}