{"md5":"fc33c6c10969eaba828fbe60b22dfc14","headers":{"title":"恋わずらい -shiny party floor- GOD","artist":"ねこみみ魔法使い","genre":"finy jazzy pop'n(7key)","playlevel":"20","base_bpm":214.0},"mode":"SP","scope":"playable_only","scaling_mode":"p99_linear","params":{"stream_window_ticks":48,"stream_density_threshold_per_beat":4.0,"peak_window_ticks":192,"peak_min_window_notes":4,"peak_min_window_sec":0.05,"felt_bpm_trigger_eff_bpm":500.0,"felt_bpm_trigger_peak_per_sec":200.0,"felt_bpm_target_peak_per_sec":100.0,"felt_bpm_floor":30.0,"jack_window_ticks":24,"soft_burst_ref":8.0,"soft_freq_ref":0.1,"soft_burst_exp":1.5,"soft_freq_exp":1.5,"chord_time_threshold_ms":16.67,"sp_distraction_min_scratches":3,"sp_distraction_bin_sec":0.25,"sp_distraction_t_key":2,"sp_distraction_gap_bins":2,"dp_distraction_window_sec_min":0.2,"dp_distraction_window_sec_max":0.8,"stream_density_ref_per_sec":40.0,"peak_density_ref_per_sec":70.0,"chord_size_ref":3.5,"ln_simultaneity_ref":0.05,"scratch_density_ref_per_sec":1.5,"scratch_ratio_ref":0.1,"distraction_density_ref":2.0,"distraction_event_ref":0.15},"raw_axes":{"chord":1.8836789900811541,"stream":20.4857143937227,"scratch_per_sec":0.8749574105621806,"scratch_burst_max_per_sec":5.0,"scratch_max_run_sec":1.2149532710280369,"soft":0.0,"stair":0.16003616636528029,"peak":42.800000000000004,"ln_m1_short_rate_rt":0.0,"ln_m2_density_rt":0.0,"ln_m2_burst_max_rt":0.0,"ln_m3_density_rt":0.0,"ln_m_concurrent_rt":0.0,"adv_hand_imb":0.0,"adv_rel_pressure_1beat":0.0,"adv_ln_hold_min_beats":0.0,"adv_ln_chord_big_rate":0.0,"adv_ln_scatter_cv":0.0,"distraction":4.49144804088586},"x_chord":0.484,"x_stream":0.528,"x_scratch":0.139,"x_soft":0.0,"x_ln":0.0,"x_stair":0.453,"x_peak":0.718,"x_distraction":0.276,"ln_advanced_score":0.0,"submetrics":{"chord":{"chord_rate":0.7267808836789901,"avg_chord_size":2.5918114143920596,"chord_positions":806,"total_positions":1109},"stream":{"stream_coverage":0.9545255793616091,"stream_density_mean":6.017291066282421,"stream_density_mean_per_sec":21.461671469740637,"stream_windows":28,"notes_in_stream":2183,"total_notes":2287,"intervals":[[276,396],[600,840],[1044,1164],[1368,1608],[1644,3864],[3900,4032],[4044,4104],[4164,4608],[4620,4800],[4812,6192],[6228,6720],[6732,7200],[7212,7488],[7500,9264],[9300,10080],[10092,10944],[10956,11232],[11244,11568],[11652,12684],[12780,12888],[13080,13320],[13524,13644],[13848,14088],[14124,17592],[17604,17904],[17964,18072],[18252,18360],[18372,20568]]},"scratch":{"scratch_ratio":0.04389632107023411,"scratch_positions_ratio":0.09467989179440937,"scratch_with_key_chord_rate":0.9809523809523809,"scratch_per_sec":0.8749574105621806,"scratch_burst_max_per_sec":5.0,"scratch_burst_window_sec":1.0,"scratch_max_run_sec":1.2149532710280369,"ls_count":0,"ls_per_sec":0.0,"ls_complexity_mean":0.0,"scratch_notes":105,"scratch_positions":105,"total_notes":2392,"total_positions":1109,"chart_seconds":120.00584112149532},"soft":{"base_bpm":214.0,"intensity":0.0,"up_intensity":0.0,"down_intensity":0.0,"max_intensity":0.0,"max_up_intensity":0.0,"max_down_intensity":0.0,"step_frequency":0.0,"ramp_frequency":0.0,"continuity_beats":0.0,"off_base_note_ratio":0.0,"gimmick_burst_score":0.0,"max_off_base_density_per_beat":0.0,"base_mean_density_per_beat":5.58411214953271,"base_density_source":"on_base","distinct_off_base_bpm_count":0,"bpm_change_events":0,"measure_count":108},"ln":{"ln_ratio":0.0,"ln_hold_time_mean_beats":0.0,"ln_simultaneity_rate":0.0,"ln_simultaneity_weighted":0.0,"ln_count":0,"ln_count_raw":0,"ln_positions":0,"total_notes":2392,"m1_short_count_rt":0,"m1_short_rate_rt":0.0,"m2_long_count_rt":0,"m2_density_rt":0.0,"m2_burst_max_rt":0.0,"m3_density_rt":0.0,"m_concurrent_rt":0.0,"total_long_sec":0.0,"long_active_sec":0.0,"long_hold_sec_mean":0.0,"long_hold_sec_max":0.0,"adv_hand_imb":0.0,"adv_rel_pressure_1beat":0.0,"adv_ln_hold_min_beats":0.0,"adv_ln_chord_big_rate":0.0,"adv_ln_scatter_cv":0.0},"stair":{"stair_index":0.16003616636528029,"stair_transitions":177,"eligible_transitions":1106},"peak":{"peak_local_max_density":12.0,"peak_local_max_density_per_sec":42.800000000000004,"peak_max_chord_size":5,"peak_concentration":0.3690424136423262,"total_notes":2287,"intervals":[[1716,2184],[2328,3084],[9468,9708],[9804,9996],[10188,10380],[10536,10728],[10920,11232],[12456,12672],[14220,14520],[14628,15144],[15660,15972],[16800,17544],[18744,19128],[19596,19788],[19944,20592]]},"jack":{"jack_pairs":15,"jack_in_stream_pairs":7,"jack_outside_pairs":8,"pure_jack_per_sec":0.6007017543859628,"flow_break_per_stream_sec":0.06561182589652344,"stream_seconds":106.68808411214948,"non_stream_seconds":13.31775700934584,"chart_seconds":120.00584112149532,"window_ticks":24,"min_region_sec":10.0},"distraction":{"mode_formulation":"SP","v3_score":4.49144804088586,"qualifying_intervals":1,"qualifying_flow_sec":118.5,"qualifying_scratches":105,"scratch_chord_pair_count":131,"chord_time_threshold_sec":0.01667,"min_scratches":3,"bin_sec":0.25,"t_key":2,"gap_bins":2}},"warnings":[],"axis_intensities":{"chord":"yellow","stream":"yellow","peak":"red","scratch":"yellow","soft":null,"ln":null,"stair":"yellow","distraction":"red"},"tags":[],"scales":["★"]}