{"md5":"6eab44ebe4d61f16e06c67ef45024e56","headers":{"title":"Fiore Tempesta [百花繚乱]","artist":"ROKINA on schwarzekugel","genre":"HARD WALTZ","playlevel":"19","base_bpm":222.0},"mode":"SP","scope":"playable_only","scaling_mode":"p99_linear","params":{"stream_window_ticks":48,"stream_density_threshold_per_beat":4.0,"peak_window_ticks":192,"peak_min_window_notes":4,"peak_min_window_sec":0.05,"felt_bpm_trigger_eff_bpm":500.0,"felt_bpm_trigger_peak_per_sec":200.0,"felt_bpm_target_peak_per_sec":100.0,"felt_bpm_floor":30.0,"jack_window_ticks":24,"soft_burst_ref":8.0,"soft_freq_ref":0.1,"soft_burst_exp":1.5,"soft_freq_exp":1.5,"chord_time_threshold_ms":16.67,"sp_distraction_min_scratches":3,"sp_distraction_bin_sec":0.25,"sp_distraction_t_key":2,"sp_distraction_gap_bins":2,"dp_distraction_window_sec_min":0.2,"dp_distraction_window_sec_max":0.8,"stream_density_ref_per_sec":40.0,"peak_density_ref_per_sec":70.0,"chord_size_ref":3.5,"ln_simultaneity_ref":0.05,"scratch_density_ref_per_sec":1.5,"scratch_ratio_ref":0.1,"distraction_density_ref":2.0,"distraction_event_ref":0.15},"raw_axes":{"chord":2.275521405049396,"stream":22.51638875233302,"scratch_per_sec":0.7806966410244158,"scratch_burst_max_per_sec":8.0,"scratch_max_run_sec":3.513513513513516,"soft":0.0,"stair":0.17692307692307693,"peak":39.775,"ln_m1_short_rate_rt":0.0,"ln_m2_density_rt":0.0,"ln_m2_burst_max_rt":0.0,"ln_m3_density_rt":0.0,"ln_m_concurrent_rt":0.0,"adv_hand_imb":0.0,"adv_rel_pressure_1beat":0.0,"adv_ln_hold_min_beats":0.0,"adv_ln_chord_big_rate":0.0,"adv_ln_scatter_cv":0.0,"distraction":5.201815662477902},"x_chord":0.584,"x_stream":0.581,"x_scratch":0.204,"x_soft":0.0,"x_ln":0.0,"x_stair":0.501,"x_peak":0.667,"x_distraction":0.32,"ln_advanced_score":0.0,"submetrics":{"chord":{"chord_rate":0.6410537870472008,"avg_chord_size":3.5496575342465753,"chord_positions":584,"total_positions":911},"stream":{"stream_coverage":0.92157712305026,"stream_density_mean":6.603365384615385,"stream_density_mean_per_sec":24.432451923076922,"stream_windows":28,"notes_in_stream":2127,"total_notes":2308,"intervals":[[1476,1536],[1620,1704],[1740,1944],[2052,2112],[2196,2328],[2340,2520],[2532,2592],[2604,2760],[2772,3168],[3180,8424],[9480,9600],[9948,10008],[10116,10176],[10260,10320],[10380,10440],[10524,11856],[11868,13044],[13128,13224],[13356,13800],[13836,15048],[15228,15348],[15420,15504],[15540,15792],[15804,15864],[15972,16368],[16428,19968],[20268,20712],[20748,20976]]},"scratch":{"scratch_ratio":0.03833333333333333,"scratch_positions_ratio":0.10098792535675083,"scratch_with_key_chord_rate":1.0,"scratch_per_sec":0.7806966410244158,"scratch_burst_max_per_sec":8.0,"scratch_burst_window_sec":1.0,"scratch_max_run_sec":3.513513513513516,"ls_count":0,"ls_per_sec":0.0,"ls_complexity_mean":0.0,"scratch_notes":92,"scratch_positions":92,"total_notes":2400,"total_positions":911,"chart_seconds":117.84346846846847},"soft":{"base_bpm":222.0,"intensity":0.0,"up_intensity":0.0,"down_intensity":0.0,"max_intensity":0.0,"max_up_intensity":0.0,"max_down_intensity":0.0,"step_frequency":0.0,"ramp_frequency":0.0,"continuity_beats":0.0,"off_base_note_ratio":0.0,"gimmick_burst_score":0.0,"max_off_base_density_per_beat":0.0,"base_mean_density_per_beat":5.490825688073395,"base_density_source":"on_base","distinct_off_base_bpm_count":0,"bpm_change_events":0,"measure_count":146},"ln":{"ln_ratio":0.0,"ln_hold_time_mean_beats":0.0,"ln_simultaneity_rate":0.0,"ln_simultaneity_weighted":0.0,"ln_count":0,"ln_count_raw":0,"ln_positions":0,"total_notes":2400,"m1_short_count_rt":0,"m1_short_rate_rt":0.0,"m2_long_count_rt":0,"m2_density_rt":0.0,"m2_burst_max_rt":0.0,"m3_density_rt":0.0,"m_concurrent_rt":0.0,"total_long_sec":0.0,"long_active_sec":0.0,"long_hold_sec_mean":0.0,"long_hold_sec_max":0.0,"adv_hand_imb":0.0,"adv_rel_pressure_1beat":0.0,"adv_ln_hold_min_beats":0.0,"adv_ln_chord_big_rate":0.0,"adv_ln_scatter_cv":0.0},"stair":{"stair_index":0.17692307692307693,"stair_transitions":161,"eligible_transitions":910},"peak":{"peak_local_max_density":10.75,"peak_local_max_density_per_sec":39.775,"peak_max_chord_size":7,"peak_concentration":0.3466204506065858,"total_notes":2308,"intervals":[[6996,7200],[10908,11376],[11412,11856],[12600,13056],[14376,15072],[17388,17688],[17892,19992]]},"jack":{"jack_pairs":0,"jack_in_stream_pairs":0,"jack_outside_pairs":0,"pure_jack_per_sec":0.0,"flow_break_per_stream_sec":0.0,"stream_seconds":91.62725225225228,"non_stream_seconds":26.216216216216196,"chart_seconds":117.84346846846847,"window_ticks":24,"min_region_sec":10.0},"distraction":{"mode_formulation":"SP","v3_score":5.201815662477902,"qualifying_intervals":1,"qualifying_flow_sec":116.0,"qualifying_scratches":92,"scratch_chord_pair_count":163,"chord_time_threshold_sec":0.01667,"min_scratches":3,"bin_sec":0.25,"t_key":2,"gap_bins":2}},"warnings":[],"axis_intensities":{"chord":"red","stream":"yellow","peak":"red","scratch":"red","soft":null,"ln":null,"stair":"red","distraction":"red"},"tags":[],"scales":["st"]}