{"md5":"d1877ad5dc0134b27eb0238da5721eed","headers":{"title":"Pure Ruby -JUNK7-","artist":"SHIKI / obj:sok","genre":"TRANCE CORE","playlevel":"12","base_bpm":178.0},"mode":"SP","scope":"playable_only","scaling_mode":"p99_linear","params":{"stream_window_ticks":48,"stream_density_threshold_per_beat":4.0,"peak_window_ticks":192,"peak_min_window_notes":4,"peak_min_window_sec":0.05,"felt_bpm_trigger_eff_bpm":500.0,"felt_bpm_trigger_peak_per_sec":200.0,"felt_bpm_target_peak_per_sec":100.0,"felt_bpm_floor":30.0,"jack_window_ticks":24,"soft_burst_ref":8.0,"soft_freq_ref":0.1,"soft_burst_exp":1.5,"soft_freq_exp":1.5,"chord_time_threshold_ms":16.67,"sp_distraction_min_scratches":3,"dp_distraction_window_sec_min":0.2,"dp_distraction_window_sec_max":0.8,"stream_density_ref_per_sec":40.0,"peak_density_ref_per_sec":70.0,"chord_size_ref":3.5,"ln_simultaneity_ref":0.05,"scratch_density_ref_per_sec":1.5,"scratch_ratio_ref":0.1,"distraction_density_ref":2.0,"distraction_event_ref":0.15},"raw_axes":{"chord":1.2549019607843137,"stream":16.373990707643735,"scratch":0.0007788786299126223,"soft":0.0,"ln":0.0,"stair":0.13631406761177753,"peak":27.441666666666666,"distraction":0.362962962962963,"pure_jack_raw":0.0,"flow_break_raw":0.026049574682154946},"x_chord":0.316,"x_stream":0.408,"x_scratch":0.002,"x_soft":0.0,"x_ln":0.0,"x_stair":0.402,"x_peak":0.443,"x_distraction":0.096,"jack_signal":0.024,"noise_budget":0.122,"submetrics":{"chord":{"chord_rate":0.5381263616557734,"avg_chord_size":2.331983805668016,"chord_positions":494,"total_positions":918},"stream":{"stream_coverage":0.8546954314720813,"stream_density_mean":6.457648546144122,"stream_density_mean_per_sec":19.157690686894227,"stream_windows":38,"notes_in_stream":1347,"total_notes":1576,"intervals":[[204,348],[396,540],[588,732],[912,1008],[1032,1392],[1416,1776],[1800,2520],[2844,2928],[3144,3288],[3372,3456],[3564,3648],[3684,3744],[3756,3840],[3876,3936],[3948,4032],[4140,4248],[4380,4464],[4680,4824],[4908,4992],[5100,5184],[5220,5280],[5292,5376],[5412,5472],[5484,5568],[5676,5784],[5916,6048],[6060,6168],[6180,6240],[6252,6360],[6420,6480],[6636,6756],[7020,7128],[7296,7392],[7404,10596],[12012,12132],[12408,12456],[12780,12864],[13560,16728]]},"scratch":{"scratch_ratio":0.007614213197969543,"scratch_positions_ratio":0.013071895424836602,"scratch_with_key_chord_rate":0.9166666666666666,"scratch_per_sec":0.1022927267285244,"scratch_burst_max_per_sec":1.0,"scratch_burst_window_sec":1.0,"scratch_notes":12,"scratch_positions":12,"total_notes":1576,"total_positions":918,"chart_seconds":117.31039325842697},"soft":{"base_bpm":178.0,"intensity":0.0,"up_intensity":0.0,"down_intensity":0.0,"max_intensity":0.0,"max_up_intensity":0.0,"max_down_intensity":0.0,"step_frequency":0.0,"ramp_frequency":0.0,"continuity_beats":0.0,"off_base_note_ratio":0.0,"gimmick_burst_score":0.0,"max_off_base_density_per_beat":0.0,"base_mean_density_per_beat":4.525862068965517,"base_density_source":"on_base","distinct_off_base_bpm_count":0,"bpm_change_events":0,"measure_count":88},"ln":{"ln_ratio":0.0,"ln_hold_time_mean_beats":0.0,"ln_simultaneity_rate":0.0,"ln_simultaneity_weighted":0.0,"ln_count":0,"ln_positions":0,"total_notes":1576},"stair":{"stair_index":0.13631406761177753,"stair_transitions":125,"eligible_transitions":917},"peak":{"peak_local_max_density":9.25,"peak_local_max_density_per_sec":27.441666666666666,"peak_max_chord_size":5,"peak_concentration":0.2753807106598985,"total_notes":1576,"intervals":[[7404,7656],[8196,8400],[10344,10608],[13560,15180],[16368,16740]]},"jack":{"jack_pairs":2,"jack_in_stream_pairs":2,"jack_outside_pairs":0,"pure_jack_per_sec":0.0,"flow_break_per_stream_sec":0.026049574682154946,"stream_seconds":76.77668539325842,"non_stream_seconds":40.53370786516855,"chart_seconds":117.31039325842697,"window_ticks":24,"min_region_sec":10.0},"distraction":{"mode_formulation":"SP","qualifying_window_count":1,"qualifying_scratches":3,"qualifying_flow_sec":22.5,"distract_density":0.13333333333333333,"distract_event_per_sec":0.044444444444444446,"scratch_chord_pair_count":12,"chord_time_threshold_sec":0.01667,"min_scratches":3}},"warnings":[],"tags":["sustained"],"scales":["★"]}