{"md5":"9106b18fe05a744a59a1abf0f78d7193","headers":{"title":"Platinum[sLUNATIC]","artist":"DJ.kari / obj.swa","genre":"Machine Sequencer","playlevel":"20","base_bpm":420.0},"mode":"SP","scope":"playable_only","scaling_mode":"p99_linear","params":{"stream_window_ticks":48,"stream_density_threshold_per_beat":4.0,"peak_window_ticks":192,"peak_min_window_notes":4,"felt_bpm_trigger_eff_bpm":500.0,"felt_bpm_trigger_peak_per_sec":200.0,"felt_bpm_target_peak_per_sec":100.0,"felt_bpm_floor":30.0,"jack_window_ticks":24,"soft_burst_ref":8.0,"soft_freq_ref":0.1,"soft_burst_exp":1.5,"soft_freq_exp":1.5,"chord_time_threshold_ms":16.67,"sp_distraction_min_scratches":3,"dp_distraction_window_sec_min":0.2,"dp_distraction_window_sec_max":0.8,"stream_density_ref_per_sec":40.0,"peak_density_ref_per_sec":70.0,"chord_size_ref":3.5,"ln_simultaneity_ref":0.05,"scratch_density_ref_per_sec":1.5,"scratch_ratio_ref":0.1,"distraction_density_ref":2.0,"distraction_event_ref":0.15},"raw_axes":{"chord":2.0827147401908803,"stream":27.643862097421994,"scratch":0.019941360679668563,"soft":0.1885429219857406,"ln":0.0,"stair":0.18471337579617833,"peak":62.72368421052632,"distraction":1.2266658755261994},"x_chord":0.541,"x_stream":0.686,"x_scratch":0.048,"x_soft":1.0,"x_ln":0.0,"x_stair":0.561,"x_peak":0.763,"x_distraction":0.331,"submetrics":{"chord":{"chord_rate":0.7667020148462355,"avg_chord_size":2.7164591977869987,"chord_positions":723,"total_positions":943},"stream":{"stream_coverage":0.7907509157509157,"stream_density_mean":6.083948339483395,"stream_density_mean_per_sec":34.95900105429626,"stream_windows":76,"notes_in_stream":1727,"total_notes":2184,"intervals":[[348,431],[1884,1967],[2580,2639],[2652,2711],[3252,3335],[3420,3503],[3516,3599],[3612,3743],[4092,4175],[4380,4511],[4572,4847],[4860,4943],[4956,5039],[5052,5135],[5196,5279],[5628,5711],[5724,5807],[5916,6047],[6108,6191],[6204,6335],[6420,6563],[9420,9479],[9564,9647],[9660,9743],[9756,9839],[9852,9935],[9948,10031],[10044,10127],[10140,10223],[10236,10319],[10332,10415],[10428,10511],[10524,10607],[10620,10703],[10716,10799],[10812,10895],[10908,10991],[11004,11087],[11100,11183],[11196,11279],[11292,11375],[11388,11471],[11484,11567],[11580,11663],[11676,11759],[11772,11855],[11868,11951],[11964,12047],[12060,12143],[12156,12239],[12252,12335],[12348,17711],[17724,17903],[17916,17999],[18036,18095],[18108,18287],[18300,18383],[18396,18479],[18492,18671],[18684,18767],[18804,19151],[19164,19247],[19260,19439],[19452,19535],[19548,19631],[19644,19919],[19932,20015],[20028,20207],[20220,20303],[20316,20399],[20412,20591],[20604,20687],[20700,21839],[21852,22223],[22236,23807],[24540,24959]]},"scratch":{"scratch_ratio":0.028388278388278388,"scratch_positions_ratio":0.06574761399787911,"scratch_with_key_chord_rate":0.967741935483871,"scratch_per_sec":0.7024505116838087,"scratch_burst_max_per_sec":8.0,"scratch_burst_window_sec":1.0,"scratch_notes":62,"scratch_positions":62,"total_notes":2184,"total_positions":943,"chart_seconds":88.2624454943921},"soft":{"base_bpm":420.0,"intensity":0.1306035234606663,"up_intensity":0.0,"down_intensity":0.1306035234606663,"max_intensity":0.7142857142857143,"max_up_intensity":0.0,"max_down_intensity":0.7142857142857143,"step_frequency":0.06923076923076923,"ramp_frequency":0.015384615384615385,"continuity_beats":88.0625,"off_base_note_ratio":0.3333333333333333,"gimmick_burst_score":2.723397762016253,"max_off_base_density_per_beat":9.0,"base_mean_density_per_beat":3.2974619289340104,"base_density_source":"on_base","distinct_off_base_bpm_count":8,"bpm_change_events":9,"measure_count":130},"ln":{"ln_ratio":0.0,"ln_hold_time_mean_beats":0.0,"ln_simultaneity_rate":0.0,"ln_simultaneity_weighted":0.0,"ln_count":0,"ln_positions":0,"total_notes":2184},"stair":{"stair_index":0.18471337579617833,"stair_transitions":174,"eligible_transitions":942},"peak":{"peak_local_max_density":10.5,"peak_local_max_density_per_sec":62.72368421052632,"peak_max_chord_size":6,"peak_concentration":0.288003663003663,"total_notes":2184,"intervals":[[13332,13691],[13860,14051],[14172,16955]]},"jack":{"jack_pairs":0,"jack_in_stream_pairs":0,"jack_outside_pairs":0,"pure_jack_per_sec":0.0,"flow_break_per_stream_sec":0.0,"stream_seconds":62.22673120867783,"non_stream_seconds":26.035714285714263,"chart_seconds":88.2624454943921,"window_ticks":24,"min_region_sec":10.0},"distraction":{"mode_formulation":"SP","qualifying_window_count":3,"qualifying_scratches":48,"qualifying_flow_sec":35.869588351534965,"distract_density":1.3381809551194903,"distract_event_per_sec":0.08363630969496814,"scratch_chord_pair_count":83,"chord_time_threshold_sec":0.01667,"min_scratches":3}},"warnings":[],"tags":["stream_heavy","soflan","peak_intense","peak_outlier","dense_chart","fast_chart","pure_stream"],"scales":["★★"]}