{"md5":"dc4bdb6b64a7147541f195079cc33cd5","headers":{"title":"Chronostasis","artist":"黒皇帝","genre":"TIMELESS ARTCORE","playlevel":"13","base_bpm":196.0},"mode":"SP","scope":"playable_only","scaling_mode":"p99_linear","params":{"stream_window_ticks":48,"stream_density_threshold_per_beat":4.0,"peak_window_ticks":192,"peak_min_window_notes":4,"peak_min_window_sec":0.05,"felt_bpm_trigger_eff_bpm":500.0,"felt_bpm_trigger_peak_per_sec":200.0,"felt_bpm_target_peak_per_sec":100.0,"felt_bpm_floor":30.0,"jack_window_ticks":24,"soft_burst_ref":8.0,"soft_freq_ref":0.1,"soft_burst_exp":1.5,"soft_freq_exp":1.5,"chord_time_threshold_ms":16.67,"sp_distraction_min_scratches":3,"dp_distraction_window_sec_min":0.2,"dp_distraction_window_sec_max":0.8,"stream_density_ref_per_sec":40.0,"peak_density_ref_per_sec":70.0,"chord_size_ref":3.5,"ln_simultaneity_ref":0.05,"scratch_density_ref_per_sec":1.5,"scratch_ratio_ref":0.1,"distraction_density_ref":2.0,"distraction_event_ref":0.15},"raw_axes":{"chord":1.2941988950276242,"stream":24.1022387252117,"scratch":0.016217440210918768,"soft":0.0,"ln":0.0,"stair":0.14858327574291638,"peak":38.38333333333333,"distraction":0.6267119411431807,"pure_jack_raw":0.02716092153126622,"flow_break_raw":0.07691930340936966},"x_chord":0.326,"x_stream":0.601,"x_scratch":0.039,"x_soft":0.0,"x_ln":0.0,"x_stair":0.438,"x_peak":0.619,"x_distraction":0.166,"jack_signal":0.089,"noise_budget":0.294,"submetrics":{"chord":{"chord_rate":0.4544198895027624,"avg_chord_size":2.8480243161094223,"chord_positions":658,"total_positions":1448},"stream":{"stream_coverage":0.9512012012012012,"stream_density_mean":7.756756756756757,"stream_density_mean_per_sec":25.338738738738737,"stream_windows":15,"notes_in_stream":2534,"total_notes":2664,"intervals":[[2268,2328],[3420,10800],[10908,10992],[11100,11184],[11292,11376],[11484,11568],[11676,11760],[11868,11952],[12060,12144],[12252,12336],[12420,12528],[12588,12888],[12912,14016],[14028,14256],[14304,20760]]},"scratch":{"scratch_ratio":0.02927927927927928,"scratch_positions_ratio":0.05386740331491713,"scratch_with_key_chord_rate":0.9615384615384616,"scratch_per_sec":0.5538879579729179,"scratch_burst_max_per_sec":8.0,"scratch_burst_window_sec":1.0,"scratch_notes":78,"scratch_positions":78,"total_notes":2664,"total_positions":1448,"chart_seconds":140.82270408163265},"soft":{"base_bpm":196.0,"intensity":0.0,"up_intensity":0.0,"down_intensity":0.0,"max_intensity":0.0,"max_up_intensity":0.0,"max_down_intensity":0.0,"step_frequency":0.0,"ramp_frequency":0.0,"continuity_beats":0.0,"off_base_note_ratio":0.0,"gimmick_burst_score":0.0,"max_off_base_density_per_beat":0.0,"base_mean_density_per_beat":5.789130434782609,"base_density_source":"on_base","distinct_off_base_bpm_count":0,"bpm_change_events":0,"measure_count":116},"ln":{"ln_ratio":0.0,"ln_hold_time_mean_beats":0.0,"ln_simultaneity_rate":0.0,"ln_simultaneity_weighted":0.0,"ln_count":0,"ln_positions":0,"total_notes":2664},"stair":{"stair_index":0.14858327574291638,"stair_transitions":215,"eligible_transitions":1447},"peak":{"peak_local_max_density":11.75,"peak_local_max_density_per_sec":38.38333333333333,"peak_max_chord_size":7,"peak_concentration":0.38813813813813813,"total_notes":2664,"intervals":[[3444,3816],[4212,4752],[5952,6288],[6900,7692],[15672,16284],[16428,16788],[16848,17712],[19428,19812],[19932,20124],[20268,20760]]},"jack":{"jack_pairs":9,"jack_in_stream_pairs":8,"jack_outside_pairs":1,"pure_jack_per_sec":0.02716092153126622,"flow_break_per_stream_sec":0.07691930340936966,"stream_seconds":104.0051020408163,"non_stream_seconds":36.817602040816354,"chart_seconds":140.82270408163265,"window_ticks":24,"min_region_sec":10.0},"distraction":{"mode_formulation":"SP","qualifying_window_count":3,"qualifying_scratches":73,"qualifying_flow_sec":90.15306122448978,"distract_density":0.8097340124504813,"distract_event_per_sec":0.03327674023769101,"scratch_chord_pair_count":101,"chord_time_threshold_sec":0.01667,"min_scratches":3}},"warnings":[],"tags":[],"scales":["st"]}