{"md5":"1a8b00b4738a39274a2e7873abbb697e","headers":{"title":"fragment of tears [Phase2]","artist":"五条下位＆仲村芽衣子 // movie: kagi55x　// obj:MOK2","genre":"HYPER J-POP YUKIATSU","playlevel":"12","base_bpm":175.0},"mode":"SP","scope":"playable_only","scaling_mode":"p99_linear","params":{"stream_window_ticks":48,"stream_density_threshold_per_beat":4.0,"peak_window_ticks":192,"peak_min_window_notes":4,"peak_min_window_sec":0.05,"felt_bpm_trigger_eff_bpm":500.0,"felt_bpm_trigger_peak_per_sec":200.0,"felt_bpm_target_peak_per_sec":100.0,"felt_bpm_floor":30.0,"jack_window_ticks":24,"soft_burst_ref":8.0,"soft_freq_ref":0.1,"soft_burst_exp":1.5,"soft_freq_exp":1.5,"chord_time_threshold_ms":16.67,"sp_distraction_min_scratches":3,"dp_distraction_window_sec_min":0.2,"dp_distraction_window_sec_max":0.8,"stream_density_ref_per_sec":40.0,"peak_density_ref_per_sec":70.0,"chord_size_ref":3.5,"ln_simultaneity_ref":0.05,"scratch_density_ref_per_sec":1.5,"scratch_ratio_ref":0.1,"distraction_density_ref":2.0,"distraction_event_ref":0.15},"raw_axes":{"chord":0.7240473061760841,"stream":9.382896529049834,"scratch":0.012263451569248235,"soft":0.0,"stair":0.10263157894736842,"peak":15.3125,"ln_m1_short_rate_rt":0.06382978723404255,"ln_m2_density_rt":25.877803557617927,"ln_m2_burst_max_rt":142.0,"ln_m3_density_rt":29.978731631863866,"ln_m_concurrent_rt":1.171284634760706,"adv_hand_imb":0.1790633608815427,"adv_rel_pressure_1beat":0.581267217630854,"adv_ln_hold_min_beats":0.25,"adv_ln_chord_big_rate":0.022653721682847898,"adv_ln_scatter_cv":3.0680798095534905,"distraction":0.49623842592592604},"x_chord":0.185,"x_stream":0.235,"x_scratch":0.03,"x_soft":0.0,"x_ln":0.924,"x_stair":0.298,"x_peak":0.248,"x_distraction":0.116,"ln_advanced_score":0.726,"submetrics":{"chord":{"chord_rate":0.3035479632063075,"avg_chord_size":2.3852813852813854,"chord_positions":231,"total_positions":761},"stream":{"stream_coverage":0.723404255319149,"stream_density_mean":4.447019867549669,"stream_density_mean_per_sec":12.970474613686534,"stream_windows":58,"notes_in_stream":782,"total_notes":1081,"intervals":[[348,432],[732,816],[1068,1200],[1332,1392],[1440,1572],[1884,1968],[2460,2532],[2676,2736],[3432,5736],[5748,5808],[6492,6924],[7068,7140],[7248,7344],[7380,7536],[7644,7728],[7764,8112],[8148,8304],[8316,8400],[8412,8496],[8580,8664],[8796,8880],[8916,9072],[9180,9264],[9300,9840],[9936,10080],[10092,10176],[10884,10944],[11100,11160],[11652,11736],[11892,12000],[12012,12096],[12108,12192],[12204,12288],[12300,12384],[12396,12480],[12492,12576],[12588,12768],[12780,12864],[12876,12960],[12972,13056],[13068,13152],[13164,13248],[13260,13344],[13356,13488],[13788,13872],[14004,14064],[14160,14256],[14292,14640],[14676,14832],[14844,14928],[14940,15024],[15108,15192],[15324,15408],[15444,15600],[15708,15792],[15828,16368],[16464,16608],[16620,16704]]},"scratch":{"scratch_ratio":0.03700277520814061,"scratch_positions_ratio":0.052562417871222074,"scratch_with_key_chord_rate":0.875,"scratch_per_sec":0.3314197786589336,"scratch_burst_max_per_sec":2.0,"scratch_burst_window_sec":1.0,"scratch_notes":40,"scratch_positions":40,"total_notes":1081,"total_positions":761,"chart_seconds":120.69285714285714},"soft":{"base_bpm":175.0,"intensity":0.0,"up_intensity":0.0,"down_intensity":0.0,"max_intensity":0.0,"max_up_intensity":0.0,"max_down_intensity":0.0,"step_frequency":0.0,"ramp_frequency":0.0,"continuity_beats":0.0,"off_base_note_ratio":0.0,"gimmick_burst_score":0.0,"max_off_base_density_per_beat":0.0,"base_mean_density_per_beat":3.0625,"base_density_source":"on_base","distinct_off_base_bpm_count":0,"bpm_change_events":0,"measure_count":89},"ln":{"ln_ratio":0.3404255319148936,"ln_hold_time_mean_beats":1.218070652173913,"ln_simultaneity_rate":0.27752081406105455,"ln_simultaneity_weighted":0.4727104532839963,"ln_count":368,"ln_count_raw":368,"ln_positions":312,"total_notes":1081,"m1_short_count_rt":69,"m1_short_rate_rt":0.06382978723404255,"m2_long_count_rt":294,"m2_density_rt":25.877803557617927,"m2_burst_max_rt":142.0,"m3_density_rt":29.978731631863866,"m_concurrent_rt":1.171284634760706,"total_long_sec":147.77142857142866,"long_active_sec":68.05714285714288,"long_hold_sec_mean":0.5026239067055396,"long_hold_sec_max":1.8000000000000007,"adv_hand_imb":0.1790633608815427,"adv_rel_pressure_1beat":0.581267217630854,"adv_ln_hold_min_beats":0.25,"adv_ln_chord_big_rate":0.022653721682847898,"adv_ln_scatter_cv":3.0680798095534905},"stair":{"stair_index":0.10263157894736842,"stair_transitions":78,"eligible_transitions":760},"peak":{"peak_local_max_density":5.25,"peak_local_max_density_per_sec":15.3125,"peak_max_chord_size":5,"peak_concentration":0.486586493987049,"total_notes":1081,"intervals":[[3444,3648],[4404,5184],[5364,5724],[6492,6912],[7236,7488],[7668,8376],[8772,9024],[9204,9864],[9948,10176],[13260,13464],[14148,14904],[15300,15552],[15732,16392],[16476,16704]]},"jack":{"jack_pairs":122,"jack_in_stream_pairs":84,"jack_outside_pairs":38,"pure_jack_per_sec":0.7172711338816231,"flow_break_per_stream_sec":1.2405063291139244,"stream_seconds":67.7142857142857,"non_stream_seconds":52.97857142857144,"chart_seconds":120.69285714285714,"window_ticks":24,"min_region_sec":10.0},"distraction":{"mode_formulation":"SP","qualifying_window_count":1,"qualifying_scratches":3,"qualifying_flow_sec":16.457142857142856,"distract_density":0.18229166666666669,"distract_event_per_sec":0.060763888888888895,"scratch_chord_pair_count":51,"chord_time_threshold_sec":0.01667,"min_scratches":3}},"warnings":["Unterminated LNOBJ LN on lane P1_SCR started at m88 pos0.0; closing at EOF","Unterminated LNOBJ LN on lane P1_KEY5 started at m85 pos0.875; closing at EOF","Unterminated LNOBJ LN on lane P1_KEY1 started at m88 pos0.0; closing at EOF","Unterminated LNOBJ LN on lane P1_KEY3 started at m85 pos0.8125; closing at EOF","Unterminated LNOBJ LN on lane P1_KEY7 started at m88 pos0.0; closing at EOF"],"tags":["ln_chart","jack_chart","flow_break","burst_focused"],"scales":[]}