{"md5":"08d63a18406f7d418e22f226f0aa644a","headers":{"title":"Sakura Fubuki","artist":"Street","genre":"Drumstep","playlevel":"12","base_bpm":175.0},"mode":"SP","scope":"playable_only","scaling_mode":"p99_linear","params":{"stream_window_ticks":48,"stream_density_threshold_per_beat":4.0,"peak_window_ticks":192,"peak_min_window_notes":4,"felt_bpm_trigger_eff_bpm":500.0,"felt_bpm_trigger_peak_per_sec":200.0,"felt_bpm_target_peak_per_sec":100.0,"felt_bpm_floor":30.0,"jack_window_ticks":24,"soft_burst_ref":8.0,"soft_freq_ref":0.1,"soft_burst_exp":1.5,"soft_freq_exp":1.5,"chord_time_threshold_ms":16.67,"sp_distraction_min_scratches":3,"dp_distraction_window_sec_min":0.2,"dp_distraction_window_sec_max":0.8,"stream_density_ref_per_sec":40.0,"peak_density_ref_per_sec":70.0,"chord_size_ref":3.5,"ln_simultaneity_ref":0.05,"scratch_density_ref_per_sec":1.5,"scratch_ratio_ref":0.1,"distraction_density_ref":2.0,"distraction_event_ref":0.15},"raw_axes":{"chord":1.75346687211094,"stream":22.014407171502715,"scratch":0.03686277310231727,"soft":0.0,"ln":0.0,"stair":0.12962962962962962,"peak":34.270833333333336,"distraction":1.4712847838957965},"x_chord":0.455,"x_stream":0.546,"x_scratch":0.089,"x_soft":0.0,"x_ln":0.0,"x_stair":0.394,"x_peak":0.417,"x_distraction":0.397,"submetrics":{"chord":{"chord_rate":0.576271186440678,"avg_chord_size":3.0427807486631018,"chord_positions":374,"total_positions":649},"stream":{"stream_coverage":0.9419674451521586,"stream_density_mean":8.0128,"stream_density_mean_per_sec":23.37066666666667,"stream_windows":26,"notes_in_stream":1331,"total_notes":1413,"intervals":[[1692,1859],[1968,2147],[2160,3671],[3708,3791],[3840,3887],[3996,4055],[4092,4439],[4464,4535],[4572,4667],[4692,4835],[4860,5207],[5232,5351],[5364,5447],[5460,5603],[5628,6071],[6096,6215],[6228,6371],[6384,6551],[6636,6767],[7452,7523],[8208,8303],[8388,8471],[8532,8663],[8772,8855],[8976,12911],[15888,15959]]},"scratch":{"scratch_ratio":0.05449398443029016,"scratch_positions_ratio":0.11864406779661017,"scratch_with_key_chord_rate":0.7532467532467533,"scratch_per_sec":0.6764558232931728,"scratch_burst_max_per_sec":6.0,"scratch_burst_window_sec":1.0,"scratch_notes":77,"scratch_positions":77,"total_notes":1413,"total_positions":649,"chart_seconds":113.82857142857142},"soft":{"base_bpm":175.0,"intensity":0.0,"up_intensity":0.0,"down_intensity":0.0,"max_intensity":0.0,"max_up_intensity":0.0,"max_down_intensity":0.0,"step_frequency":0.0,"ramp_frequency":0.0,"continuity_beats":0.0,"off_base_note_ratio":0.0,"gimmick_burst_score":0.0,"max_off_base_density_per_beat":0.0,"base_mean_density_per_beat":4.25,"base_density_source":"on_base","distinct_off_base_bpm_count":0,"bpm_change_events":0,"measure_count":84},"ln":{"ln_ratio":0.005661712668082095,"ln_hold_time_mean_beats":0.0,"ln_simultaneity_rate":0.0,"ln_simultaneity_weighted":0.0,"ln_count":8,"ln_positions":7,"total_notes":1413},"stair":{"stair_index":0.12962962962962962,"stair_transitions":84,"eligible_transitions":648},"peak":{"peak_local_max_density":11.75,"peak_local_max_density_per_sec":34.270833333333336,"peak_max_chord_size":8,"peak_concentration":0.44798301486199577,"total_notes":1413,"intervals":[[2604,2975],[3252,3527],[9900,10691],[11052,12227],[12432,12911]]},"jack":{"jack_pairs":35,"jack_in_stream_pairs":35,"jack_outside_pairs":0,"pure_jack_per_sec":0.0,"flow_break_per_stream_sec":0.55254848894903,"stream_seconds":63.34285714285717,"non_stream_seconds":50.48571428571425,"chart_seconds":113.82857142857142,"window_ticks":24,"min_region_sec":10.0},"distraction":{"mode_formulation":"SP","qualifying_window_count":6,"qualifying_scratches":62,"qualifying_flow_sec":48.25714285714285,"distract_density":1.2847838957963293,"distract_event_per_sec":0.12433392539964477,"scratch_chord_pair_count":104,"chord_time_threshold_sec":0.01667,"min_scratches":3}},"warnings":["Unterminated LNOBJ LN on lane P1_KEY2 started at m82 pos0.8125; closing at EOF","Unterminated LNOBJ LN on lane P1_KEY4 started at m78 pos0.9375; closing at EOF","Unterminated LNOBJ LN on lane P1_KEY6 started at m82 pos0.75; closing at EOF","Unterminated LNOBJ LN on lane P1_KEY5 started at m82 pos0.875; closing at EOF","Unterminated LNOBJ LN on lane P1_KEY7 started at m83 pos0.0; closing at EOF","Unterminated LNOBJ LN on lane P1_KEY1 started at m75 pos0.875; closing at EOF","Unterminated LNOBJ LN on lane P1_KEY3 started at m82 pos0.9375; closing at EOF","Unterminated LNOBJ LN on lane P1_SCR started at m83 pos0.0; closing at EOF"],"tags":["flow_break","big_chord_burst"],"scales":["sl"]}