{"md5":"0881e7b2985d4e4ed347a6be5a05cc94","headers":{"title":"Amphisbaena [Fallen Heavens]","artist":"光吉猛修の兄","genre":"crossover orchestra","playlevel":"17","base_bpm":185.0},"mode":"SP","scope":"playable_only","scaling_mode":"p99_linear","params":{"stream_window_ticks":48,"stream_density_threshold_per_beat":4.0,"peak_window_ticks":192,"jack_window_ticks":24,"soft_burst_ref":8.0,"soft_freq_ref":0.1,"soft_burst_exp":1.5,"soft_freq_exp":1.5,"chord_time_threshold_ms":16.67,"sp_distraction_min_scratches":3,"dp_distraction_window_sec_min":0.2,"dp_distraction_window_sec_max":0.8,"stream_density_ref_per_sec":40.0,"peak_density_ref_per_sec":70.0,"chord_size_ref":3.5,"ln_simultaneity_ref":0.05,"scratch_density_ref_per_sec":1.5,"scratch_ratio_ref":0.1,"distraction_density_ref":2.0,"distraction_event_ref":0.15},"raw_axes":{"chord":1.6471103327495624,"stream":22.214200426439234,"scratch":0.055470415778251604,"soft":0.0,"ln":0.0,"stair":0.16827344434706398,"peak":50.104166666666664,"distraction":1.3435996714771796},"x_chord":0.428,"x_stream":0.543,"x_scratch":0.133,"x_soft":0.0,"x_ln":0.0,"x_stair":0.511,"x_peak":0.511,"x_distraction":0.36,"submetrics":{"chord":{"chord_rate":0.5936952714535902,"avg_chord_size":2.774336283185841,"chord_positions":678,"total_positions":1142},"stream":{"stream_coverage":0.9236673773987207,"stream_density_mean":7.8,"stream_density_mean_per_sec":24.05,"stream_windows":39,"notes_in_stream":2166,"total_notes":2345,"intervals":[[948,1007],[2460,2543],[2556,2639],[2652,2735],[2748,2831],[2844,2927],[2940,3311],[3324,3407],[3420,3503],[3516,3599],[3612,3695],[3708,4247],[4284,4343],[4380,4463],[4668,4727],[4764,4847],[5052,5111],[5148,5231],[5244,5303],[5340,5399],[5436,5495],[5532,5711],[5724,10679],[10692,11231],[11244,11327],[11460,13475],[14940,15023],[15132,15191],[15252,15311],[15324,15479],[15504,15959],[16020,16079],[16092,16175],[16188,16247],[16284,16343],[16896,16955],[17256,17483],[17496,17555],[17568,20759]]},"scratch":{"scratch_ratio":0.057569296375266525,"scratch_positions_ratio":0.11821366024518389,"scratch_with_key_chord_rate":0.8888888888888888,"scratch_per_sec":0.9635416666666667,"scratch_burst_max_per_sec":8.0,"scratch_burst_window_sec":1.0,"scratch_notes":135,"scratch_positions":135,"total_notes":2345,"total_positions":1142,"chart_seconds":140.1081081081081},"soft":{"base_bpm":185.0,"intensity":0.0,"up_intensity":0.0,"down_intensity":0.0,"max_intensity":0.0,"max_up_intensity":0.0,"max_down_intensity":0.0,"step_frequency":0.0,"ramp_frequency":0.0,"continuity_beats":0.0,"off_base_note_ratio":0.0,"gimmick_burst_score":0.0,"max_off_base_density_per_beat":0.0,"base_mean_density_per_beat":5.425925925925926,"base_density_source":"on_base","distinct_off_base_bpm_count":0,"bpm_change_events":0,"measure_count":109},"ln":{"ln_ratio":0.0,"ln_hold_time_mean_beats":0.0,"ln_simultaneity_rate":0.0,"ln_simultaneity_weighted":0.0,"ln_count":0,"ln_positions":0,"total_notes":2345},"stair":{"stair_index":0.16827344434706398,"stair_transitions":192,"eligible_transitions":1141},"peak":{"peak_local_max_density":16.25,"peak_local_max_density_per_sec":50.104166666666664,"peak_max_chord_size":7,"peak_concentration":0.4004264392324094,"total_notes":2345,"intervals":[[7152,7727],[7812,8135],[8268,8843],[10020,10475],[11892,12179],[12816,13271],[18744,19607],[19716,20087],[20124,20759]]},"jack":{"jack_pairs":26,"jack_in_stream_pairs":21,"jack_outside_pairs":5,"pure_jack_per_sec":0.12284196547144748,"flow_break_per_stream_sec":0.21125611745513873,"stream_seconds":99.40540540540538,"non_stream_seconds":40.70270270270272,"chart_seconds":140.1081081081081,"window_ticks":24,"min_region_sec":10.0},"distraction":{"mode_formulation":"SP","qualifying_window_count":7,"qualifying_scratches":113,"qualifying_flow_sec":76.78378378378378,"distract_density":1.471664906722985,"distract_event_per_sec":0.09116508271735306,"scratch_chord_pair_count":172,"chord_time_threshold_sec":0.01667,"min_scratches":3}},"warnings":[],"tags":["scratch_active","peak_intense"],"scales":["★"]}