{"md5":"069b9488fdb130fed13386b9599429fc","headers":{"title":"Save Yourself","artist":"litmus* ft. Miori Celesta","genre":"POP","playlevel":"20","base_bpm":97.0},"mode":"SP","scope":"playable_only","scaling_mode":"p99_linear","params":{"stream_window_ticks":48,"stream_density_threshold_per_beat":4.0,"peak_window_ticks":192,"peak_min_window_notes":4,"peak_min_window_sec":0.05,"felt_bpm_trigger_eff_bpm":500.0,"felt_bpm_trigger_peak_per_sec":200.0,"felt_bpm_target_peak_per_sec":100.0,"felt_bpm_floor":30.0,"jack_window_ticks":24,"soft_burst_ref":8.0,"soft_freq_ref":0.1,"soft_burst_exp":1.5,"soft_freq_exp":1.5,"chord_time_threshold_ms":16.67,"sp_distraction_min_scratches":3,"dp_distraction_window_sec_min":0.2,"dp_distraction_window_sec_max":0.8,"stream_density_ref_per_sec":40.0,"peak_density_ref_per_sec":70.0,"chord_size_ref":3.5,"ln_simultaneity_ref":0.05,"scratch_density_ref_per_sec":1.5,"scratch_ratio_ref":0.1,"distraction_density_ref":2.0,"distraction_event_ref":0.15},"raw_axes":{"chord":3.9642324888226526,"stream":25.94610817447761,"scratch":0.0010848410476345318,"soft":0.15186533218930973,"ln":0.002179440610243371,"stair":0.3194029850746269,"peak":36.375,"distraction":0.41816782140107767},"x_chord":1.0,"x_stream":0.643,"x_scratch":0.003,"x_soft":0.898,"x_ln":0.035,"x_stair":0.971,"x_peak":0.432,"x_distraction":0.113,"submetrics":{"chord":{"chord_rate":0.8614008941877794,"avg_chord_size":4.602076124567474,"chord_positions":578,"total_positions":671},"stream":{"stream_coverage":0.9865601162368326,"stream_density_mean":16.267776096822995,"stream_density_mean_per_sec":26.29957135653051,"stream_windows":14,"notes_in_stream":2716,"total_notes":2753,"intervals":[[156,263],[348,455],[540,647],[732,839],[924,2339],[5760,7139],[7212,9539],[9564,10211],[11676,12323],[12396,12551],[12636,12743],[12780,14231],[14316,14435],[14568,14639]]},"scratch":{"scratch_ratio":0.008354522339266255,"scratch_positions_ratio":0.03427719821162444,"scratch_with_key_chord_rate":0.5652173913043478,"scratch_per_sec":0.12985075670164634,"scratch_burst_max_per_sec":5.0,"scratch_burst_window_sec":1.0,"scratch_notes":23,"scratch_positions":23,"total_notes":2753,"total_positions":671,"chart_seconds":177.1264225502075},"soft":{"base_bpm":97.0,"intensity":36.32401017072285,"up_intensity":36.32401017072285,"down_intensity":0.0,"max_intensity":100000.0,"max_up_intensity":100000.0,"max_down_intensity":0.0,"step_frequency":0.07792207792207792,"ramp_frequency":0.07792207792207792,"continuity_beats":21.645833333333332,"off_base_note_ratio":0.0003632401017072285,"gimmick_burst_score":1.948938429762808,"max_off_base_density_per_beat":0.06789250353606789,"base_mean_density_per_beat":9.610476536922517,"base_density_source":"on_base","distinct_off_base_bpm_count":1,"bpm_change_events":6,"measure_count":77},"ln":{"ln_ratio":0.03341808935706502,"ln_hold_time_mean_beats":1.3498641304347827,"ln_simultaneity_rate":0.002179440610243371,"ln_simultaneity_weighted":0.002179440610243371,"ln_count":92,"ln_positions":27,"total_notes":2753},"stair":{"stair_index":0.3194029850746269,"stair_transitions":214,"eligible_transitions":670},"peak":{"peak_local_max_density":22.5,"peak_local_max_density_per_sec":36.375,"peak_max_chord_size":8,"peak_concentration":0.4569560479476934,"total_notes":2753,"intervals":[[6876,7115],[7236,7931],[8052,8303],[8340,8543],[12072,12299],[12864,13655],[13680,14207]]},"jack":{"jack_pairs":15,"jack_in_stream_pairs":15,"jack_outside_pairs":0,"pure_jack_per_sec":0.0,"flow_break_per_stream_sec":0.13342502888210334,"stream_seconds":112.42268505150004,"non_stream_seconds":64.70373749870747,"chart_seconds":177.1264225502075,"window_ticks":24,"min_region_sec":10.0},"distraction":{"mode_formulation":"SP","qualifying_window_count":3,"qualifying_scratches":16,"qualifying_flow_sec":66.95876288659795,"distract_density":0.2389530408006158,"distract_event_per_sec":0.044803695150115466,"scratch_chord_pair_count":26,"chord_time_threshold_sec":0.01667,"min_scratches":3}},"warnings":[],"tags":["chord_heavy","soflan","stair_focused","visual_gimmick","big_chord_burst","burst_focused","slow_chart","gimmick_soflan"],"scales":["sl"]}