{"md5":"d90aee1f4512d949f31ae20d1fc08b3d","headers":{"title":"Between Sanity and Insanity","artist":"Cutos","genre":"Verge","playlevel":"23","base_bpm":179.0},"mode":"SP","scope":"playable_only","scaling_mode":"reference","params":{"stream_window_ticks":48,"stream_density_threshold_per_beat":4.0,"peak_window_ticks":192,"jack_window_ticks":24,"soft_burst_ref":8.0,"soft_freq_ref":0.1,"soft_burst_exp":1.5,"soft_freq_exp":1.5,"stream_density_ref_per_sec":40.0,"peak_density_ref_per_sec":70.0,"chord_size_ref":3.5,"ln_simultaneity_ref":0.05},"x_chord":0.6715810879511946,"x_stream":0.93421498813157,"x_scratch":0.012885723974228552,"x_soft":0.056527469423847475,"x_ln":0.590030518819939,"x_stair":0.170080142475512,"x_peak":1.0,"x_jack":0.03383793410507569,"submetrics":{"chord":{"chord_rate":0.7268683274021353,"avg_chord_size":3.233782129742962,"chord_positions":817,"total_positions":1124},"stream":{"stream_coverage":0.93421498813157,"stream_density_mean":9.705300988319856,"stream_density_mean_per_sec":48.68698129267745,"stream_windows":23,"notes_in_stream":2755,"total_notes":2949},"scratch":{"scratch_ratio":0.012885723974228552,"scratch_positions_ratio":0.033807829181494664,"scratch_with_key_chord_rate":0.9736842105263158,"scratch_notes":38,"scratch_positions":38,"total_notes":2949,"total_positions":1124},"soft":{"base_bpm":179.0,"intensity":0.00033733184812198433,"up_intensity":0.0,"down_intensity":0.00033733184812198433,"max_intensity":1000.0,"max_up_intensity":1000.0,"max_down_intensity":0.9947916201117318,"step_frequency":0.05699481865284974,"ramp_frequency":0.046632124352331605,"continuity_beats":348.25,"off_base_note_ratio":0.00033909799932180403,"gimmick_burst_score":2.0674148908106287,"max_off_base_density_per_beat":0.25,"base_mean_density_per_beat":6.95693215339233,"base_density_source":"on_base","distinct_off_base_bpm_count":6,"bpm_change_events":11,"measure_count":193},"ln":{"ln_ratio":0.011190233977619531,"ln_hold_time_mean_beats":2.1818181818181817,"ln_simultaneity_rate":0.029501525940996948,"ln_simultaneity_weighted":0.029501525940996948,"ln_count":33,"ln_positions":33,"total_notes":2949},"stair":{"stair_index":0.170080142475512,"stair_transitions":191,"eligible_transitions":1123},"peak":{"peak_local_max_density":14.25,"peak_local_max_density_per_sec":2802.8416666666667,"peak_max_chord_size":7,"peak_concentration":0.5337402509325195,"total_notes":2949},"jack":{"jack_ratio":0.03383793410507569,"jack_transitions":38,"all_transitions":1123}},"warnings":[],"tags":["chord_heavy","stream_heavy","ln_chart","peak_intense","visual_gimmick","burst_focused","chord_stream"],"scales":["★★"]}