{"md5":"4c75b2e852718a5bdb7235b51a8dc878","headers":{"title":"Artificial Rose [Replica]","artist":"メアリ? obj.sialua","genre":"Intelligence Arts","playlevel":"15","base_bpm":175.0},"mode":"SP","scope":"playable_only","scaling_mode":"p99_linear","params":{"stream_window_ticks":48,"stream_density_threshold_per_beat":4.0,"peak_window_ticks":192,"peak_min_window_notes":4,"felt_bpm_trigger_eff_bpm":500.0,"felt_bpm_trigger_peak_per_sec":200.0,"felt_bpm_target_peak_per_sec":100.0,"felt_bpm_floor":30.0,"jack_window_ticks":24,"soft_burst_ref":8.0,"soft_freq_ref":0.1,"soft_burst_exp":1.5,"soft_freq_exp":1.5,"chord_time_threshold_ms":16.67,"sp_distraction_min_scratches":3,"dp_distraction_window_sec_min":0.2,"dp_distraction_window_sec_max":0.8,"stream_density_ref_per_sec":40.0,"peak_density_ref_per_sec":70.0,"chord_size_ref":3.5,"ln_simultaneity_ref":0.05,"scratch_density_ref_per_sec":1.5,"scratch_ratio_ref":0.1,"distraction_density_ref":2.0,"distraction_event_ref":0.15},"raw_axes":{"chord":2.0388692579505303,"stream":21.593639116881825,"scratch":0.012676239496039821,"soft":0.0,"ln":0.0,"stair":0.15738284703801944,"peak":31.354166666666668,"distraction":0.6582847797199224},"x_chord":0.529,"x_stream":0.535,"x_scratch":0.031,"x_soft":0.0,"x_ln":0.0,"x_stair":0.478,"x_peak":0.356,"x_distraction":0.177,"submetrics":{"chord":{"chord_rate":0.6448763250883393,"avg_chord_size":3.1616438356164385,"chord_positions":730,"total_positions":1132},"stream":{"stream_coverage":0.951660516605166,"stream_density_mean":7.779595015576324,"stream_density_mean_per_sec":22.690485462097612,"stream_windows":23,"notes_in_stream":2579,"total_notes":2710,"intervals":[[204,359],[396,575],[588,959],[972,1127],[1164,1343],[1356,3287],[3804,10463],[10548,10847],[10908,11231],[11316,11999],[12060,12383],[12444,12767],[12828,13295],[14928,15059],[15072,15203],[15324,15443],[15456,15587],[15696,15827],[15840,16139],[16152,16211],[16224,16331],[16512,19811],[20136,20579]]},"scratch":{"scratch_ratio":0.026199261992619925,"scratch_positions_ratio":0.0627208480565371,"scratch_with_key_chord_rate":0.971830985915493,"scratch_per_sec":0.48383956386292837,"scratch_burst_max_per_sec":4.0,"scratch_burst_window_sec":1.0,"scratch_notes":71,"scratch_positions":71,"total_notes":2710,"total_positions":1132,"chart_seconds":146.74285714285713},"soft":{"base_bpm":175.0,"intensity":0.0,"up_intensity":0.0,"down_intensity":0.0,"max_intensity":0.0,"max_up_intensity":0.0,"max_down_intensity":0.0,"step_frequency":0.0,"ramp_frequency":0.0,"continuity_beats":0.0,"off_base_note_ratio":0.0,"gimmick_burst_score":0.0,"max_off_base_density_per_beat":0.0,"base_mean_density_per_beat":6.329439252336448,"base_density_source":"on_base","distinct_off_base_bpm_count":0,"bpm_change_events":0,"measure_count":108},"ln":{"ln_ratio":0.0033210332103321034,"ln_hold_time_mean_beats":0.875,"ln_simultaneity_rate":0.0,"ln_simultaneity_weighted":0.0,"ln_count":9,"ln_positions":5,"total_notes":2710},"stair":{"stair_index":0.15738284703801944,"stair_transitions":178,"eligible_transitions":1131},"peak":{"peak_local_max_density":10.75,"peak_local_max_density_per_sec":31.354166666666668,"peak_max_chord_size":7,"peak_concentration":0.3166051660516605,"total_notes":2710,"intervals":[[9348,9587],[9696,10211],[12468,12671],[12852,13103],[16668,17267],[17280,17651],[17820,18035],[18060,19475],[20160,20555]]},"jack":{"jack_pairs":6,"jack_in_stream_pairs":5,"jack_outside_pairs":1,"pure_jack_per_sec":0.03825136612021861,"flow_break_per_stream_sec":0.04145936981757877,"stream_seconds":120.60000000000001,"non_stream_seconds":26.142857142857125,"chart_seconds":146.74285714285713,"window_ticks":24,"min_region_sec":10.0},"distraction":{"mode_formulation":"SP","qualifying_window_count":5,"qualifying_scratches":56,"qualifying_flow_sec":93.17142857142856,"distract_density":0.6010426249616683,"distract_event_per_sec":0.05366452008586323,"scratch_chord_pair_count":96,"chord_time_threshold_sec":0.01667,"min_scratches":3}},"warnings":["Unterminated LNOBJ LN on lane P1_KEY1 started at m106 pos0.875; closing at EOF","Unterminated LNOBJ LN on lane P1_KEY3 started at m106 pos0.875; closing at EOF","Unterminated LNOBJ LN on lane P1_KEY2 started at m106 pos0.9375; closing at EOF","Unterminated LNOBJ LN on lane P1_KEY7 started at m106 pos0.9375; closing at EOF","Unterminated LNOBJ LN on lane P1_KEY6 started at m106 pos0.875; closing at EOF","Unterminated LNOBJ LN on lane P1_KEY4 started at m106 pos0.9375; closing at EOF","Unterminated LNOBJ LN on lane P1_SCR started at m107 pos0.0; closing at EOF","Unterminated LNOBJ LN on lane P1_KEY5 started at m106 pos0.8125; closing at EOF"],"tags":[],"scales":["sl"]}