{"md5":"5a7973f0731b50ecb82c01c90daaec24","headers":{"title":"B-T[7keys-maniac+]","artist":"the KB feat.takoP","genre":"hard rock","playlevel":"12","base_bpm":110.0},"mode":"SP","scope":"playable_only","scaling_mode":"reference","params":{"stream_window_ticks":48,"stream_density_threshold_per_beat":4.0,"peak_window_ticks":192,"jack_window_ticks":24,"soft_burst_ref":8.0,"soft_freq_ref":0.1,"soft_burst_exp":1.5,"soft_freq_exp":1.5,"stream_density_ref_per_sec":40.0,"peak_density_ref_per_sec":70.0,"chord_size_ref":3.5,"ln_simultaneity_ref":0.05},"x_chord":0.39355861900695377,"x_stream":0.3827195213765419,"x_scratch":0.03160787906550618,"x_soft":0.0006258816789578384,"x_ln":0.0,"x_stair":0.05897435897435897,"x_peak":0.4919642857142857,"x_jack":0.05213675213675214,"submetrics":{"chord":{"chord_rate":0.5132365499573015,"avg_chord_size":2.6838602329450914,"chord_positions":601,"total_positions":1171},"stream":{"stream_coverage":0.98900595510765,"stream_density_mean":6.4911059551430785,"stream_density_mean_per_sec":15.478957205465326,"stream_windows":13,"notes_in_stream":2159,"total_notes":2183},"scratch":{"scratch_ratio":0.03160787906550618,"scratch_positions_ratio":0.05892399658411614,"scratch_with_key_chord_rate":0.9710144927536232,"scratch_notes":69,"scratch_positions":69,"total_notes":2183,"total_positions":1171},"soft":{"base_bpm":145.0,"intensity":0.016939674917465685,"up_intensity":0.0,"down_intensity":0.016939674917465685,"max_intensity":0.2413793103448276,"max_up_intensity":0.0,"max_down_intensity":0.2413793103448276,"step_frequency":0.0967741935483871,"ramp_frequency":0.043010752688172046,"continuity_beats":58.0,"off_base_note_ratio":0.07741639945029775,"gimmick_burst_score":0.06048651813735793,"max_off_base_density_per_beat":4.5,"base_mean_density_per_beat":6.490322580645161,"base_density_source":"on_base","distinct_off_base_bpm_count":6,"bpm_change_events":10,"measure_count":93},"ln":{"ln_ratio":0.0,"ln_hold_time_mean_beats":0.0,"ln_simultaneity_rate":0.0,"ln_simultaneity_weighted":0.0,"ln_count":0,"ln_positions":0,"total_notes":2183},"stair":{"stair_index":0.05897435897435897,"stair_transitions":69,"eligible_transitions":1170},"peak":{"peak_local_max_density":14.25,"peak_local_max_density_per_sec":34.4375,"peak_max_chord_size":7,"peak_concentration":0.309665597801191,"total_notes":2183},"jack":{"jack_ratio":0.05213675213675214,"jack_transitions":61,"all_transitions":1170}},"warnings":[],"tags":["jack_chart"],"scales":["★"]}