{"md5":"7dca649db63d7d574b055a3054f57357","headers":{"title":"花音 con tenerezza","artist":"大前 司","genre":"Concerto for Piano and Flute \"Choral\"","playlevel":"12","base_bpm":120.0},"mode":"SP","scope":"playable_only","scaling_mode":"reference","params":{"stream_window_ticks":48,"stream_density_threshold_per_beat":4.0,"peak_window_ticks":192,"jack_window_ticks":24,"soft_burst_ref":8.0,"soft_freq_ref":0.1,"soft_burst_exp":1.5,"soft_freq_exp":1.5,"stream_density_ref_per_sec":40.0,"peak_density_ref_per_sec":70.0,"chord_size_ref":3.5,"ln_simultaneity_ref":0.05},"x_chord":0.2557791451854316,"x_stream":0.3954568751071624,"x_scratch":0.02846153846153846,"x_soft":0.0022301262573691727,"x_ln":0.0,"x_stair":0.19696969696969696,"x_peak":0.3744047619047619,"x_jack":0.017482517482517484,"submetrics":{"chord":{"chord_rate":0.3818393480791618,"avg_chord_size":2.3445121951219514,"chord_positions":328,"total_positions":859},"stream":{"stream_coverage":0.916923076923077,"stream_density_mean":6.826747720364741,"stream_density_mean_per_sec":17.251474417426547,"stream_windows":38,"notes_in_stream":1192,"total_notes":1300},"scratch":{"scratch_ratio":0.02846153846153846,"scratch_positions_ratio":0.04307334109429569,"scratch_with_key_chord_rate":0.9459459459459459,"scratch_notes":37,"scratch_positions":37,"total_notes":1300,"total_positions":859},"soft":{"base_bpm":170.0,"intensity":0.10818330316742082,"up_intensity":0.00014705882352941178,"down_intensity":0.10803624434389139,"max_intensity":0.6470588235294118,"max_up_intensity":0.03529411764705882,"max_down_intensity":0.6470588235294118,"step_frequency":0.9090909090909091,"ramp_frequency":0.23376623376623376,"continuity_beats":194.0,"off_base_note_ratio":0.6369230769230769,"gimmick_burst_score":0.13655563340951826,"max_off_base_density_per_beat":12.0,"base_mean_density_per_beat":4.2342342342342345,"base_density_source":"on_base","distinct_off_base_bpm_count":52,"bpm_change_events":72,"measure_count":77},"ln":{"ln_ratio":0.0,"ln_hold_time_mean_beats":0.0,"ln_simultaneity_rate":0.0,"ln_simultaneity_weighted":0.0,"ln_count":0,"ln_positions":0,"total_notes":1300},"stair":{"stair_index":0.19696969696969696,"stair_transitions":169,"eligible_transitions":858},"peak":{"peak_local_max_density":10.25,"peak_local_max_density_per_sec":26.208333333333332,"peak_max_chord_size":6,"peak_concentration":0.5007692307692307,"total_notes":1300},"jack":{"jack_ratio":0.017482517482517484,"jack_transitions":15,"all_transitions":858}},"warnings":[],"tags":["extreme_burst","burst_focused"],"scales":["so"]}