{"md5":"5bbc3af4d70b38aa06dcab3497fd1ec1","headers":{"title":"First Super-Skullcat [cat's walk]","artist":"Nakaiankow / obj:NASA","genre":"Drum'n'bass","playlevel":"7","base_bpm":175.0},"mode":"SP","scope":"playable_only","scaling_mode":"p99_linear","params":{"stream_window_ticks":48,"stream_density_threshold_per_beat":4.0,"peak_window_ticks":192,"peak_min_window_notes":4,"peak_min_window_sec":0.05,"felt_bpm_trigger_eff_bpm":500.0,"felt_bpm_trigger_peak_per_sec":200.0,"felt_bpm_target_peak_per_sec":100.0,"felt_bpm_floor":30.0,"jack_window_ticks":24,"soft_burst_ref":8.0,"soft_freq_ref":0.1,"soft_burst_exp":1.5,"soft_freq_exp":1.5,"chord_time_threshold_ms":16.67,"sp_distraction_min_scratches":3,"sp_distraction_bin_sec":0.25,"sp_distraction_t_key":2,"sp_distraction_gap_bins":2,"dp_distraction_window_sec_min":0.2,"dp_distraction_window_sec_max":0.8,"stream_density_ref_per_sec":40.0,"peak_density_ref_per_sec":70.0,"chord_size_ref":3.5,"ln_simultaneity_ref":0.05,"scratch_density_ref_per_sec":1.5,"scratch_ratio_ref":0.1,"distraction_density_ref":2.0,"distraction_event_ref":0.15},"raw_axes":{"chord":1.104201680672269,"stream":15.727120660156217,"scratch_per_sec":0.08734013635755983,"scratch_burst_max_per_sec":2.0,"scratch_max_run_sec":0.0,"soft":0.0,"stair":0.11616161616161616,"peak":26.25,"ln_m1_short_rate_rt":0.0,"ln_m2_density_rt":0.0,"ln_m2_burst_max_rt":0.0,"ln_m3_density_rt":0.0,"ln_m_concurrent_rt":3.301204819277112,"adv_hand_imb":0.2413793103448276,"adv_rel_pressure_1beat":0.2413793103448276,"adv_ln_hold_min_beats":1.75,"adv_ln_chord_big_rate":0.23076923076923078,"adv_ln_scatter_cv":0.4670993664969138,"distraction":0.2620204090726795},"x_chord":0.284,"x_stream":0.406,"x_scratch":0.042,"x_soft":0.0,"x_ln":0.529,"x_stair":0.329,"x_peak":0.44,"x_distraction":0.016,"ln_advanced_score":0.673,"submetrics":{"chord":{"chord_rate":0.446218487394958,"avg_chord_size":2.4745762711864407,"chord_positions":531,"total_positions":1190},"stream":{"stream_coverage":0.8744257274119449,"stream_density_mean":6.166510757717493,"stream_density_mean_per_sec":17.985656376676022,"stream_windows":22,"notes_in_stream":1713,"total_notes":1959,"intervals":[[1740,1800],[1860,1920],[1932,1992],[2052,2112],[2124,2184],[2244,2304],[2316,2376],[2436,2496],[3252,9456],[10140,10224],[10908,10992],[12456,17136],[17472,17628],[17688,17736],[17820,17868],[17964,18036],[18120,18204],[18348,18420],[18504,18588],[18732,18804],[18888,18996],[19116,20772]]},"scratch":{"scratch_ratio":0.007095793208312215,"scratch_positions_ratio":0.011764705882352941,"scratch_with_key_chord_rate":0.9285714285714286,"scratch_per_sec":0.08734013635755983,"scratch_burst_max_per_sec":2.0,"scratch_burst_window_sec":1.0,"scratch_max_run_sec":0.0,"ls_count":0,"ls_per_sec":0.0,"ls_complexity_mean":0.0,"scratch_notes":14,"scratch_positions":14,"total_notes":1973,"total_positions":1190,"chart_seconds":160.29285714285714},"soft":{"base_bpm":175.0,"intensity":0.0,"up_intensity":0.0,"down_intensity":0.0,"max_intensity":0.0,"max_up_intensity":0.0,"max_down_intensity":0.0,"step_frequency":0.0,"ramp_frequency":0.0,"continuity_beats":0.0,"off_base_note_ratio":0.0,"gimmick_burst_score":0.0,"max_off_base_density_per_beat":0.0,"base_mean_density_per_beat":4.218181818181818,"base_density_source":"on_base","distinct_off_base_bpm_count":0,"bpm_change_events":0,"measure_count":265},"ln":{"ln_ratio":0.01469842878864673,"ln_hold_time_mean_beats":9.232758620689655,"ln_simultaneity_rate":0.0,"ln_simultaneity_weighted":0.0,"ln_count":29,"ln_count_raw":29,"ln_positions":13,"total_notes":1973,"m1_short_count_rt":0,"m1_short_rate_rt":0.0,"m2_long_count_rt":29,"m2_density_rt":0.0,"m2_burst_max_rt":0.0,"m3_density_rt":0.0,"m_concurrent_rt":3.301204819277112,"total_long_sec":91.79999999999995,"long_active_sec":21.342857142857113,"long_hold_sec_mean":3.165517241379309,"long_hold_sec_max":5.400000000000006,"adv_hand_imb":0.2413793103448276,"adv_rel_pressure_1beat":0.2413793103448276,"adv_ln_hold_min_beats":1.75,"adv_ln_chord_big_rate":0.23076923076923078,"adv_ln_scatter_cv":0.4670993664969138},"stair":{"stair_index":0.11616161616161616,"stair_transitions":138,"eligible_transitions":1188},"peak":{"peak_local_max_density":9.0,"peak_local_max_density_per_sec":26.25,"peak_max_chord_size":5,"peak_concentration":0.45227156712608474,"total_notes":1959,"intervals":[[8976,9444],[12468,12696],[12756,13176],[13308,13656],[13668,13968],[14052,14760],[14892,15168],[15552,15984],[16092,16296],[16308,17112],[19368,20784]]},"jack":{"jack_pairs":6,"jack_in_stream_pairs":5,"jack_outside_pairs":1,"pure_jack_per_sec":0.016453167234692673,"flow_break_per_stream_sec":0.05024404249210452,"stream_seconds":99.51428571428569,"non_stream_seconds":60.77857142857145,"chart_seconds":160.29285714285714,"window_ticks":24,"min_region_sec":10.0},"distraction":{"mode_formulation":"SP","v3_score":0.2620204090726795,"qualifying_intervals":2,"qualifying_flow_sec":99.0,"qualifying_scratches":9,"scratch_chord_pair_count":18,"chord_time_threshold_sec":0.01667,"min_scratches":3,"bin_sec":0.25,"t_key":2,"gap_bins":2}},"warnings":[],"axis_intensities":{"chord":"green","stream":"green","peak":"green","scratch":"green","soft":null,"ln":"green","stair":"green","distraction":"green"},"tags":["burst_focused"],"scales":["sl"]}