{"md5":"2ba3072c031ff8af0034eccee290ea89","headers":{"title":"Revenant","artist":"Juggernaut.","genre":"","playlevel":"11","base_bpm":210.0},"mode":"SP","scope":"playable_only","scaling_mode":"p99_linear","params":{"stream_window_ticks":48,"stream_density_threshold_per_beat":4.0,"peak_window_ticks":192,"peak_min_window_notes":4,"peak_min_window_sec":0.05,"felt_bpm_trigger_eff_bpm":500.0,"felt_bpm_trigger_peak_per_sec":200.0,"felt_bpm_target_peak_per_sec":100.0,"felt_bpm_floor":30.0,"jack_window_ticks":24,"soft_burst_ref":8.0,"soft_freq_ref":0.1,"soft_burst_exp":1.5,"soft_freq_exp":1.5,"chord_time_threshold_ms":16.67,"sp_distraction_min_scratches":3,"dp_distraction_window_sec_min":0.2,"dp_distraction_window_sec_max":0.8,"stream_density_ref_per_sec":40.0,"peak_density_ref_per_sec":70.0,"chord_size_ref":3.5,"ln_simultaneity_ref":0.05,"scratch_density_ref_per_sec":1.5,"scratch_ratio_ref":0.1,"distraction_density_ref":2.0,"distraction_event_ref":0.15},"raw_axes":{"chord":1.3509561304836895,"stream":11.793846328721466,"scratch":0.029117880581264508,"soft":0.0,"ln":0.0,"stair":0.08108108108108109,"peak":22.75,"distraction":1.533950617283951},"x_chord":0.34,"x_stream":0.294,"x_scratch":0.07,"x_soft":0.0,"x_ln":0.0,"x_stair":0.239,"x_peak":0.367,"x_distraction":0.405,"submetrics":{"chord":{"chord_rate":0.5703037120359955,"avg_chord_size":2.368836291913215,"chord_positions":507,"total_positions":889},"stream":{"stream_coverage":0.7631080227416298,"stream_density_mean":4.415718717683557,"stream_density_mean_per_sec":15.455015511892451,"stream_windows":63,"notes_in_stream":1208,"total_notes":1583,"intervals":[[540,624],[1308,1392],[1692,1776],[1884,1944],[2076,2160],[2268,2352],[2388,2448],[2628,2736],[2844,2904],[3036,3120],[3180,3288],[3420,3504],[3516,3600],[3612,3696],[4284,4344],[4380,4464],[4572,4656],[4764,4848],[4860,4944],[4956,5136],[5280,5400],[5664,5784],[6048,6168],[6240,6360],[6432,6696],[6816,6912],[6924,6984],[7068,7128],[7200,7296],[7320,7404],[7452,7512],[7788,7848],[7872,8076],[8220,11460],[11568,11832],[11844,11940],[11952,12024],[12120,12228],[12360,12984],[13020,13128],[13284,13368],[13404,13512],[13572,13752],[13824,13944],[14016,14136],[14280,15984],[17436,17520],[18972,19056],[19164,19248],[19524,19632],[19644,19728],[19740,19800],[19932,20016],[20076,20208],[20220,20280],[20316,20400],[20412,20496],[20508,20592],[21180,21240],[21300,21360],[21468,21552],[21660,21744],[21756,25176]]},"scratch":{"scratch_ratio":0.05559065066329753,"scratch_positions_ratio":0.09898762654668167,"scratch_with_key_chord_rate":0.8181818181818182,"scratch_per_sec":0.5237909654561559,"scratch_burst_max_per_sec":5.0,"scratch_burst_window_sec":1.0,"scratch_notes":88,"scratch_positions":88,"total_notes":1583,"total_positions":889,"chart_seconds":168.00595238095238},"soft":{"base_bpm":210.0,"intensity":0.0,"up_intensity":0.0,"down_intensity":0.0,"max_intensity":0.0,"max_up_intensity":0.0,"max_down_intensity":0.0,"step_frequency":0.0,"ramp_frequency":0.0,"continuity_beats":0.0,"off_base_note_ratio":0.0,"gimmick_burst_score":0.0,"max_off_base_density_per_beat":0.0,"base_mean_density_per_beat":2.688775510204082,"base_density_source":"on_base","distinct_off_base_bpm_count":0,"bpm_change_events":0,"measure_count":148},"ln":{"ln_ratio":0.008843967150979154,"ln_hold_time_mean_beats":1.1071428571428572,"ln_simultaneity_rate":0.0,"ln_simultaneity_weighted":0.0,"ln_count":14,"ln_positions":14,"total_notes":1583},"stair":{"stair_index":0.08108108108108109,"stair_transitions":72,"eligible_transitions":888},"peak":{"peak_local_max_density":6.5,"peak_local_max_density_per_sec":22.75,"peak_max_chord_size":5,"peak_concentration":0.3322804801010739,"total_notes":1583,"intervals":[[9600,9948],[11136,11496],[11508,11832],[12288,12948],[14244,14508],[15756,15960],[21900,25200]]},"jack":{"jack_pairs":10,"jack_in_stream_pairs":6,"jack_outside_pairs":4,"pure_jack_per_sec":0.049907166728555476,"flow_break_per_stream_sec":0.06829268292682932,"stream_seconds":87.85714285714279,"non_stream_seconds":80.14880952380959,"chart_seconds":168.00595238095238,"window_ticks":24,"min_region_sec":10.0},"distraction":{"mode_formulation":"SP","qualifying_window_count":3,"qualifying_scratches":31,"qualifying_flow_sec":23.14285714285714,"distract_density":1.3395061728395063,"distract_event_per_sec":0.12962962962962965,"scratch_chord_pair_count":67,"chord_time_threshold_sec":0.01667,"min_scratches":3}},"warnings":[],"tags":["distraction_heavy","fast_chart"],"scales":["sl"]}