{"md5":"55257178405e368bfac38aa4acf58669","headers":{"title":"Maxi [+700% Caffeine]","artist":"Nizikawa","genre":"ENERGETIC J-CORE","playlevel":"25","base_bpm":180.0},"mode":"SP","scope":"playable_only","scaling_mode":"p99_linear","params":{"stream_window_ticks":48,"stream_density_threshold_per_beat":4.0,"peak_window_ticks":192,"peak_min_window_notes":4,"peak_min_window_sec":0.05,"felt_bpm_trigger_eff_bpm":500.0,"felt_bpm_trigger_peak_per_sec":200.0,"felt_bpm_target_peak_per_sec":100.0,"felt_bpm_floor":30.0,"jack_window_ticks":24,"soft_burst_ref":8.0,"soft_freq_ref":0.1,"soft_burst_exp":1.5,"soft_freq_exp":1.5,"chord_time_threshold_ms":16.67,"sp_distraction_min_scratches":3,"sp_distraction_bin_sec":0.25,"sp_distraction_t_key":2,"sp_distraction_gap_bins":2,"dp_distraction_window_sec_min":0.2,"dp_distraction_window_sec_max":0.8,"stream_density_ref_per_sec":40.0,"peak_density_ref_per_sec":70.0,"chord_size_ref":3.5,"ln_simultaneity_ref":0.05,"scratch_density_ref_per_sec":1.5,"scratch_ratio_ref":0.1,"distraction_density_ref":2.0,"distraction_event_ref":0.15},"raw_axes":{"chord":1.0370162647223782,"stream":30.177245796253207,"scratch_per_sec":2.187188569370235,"scratch_burst_max_per_sec":10.0,"scratch_max_run_sec":6.0,"soft":0.0,"stair":0.22189866045428072,"peak":43.5,"ln_m1_short_rate_rt":0.00034317089910775565,"ln_m2_density_rt":22.814310051107384,"ln_m2_burst_max_rt":64.0,"ln_m3_density_rt":22.814310051107384,"ln_m_concurrent_rt":0.1669980119284313,"adv_hand_imb":0.2857142857142857,"adv_rel_pressure_1beat":0.6428571428571429,"adv_ln_hold_min_beats":0.2708333333333333,"adv_ln_chord_big_rate":0.0,"adv_ln_scatter_cv":1.4555758555880276,"distraction":9.181004982890077},"x_chord":0.266,"x_stream":0.778,"x_scratch":0.315,"x_soft":0.0,"x_ln":0.884,"x_stair":0.629,"x_peak":0.729,"x_distraction":0.564,"ln_advanced_score":0.636,"submetrics":{"chord":{"chord_rate":0.4026920919798093,"avg_chord_size":2.5752089136490253,"chord_positions":718,"total_positions":1783},"stream":{"stream_coverage":0.9500187899285982,"stream_density_mean":10.588297872340426,"stream_density_mean_per_sec":31.764893617021276,"stream_windows":16,"notes_in_stream":2528,"total_notes":2661,"intervals":[[720,804],[1092,2100],[2112,2832],[2892,6756],[6780,6864],[6972,7032],[7164,7248],[7260,7512],[9180,9648],[10080,10128],[10416,10476],[10536,15204],[15804,16020],[16068,16152],[16164,16320],[16476,16680]]},"scratch":{"scratch_ratio":0.08682223747426218,"scratch_positions_ratio":0.14189568143578238,"scratch_with_key_chord_rate":0.7430830039525692,"scratch_per_sec":2.187188569370235,"scratch_burst_max_per_sec":10.0,"scratch_burst_window_sec":1.0,"scratch_max_run_sec":6.0,"ls_count":11,"ls_per_sec":0.0950951551900102,"ls_complexity_mean":0,"scratch_notes":253,"scratch_positions":253,"total_notes":2914,"total_positions":1783,"chart_seconds":115.67361111111111},"soft":{"base_bpm":180.0,"intensity":0.0,"up_intensity":0.0,"down_intensity":0.0,"max_intensity":0.0,"max_up_intensity":0.0,"max_down_intensity":0.0,"step_frequency":0.0,"ramp_frequency":0.0,"continuity_beats":0.0,"off_base_note_ratio":0.0,"gimmick_burst_score":0.0,"max_off_base_density_per_beat":0.0,"base_mean_density_per_beat":8.389048991354468,"base_density_source":"on_base","distinct_off_base_bpm_count":0,"bpm_change_events":0,"measure_count":87},"ln":{"ln_ratio":0.007206588881262869,"ln_hold_time_mean_beats":0.5952380952380952,"ln_simultaneity_rate":0.002059025394646534,"ln_simultaneity_weighted":0.0030885380919698007,"ln_count":21,"ln_count_raw":21,"ln_positions":18,"total_notes":2914,"m1_short_count_rt":1,"m1_short_rate_rt":0.00034317089910775565,"m2_long_count_rt":13,"m2_density_rt":22.814310051107384,"m2_burst_max_rt":64.0,"m3_density_rt":22.814310051107384,"m_concurrent_rt":0.1669980119284313,"total_long_sec":4.076388888888879,"long_active_sec":3.493055555555541,"long_hold_sec_mean":0.3135683760683753,"long_hold_sec_max":0.8194444444444429,"adv_hand_imb":0.2857142857142857,"adv_rel_pressure_1beat":0.6428571428571429,"adv_ln_hold_min_beats":0.2708333333333333,"adv_ln_chord_big_rate":0.0,"adv_ln_scatter_cv":1.4555758555880276},"stair":{"stair_index":0.22189866045428072,"stair_transitions":381,"eligible_transitions":1717},"peak":{"peak_local_max_density":14.5,"peak_local_max_density_per_sec":43.5,"peak_max_chord_size":5,"peak_concentration":0.44682450206689217,"total_notes":2661,"intervals":[[2304,2520],[2544,2784],[3396,3600],[4704,4920],[5208,6732],[9216,9588],[12204,12672],[13392,13584],[14064,14748],[14940,15168]]},"jack":{"jack_pairs":22,"jack_in_stream_pairs":9,"jack_outside_pairs":13,"pure_jack_per_sec":0.4051948051948049,"flow_break_per_stream_sec":0.10766802359391878,"stream_seconds":83.59027777777776,"non_stream_seconds":32.08333333333336,"chart_seconds":115.67361111111111,"window_ticks":24,"min_region_sec":10.0},"distraction":{"mode_formulation":"SP","v3_score":9.181004982890077,"qualifying_intervals":4,"qualifying_flow_sec":97.75,"qualifying_scratches":195,"scratch_chord_pair_count":161,"chord_time_threshold_sec":0.01667,"min_scratches":3,"bin_sec":0.25,"t_key":2,"gap_bins":2}},"warnings":["Unterminated LNOBJ LN on lane P1_KEY1 started at m86 pos0.75; closing at EOF","Unterminated LNOBJ LN on lane P1_SCR started at m86 pos0.75; closing at EOF","Unterminated LNOBJ LN on lane P1_KEY7 started at m86 pos0.75; closing at EOF","Unterminated LNOBJ LN on lane P1_KEY2 started at m86 pos0.46875; closing at EOF","Unterminated LNOBJ LN on lane P1_KEY6 started at m86 pos0.59375; closing at EOF","Unterminated LNOBJ LN on lane P1_KEY4 started at m86 pos0.53125; closing at EOF","Unterminated LNOBJ LN on lane P1_KEY3 started at m86 pos0.5; closing at EOF","Unterminated LNOBJ LN on lane P1_KEY5 started at m86 pos0.5625; closing at EOF"],"axis_intensities":{"chord":"green","stream":"red","peak":"red","scratch":"red","soft":null,"ln":"red","stair":"red","distraction":"red"},"tags":["scratch_burst","long_scratch","dense_chart"],"scales":["st"]}