{"md5":"868066bef5c1809ce5a7860b9f39daef","headers":{"title":"XIII Charlotte","artist":"m108","genre":"NEO EPIC TRANCECORE","playlevel":"13","base_bpm":195.0},"mode":"SP","scope":"playable_only","scaling_mode":"p99_linear","params":{"stream_window_ticks":48,"stream_density_threshold_per_beat":4.0,"peak_window_ticks":192,"peak_min_window_notes":4,"peak_min_window_sec":0.05,"felt_bpm_trigger_eff_bpm":500.0,"felt_bpm_trigger_peak_per_sec":200.0,"felt_bpm_target_peak_per_sec":100.0,"felt_bpm_floor":30.0,"jack_window_ticks":24,"soft_burst_ref":8.0,"soft_freq_ref":0.1,"soft_burst_exp":1.5,"soft_freq_exp":1.5,"chord_time_threshold_ms":16.67,"sp_distraction_min_scratches":3,"dp_distraction_window_sec_min":0.2,"dp_distraction_window_sec_max":0.8,"stream_density_ref_per_sec":40.0,"peak_density_ref_per_sec":70.0,"chord_size_ref":3.5,"ln_simultaneity_ref":0.05,"scratch_density_ref_per_sec":1.5,"scratch_ratio_ref":0.1,"distraction_density_ref":2.0,"distraction_event_ref":0.15},"raw_axes":{"chord":1.6258503401360542,"stream":25.525439177286334,"scratch":0.0008071666225396066,"soft":5.2763964404955935e-05,"ln":0.0,"stair":0.24962178517397882,"peak":42.25,"distraction":0.28683093357519873},"x_chord":0.422,"x_stream":0.632,"x_scratch":0.002,"x_soft":0.0,"x_ln":0.0,"x_stair":0.758,"x_peak":0.501,"x_distraction":0.077,"submetrics":{"chord":{"chord_rate":0.6107331821617535,"avg_chord_size":2.662128712871287,"chord_positions":808,"total_positions":1323},"stream":{"stream_coverage":0.9778694673668417,"stream_density_mean":8.226837060702875,"stream_density_mean_per_sec":26.103115015974442,"stream_windows":15,"notes_in_stream":2607,"total_notes":2666,"intervals":[[144,6383],[7044,7091],[7128,10943],[11100,11939],[11952,12035],[12048,12131],[12144,12227],[12240,12323],[12336,12419],[12432,12515],[12528,12611],[12636,15023],[15888,15971],[16284,16355],[16488,18071]]},"scratch":{"scratch_ratio":0.006001500375093774,"scratch_positions_ratio":0.012093726379440665,"scratch_with_key_chord_rate":1.0,"scratch_per_sec":0.13449413848066194,"scratch_burst_max_per_sec":2.0,"scratch_burst_window_sec":1.0,"scratch_notes":16,"scratch_positions":16,"total_notes":2666,"total_positions":1323,"chart_seconds":118.9642922788084},"soft":{"base_bpm":186.0,"intensity":0.023031967669336687,"up_intensity":0.023031967669336687,"down_intensity":0.0,"max_intensity":0.016129032258064516,"max_up_intensity":0.016129032258064516,"max_down_intensity":0.0,"step_frequency":0.010638297872340425,"ramp_frequency":0.010638297872340425,"continuity_beats":195.875,"off_base_note_ratio":0.5577644411102776,"gimmick_burst_score":0.004959812654065858,"max_off_base_density_per_beat":8.787878787878787,"base_mean_density_per_beat":6.544444444444444,"base_density_source":"on_base","distinct_off_base_bpm_count":2,"bpm_change_events":2,"measure_count":94},"ln":{"ln_ratio":0.0,"ln_hold_time_mean_beats":0.0,"ln_simultaneity_rate":0.0,"ln_simultaneity_weighted":0.0,"ln_count":0,"ln_positions":0,"total_notes":2666},"stair":{"stair_index":0.24962178517397882,"stair_transitions":330,"eligible_transitions":1322},"peak":{"peak_local_max_density":13.0,"peak_local_max_density_per_sec":42.25,"peak_max_chord_size":6,"peak_concentration":0.24118529632408103,"total_notes":2666,"intervals":[[504,803],[816,1103],[1116,2039],[4716,5471],[5688,6359]]},"jack":{"jack_pairs":2,"jack_in_stream_pairs":1,"jack_outside_pairs":1,"pure_jack_per_sec":0.06240061346225214,"flow_break_per_stream_sec":0.009714509150055064,"stream_seconds":102.93880880171201,"non_stream_seconds":16.025483477096387,"chart_seconds":118.9642922788084,"window_ticks":24,"min_region_sec":10.0},"distraction":{"mode_formulation":"SP","qualifying_window_count":2,"qualifying_scratches":11,"qualifying_flow_sec":65.66004962779157,"distract_density":0.16752957182268244,"distract_event_per_sec":0.030459922149578624,"scratch_chord_pair_count":24,"chord_time_threshold_sec":0.01667,"min_scratches":3}},"warnings":[],"tags":["stair_focused","peak_intense","sustained","peak_outlier","dense_chart"],"scales":["sl"]}