{"md5":"58b853c049822d5440661137041d41a7","headers":{"title":"Beachside Pixel [ANOTHER7]","artist":"E","genre":"Kawaii Future Bass","playlevel":"12","base_bpm":166.0},"mode":"SP","scope":"playable_only","scaling_mode":"p99_linear","params":{"stream_window_ticks":48,"stream_density_threshold_per_beat":4.0,"peak_window_ticks":192,"peak_min_window_notes":4,"peak_min_window_sec":0.05,"felt_bpm_trigger_eff_bpm":500.0,"felt_bpm_trigger_peak_per_sec":200.0,"felt_bpm_target_peak_per_sec":100.0,"felt_bpm_floor":30.0,"jack_window_ticks":24,"soft_burst_ref":8.0,"soft_freq_ref":0.1,"soft_burst_exp":1.5,"soft_freq_exp":1.5,"chord_time_threshold_ms":16.67,"sp_distraction_min_scratches":3,"dp_distraction_window_sec_min":0.2,"dp_distraction_window_sec_max":0.8,"stream_density_ref_per_sec":40.0,"peak_density_ref_per_sec":70.0,"chord_size_ref":3.5,"ln_simultaneity_ref":0.05,"scratch_density_ref_per_sec":1.5,"scratch_ratio_ref":0.1,"distraction_density_ref":2.0,"distraction_event_ref":0.15},"raw_axes":{"chord":2.1134751773049647,"stream":15.807817966884317,"scratch":0.01603089697270919,"soft":0.0,"ln":0.024896265560165973,"stair":0.13981042654028436,"peak":26.283333333333335,"distraction":0.0,"pure_jack_raw":0.2765706351961124,"flow_break_raw":0.4182170542635659},"x_chord":0.532,"x_stream":0.394,"x_scratch":0.038,"x_soft":0.0,"x_ln":0.394,"x_stair":0.412,"x_peak":0.424,"x_distraction":0.0,"jack_signal":0.568,"noise_budget":1.0,"submetrics":{"chord":{"chord_rate":0.83451536643026,"avg_chord_size":2.5325779036827196,"chord_positions":353,"total_positions":423},"stream":{"stream_coverage":0.921161825726141,"stream_density_mean":6.202676864244742,"stream_density_mean_per_sec":17.160739324410454,"stream_windows":43,"notes_in_stream":888,"total_notes":964,"intervals":[[468,528],[636,696],[852,912],[1020,1080],[1236,1296],[1404,1464],[1620,1680],[1788,1848],[1908,1968],[1980,2256],[2268,2352],[2364,2736],[2748,3024],[3036,3120],[3132,4836],[4956,5088],[5124,5316],[5364,5472],[5508,5700],[5748,5856],[5892,6084],[6108,6480],[6588,6852],[6900,7008],[7044,7236],[7284,7392],[7428,7620],[7644,8016],[8028,8160],[8208,8388],[8436,8544],[8592,8772],[8820,8928],[8976,9156],[9204,9312],[9360,9540],[9588,9696],[9744,9912],[9972,10080],[10128,10296],[10356,10464],[10500,10680],[10716,11088]]},"scratch":{"scratch_ratio":0.03734439834024896,"scratch_positions_ratio":0.0851063829787234,"scratch_with_key_chord_rate":0.1388888888888889,"scratch_per_sec":0.4292717967136572,"scratch_burst_max_per_sec":4.0,"scratch_burst_window_sec":1.0,"scratch_notes":36,"scratch_positions":36,"total_notes":964,"total_positions":423,"chart_seconds":83.86295180722891},"soft":{"base_bpm":166.0,"intensity":0.0,"up_intensity":0.0,"down_intensity":0.0,"max_intensity":0.0,"max_up_intensity":0.0,"max_down_intensity":0.0,"step_frequency":0.0,"ramp_frequency":0.0,"continuity_beats":0.0,"off_base_note_ratio":0.0,"gimmick_burst_score":0.0,"max_off_base_density_per_beat":0.0,"base_mean_density_per_beat":4.150862068965517,"base_density_source":"on_base","distinct_off_base_bpm_count":0,"bpm_change_events":1,"measure_count":59},"ln":{"ln_ratio":0.21680497925311204,"ln_hold_time_mean_beats":0.757177033492823,"ln_simultaneity_rate":0.006224066390041493,"ln_simultaneity_weighted":0.024896265560165973,"ln_count":209,"ln_positions":103,"total_notes":964},"stair":{"stair_index":0.13981042654028436,"stair_transitions":59,"eligible_transitions":422},"peak":{"peak_local_max_density":9.5,"peak_local_max_density_per_sec":26.283333333333335,"peak_max_chord_size":6,"peak_concentration":0.27385892116182575,"total_notes":964,"intervals":[[3444,4824],[6600,6840]]},"jack":{"jack_pairs":32,"jack_in_stream_pairs":26,"jack_outside_pairs":6,"pure_jack_per_sec":0.2765706351961124,"flow_break_per_stream_sec":0.4182170542635659,"stream_seconds":62.16867469879517,"non_stream_seconds":21.694277108433738,"chart_seconds":83.86295180722891,"window_ticks":24,"min_region_sec":10.0},"distraction":{"mode_formulation":"SP","qualifying_window_count":0,"qualifying_scratches":0,"qualifying_flow_sec":0,"distract_density":0.0,"distract_event_per_sec":0.0,"scratch_chord_pair_count":8,"chord_time_threshold_sec":0.01667,"min_scratches":3}},"warnings":[],"tags":["ln_chart","sustained"],"scales":["so"]}