{"md5":"40fd51732eda5299c74b484343e13cf7","headers":{"title":"Bohemian Chic [SP INSANE]","artist":"あるさん","genre":"European-Latin","playlevel":"13","base_bpm":222.0},"mode":"SP","scope":"playable_only","scaling_mode":"p99_linear","params":{"stream_window_ticks":48,"stream_density_threshold_per_beat":4.0,"peak_window_ticks":192,"peak_min_window_notes":4,"peak_min_window_sec":0.05,"felt_bpm_trigger_eff_bpm":500.0,"felt_bpm_trigger_peak_per_sec":200.0,"felt_bpm_target_peak_per_sec":100.0,"felt_bpm_floor":30.0,"jack_window_ticks":24,"soft_burst_ref":8.0,"soft_freq_ref":0.1,"soft_burst_exp":1.5,"soft_freq_exp":1.5,"chord_time_threshold_ms":16.67,"sp_distraction_min_scratches":3,"dp_distraction_window_sec_min":0.2,"dp_distraction_window_sec_max":0.8,"stream_density_ref_per_sec":40.0,"peak_density_ref_per_sec":70.0,"chord_size_ref":3.5,"ln_simultaneity_ref":0.05,"scratch_density_ref_per_sec":1.5,"scratch_ratio_ref":0.1,"distraction_density_ref":2.0,"distraction_event_ref":0.15},"raw_axes":{"chord":1.7819004524886877,"stream":18.851646809597085,"scratch":0.0012838598372772725,"soft":0.007727050539047206,"ln":0.0,"stair":0.09963768115942029,"peak":32.375,"distraction":0.4780133958118233},"x_chord":0.463,"x_stream":0.484,"x_scratch":0.003,"x_soft":0.033,"x_ln":0.0,"x_stair":0.303,"x_peak":0.538,"x_distraction":0.126,"submetrics":{"chord":{"chord_rate":0.6868778280542986,"avg_chord_size":2.5942028985507246,"chord_positions":759,"total_positions":1105},"stream":{"stream_coverage":0.9576673866090712,"stream_density_mean":5.322044728434505,"stream_density_mean_per_sec":19.68496272630458,"stream_windows":32,"notes_in_stream":2217,"total_notes":2315,"intervals":[[2148,2208],[2292,2352],[2364,2568],[2580,2640],[2676,2856],[2868,2928],[2940,3072],[3156,3288],[3300,3384],[3444,3504],[3516,3720],[3804,3936],[4020,5076],[5172,5232],[5244,6120],[6156,6240],[6252,7464],[7476,8616],[8628,9360],[9372,10344],[10356,10704],[10764,11448],[11544,15312],[15684,15744],[15828,16992],[17004,17064],[17100,17928],[17988,18072],[18084,20232],[20268,21576],[21588,23880],[23892,24840]]},"scratch":{"scratch_ratio":0.009071274298056155,"scratch_positions_ratio":0.019004524886877826,"scratch_with_key_chord_rate":0.9523809523809523,"scratch_per_sec":0.14153026301413743,"scratch_burst_max_per_sec":5.0,"scratch_burst_window_sec":1.0,"scratch_notes":21,"scratch_positions":21,"total_notes":2315,"total_positions":1105,"chart_seconds":148.37815992684415},"soft":{"base_bpm":222.0,"intensity":0.0008366898215710311,"up_intensity":0.0,"down_intensity":0.0008366898215710311,"max_intensity":0.5495495495495496,"max_up_intensity":0.0,"max_down_intensity":0.5495495495495496,"step_frequency":0.06896551724137931,"ramp_frequency":0.034482758620689655,"continuity_beats":12.0,"off_base_note_ratio":0.0021598272138228943,"gimmick_burst_score":0.11204223281618449,"max_off_base_density_per_beat":1.0,"base_mean_density_per_beat":4.346190028222013,"base_density_source":"on_base","distinct_off_base_bpm_count":4,"bpm_change_events":6,"measure_count":87},"ln":{"ln_ratio":0.0,"ln_hold_time_mean_beats":0.0,"ln_simultaneity_rate":0.0,"ln_simultaneity_weighted":0.0,"ln_count":0,"ln_positions":0,"total_notes":2315},"stair":{"stair_index":0.09963768115942029,"stair_transitions":110,"eligible_transitions":1104},"peak":{"peak_local_max_density":8.75,"peak_local_max_density_per_sec":32.375,"peak_max_chord_size":6,"peak_concentration":0.39481641468682505,"total_notes":2315,"intervals":[[5424,5736],[6252,6456],[8820,9192],[9468,9768],[9852,10044],[10104,10332],[10788,11064],[11220,11448],[11832,12084],[13236,13488],[14244,15084],[16632,16980],[17340,17544],[20340,20700],[20724,20928],[21876,22104],[22164,22728],[22752,23880],[23916,24744]]},"jack":{"jack_pairs":14,"jack_in_stream_pairs":11,"jack_outside_pairs":3,"pure_jack_per_sec":0.10344302973934545,"flow_break_per_stream_sec":0.09214529297731744,"stream_seconds":119.37668918918918,"non_stream_seconds":29.00147073765497,"chart_seconds":148.37815992684415,"window_ticks":24,"min_region_sec":10.0},"distraction":{"mode_formulation":"SP","qualifying_window_count":1,"qualifying_scratches":7,"qualifying_flow_sec":21.26858108108108,"distract_density":0.3291239774442062,"distract_event_per_sec":0.04701771106345803,"scratch_chord_pair_count":26,"chord_time_threshold_sec":0.01667,"min_scratches":3}},"warnings":[],"tags":["dense_chart","fast_chart"],"scales":["★"]}