{"md5":"f56b90ac48622ac7fbe498c2008dfceb","headers":{"title":"dotabata〆trickster","artist":"浅黄ムツキ","genre":"定理系スピードラグ","playlevel":"12","base_bpm":368.0},"mode":"SP","scope":"playable_only","scaling_mode":"p99_linear","params":{"stream_window_ticks":48,"stream_density_threshold_per_beat":4.0,"peak_window_ticks":192,"peak_min_window_notes":4,"peak_min_window_sec":0.05,"felt_bpm_trigger_eff_bpm":500.0,"felt_bpm_trigger_peak_per_sec":200.0,"felt_bpm_target_peak_per_sec":100.0,"felt_bpm_floor":30.0,"jack_window_ticks":24,"soft_burst_ref":8.0,"soft_freq_ref":0.1,"soft_burst_exp":1.5,"soft_freq_exp":1.5,"chord_time_threshold_ms":16.67,"sp_distraction_min_scratches":3,"sp_distraction_bin_sec":0.25,"sp_distraction_t_key":2,"sp_distraction_gap_bins":2,"dp_distraction_window_sec_min":0.2,"dp_distraction_window_sec_max":0.8,"stream_density_ref_per_sec":40.0,"peak_density_ref_per_sec":70.0,"chord_size_ref":3.5,"ln_simultaneity_ref":0.05,"scratch_density_ref_per_sec":1.5,"scratch_ratio_ref":0.1,"distraction_density_ref":2.0,"distraction_event_ref":0.15},"raw_axes":{"chord":1.4132841328413284,"stream":8.65141523414345,"scratch_per_sec":1.1444756060311554,"scratch_burst_max_per_sec":5.0,"scratch_max_run_sec":1.9565217391304337,"soft":0.0,"stair":0.20593692022263452,"peak":26.066666666666666,"ln_m1_short_rate_rt":0.0,"ln_m2_density_rt":147.19999999999553,"ln_m2_burst_max_rt":54.0,"ln_m3_density_rt":147.19999999999553,"ln_m_concurrent_rt":0.0,"adv_hand_imb":1.0,"adv_rel_pressure_1beat":0.0,"adv_ln_hold_min_beats":2.25,"adv_ln_chord_big_rate":0.0,"adv_ln_scatter_cv":0.0,"distraction":4.716874461999834},"x_chord":0.363,"x_stream":0.223,"x_scratch":0.155,"x_soft":0.0,"x_ln":0.742,"x_stair":0.584,"x_peak":0.437,"x_distraction":0.29,"ln_advanced_score":0.44,"submetrics":{"chord":{"chord_rate":0.5055350553505535,"avg_chord_size":2.795620437956204,"chord_positions":548,"total_positions":1084},"stream":{"stream_coverage":0.34232365145228216,"stream_density_mean":4.120535714285714,"stream_density_mean_per_sec":25.272619047619045,"stream_windows":103,"notes_in_stream":660,"total_notes":1928,"intervals":[[540,600],[1704,1776],[1788,1872],[1884,1968],[1980,2064],[2076,2136],[3324,3408],[3612,3672],[3876,3936],[3948,4008],[4020,4080],[4092,4152],[4212,4284],[4404,4464],[4476,4536],[4596,4656],[4764,4824],[4860,4920],[4956,5016],[5028,5088],[5100,5208],[5412,5472],[5484,5592],[6300,6360],[6876,7008],[7020,7152],[7644,7728],[7836,7920],[7956,8016],[8220,8280],[8292,8352],[8484,8544],[8556,8616],[8868,8928],[8988,9072],[9180,9264],[9372,9432],[9696,9816],[12972,13056],[13188,13248],[13428,13488],[14508,14592],[15132,15216],[15840,15960],[15972,16032],[16068,16128],[17244,17304],[17916,18000],[18684,18768],[18780,18840],[18900,18984],[18996,19800],[19860,19920],[19932,20016],[20028,20112],[20124,20208],[20220,20304],[20316,20400],[20412,20496],[20508,21336],[21612,21696],[21852,21900],[21984,22116],[22596,22656],[22668,22728],[23364,23424],[23436,23496],[24180,24312],[24828,24912],[25116,25176],[25188,25248],[25260,25320],[25512,25596],[25608,25692],[25884,25944],[25956,26016],[26028,26088],[26652,26712],[27420,27480],[27516,27624],[27660,27768],[27972,28032],[28092,28176],[28200,28248],[28260,28320],[28332,28392],[28584,28668],[28680,28764],[28956,29016],[29028,29088],[29100,29160],[29724,29784],[31596,31680],[31836,31884],[31968,32100],[33192,33264],[33276,33360],[33372,33552],[33564,33624],[34812,34896],[35496,35592],[35868,35928],[35952,36024]]},"scratch":{"scratch_ratio":0.06769825918762089,"scratch_positions_ratio":0.12915129151291513,"scratch_with_key_chord_rate":0.9642857142857143,"scratch_per_sec":1.1444756060311554,"scratch_burst_max_per_sec":5.0,"scratch_burst_window_sec":1.0,"scratch_max_run_sec":1.9565217391304337,"ls_count":0,"ls_per_sec":0.0,"ls_complexity_mean":0.0,"scratch_notes":140,"scratch_positions":140,"total_notes":2068,"total_positions":1084,"chart_seconds":122.32676630434783},"soft":{"base_bpm":368.0,"intensity":0.0,"up_intensity":0.0,"down_intensity":0.0,"max_intensity":0.0,"max_up_intensity":0.0,"max_down_intensity":0.0,"step_frequency":0.0,"ramp_frequency":0.0,"continuity_beats":0.0,"off_base_note_ratio":0.0,"gimmick_burst_score":0.0,"max_off_base_density_per_beat":0.0,"base_mean_density_per_beat":2.7550816394535156,"base_density_source":"on_base","distinct_off_base_bpm_count":0,"bpm_change_events":0,"measure_count":188},"ln":{"ln_ratio":0.00048355899419729207,"ln_hold_time_mean_beats":2.25,"ln_simultaneity_rate":0.0024177949709864605,"ln_simultaneity_weighted":0.0024177949709864605,"ln_count":1,"ln_count_raw":1,"ln_positions":1,"total_notes":2068,"m1_short_count_rt":0,"m1_short_rate_rt":0.0,"m2_long_count_rt":1,"m2_density_rt":147.19999999999553,"m2_burst_max_rt":54.0,"m3_density_rt":147.19999999999553,"m_concurrent_rt":0.0,"total_long_sec":0.36684782608696764,"long_active_sec":0.36684782608696764,"long_hold_sec_mean":0.36684782608696764,"long_hold_sec_max":0.36684782608696764,"adv_hand_imb":1.0,"adv_rel_pressure_1beat":0.0,"adv_ln_hold_min_beats":2.25,"adv_ln_chord_big_rate":0.0,"adv_ln_scatter_cv":0.0},"stair":{"stair_index":0.20593692022263452,"stair_transitions":222,"eligible_transitions":1078},"peak":{"peak_local_max_density":4.25,"peak_local_max_density_per_sec":26.066666666666666,"peak_max_chord_size":5,"peak_concentration":0.44398340248962653,"total_notes":1928,"intervals":[[1644,2124],[3348,3672],[3876,4824],[5436,5736],[6156,6360],[6732,7296],[7500,7920],[8244,8760],[8844,9432],[9708,9948],[12828,13032],[14364,14568],[15000,15216],[15828,16272],[17244,17448],[17772,18144],[18876,20016],[20412,21360],[21996,22200],[24108,24408],[24852,25308],[25368,26016],[26556,26856],[27948,28320],[28440,29088],[29580,29928],[31980,32172],[33132,33648],[34836,35040],[35364,35592]]},"jack":{"jack_pairs":0,"jack_in_stream_pairs":0,"jack_outside_pairs":0,"pure_jack_per_sec":0.0,"flow_break_per_stream_sec":0.0,"stream_seconds":31.38926630434777,"non_stream_seconds":90.93750000000006,"chart_seconds":122.32676630434783,"window_ticks":24,"min_region_sec":10.0},"distraction":{"mode_formulation":"SP","v3_score":4.716874461999834,"qualifying_intervals":1,"qualifying_flow_sec":121.25,"qualifying_scratches":140,"scratch_chord_pair_count":174,"chord_time_threshold_sec":0.01667,"min_scratches":3,"bin_sec":0.25,"t_key":2,"gap_bins":2}},"warnings":[],"axis_intensities":{"chord":"green","stream":"green","peak":"green","scratch":"yellow","soft":null,"ln":"yellow","stair":"red","distraction":"red"},"tags":[],"scales":["sl"]}