{"md5":"1cc2d39f6518bcdd08ca92d1ff5fbe53","headers":{"title":"τ (tau)","artist":"Wooden","genre":"TECHCORE","playlevel":"24","base_bpm":155.0},"mode":"SP","scope":"playable_only","scaling_mode":"p99_linear","params":{"stream_window_ticks":48,"stream_density_threshold_per_beat":4.0,"peak_window_ticks":192,"peak_min_window_notes":4,"peak_min_window_sec":0.05,"felt_bpm_trigger_eff_bpm":500.0,"felt_bpm_trigger_peak_per_sec":200.0,"felt_bpm_target_peak_per_sec":100.0,"felt_bpm_floor":30.0,"jack_window_ticks":24,"soft_burst_ref":8.0,"soft_freq_ref":0.1,"soft_burst_exp":1.5,"soft_freq_exp":1.5,"chord_time_threshold_ms":16.67,"sp_distraction_min_scratches":3,"sp_distraction_bin_sec":0.25,"sp_distraction_t_key":2,"sp_distraction_gap_bins":2,"dp_distraction_window_sec_min":0.2,"dp_distraction_window_sec_max":0.8,"stream_density_ref_per_sec":40.0,"peak_density_ref_per_sec":70.0,"chord_size_ref":3.5,"ln_simultaneity_ref":0.05,"scratch_density_ref_per_sec":1.5,"scratch_ratio_ref":0.1,"distraction_density_ref":2.0,"distraction_event_ref":0.15},"raw_axes":{"chord":1.895676691729323,"stream":22.954143185873956,"scratch_per_sec":0.75810925559015,"scratch_burst_max_per_sec":8.0,"scratch_max_run_sec":2.3225806451613096,"soft":0.0,"stair":0.10782442748091603,"peak":41.979166666666664,"ln_m1_short_rate_rt":0.0,"ln_m2_density_rt":0.0,"ln_m2_burst_max_rt":0.0,"ln_m3_density_rt":0.0,"ln_m_concurrent_rt":0.0,"adv_hand_imb":1.0,"adv_rel_pressure_1beat":1.0,"adv_ln_hold_min_beats":3.75,"adv_ln_chord_big_rate":0.0,"adv_ln_scatter_cv":0.0,"distraction":3.0183979620718935},"x_chord":0.487,"x_stream":0.592,"x_scratch":0.197,"x_soft":0.0,"x_ln":0.0,"x_stair":0.306,"x_peak":0.704,"x_distraction":0.185,"ln_advanced_score":0.0,"submetrics":{"chord":{"chord_rate":0.5704887218045113,"avg_chord_size":3.3228995057660624,"chord_positions":607,"total_positions":1064},"stream":{"stream_coverage":0.9746407438715131,"stream_density_mean":9.116666666666667,"stream_density_mean_per_sec":23.55138888888889,"stream_windows":25,"notes_in_stream":2306,"total_notes":2366,"intervals":[[588,720],[732,792],[864,1032],[1056,1176],[1356,1572],[1632,1824],[1884,3288],[3372,3504],[3516,6564],[7296,7836],[8064,9636],[9900,10008],[10284,10416],[10512,10560],[10668,10836],[10908,11040],[11292,12696],[12780,14304],[14328,15828],[16140,16272],[16284,16344],[16416,16584],[16608,16728],[16908,17124],[17256,17376]]},"scratch":{"scratch_ratio":0.043654001616814875,"scratch_positions_ratio":0.10150375939849623,"scratch_with_key_chord_rate":0.8611111111111112,"scratch_per_sec":0.75810925559015,"scratch_burst_max_per_sec":8.0,"scratch_burst_window_sec":1.0,"scratch_max_run_sec":2.3225806451613096,"ls_count":4,"ls_per_sec":0.028078120577412963,"ls_complexity_mean":0,"scratch_notes":108,"scratch_positions":108,"total_notes":2474,"total_positions":1064,"chart_seconds":142.45967741935485},"soft":{"base_bpm":155.0,"intensity":0.0,"up_intensity":0.0,"down_intensity":0.0,"max_intensity":0.0,"max_up_intensity":0.0,"max_down_intensity":0.0,"step_frequency":0.0,"ramp_frequency":0.0,"continuity_beats":0.0,"off_base_note_ratio":0.0,"gimmick_burst_score":0.0,"max_off_base_density_per_beat":0.0,"base_mean_density_per_beat":6.7146739130434785,"base_density_source":"on_base","distinct_off_base_bpm_count":0,"bpm_change_events":0,"measure_count":93},"ln":{"ln_ratio":0.0004042037186742118,"ln_hold_time_mean_beats":3.75,"ln_simultaneity_rate":0.0,"ln_simultaneity_weighted":0.0,"ln_count":1,"ln_count_raw":1,"ln_positions":1,"total_notes":2474,"m1_short_count_rt":0,"m1_short_rate_rt":0.0,"m2_long_count_rt":1,"m2_density_rt":0.0,"m2_burst_max_rt":0.0,"m3_density_rt":0.0,"m_concurrent_rt":0.0,"total_long_sec":1.4516129032258078,"long_active_sec":1.4516129032258078,"long_hold_sec_mean":1.4516129032258078,"long_hold_sec_max":1.4516129032258078,"adv_hand_imb":1.0,"adv_rel_pressure_1beat":1.0,"adv_ln_hold_min_beats":3.75,"adv_ln_chord_big_rate":0.0,"adv_ln_scatter_cv":0.0},"stair":{"stair_index":0.10782442748091603,"stair_transitions":113,"eligible_transitions":1048},"peak":{"peak_local_max_density":16.25,"peak_local_max_density_per_sec":41.979166666666664,"peak_max_chord_size":7,"peak_concentration":0.3795435333896872,"total_notes":2366,"intervals":[[2904,3288],[4284,4944],[12960,13632],[13776,14148],[14388,15132],[15180,15564]]},"jack":{"jack_pairs":85,"jack_in_stream_pairs":77,"jack_outside_pairs":8,"pure_jack_per_sec":0.2334666980465994,"flow_break_per_stream_sec":0.7116875372689324,"stream_seconds":108.19354838709681,"non_stream_seconds":34.266129032258036,"chart_seconds":142.45967741935485,"window_ticks":24,"min_region_sec":10.0},"distraction":{"mode_formulation":"SP","v3_score":3.0183979620718935,"qualifying_intervals":12,"qualifying_flow_sec":105.25,"qualifying_scratches":97,"scratch_chord_pair_count":124,"chord_time_threshold_sec":0.01667,"min_scratches":3,"bin_sec":0.25,"t_key":2,"gap_bins":2}},"warnings":[],"axis_intensities":{"chord":"yellow","stream":"yellow","peak":"red","scratch":"red","soft":null,"ln":null,"stair":"green","distraction":"yellow"},"tags":["flow_break","long_scratch"],"scales":["st"]}