{"md5":"e5b14c4dcd1df58a047ba33caa88663a","headers":{"title":"conflict[INFELNO]","artist":"siromaru + cranky /差分　赤い人","genre":"HARMONIC SCHRANZ","playlevel":"20","base_bpm":160.0},"mode":"SP","scope":"playable_only","scaling_mode":"p99_linear","params":{"stream_window_ticks":48,"stream_density_threshold_per_beat":4.0,"peak_window_ticks":192,"peak_min_window_notes":4,"peak_min_window_sec":0.05,"felt_bpm_trigger_eff_bpm":500.0,"felt_bpm_trigger_peak_per_sec":200.0,"felt_bpm_target_peak_per_sec":100.0,"felt_bpm_floor":30.0,"jack_window_ticks":24,"soft_burst_ref":8.0,"soft_freq_ref":0.1,"soft_burst_exp":1.5,"soft_freq_exp":1.5,"chord_time_threshold_ms":16.67,"sp_distraction_min_scratches":3,"dp_distraction_window_sec_min":0.2,"dp_distraction_window_sec_max":0.8,"stream_density_ref_per_sec":40.0,"peak_density_ref_per_sec":70.0,"chord_size_ref":3.5,"ln_simultaneity_ref":0.05,"scratch_density_ref_per_sec":1.5,"scratch_ratio_ref":0.1,"distraction_density_ref":2.0,"distraction_event_ref":0.15},"raw_axes":{"chord":1.9285714285714286,"stream":24.063669692982664,"scratch":0.003491225849072912,"soft":0.0,"ln":0.0,"stair":0.17155756207674944,"peak":36.666666666666664,"distraction":0.49369839200347676,"pure_jack_raw":0.19937694704049844,"flow_break_raw":0.03410377672683674},"x_chord":0.486,"x_stream":0.6,"x_scratch":0.008,"x_soft":0.0,"x_ln":0.0,"x_stair":0.506,"x_peak":0.592,"x_distraction":0.13,"jack_signal":0.159,"noise_budget":0.297,"submetrics":{"chord":{"chord_rate":0.706015037593985,"avg_chord_size":2.731629392971246,"chord_positions":939,"total_positions":1330},"stream":{"stream_coverage":0.9519621109607578,"stream_density_mean":9.479238754325259,"stream_density_mean_per_sec":25.277970011534027,"stream_windows":30,"notes_in_stream":2814,"total_notes":2956,"intervals":[[1104,1176],[1704,3288],[3384,6372],[6480,8184],[8196,8328],[8340,8400],[8412,8472],[8484,8568],[8580,8640],[8700,8772],[8892,8952],[8964,9024],[9108,9168],[9180,9240],[9276,9336],[9348,9648],[9744,9828],[10032,10116],[10224,10308],[10332,11184],[11808,11880],[11892,11940],[11976,12048],[12072,12132],[12144,12216],[12312,12384],[12408,13536],[13740,13812],[13824,18336],[18480,18912]]},"scratch":{"scratch_ratio":0.013193504736129905,"scratch_positions_ratio":0.029323308270676692,"scratch_with_key_chord_rate":0.8205128205128205,"scratch_per_sec":0.2646170156374238,"scratch_burst_max_per_sec":5.0,"scratch_burst_window_sec":1.0,"scratch_notes":39,"scratch_positions":39,"total_notes":2956,"total_positions":1330,"chart_seconds":147.3828125},"soft":{"base_bpm":160.0,"intensity":0.0,"up_intensity":0.0,"down_intensity":0.0,"max_intensity":0.0,"max_up_intensity":0.0,"max_down_intensity":0.0,"step_frequency":0.0,"ramp_frequency":0.0,"continuity_beats":0.0,"off_base_note_ratio":0.0,"gimmick_burst_score":0.0,"max_off_base_density_per_beat":0.0,"base_mean_density_per_beat":7.511450381679389,"base_density_source":"on_base","distinct_off_base_bpm_count":0,"bpm_change_events":0,"measure_count":91},"ln":{"ln_ratio":0.0,"ln_hold_time_mean_beats":0.0,"ln_simultaneity_rate":0.0,"ln_simultaneity_weighted":0.0,"ln_count":0,"ln_positions":0,"total_notes":2956},"stair":{"stair_index":0.17155756207674944,"stair_transitions":228,"eligible_transitions":1329},"peak":{"peak_local_max_density":13.75,"peak_local_max_density_per_sec":36.666666666666664,"peak_max_chord_size":6,"peak_concentration":0.4174560216508796,"total_notes":2956,"intervals":[[2400,2820],[2844,3108],[3612,3804],[4332,4812],[6528,7992],[14112,14304],[14448,14640],[16260,16512],[16752,17292],[17316,17724],[17760,18324],[18624,18912]]},"jack":{"jack_pairs":10,"jack_in_stream_pairs":4,"jack_outside_pairs":6,"pure_jack_per_sec":0.19937694704049844,"flow_break_per_stream_sec":0.03410377672683674,"stream_seconds":117.2890625,"non_stream_seconds":30.09375,"chart_seconds":147.3828125,"window_ticks":24,"min_region_sec":10.0},"distraction":{"mode_formulation":"SP","qualifying_window_count":3,"qualifying_scratches":31,"qualifying_flow_sec":71.90625,"distract_density":0.4311169056931769,"distract_event_per_sec":0.041720990873533245,"scratch_chord_pair_count":44,"chord_time_threshold_sec":0.01667,"min_scratches":3}},"warnings":[],"tags":["dense_chart"],"scales":["★"]}