{"md5":"a0f3e4cf22c7b9b02017bf7ccad47293","headers":{"title":"世界殺戮ブラッドローズ -LiALIZE-","artist":"LiA","genre":"HAPPY HARD GENOXIDE","playlevel":"21","base_bpm":176.0},"mode":"SP","scope":"playable_only","scaling_mode":"p99_linear","params":{"stream_window_ticks":48,"stream_density_threshold_per_beat":4.0,"peak_window_ticks":192,"peak_min_window_notes":4,"peak_min_window_sec":0.05,"felt_bpm_trigger_eff_bpm":500.0,"felt_bpm_trigger_peak_per_sec":200.0,"felt_bpm_target_peak_per_sec":100.0,"felt_bpm_floor":30.0,"jack_window_ticks":24,"soft_burst_ref":8.0,"soft_freq_ref":0.1,"soft_burst_exp":1.5,"soft_freq_exp":1.5,"chord_time_threshold_ms":16.67,"sp_distraction_min_scratches":3,"sp_distraction_bin_sec":0.25,"sp_distraction_t_key":2,"sp_distraction_gap_bins":2,"dp_distraction_window_sec_min":0.2,"dp_distraction_window_sec_max":0.8,"stream_density_ref_per_sec":40.0,"peak_density_ref_per_sec":70.0,"chord_size_ref":3.5,"ln_simultaneity_ref":0.05,"scratch_density_ref_per_sec":1.5,"scratch_ratio_ref":0.1,"distraction_density_ref":2.0,"distraction_event_ref":0.15},"raw_axes":{"chord":1.8477732793522266,"stream":23.343741805345438,"scratch_per_sec":0.8716552842332826,"scratch_burst_max_per_sec":4.0,"scratch_max_run_sec":18.920454545454543,"soft":0.0,"stair":0.25326797385620914,"peak":35.93333333333334,"ln_m1_short_rate_rt":0.0,"ln_m2_density_rt":0.0,"ln_m2_burst_max_rt":0.0,"ln_m3_density_rt":0.0,"ln_m_concurrent_rt":1.6623931623931625,"adv_hand_imb":0.17073170731707318,"adv_rel_pressure_1beat":0.2682926829268293,"adv_ln_hold_min_beats":0.75,"adv_ln_chord_big_rate":0.05555555555555555,"adv_ln_scatter_cv":0.6143544915816361,"distraction":4.7595145678769715},"x_chord":0.475,"x_stream":0.602,"x_scratch":0.207,"x_soft":0.0,"x_ln":0.518,"x_stair":0.718,"x_peak":0.602,"x_distraction":0.292,"ln_advanced_score":0.673,"submetrics":{"chord":{"chord_rate":0.6048582995951417,"avg_chord_size":3.0548862115127173,"chord_positions":747,"total_positions":1235},"stream":{"stream_coverage":0.976928895612708,"stream_density_mean":8.146031746031746,"stream_density_mean_per_sec":23.895026455026457,"stream_windows":15,"notes_in_stream":2583,"total_notes":2644,"intervals":[[528,612],[2064,2148],[3036,3120],[3420,7128],[7260,9552],[9588,12720],[13020,13104],[13404,13488],[13788,13872],[13980,15576],[15720,16944],[16956,17040],[17052,17520],[17532,18288],[18300,20376]]},"scratch":{"scratch_ratio":0.04548736462093863,"scratch_positions_ratio":0.1020242914979757,"scratch_with_key_chord_rate":0.9206349206349206,"scratch_per_sec":0.8716552842332826,"scratch_burst_max_per_sec":4.0,"scratch_burst_window_sec":1.0,"scratch_max_run_sec":18.920454545454543,"ls_count":1,"ls_per_sec":0.006917899081216528,"ls_complexity_mean":0,"scratch_notes":126,"scratch_positions":126,"total_notes":2770,"total_positions":1235,"chart_seconds":144.5525568181818},"soft":{"base_bpm":176.0,"intensity":0.0,"up_intensity":0.0,"down_intensity":0.0,"max_intensity":0.0,"max_up_intensity":0.0,"max_down_intensity":0.0,"step_frequency":0.0,"ramp_frequency":0.0,"continuity_beats":0.0,"off_base_note_ratio":0.0,"gimmick_burst_score":0.0,"max_off_base_density_per_beat":0.0,"base_mean_density_per_beat":6.53066037735849,"base_density_source":"on_base","distinct_off_base_bpm_count":0,"bpm_change_events":0,"measure_count":107},"ln":{"ln_ratio":0.017328519855595668,"ln_hold_time_mean_beats":3.2447916666666665,"ln_simultaneity_rate":0.0,"ln_simultaneity_weighted":0.0,"ln_count":48,"ln_count_raw":48,"ln_positions":24,"total_notes":2770,"m1_short_count_rt":0,"m1_short_rate_rt":0.0,"m2_long_count_rt":41,"m2_density_rt":0.0,"m2_burst_max_rt":0.0,"m3_density_rt":0.0,"m_concurrent_rt":1.6623931623931625,"total_long_sec":53.096590909090885,"long_active_sec":19.94318181818181,"long_hold_sec_mean":1.2950388026607533,"long_hold_sec_max":2.642045454545457,"adv_hand_imb":0.17073170731707318,"adv_rel_pressure_1beat":0.2682926829268293,"adv_ln_hold_min_beats":0.75,"adv_ln_chord_big_rate":0.05555555555555555,"adv_ln_scatter_cv":0.6143544915816361},"stair":{"stair_index":0.25326797385620914,"stair_transitions":310,"eligible_transitions":1224},"peak":{"peak_local_max_density":12.25,"peak_local_max_density_per_sec":35.93333333333334,"peak_max_chord_size":7,"peak_concentration":0.3006807866868381,"total_notes":2644,"intervals":[[6144,6408],[14040,14280],[15732,16944],[17076,17376],[18780,20352]]},"jack":{"jack_pairs":4,"jack_in_stream_pairs":3,"jack_outside_pairs":1,"pure_jack_per_sec":0.031040564373897732,"flow_break_per_stream_sec":0.026705443510147305,"stream_seconds":112.33664772727275,"non_stream_seconds":32.215909090909065,"chart_seconds":144.5525568181818,"window_ticks":24,"min_region_sec":10.0},"distraction":{"mode_formulation":"SP","v3_score":4.7595145678769715,"qualifying_intervals":3,"qualifying_flow_sec":109.5,"qualifying_scratches":122,"scratch_chord_pair_count":157,"chord_time_threshold_sec":0.01667,"min_scratches":3,"bin_sec":0.25,"t_key":2,"gap_bins":2}},"warnings":["Unterminated LNOBJ LN on lane P1_KEY1 started at m105 pos0.875; closing at EOF","Unterminated LNOBJ LN on lane P1_KEY3 started at m105 pos0.9375; closing at EOF","Unterminated LNOBJ LN on lane P1_KEY5 started at m105 pos0.875; closing at EOF","Unterminated LNOBJ LN on lane P1_KEY6 started at m105 pos0.75; closing at EOF","Unterminated LNOBJ LN on lane P1_KEY7 started at m105 pos0.71875; closing at EOF","Unterminated LNOBJ LN on lane P1_KEY2 started at m105 pos0.96875; closing at EOF","Unterminated LNOBJ LN on lane P1_SCR started at m106 pos0.0; closing at EOF","Unterminated LNOBJ LN on lane P1_KEY4 started at m105 pos0.90625; closing at EOF"],"axis_intensities":{"chord":"yellow","stream":"yellow","peak":"yellow","scratch":"red","soft":null,"ln":"green","stair":"red","distraction":"red"},"tags":[],"scales":["st"]}