{"md5":"26ff760f0d7fb15b8a335fafc7ee441d","headers":{"title":"ヒュブリスの頂に聳えるのは","artist":"qfeileadh feat.のあ","genre":"Progressive Electro Fusion","playlevel":"27","base_bpm":158.0},"mode":"SP","scope":"playable_only","scaling_mode":"p99_linear","params":{"stream_window_ticks":48,"stream_density_threshold_per_beat":4.0,"peak_window_ticks":192,"peak_min_window_notes":4,"peak_min_window_sec":0.05,"felt_bpm_trigger_eff_bpm":500.0,"felt_bpm_trigger_peak_per_sec":200.0,"felt_bpm_target_peak_per_sec":100.0,"felt_bpm_floor":30.0,"jack_window_ticks":24,"soft_burst_ref":8.0,"soft_freq_ref":0.1,"soft_burst_exp":1.5,"soft_freq_exp":1.5,"chord_time_threshold_ms":16.67,"sp_distraction_min_scratches":3,"dp_distraction_window_sec_min":0.2,"dp_distraction_window_sec_max":0.8,"stream_density_ref_per_sec":40.0,"peak_density_ref_per_sec":70.0,"chord_size_ref":3.5,"ln_simultaneity_ref":0.05,"scratch_density_ref_per_sec":1.5,"scratch_ratio_ref":0.1,"distraction_density_ref":2.0,"distraction_event_ref":0.15},"raw_axes":{"chord":2.631506849315069,"stream":33.60602056493996,"scratch":0.02179831966878708,"soft":0.0,"stair":0.23989033584647018,"peak":55.3,"ln_m1_short_rate_rt":0.0006941230911614993,"ln_m2_density_rt":82.58487394957953,"ln_m2_burst_max_rt":311.0,"ln_m3_density_rt":82.58487394957953,"ln_m_concurrent_rt":0.0,"adv_hand_imb":0.2,"adv_rel_pressure_1beat":0.6,"adv_ln_hold_min_beats":0.25,"adv_ln_chord_big_rate":0.125,"adv_ln_scatter_cv":1.4129429638986286,"distraction":1.1111264066561022},"x_chord":0.672,"x_stream":0.842,"x_scratch":0.053,"x_soft":0.0,"x_ln":0.843,"x_stair":0.697,"x_peak":0.894,"x_distraction":0.259,"ln_advanced_score":0.714,"submetrics":{"chord":{"chord_rate":0.6712328767123288,"avg_chord_size":3.9204081632653063,"chord_positions":980,"total_positions":1460},"stream":{"stream_coverage":0.985192040721888,"stream_density_mean":12.953596287703016,"stream_density_mean_per_sec":34.11113689095127,"stream_windows":24,"notes_in_stream":4258,"total_notes":4322,"intervals":[[168,1020],[1104,1308],[1320,1476],[1500,1584],[1644,2748],[3072,3144],[3228,3552],[3732,3780],[3828,5064],[5088,5460],[5532,5856],[5964,6084],[6156,6216],[6468,6612],[6732,6852],[6864,7680],[7692,10632],[11544,12744],[12780,12936],[13020,13224],[14028,14472],[14484,16104],[16116,20208],[20340,20520]]},"scratch":{"scratch_ratio":0.02822767237390097,"scratch_positions_ratio":0.08356164383561644,"scratch_with_key_chord_rate":0.9344262295081968,"scratch_per_sec":0.7722322754794899,"scratch_burst_max_per_sec":7.0,"scratch_burst_window_sec":1.0,"scratch_notes":122,"scratch_positions":122,"total_notes":4322,"total_positions":1460,"chart_seconds":157.98355478505283},"soft":{"base_bpm":158.0,"intensity":0.0,"up_intensity":0.0,"down_intensity":0.0,"max_intensity":6329.113924050633,"max_up_intensity":6329.113924050633,"max_down_intensity":0.0,"step_frequency":0.006779661016949152,"ramp_frequency":0.006779661016949152,"continuity_beats":16.0,"off_base_note_ratio":0.0,"gimmick_burst_score":0.0,"max_off_base_density_per_beat":0.0,"base_mean_density_per_beat":10.389423076923077,"base_density_source":"on_base","distinct_off_base_bpm_count":1,"bpm_change_events":2,"measure_count":295},"ln":{"ln_ratio":0.0034706154558074966,"ln_hold_time_mean_beats":6.044444444444444,"ln_simultaneity_rate":0.0034706154558074966,"ln_simultaneity_weighted":0.0034706154558074966,"ln_count":15,"ln_count_raw":15,"ln_positions":9,"total_notes":4322,"m1_short_count_rt":3,"m1_short_rate_rt":0.0006941230911614993,"m2_long_count_rt":7,"m2_density_rt":82.58487394957953,"m2_burst_max_rt":311.0,"m3_density_rt":82.58487394957953,"m_concurrent_rt":0.0,"total_long_sec":3.7658227848101404,"long_active_sec":3.7658227848101404,"long_hold_sec_mean":0.5379746835443058,"long_hold_sec_max":1.1392405063291164,"adv_hand_imb":0.2,"adv_rel_pressure_1beat":0.6,"adv_ln_hold_min_beats":0.25,"adv_ln_chord_big_rate":0.125,"adv_ln_scatter_cv":1.4129429638986286},"stair":{"stair_index":0.23989033584647018,"stair_transitions":350,"eligible_transitions":1459},"peak":{"peak_local_max_density":21.0,"peak_local_max_density_per_sec":55.3,"peak_max_chord_size":8,"peak_concentration":0.46321147616844055,"total_notes":4322,"intervals":[[4224,4416],[4476,4860],[7776,8232],[8292,9072],[9084,9612],[9804,10056],[10212,10536],[11844,12168],[12324,12732],[16464,16800],[17532,17844],[17856,19020]]},"jack":{"jack_pairs":72,"jack_in_stream_pairs":71,"jack_outside_pairs":1,"pure_jack_per_sec":0.04019891005218999,"flow_break_per_stream_sec":0.5334044201844532,"stream_seconds":133.1072584202582,"non_stream_seconds":24.876296364794626,"chart_seconds":157.98355478505283,"window_ticks":24,"min_region_sec":10.0},"distraction":{"mode_formulation":"SP","qualifying_window_count":11,"qualifying_scratches":112,"qualifying_flow_sec":116.39839766076452,"distract_density":0.9622125583413669,"distract_event_per_sec":0.09450301912281282,"scratch_chord_pair_count":240,"chord_time_threshold_sec":0.01667,"min_scratches":3}},"warnings":[],"tags":["chord_heavy","stream_heavy","ln_chart","stair_focused","peak_intense","flow_break","visual_gimmick","big_chord_burst","burst_focused","chord_stream"],"scales":["st"]}