{"md5":"4892ab3dc15868eabba8e1c704e78fcb","headers":{"title":"+84","artist":"はがね","genre":"Drumnbass","playlevel":"24","base_bpm":180.0},"mode":"SP","scope":"playable_only","scaling_mode":"p99_linear","params":{"stream_window_ticks":48,"stream_density_threshold_per_beat":4.0,"peak_window_ticks":192,"peak_min_window_notes":4,"peak_min_window_sec":0.05,"felt_bpm_trigger_eff_bpm":500.0,"felt_bpm_trigger_peak_per_sec":200.0,"felt_bpm_target_peak_per_sec":100.0,"felt_bpm_floor":30.0,"jack_window_ticks":24,"soft_burst_ref":8.0,"soft_freq_ref":0.1,"soft_burst_exp":1.5,"soft_freq_exp":1.5,"chord_time_threshold_ms":16.67,"sp_distraction_min_scratches":3,"dp_distraction_window_sec_min":0.2,"dp_distraction_window_sec_max":0.8,"stream_density_ref_per_sec":40.0,"peak_density_ref_per_sec":70.0,"chord_size_ref":3.5,"ln_simultaneity_ref":0.05,"scratch_density_ref_per_sec":1.5,"scratch_ratio_ref":0.1,"distraction_density_ref":2.0,"distraction_event_ref":0.15},"raw_axes":{"chord":1.1766522544780729,"stream":28.361291821561338,"scratch":0.055682343993915855,"soft":0.0,"ln":0.00035714285714285714,"stair":0.17552533992583436,"peak":47.25,"distraction":1.3884142039664495},"x_chord":0.296,"x_stream":0.707,"x_scratch":0.133,"x_soft":0.0,"x_ln":0.006,"x_stair":0.517,"x_peak":0.762,"x_distraction":0.367,"submetrics":{"chord":{"chord_rate":0.44718962322421246,"avg_chord_size":2.6312154696132595,"chord_positions":724,"total_positions":1619},"stream":{"stream_coverage":0.9642857142857143,"stream_density_mean":9.803903345724907,"stream_density_mean_per_sec":29.41171003717472,"stream_windows":24,"notes_in_stream":2700,"total_notes":2800,"intervals":[[432,588],[600,1200],[1212,1920],[1980,2136],[2148,4032],[4272,4836],[5040,8736],[8748,8808],[8844,8904],[8916,9000],[9012,9120],[9132,9192],[9204,9288],[9300,9504],[9516,9576],[9612,9672],[9684,9768],[9780,9888],[9900,9960],[9972,14832],[15420,15552],[15876,15936],[16188,16344],[17760,17856]]},"scratch":{"scratch_ratio":0.04964285714285714,"scratch_positions_ratio":0.08585546633724521,"scratch_with_key_chord_rate":0.7266187050359713,"scratch_per_sec":1.1216587279349957,"scratch_burst_max_per_sec":8.0,"scratch_burst_window_sec":1.0,"scratch_notes":139,"scratch_positions":139,"total_notes":2800,"total_positions":1619,"chart_seconds":123.92361111111111},"soft":{"base_bpm":180.0,"intensity":0.0,"up_intensity":0.0,"down_intensity":0.0,"max_intensity":0.0,"max_up_intensity":0.0,"max_down_intensity":0.0,"step_frequency":0.0,"ramp_frequency":0.0,"continuity_beats":0.0,"off_base_note_ratio":0.0,"gimmick_burst_score":0.0,"max_off_base_density_per_beat":0.0,"base_mean_density_per_beat":7.52925353059852,"base_density_source":"on_base","distinct_off_base_bpm_count":0,"bpm_change_events":0,"measure_count":93},"ln":{"ln_ratio":0.0035714285714285713,"ln_hold_time_mean_beats":0.3,"ln_simultaneity_rate":0.00035714285714285714,"ln_simultaneity_weighted":0.00035714285714285714,"ln_count":10,"ln_positions":10,"total_notes":2800},"stair":{"stair_index":0.17552533992583436,"stair_transitions":284,"eligible_transitions":1618},"peak":{"peak_local_max_density":15.75,"peak_local_max_density_per_sec":47.25,"peak_max_chord_size":5,"peak_concentration":0.38571428571428573,"total_notes":2800,"intervals":[[3108,4020],[4524,4812],[5328,5568],[6012,6384],[6684,7116],[11616,11808],[12972,13740],[14220,14820]]},"jack":{"jack_pairs":24,"jack_in_stream_pairs":24,"jack_outside_pairs":0,"pure_jack_per_sec":0.0,"flow_break_per_stream_sec":0.24529775001774426,"stream_seconds":97.84027777777781,"non_stream_seconds":26.0833333333333,"chart_seconds":123.92361111111111,"window_ticks":24,"min_region_sec":10.0},"distraction":{"mode_formulation":"SP","qualifying_window_count":9,"qualifying_scratches":126,"qualifying_flow_sec":88.5902777777778,"distract_density":1.4222779650388018,"distract_event_per_sec":0.10159128321705728,"scratch_chord_pair_count":87,"chord_time_threshold_sec":0.01667,"min_scratches":3}},"warnings":["Unterminated LNOBJ LN on lane P1_KEY1 started at m85 pos0.75; closing at EOF","Unterminated LNOBJ LN on lane P1_KEY2 started at m91 pos0.0; closing at EOF","Unterminated LNOBJ LN on lane P1_KEY3 started at m91 pos0.75; closing at EOF","Unterminated LNOBJ LN on lane P1_KEY4 started at m89 pos0.75; closing at EOF","Unterminated LNOBJ LN on lane P1_KEY7 started at m92 pos0.0; closing at EOF","Unterminated LNOBJ LN on lane P1_KEY5 started at m88 pos0.875; closing at EOF","Unterminated LNOBJ LN on lane P1_KEY6 started at m90 pos0.5; closing at EOF","Unterminated LNOBJ LN on lane P1_SCR started at m92 pos0.9375; closing at EOF"],"tags":["stream_heavy","peak_intense","dense_chart","pure_stream"],"scales":["st"]}