{"md5":"f3c6d6a0bb63ad4b1dde2c93ecd2586c","headers":{"title":"G.N.[Raise]","artist":"keyc / Armaros","genre":"Nu Style Gabba","playlevel":"495","base_bpm":177.0},"mode":"SP","scope":"playable_only","scaling_mode":"p99_linear","params":{"stream_window_ticks":48,"stream_density_threshold_per_beat":4.0,"peak_window_ticks":192,"peak_min_window_notes":4,"peak_min_window_sec":0.05,"felt_bpm_trigger_eff_bpm":500.0,"felt_bpm_trigger_peak_per_sec":200.0,"felt_bpm_target_peak_per_sec":100.0,"felt_bpm_floor":30.0,"jack_window_ticks":24,"soft_burst_ref":8.0,"soft_freq_ref":0.1,"soft_burst_exp":1.5,"soft_freq_exp":1.5,"chord_time_threshold_ms":16.67,"sp_distraction_min_scratches":3,"sp_distraction_bin_sec":0.25,"sp_distraction_t_key":2,"sp_distraction_gap_bins":2,"dp_distraction_window_sec_min":0.2,"dp_distraction_window_sec_max":0.8,"stream_density_ref_per_sec":40.0,"peak_density_ref_per_sec":70.0,"chord_size_ref":3.5,"ln_simultaneity_ref":0.05,"scratch_density_ref_per_sec":1.5,"scratch_ratio_ref":0.1,"distraction_density_ref":2.0,"distraction_event_ref":0.15},"raw_axes":{"chord":1.1741716227697536,"stream":17.66699690402477,"scratch_per_sec":0.059910338169004554,"scratch_burst_max_per_sec":1.0,"scratch_max_run_sec":0.0,"soft":2.6391675903689123e-05,"stair":0.24190800681431004,"peak":26.55,"ln_m1_short_rate_rt":0.06388088376560999,"ln_m2_density_rt":33.46057780685118,"ln_m2_burst_max_rt":1020.0,"ln_m3_density_rt":35.16357724654358,"ln_m_concurrent_rt":2.405932868618593,"adv_hand_imb":0.1254125412541254,"adv_rel_pressure_1beat":0.6221122112211221,"adv_ln_hold_min_beats":0.16666666666666666,"adv_ln_chord_big_rate":0.1303763440860215,"adv_ln_scatter_cv":2.5844585342443125,"distraction":0.10484309179575797},"x_chord":0.302,"x_stream":0.456,"x_scratch":0.022,"x_soft":0.0,"x_ln":0.962,"x_stair":0.685,"x_peak":0.445,"x_distraction":0.006,"ln_advanced_score":0.74,"submetrics":{"chord":{"chord_rate":0.405267629566695,"avg_chord_size":2.89727463312369,"chord_positions":477,"total_positions":1177},"stream":{"stream_coverage":0.9575699132111861,"stream_density_mean":6.2639676113360325,"stream_density_mean_per_sec":18.44982456140351,"stream_windows":15,"notes_in_stream":1986,"total_notes":2074,"intervals":[[420,600],[612,792],[804,1956],[3468,3552],[3852,4224],[4236,6528],[6876,13524],[13560,13644],[13740,13788],[13800,13896],[13908,13992],[14004,14076],[14220,15648],[15780,17244],[17304,18888]]},"scratch":{"scratch_ratio":0.0038424591738712775,"scratch_positions_ratio":0.006796941376380629,"scratch_with_key_chord_rate":0.75,"scratch_per_sec":0.059910338169004554,"scratch_burst_max_per_sec":1.0,"scratch_burst_window_sec":1.0,"scratch_max_run_sec":0.0,"ls_count":4,"ls_per_sec":0.029955169084502277,"ls_complexity_mean":0,"scratch_notes":8,"scratch_positions":8,"total_notes":2082,"total_positions":1177,"chart_seconds":133.5328800420444},"soft":{"base_bpm":177.0,"intensity":0.001750272716911705,"up_intensity":0.0,"down_intensity":0.001750272716911705,"max_intensity":0.02824858757062147,"max_up_intensity":0.0,"max_down_intensity":0.02824858757062147,"step_frequency":0.02,"ramp_frequency":0.02,"continuity_beats":31.0,"off_base_note_ratio":0.06195965417867435,"gimmick_burst_score":0.001319583795184456,"max_off_base_density_per_beat":4.161290322580645,"base_mean_density_per_beat":5.389502762430939,"base_density_source":"on_base","distinct_off_base_bpm_count":1,"bpm_change_events":2,"measure_count":100},"ln":{"ln_ratio":0.585494716618636,"ln_hold_time_mean_beats":0.8830325403336068,"ln_simultaneity_rate":0.25696445725264166,"ln_simultaneity_weighted":0.6316042267050913,"ln_count":1219,"ln_count_raw":1219,"ln_positions":751,"total_notes":2082,"m1_short_count_rt":133,"m1_short_rate_rt":0.06388088376560999,"m2_long_count_rt":1079,"m2_density_rt":33.46057780685118,"m2_burst_max_rt":1020.0,"m3_density_rt":35.16357724654358,"m_concurrent_rt":2.405932868618593,"total_long_sec":357.01714623571183,"long_active_sec":104.82213243988977,"long_hold_sec_mean":0.3308778000330972,"long_hold_sec_max":2.703488372093023,"adv_hand_imb":0.1254125412541254,"adv_rel_pressure_1beat":0.6221122112211221,"adv_ln_hold_min_beats":0.16666666666666666,"adv_ln_chord_big_rate":0.1303763440860215,"adv_ln_scatter_cv":2.5844585342443125},"stair":{"stair_index":0.24190800681431004,"stair_transitions":284,"eligible_transitions":1174},"peak":{"peak_local_max_density":9.0,"peak_local_max_density_per_sec":26.55,"peak_max_chord_size":6,"peak_concentration":0.3052073288331726,"total_notes":2074,"intervals":[[5544,5964],[8328,9048],[9108,9648],[13188,13512],[14988,15192],[15252,15648],[16644,17232],[17736,18048],[18264,18864]]},"jack":{"jack_pairs":36,"jack_in_stream_pairs":34,"jack_outside_pairs":2,"pure_jack_per_sec":0.09050613154960975,"flow_break_per_stream_sec":0.3051107950567793,"stream_seconds":111.43492970700301,"non_stream_seconds":22.097950335041403,"chart_seconds":133.5328800420444,"window_ticks":24,"min_region_sec":10.0},"distraction":{"mode_formulation":"SP","v3_score":0.10484309179575797,"qualifying_intervals":2,"qualifying_flow_sec":73.75,"qualifying_scratches":6,"scratch_chord_pair_count":6,"chord_time_threshold_sec":0.01667,"min_scratches":3,"bin_sec":0.25,"t_key":2,"gap_bins":2}},"warnings":["Unterminated LNOBJ LN on lane P1_KEY2 started at m98 pos0.8125; closing at EOF","Unterminated LNOBJ LN on lane P1_KEY1 started at m99 pos0.0; closing at EOF","Unterminated LNOBJ LN on lane P1_KEY5 started at m98 pos0.9375; closing at EOF","Unterminated LNOBJ LN on lane P1_KEY6 started at m98 pos0.71875; closing at EOF","Unterminated LNOBJ LN on lane P1_KEY3 started at m98 pos0.90625; closing at EOF","Unterminated LNOBJ LN on lane P1_KEY7 started at m98 pos0.96875; closing at EOF","Unterminated LNOBJ LN on lane P1_KEY4 started at m98 pos0.84375; closing at EOF","Unterminated LNOBJ LN on lane P1_SCR started at m99 pos0.0; closing at EOF"],"axis_intensities":{"chord":"green","stream":"yellow","peak":"green","scratch":"green","soft":null,"ln":"red","stair":"red","distraction":"green"},"tags":["long_scratch"],"scales":[]}