{"md5":"a232f8241beb2dc1e14a413b78423828","headers":{"title":"白[Project AG]","artist":"Sound-Box(feat.A.Dokuga)","genre":"Emotional Core","playlevel":"4","base_bpm":210.0},"mode":"SP","scope":"playable_only","scaling_mode":"p99_linear","params":{"stream_window_ticks":48,"stream_density_threshold_per_beat":4.0,"peak_window_ticks":192,"peak_min_window_notes":4,"peak_min_window_sec":0.05,"felt_bpm_trigger_eff_bpm":500.0,"felt_bpm_trigger_peak_per_sec":200.0,"felt_bpm_target_peak_per_sec":100.0,"felt_bpm_floor":30.0,"jack_window_ticks":24,"soft_burst_ref":8.0,"soft_freq_ref":0.1,"soft_burst_exp":1.5,"soft_freq_exp":1.5,"chord_time_threshold_ms":16.67,"sp_distraction_min_scratches":3,"sp_distraction_bin_sec":0.25,"sp_distraction_t_key":2,"sp_distraction_gap_bins":2,"dp_distraction_window_sec_min":0.2,"dp_distraction_window_sec_max":0.8,"stream_density_ref_per_sec":40.0,"peak_density_ref_per_sec":70.0,"chord_size_ref":3.5,"ln_simultaneity_ref":0.05,"scratch_density_ref_per_sec":1.5,"scratch_ratio_ref":0.1,"distraction_density_ref":2.0,"distraction_event_ref":0.15},"raw_axes":{"chord":3.110204081632653,"stream":31.777635215995208,"scratch_per_sec":0.36607349202680844,"scratch_burst_max_per_sec":4.0,"scratch_max_run_sec":6.571428571428569,"soft":0.0,"stair":0.22910216718266255,"peak":43.75,"ln_m1_short_rate_rt":0.0,"ln_m2_density_rt":1.669230769230768,"ln_m2_burst_max_rt":18.0,"ln_m3_density_rt":1.669230769230768,"ln_m_concurrent_rt":1.4074074074074074,"adv_hand_imb":0.17857142857142858,"adv_rel_pressure_1beat":0.6785714285714286,"adv_ln_hold_min_beats":2.0,"adv_ln_chord_big_rate":0.5454545454545454,"adv_ln_scatter_cv":3.0877176036677967,"distraction":2.04668361451352},"x_chord":0.799,"x_stream":0.82,"x_scratch":0.124,"x_soft":0.0,"x_ln":0.769,"x_stair":0.649,"x_peak":0.733,"x_distraction":0.126,"ln_advanced_score":0.721,"submetrics":{"chord":{"chord_rate":0.6642857142857143,"avg_chord_size":4.682027649769585,"chord_positions":651,"total_positions":980},"stream":{"stream_coverage":0.932648746602235,"stream_density_mean":9.734987990392314,"stream_density_mean_per_sec":34.0724579663731,"stream_windows":39,"notes_in_stream":3088,"total_notes":3311,"intervals":[[1404,2640],[2700,2784],[2844,2928],[3132,3216],[3276,3360],[3420,3504],[3708,3792],[3852,3936],[3996,4080],[4284,4368],[4428,4512],[4572,4656],[4704,4776],[5148,5232],[5436,5520],[5748,5808],[7164,7320],[7380,7536],[7572,7680],[7716,7836],[7884,8196],[8316,8472],[8544,8832],[8868,9048],[9120,9336],[9396,10692],[11772,12996],[15804,18168],[20412,22776],[23292,23376],[23580,23664],[23868,23952],[24156,24240],[24444,24528],[24732,24816],[25020,25104],[25308,25392],[25596,30228],[30252,30336]]},"scratch":{"scratch_ratio":0.019543973941368076,"scratch_positions_ratio":0.0673469387755102,"scratch_with_key_chord_rate":0.8484848484848485,"scratch_per_sec":0.36607349202680844,"scratch_burst_max_per_sec":4.0,"scratch_burst_window_sec":1.0,"scratch_max_run_sec":6.571428571428569,"ls_count":0,"ls_per_sec":0.0,"ls_complexity_mean":0.0,"scratch_notes":66,"scratch_positions":66,"total_notes":3377,"total_positions":980,"chart_seconds":180.29166666666666},"soft":{"base_bpm":210.0,"intensity":0.0,"up_intensity":0.0,"down_intensity":0.0,"max_intensity":0.0,"max_up_intensity":0.0,"max_down_intensity":0.0,"step_frequency":0.0,"ramp_frequency":0.0,"continuity_beats":0.0,"off_base_note_ratio":0.0,"gimmick_burst_score":0.0,"max_off_base_density_per_beat":0.0,"base_mean_density_per_beat":5.3438985736925515,"base_density_source":"on_base","distinct_off_base_bpm_count":0,"bpm_change_events":0,"measure_count":211},"ln":{"ln_ratio":0.01658276576843352,"ln_hold_time_mean_beats":3.482142857142857,"ln_simultaneity_rate":0.0035534498075214687,"ln_simultaneity_weighted":0.010660349422564407,"ln_count":56,"ln_count_raw":56,"ln_positions":22,"total_notes":3377,"m1_short_count_rt":0,"m1_short_rate_rt":0.0,"m2_long_count_rt":56,"m2_density_rt":1.669230769230768,"m2_burst_max_rt":18.0,"m3_density_rt":1.669230769230768,"m_concurrent_rt":1.4074074074074074,"total_long_sec":55.71428571428576,"long_active_sec":23.14285714285716,"long_hold_sec_mean":0.9948979591836743,"long_hold_sec_max":1.7142857142857366,"adv_hand_imb":0.17857142857142858,"adv_rel_pressure_1beat":0.6785714285714286,"adv_ln_hold_min_beats":2.0,"adv_ln_chord_big_rate":0.5454545454545454,"adv_ln_scatter_cv":3.0877176036677967},"stair":{"stair_index":0.22910216718266255,"stair_transitions":222,"eligible_transitions":969},"peak":{"peak_local_max_density":12.5,"peak_local_max_density_per_sec":43.75,"peak_max_chord_size":7,"peak_concentration":0.40863787375415284,"total_notes":3311,"intervals":[[9564,9924],[10032,10536],[20436,22728],[26820,28248],[28476,28968],[29148,29400],[29628,29976]]},"jack":{"jack_pairs":3,"jack_in_stream_pairs":3,"jack_outside_pairs":0,"pure_jack_per_sec":0.0,"flow_break_per_stream_sec":0.03010572845110808,"stream_seconds":99.64880952380945,"non_stream_seconds":80.64285714285721,"chart_seconds":180.29166666666666,"window_ticks":24,"min_region_sec":10.0},"distraction":{"mode_formulation":"SP","v3_score":2.04668361451352,"qualifying_intervals":4,"qualifying_flow_sec":83.25,"qualifying_scratches":42,"scratch_chord_pair_count":121,"chord_time_threshold_sec":0.01667,"min_scratches":3,"bin_sec":0.25,"t_key":2,"gap_bins":2}},"warnings":[],"axis_intensities":{"chord":"red","stream":"red","peak":"red","scratch":"yellow","soft":null,"ln":"yellow","stair":"red","distraction":"yellow"},"tags":[],"scales":["st"]}