{"md5":"74139db89763b2333f4b6b9f44308a58","headers":{"title":"海神寓拝 [F]","artist":"sasakure.UK","genre":"fantasia","playlevel":"12","base_bpm":200.0},"mode":"SP","scope":"playable_only","scaling_mode":"p99_linear","params":{"stream_window_ticks":48,"stream_density_threshold_per_beat":4.0,"peak_window_ticks":192,"peak_min_window_notes":4,"felt_bpm_trigger_eff_bpm":500.0,"felt_bpm_trigger_peak_per_sec":200.0,"felt_bpm_target_peak_per_sec":100.0,"felt_bpm_floor":30.0,"jack_window_ticks":24,"soft_burst_ref":8.0,"soft_freq_ref":0.1,"soft_burst_exp":1.5,"soft_freq_exp":1.5,"chord_time_threshold_ms":16.67,"sp_distraction_min_scratches":3,"dp_distraction_window_sec_min":0.2,"dp_distraction_window_sec_max":0.8,"stream_density_ref_per_sec":40.0,"peak_density_ref_per_sec":70.0,"chord_size_ref":3.5,"ln_simultaneity_ref":0.05,"scratch_density_ref_per_sec":1.5,"scratch_ratio_ref":0.1,"distraction_density_ref":2.0,"distraction_event_ref":0.15},"raw_axes":{"chord":2.2377450980392157,"stream":24.953333333333333,"scratch":0.08992050078247261,"soft":0.0,"ln":0.0,"stair":0.1570552147239264,"peak":37.5,"distraction":1.5435661508434404},"x_chord":0.581,"x_stream":0.619,"x_scratch":0.217,"x_soft":0.0,"x_ln":0.0,"x_stair":0.477,"x_peak":0.456,"x_distraction":0.416,"submetrics":{"chord":{"chord_rate":0.7867647058823529,"avg_chord_size":2.844236760124611,"chord_positions":642,"total_positions":816},"stream":{"stream_coverage":0.979,"stream_density_mean":7.646578140960163,"stream_density_mean_per_sec":25.488593803200544,"stream_windows":26,"notes_in_stream":1958,"total_notes":2000,"intervals":[[732,2159],[2172,2219],[2268,2351],[2364,2447],[2460,2507],[2532,2639],[2652,2795],[2820,3083],[3132,3215],[3228,3275],[3300,3407],[3420,3563],[3588,8135],[8220,8279],[8988,9035],[9732,12887],[12924,12971],[13020,13103],[13116,13199],[13212,13259],[13308,13355],[13404,13487],[13500,13583],[13596,13679],[13692,14159],[14172,15947]]},"scratch":{"scratch_ratio":0.067,"scratch_positions_ratio":0.1642156862745098,"scratch_with_key_chord_rate":0.7835820895522388,"scratch_per_sec":1.3420970266040688,"scratch_burst_max_per_sec":10.0,"scratch_burst_window_sec":1.0,"scratch_notes":134,"scratch_positions":134,"total_notes":2000,"total_positions":816,"chart_seconds":99.84375},"soft":{"base_bpm":200.0,"intensity":0.0,"up_intensity":0.0,"down_intensity":0.0,"max_intensity":0.75,"max_up_intensity":0.0,"max_down_intensity":0.75,"step_frequency":0.023809523809523808,"ramp_frequency":0.023809523809523808,"continuity_beats":0.2708333333333333,"off_base_note_ratio":0.0,"gimmick_burst_score":0.0,"max_off_base_density_per_beat":0.0,"base_mean_density_per_beat":6.01695660365509,"base_density_source":"on_base","distinct_off_base_bpm_count":1,"bpm_change_events":2,"measure_count":84},"ln":{"ln_ratio":0.0,"ln_hold_time_mean_beats":0.0,"ln_simultaneity_rate":0.0,"ln_simultaneity_weighted":0.0,"ln_count":0,"ln_positions":0,"total_notes":2000},"stair":{"stair_index":0.1570552147239264,"stair_transitions":128,"eligible_transitions":815},"peak":{"peak_local_max_density":11.25,"peak_local_max_density_per_sec":37.5,"peak_max_chord_size":6,"peak_concentration":0.429,"total_notes":2000,"intervals":[[5100,6935],[9924,10463],[10908,12575],[12648,12875]]},"jack":{"jack_pairs":59,"jack_in_stream_pairs":59,"jack_outside_pairs":0,"pure_jack_per_sec":0.0,"flow_break_per_stream_sec":0.7130447919027114,"stream_seconds":82.74375000000003,"non_stream_seconds":17.099999999999966,"chart_seconds":99.84375,"window_ticks":24,"min_region_sec":10.0},"distraction":{"mode_formulation":"SP","qualifying_window_count":8,"qualifying_scratches":124,"qualifying_flow_sec":74.71875000000001,"distract_density":1.6595566708490168,"distract_event_per_sec":0.1070681723128398,"scratch_chord_pair_count":96,"chord_time_threshold_sec":0.01667,"min_scratches":3}},"warnings":[],"tags":["scratch_active","distraction_heavy","flow_break","scratch_burst","fast_chart"],"scales":["so"]}