{"md5":"df43c2e410faacba3e58276de9e200ed","headers":{"title":"エストポリス伝記II ～バトル#2～(SP BLACK ANOTHER)","artist":"mattaku","genre":"game music","playlevel":"12","base_bpm":175.0},"mode":"SP","scope":"playable_only","scaling_mode":"reference","params":{"stream_window_ticks":48,"stream_density_threshold_per_beat":4.0,"peak_window_ticks":192,"jack_window_ticks":24,"soft_burst_ref":8.0,"soft_freq_ref":0.1,"soft_burst_exp":1.5,"soft_freq_exp":1.5,"chord_time_threshold_ms":16.67,"sp_distraction_min_scratches":3,"dp_distraction_window_sec_min":0.2,"dp_distraction_window_sec_max":0.8,"stream_density_ref_per_sec":40.0,"peak_density_ref_per_sec":70.0,"chord_size_ref":3.5,"ln_simultaneity_ref":0.05,"scratch_density_ref_per_sec":1.5,"scratch_ratio_ref":0.1,"distraction_density_ref":2.0,"distraction_event_ref":0.15},"x_chord":0.7272404614019522,"x_stream":0.42903068386965926,"x_scratch":0.0523542432573703,"x_soft":0.0,"x_ln":0.0,"x_stair":0.18407960199004975,"x_peak":0.4270833333333333,"x_distraction":0.3457180104292017,"submetrics":{"chord":{"chord_rate":0.8,"avg_chord_size":3.1816770186335406,"chord_positions":644,"total_positions":805},"stream":{"stream_coverage":0.965158371040724,"stream_density_mean":6.096252755326965,"stream_density_mean_per_sec":17.78073720303698,"stream_windows":29,"notes_in_stream":2133,"total_notes":2210,"intervals":[[180,239],[252,335],[348,431],[444,527],[540,779],[876,935],[948,1487],[1500,2255],[2268,3023],[3036,3407],[3420,3887],[3972,4079],[4092,4175],[4236,4463],[4716,4847],[4956,5039],[5076,5231],[5292,5423],[5484,5615],[5628,5711],[5772,5999],[6156,6479],[6540,6767],[6876,6959],[7068,10703],[10716,12239],[12252,12623],[12636,13103],[13164,19391]]},"scratch":{"scratch_ratio":0.022171945701357467,"scratch_positions_ratio":0.06086956521739131,"scratch_with_key_chord_rate":0.9795918367346939,"scratch_per_sec":0.3541924824452705,"scratch_burst_max_per_sec":3.0,"scratch_burst_window_sec":1.0,"scratch_notes":49,"scratch_positions":49,"total_notes":2210,"total_positions":805,"chart_seconds":138.34285714285716},"soft":{"base_bpm":175.0,"intensity":0.0,"up_intensity":0.0,"down_intensity":0.0,"max_intensity":0.0,"max_up_intensity":0.0,"max_down_intensity":0.0,"step_frequency":0.0,"ramp_frequency":0.0,"continuity_beats":0.0,"off_base_note_ratio":0.0,"gimmick_burst_score":0.0,"max_off_base_density_per_beat":0.0,"base_mean_density_per_beat":5.4721189591078065,"base_density_source":"on_base","distinct_off_base_bpm_count":0,"bpm_change_events":0,"measure_count":101},"ln":{"ln_ratio":0.0,"ln_hold_time_mean_beats":0.0,"ln_simultaneity_rate":0.0,"ln_simultaneity_weighted":0.0,"ln_count":0,"ln_positions":0,"total_notes":2210},"stair":{"stair_index":0.18407960199004975,"stair_transitions":148,"eligible_transitions":804},"peak":{"peak_local_max_density":10.25,"peak_local_max_density_per_sec":29.895833333333332,"peak_max_chord_size":7,"peak_concentration":0.32714932126696833,"total_notes":2210,"intervals":[[2268,2567],[7860,8231],[8244,8471],[9516,9743],[10332,10631],[11100,11843],[11868,12167],[12660,12863],[14316,14735],[15756,16055],[17052,17831],[18588,19223]]},"jack":{"jack_pairs":38,"jack_in_stream_pairs":23,"jack_outside_pairs":15,"pure_jack_per_sec":1.2681159420289878,"flow_break_per_stream_sec":0.18179765130984638,"stream_seconds":126.51428571428575,"non_stream_seconds":11.828571428571408,"chart_seconds":138.34285714285716,"window_ticks":24,"min_region_sec":10.0},"distraction":{"mode_formulation":"SP","qualifying_window_count":7,"qualifying_scratches":38,"qualifying_flow_sec":94.97142857142859,"distract_density":0.40012033694344157,"distract_event_per_sec":0.0737063778580024,"scratch_chord_pair_count":69,"chord_time_threshold_sec":0.01667,"min_scratches":3}},"warnings":[],"tags":["chord_heavy","jack_chart"],"scales":["★"]}