{"md5":"7c90596d7b62e4e6f29efc28c11cceef","headers":{"title":"P-ChicK-ParK(・◇・) [ANOTHER+]","artist":"ピヨスケ / air","genre":"PoPStepS","playlevel":"5","base_bpm":170.0},"mode":"SP","scope":"playable_only","scaling_mode":"p99_linear","params":{"stream_window_ticks":48,"stream_density_threshold_per_beat":4.0,"peak_window_ticks":192,"peak_min_window_notes":4,"peak_min_window_sec":0.05,"felt_bpm_trigger_eff_bpm":500.0,"felt_bpm_trigger_peak_per_sec":200.0,"felt_bpm_target_peak_per_sec":100.0,"felt_bpm_floor":30.0,"jack_window_ticks":24,"soft_burst_ref":8.0,"soft_freq_ref":0.1,"soft_burst_exp":1.5,"soft_freq_exp":1.5,"chord_time_threshold_ms":16.67,"sp_distraction_min_scratches":3,"sp_distraction_bin_sec":0.25,"sp_distraction_t_key":2,"sp_distraction_gap_bins":2,"dp_distraction_window_sec_min":0.2,"dp_distraction_window_sec_max":0.8,"stream_density_ref_per_sec":40.0,"peak_density_ref_per_sec":70.0,"chord_size_ref":3.5,"ln_simultaneity_ref":0.05,"scratch_density_ref_per_sec":1.5,"scratch_ratio_ref":0.1,"distraction_density_ref":2.0,"distraction_event_ref":0.15},"raw_axes":{"chord":1.8762278978388998,"stream":16.431172992586404,"scratch_per_sec":0.9049495828428112,"scratch_burst_max_per_sec":4.0,"scratch_max_run_sec":11.294117647058826,"soft":0.0356235997012696,"stair":0.18309859154929578,"peak":25.5,"ln_m1_short_rate_rt":0.0,"ln_m2_density_rt":0.0,"ln_m2_burst_max_rt":0.0,"ln_m3_density_rt":0.0,"ln_m_concurrent_rt":0.0,"adv_hand_imb":0.0,"adv_rel_pressure_1beat":0.0,"adv_ln_hold_min_beats":0.0,"adv_ln_chord_big_rate":0.0,"adv_ln_scatter_cv":0.0,"distraction":2.8331883093617245},"x_chord":0.482,"x_stream":0.424,"x_scratch":0.171,"x_soft":0.107,"x_ln":0.0,"x_stair":0.519,"x_peak":0.428,"x_distraction":0.174,"ln_advanced_score":0.0,"submetrics":{"chord":{"chord_rate":0.7111984282907662,"avg_chord_size":2.638121546961326,"chord_positions":724,"total_positions":1018},"stream":{"stream_coverage":0.967695274831244,"stream_density_mean":6.0493630573248405,"stream_density_mean_per_sec":16.9796974522293,"stream_windows":29,"notes_in_stream":2007,"total_notes":2074,"intervals":[[180,1944],[2028,3528],[3540,5136],[5148,5448],[5460,5520],[5532,5760],[5772,5880],[5940,6000],[6060,6144],[6156,6576],[7332,7488],[7500,7584],[7596,7680],[7692,7776],[7788,7872],[7884,9528],[9660,11064],[11076,11832],[11844,14352],[14364,14736],[14748,15096],[15156,15264],[15276,15360],[15372,16200],[16212,16452],[16464,16512],[16596,16836],[16848,16896],[16980,18708]]},"scratch":{"scratch_ratio":0.05898366606170599,"scratch_positions_ratio":0.12770137524557956,"scratch_with_key_chord_rate":0.823076923076923,"scratch_per_sec":0.9049495828428112,"scratch_burst_max_per_sec":4.0,"scratch_burst_window_sec":1.0,"scratch_max_run_sec":11.294117647058826,"ls_count":0,"ls_per_sec":0.0,"ls_complexity_mean":0.0,"scratch_notes":130,"scratch_positions":130,"total_notes":2204,"total_positions":1018,"chart_seconds":143.65441176470586},"soft":{"base_bpm":170.0,"intensity":0.020644283121597096,"up_intensity":0.0,"down_intensity":0.020644283121597096,"max_intensity":0.5,"max_up_intensity":0.0,"max_down_intensity":0.5,"step_frequency":0.038834951456310676,"ramp_frequency":0.038834951456310676,"continuity_beats":18.0,"off_base_note_ratio":0.04128856624319419,"gimmick_burst_score":0.9173076923076923,"max_off_base_density_per_beat":5.375,"base_mean_density_per_beat":5.6873315363881405,"base_density_source":"on_base","distinct_off_base_bpm_count":1,"bpm_change_events":4,"measure_count":103},"ln":{"ln_ratio":0.0,"ln_hold_time_mean_beats":0.0,"ln_simultaneity_rate":0.0,"ln_simultaneity_weighted":0.0,"ln_count":0,"ln_count_raw":0,"ln_positions":0,"total_notes":2204,"m1_short_count_rt":0,"m1_short_rate_rt":0.0,"m2_long_count_rt":0,"m2_density_rt":0.0,"m2_burst_max_rt":0.0,"m3_density_rt":0.0,"m_concurrent_rt":0.0,"total_long_sec":0.0,"long_active_sec":0.0,"long_hold_sec_mean":0.0,"long_hold_sec_max":0.0,"adv_hand_imb":0.0,"adv_rel_pressure_1beat":0.0,"adv_ln_hold_min_beats":0.0,"adv_ln_chord_big_rate":0.0,"adv_ln_scatter_cv":0.0},"stair":{"stair_index":0.18309859154929578,"stair_transitions":182,"eligible_transitions":994},"peak":{"peak_local_max_density":9.0,"peak_local_max_density_per_sec":25.5,"peak_max_chord_size":4,"peak_concentration":0.3563162970106075,"total_notes":2074,"intervals":[[8136,9504],[9684,9888],[9900,10104],[10428,10656],[10668,10872],[15420,16164],[17076,18552]]},"jack":{"jack_pairs":22,"jack_in_stream_pairs":12,"jack_outside_pairs":10,"pure_jack_per_sec":0.678642714570859,"flow_break_per_stream_sec":0.09308161752124566,"stream_seconds":128.9191176470588,"non_stream_seconds":14.735294117647044,"chart_seconds":143.65441176470586,"window_ticks":24,"min_region_sec":10.0},"distraction":{"mode_formulation":"SP","v3_score":2.8331883093617245,"qualifying_intervals":4,"qualifying_flow_sec":124.75,"qualifying_scratches":118,"scratch_chord_pair_count":115,"chord_time_threshold_sec":0.01667,"min_scratches":3,"bin_sec":0.25,"t_key":2,"gap_bins":2}},"warnings":[],"axis_intensities":{"chord":"yellow","stream":"green","peak":"green","scratch":"red","soft":"yellow","ln":null,"stair":"red","distraction":"yellow"},"tags":["jack_chart"],"scales":["★"]}