{"md5":"dd24030898da373f26f21c6878074aec","headers":{"title":"サウンドコラージュ・ダイスキズム","artist":"CYLTIE. Vo:初音ミク","genre":"Sampling(Collage) Popcore","playlevel":"25","base_bpm":230.0},"mode":"SP","scope":"playable_only","scaling_mode":"p99_linear","params":{"stream_window_ticks":48,"stream_density_threshold_per_beat":4.0,"peak_window_ticks":192,"peak_min_window_notes":4,"peak_min_window_sec":0.05,"felt_bpm_trigger_eff_bpm":500.0,"felt_bpm_trigger_peak_per_sec":200.0,"felt_bpm_target_peak_per_sec":100.0,"felt_bpm_floor":30.0,"jack_window_ticks":24,"soft_burst_ref":8.0,"soft_freq_ref":0.1,"soft_burst_exp":1.5,"soft_freq_exp":1.5,"chord_time_threshold_ms":16.67,"sp_distraction_min_scratches":3,"dp_distraction_window_sec_min":0.2,"dp_distraction_window_sec_max":0.8,"stream_density_ref_per_sec":40.0,"peak_density_ref_per_sec":70.0,"chord_size_ref":3.5,"ln_simultaneity_ref":0.05,"scratch_density_ref_per_sec":1.5,"scratch_ratio_ref":0.1,"distraction_density_ref":2.0,"distraction_event_ref":0.15},"raw_axes":{"chord":2.0545702592087314,"stream":30.064242394925145,"scratch":0.019552326888489208,"soft":0.0,"ln":0.0,"stair":0.17542662116040955,"peak":46.0,"distraction":0.9737974489011836},"x_chord":0.534,"x_stream":0.745,"x_scratch":0.047,"x_soft":0.0,"x_ln":0.0,"x_stair":0.533,"x_peak":0.546,"x_distraction":0.262,"submetrics":{"chord":{"chord_rate":0.6971350613915416,"avg_chord_size":2.9471624266144816,"chord_positions":1022,"total_positions":1466},"stream":{"stream_coverage":0.9690393518518519,"stream_density_mean":8.093423478795328,"stream_density_mean_per_sec":31.02479000204876,"stream_windows":29,"notes_in_stream":3349,"total_notes":3456,"intervals":[[1752,1811],[2256,4643],[5736,5963],[6132,6479],[6516,8159],[8268,8351],[8364,8447],[8484,8543],[8652,8711],[8748,8927],[8940,9023],[9132,9239],[9276,9335],[9348,9455],[9564,10799],[10812,11087],[11100,13583],[13596,13751],[13788,14519],[14532,14927],[14940,19091],[19188,19535],[19548,19727],[19764,21335],[22752,25487],[25524,25847],[25908,26255],[26268,26447],[26460,26639]]},"scratch":{"scratch_ratio":0.028645833333333332,"scratch_positions_ratio":0.06753069577080491,"scratch_with_key_chord_rate":0.7878787878787878,"scratch_per_sec":0.6825539568345323,"scratch_burst_max_per_sec":4.0,"scratch_burst_window_sec":1.0,"scratch_notes":99,"scratch_positions":99,"total_notes":3456,"total_positions":1466,"chart_seconds":145.04347826086956},"soft":{"base_bpm":230.0,"intensity":0.0,"up_intensity":0.0,"down_intensity":0.0,"max_intensity":0.0,"max_up_intensity":0.0,"max_down_intensity":0.0,"step_frequency":0.0,"ramp_frequency":0.0,"continuity_beats":0.0,"off_base_note_ratio":0.0,"gimmick_burst_score":0.0,"max_off_base_density_per_beat":0.0,"base_mean_density_per_beat":6.2140287769784175,"base_density_source":"on_base","distinct_off_base_bpm_count":0,"bpm_change_events":0,"measure_count":140},"ln":{"ln_ratio":0.0,"ln_hold_time_mean_beats":0.0,"ln_simultaneity_rate":0.0,"ln_simultaneity_weighted":0.0,"ln_count":0,"ln_positions":0,"total_notes":3456},"stair":{"stair_index":0.17542662116040955,"stair_transitions":257,"eligible_transitions":1465},"peak":{"peak_local_max_density":12.0,"peak_local_max_density_per_sec":46.0,"peak_max_chord_size":7,"peak_concentration":0.40769675925925924,"total_notes":3456,"intervals":[[4188,4379],[4392,4631],[6696,8027],[10152,10391],[10860,11063],[11292,11543],[12204,12455],[12708,13475],[14640,14951],[16236,16583],[16692,17015],[17052,17375],[18312,18815],[22872,23999],[24648,25163]]},"jack":{"jack_pairs":28,"jack_in_stream_pairs":18,"jack_outside_pairs":10,"pure_jack_per_sec":0.31228784792939523,"flow_break_per_stream_sec":0.159261396422389,"stream_seconds":113.02173913043472,"non_stream_seconds":32.02173913043484,"chart_seconds":145.04347826086956,"window_ticks":24,"min_region_sec":10.0},"distraction":{"mode_formulation":"SP","qualifying_window_count":8,"qualifying_scratches":77,"qualifying_flow_sec":94.30434782608694,"distract_density":0.8165053019824805,"distract_event_per_sec":0.08483171968649149,"scratch_chord_pair_count":92,"chord_time_threshold_sec":0.01667,"min_scratches":3}},"warnings":[],"tags":["stream_heavy","peak_intense","dense_chart","fast_chart","pure_stream"],"scales":["st"]}