{"md5":"b252c955763ccc430d7b085977e72cdd","headers":{"title":"SEPIA-EX色-","artist":"SHIKI/-45 obj:arufis","genre":"TRANCE","playlevel":"52","base_bpm":142.0},"mode":"SP","scope":"playable_only","scaling_mode":"p99_linear","params":{"stream_window_ticks":48,"stream_density_threshold_per_beat":4.0,"peak_window_ticks":192,"jack_window_ticks":24,"soft_burst_ref":8.0,"soft_freq_ref":0.1,"soft_burst_exp":1.5,"soft_freq_exp":1.5,"chord_time_threshold_ms":16.67,"sp_distraction_min_scratches":3,"dp_distraction_window_sec_min":0.2,"dp_distraction_window_sec_max":0.8,"stream_density_ref_per_sec":40.0,"peak_density_ref_per_sec":70.0,"chord_size_ref":3.5,"ln_simultaneity_ref":0.05,"scratch_density_ref_per_sec":1.5,"scratch_ratio_ref":0.1,"distraction_density_ref":2.0,"distraction_event_ref":0.15},"raw_axes":{"chord":1.5767263427109974,"stream":17.41412144039815,"scratch":0.0023677211659022743,"soft":4.984300740368723e-06,"ln":0.0,"stair":0.235595390524968,"peak":28.991666666666667,"distraction":0.4441643323996265},"x_chord":0.409,"x_stream":0.426,"x_scratch":0.006,"x_soft":0.0,"x_ln":0.0,"x_stair":0.716,"x_peak":0.296,"x_distraction":0.119,"submetrics":{"chord":{"chord_rate":0.6764705882352942,"avg_chord_size":2.330812854442344,"chord_positions":529,"total_positions":782},"stream":{"stream_coverage":0.9327052489905787,"stream_density_mean":7.889208633093525,"stream_density_mean_per_sec":18.670551558752997,"stream_windows":9,"notes_in_stream":1386,"total_notes":1486,"intervals":[[156,227],[732,815],[828,911],[924,995],[1884,4175],[4788,5027],[7020,7139],[7212,11171],[12468,14231]]},"scratch":{"scratch_ratio":0.014131897711978465,"scratch_positions_ratio":0.026854219948849106,"scratch_with_key_chord_rate":1.0,"scratch_per_sec":0.16754445964432285,"scratch_burst_max_per_sec":3.0,"scratch_burst_window_sec":1.0,"scratch_notes":21,"scratch_positions":21,"total_notes":1486,"total_positions":782,"chart_seconds":125.3398652786283},"soft":{"base_bpm":142.0,"intensity":0.00024643148256971165,"up_intensity":0.0,"down_intensity":0.00024643148256971165,"max_intensity":0.028169014084507043,"max_up_intensity":0.0,"max_down_intensity":0.028169014084507043,"step_frequency":0.02666666666666667,"ramp_frequency":0.02666666666666667,"continuity_beats":22.0,"off_base_note_ratio":0.008748317631224764,"gimmick_burst_score":0.0001869112777638271,"max_off_base_density_per_beat":0.5909090909090909,"base_mean_density_per_beat":5.372262773722627,"base_density_source":"on_base","distinct_off_base_bpm_count":1,"bpm_change_events":2,"measure_count":75},"ln":{"ln_ratio":0.0,"ln_hold_time_mean_beats":0.0,"ln_simultaneity_rate":0.0,"ln_simultaneity_weighted":0.0,"ln_count":0,"ln_positions":0,"total_notes":1486},"stair":{"stair_index":0.235595390524968,"stair_transitions":184,"eligible_transitions":781},"peak":{"peak_local_max_density":12.25,"peak_local_max_density_per_sec":28.991666666666667,"peak_max_chord_size":5,"peak_concentration":0.35935397039030953,"total_notes":1486,"intervals":[[3180,3551],[7428,7919],[9756,9947],[10284,11147],[12456,12815],[13620,14111]]},"jack":{"jack_pairs":9,"jack_in_stream_pairs":8,"jack_outside_pairs":1,"pure_jack_per_sec":0.020381927109336,"flow_break_per_stream_sec":0.10488118175979447,"stream_seconds":76.27679118187386,"non_stream_seconds":49.063074096754434,"chart_seconds":125.3398652786283,"window_ticks":24,"min_region_sec":10.0},"distraction":{"mode_formulation":"SP","qualifying_window_count":2,"qualifying_scratches":18,"qualifying_flow_sec":50.28169014084507,"distract_density":0.35798319327731093,"distract_event_per_sec":0.039775910364145656,"scratch_chord_pair_count":28,"chord_time_threshold_sec":0.01667,"min_scratches":3}},"warnings":[],"tags":["stair_focused"],"scales":["★"]}