{"md5":"79b8d5c5831fddd7ab84c8570e188bc7","headers":{"title":"チョウの標本 [Bullfighter]","artist":"Process 2.3.1.","genre":"","playlevel":"3","base_bpm":170.0},"mode":"SP","scope":"playable_only","scaling_mode":"percentile_rank","params":{"stream_window_ticks":48,"stream_density_threshold_per_beat":4.0,"peak_window_ticks":192,"jack_window_ticks":24,"soft_burst_ref":8.0,"soft_freq_ref":0.1,"soft_burst_exp":1.5,"soft_freq_exp":1.5,"chord_time_threshold_ms":16.67,"sp_distraction_min_scratches":3,"dp_distraction_window_sec_min":0.2,"dp_distraction_window_sec_max":0.8,"stream_density_ref_per_sec":40.0,"peak_density_ref_per_sec":70.0,"chord_size_ref":3.5,"ln_simultaneity_ref":0.05,"scratch_density_ref_per_sec":1.5,"scratch_ratio_ref":0.1,"distraction_density_ref":2.0,"distraction_event_ref":0.15},"raw_axes":{"chord":1.480611045828437,"stream":19.17494791267224,"scratch":0.00045718391917418604,"soft":0.0014020975460747377,"ln":0.0,"stair":0.12705882352941175,"peak":25.5,"distraction":0.41890681003584235},"x_chord":0.2729291204099061,"x_stream":0.3163108454312553,"x_scratch":0.04765157984628523,"x_soft":0.8963279248505551,"x_ln":0.0,"x_stair":0.2700256191289496,"x_peak":0.15354397950469684,"x_distraction":0.25038428693424425,"submetrics":{"chord":{"chord_rate":0.6780258519388954,"avg_chord_size":2.1837088388214903,"chord_positions":577,"total_positions":851},"stream":{"stream_coverage":0.9817470664928292,"stream_density_mean":6.896193771626297,"stream_density_mean_per_sec":19.531454248366014,"stream_windows":4,"notes_in_stream":1506,"total_notes":1534,"intervals":[[1716,3095],[3192,6167],[6324,9431],[12264,15395]]},"scratch":{"scratch_ratio":0.00651890482398957,"scratch_positions_ratio":0.011750881316098707,"scratch_with_key_chord_rate":0.6,"scratch_per_sec":0.07013201320132013,"scratch_burst_max_per_sec":1.0,"scratch_burst_window_sec":1.0,"scratch_notes":10,"scratch_positions":10,"total_notes":1534,"total_positions":851,"chart_seconds":142.58823529411765},"soft":{"base_bpm":170.0,"intensity":0.002607561929595828,"up_intensity":0.0,"down_intensity":0.002607561929595828,"max_intensity":0.5,"max_up_intensity":0.0,"max_down_intensity":0.5,"step_frequency":0.03260869565217391,"ramp_frequency":0.03260869565217391,"continuity_beats":40.0,"off_base_note_ratio":0.005215123859191656,"gimmick_burst_score":0.04299765807962529,"max_off_base_density_per_beat":0.21428571428571427,"base_mean_density_per_beat":4.70679012345679,"base_density_source":"on_base","distinct_off_base_bpm_count":1,"bpm_change_events":3,"measure_count":92},"ln":{"ln_ratio":0.0,"ln_hold_time_mean_beats":0.0,"ln_simultaneity_rate":0.0,"ln_simultaneity_weighted":0.0,"ln_count":0,"ln_positions":0,"total_notes":1534},"stair":{"stair_index":0.12705882352941175,"stair_transitions":108,"eligible_transitions":850},"peak":{"peak_local_max_density":9.0,"peak_local_max_density_per_sec":25.5,"peak_max_chord_size":4,"peak_concentration":0.5834419817470665,"total_notes":1534,"intervals":[[3504,3875],[4752,5435],[5568,6155],[7764,7991],[8472,8783],[9012,9443],[12276,15371]]},"jack":{"jack_pairs":1,"jack_in_stream_pairs":1,"jack_outside_pairs":0,"pure_jack_per_sec":0.0,"flow_break_per_stream_sec":0.012806026365348399,"stream_seconds":78.08823529411765,"non_stream_seconds":64.5,"chart_seconds":142.58823529411765,"window_ticks":24,"min_region_sec":10.0},"distraction":{"mode_formulation":"SP","qualifying_window_count":1,"qualifying_scratches":5,"qualifying_flow_sec":21.88235294117647,"distract_density":0.22849462365591397,"distract_event_per_sec":0.0456989247311828,"scratch_chord_pair_count":6,"chord_time_threshold_sec":0.01667,"min_scratches":3}},"warnings":[],"tags":["burst_focused"],"scales":["sl"]}