{"md5":"33574e24420079080a85c41ebf80a51c","headers":{"title":"事象の地平","artist":"wa. / obj. Limite","genre":"OMNIVERSE","playlevel":"10","base_bpm":169.0},"mode":"SP","scope":"playable_only","scaling_mode":"p99_linear","params":{"stream_window_ticks":48,"stream_density_threshold_per_beat":4.0,"peak_window_ticks":192,"peak_min_window_notes":4,"peak_min_window_sec":0.05,"felt_bpm_trigger_eff_bpm":500.0,"felt_bpm_trigger_peak_per_sec":200.0,"felt_bpm_target_peak_per_sec":100.0,"felt_bpm_floor":30.0,"jack_window_ticks":24,"soft_burst_ref":8.0,"soft_freq_ref":0.1,"soft_burst_exp":1.5,"soft_freq_exp":1.5,"chord_time_threshold_ms":16.67,"sp_distraction_min_scratches":3,"sp_distraction_bin_sec":0.25,"sp_distraction_t_key":2,"sp_distraction_gap_bins":2,"dp_distraction_window_sec_min":0.2,"dp_distraction_window_sec_max":0.8,"stream_density_ref_per_sec":40.0,"peak_density_ref_per_sec":70.0,"chord_size_ref":3.5,"ln_simultaneity_ref":0.05,"scratch_density_ref_per_sec":1.5,"scratch_ratio_ref":0.1,"distraction_density_ref":2.0,"distraction_event_ref":0.15},"raw_axes":{"chord":1.0217864923747275,"stream":15.2054604913262,"scratch_per_sec":0.43893134934054784,"scratch_burst_max_per_sec":3.0,"scratch_max_run_sec":0.5325443786982333,"soft":0.04194735745537884,"stair":0.18538713195201745,"peak":23.941666666666666,"ln_m1_short_rate_rt":0.0,"ln_m2_density_rt":0.0,"ln_m2_burst_max_rt":0.0,"ln_m3_density_rt":0.0,"ln_m_concurrent_rt":2.0,"adv_hand_imb":0.3333333333333333,"adv_rel_pressure_1beat":0.5,"adv_ln_hold_min_beats":2.75,"adv_ln_chord_big_rate":1.0,"adv_ln_scatter_cv":0.0,"distraction":2.0026242813662494},"x_chord":0.262,"x_stream":0.392,"x_scratch":0.079,"x_soft":0.126,"x_ln":0.522,"x_stair":0.525,"x_peak":0.401,"x_distraction":0.123,"ln_advanced_score":0.614,"submetrics":{"chord":{"chord_rate":0.3877995642701525,"avg_chord_size":2.634831460674157,"chord_positions":356,"total_positions":918},"stream":{"stream_coverage":0.9504132231404959,"stream_density_mean":5.685466377440347,"stream_density_mean_per_sec":15.998788864786697,"stream_windows":27,"notes_in_stream":1380,"total_notes":1452,"intervals":[[168,1572],[1668,1728],[1836,1920],[2028,2112],[2124,2208],[2220,2280],[2304,2484],[2796,2868],[2988,3048],[3180,3264],[3516,3648],[3756,3840],[3948,5352],[5424,6024],[6060,9492],[9528,9684],[9708,9792],[9804,9888],[9900,10176],[10188,10272],[10284,10368],[10380,11808],[11820,11904],[11916,12000],[12012,12096],[12108,12192],[12204,14388]]},"scratch":{"scratch_ratio":0.032,"scratch_positions_ratio":0.05228758169934641,"scratch_with_key_chord_rate":1.0,"scratch_per_sec":0.43893134934054784,"scratch_burst_max_per_sec":3.0,"scratch_burst_window_sec":1.0,"scratch_max_run_sec":0.5325443786982333,"ls_count":1,"ls_per_sec":0.009144403111261414,"ls_complexity_mean":0,"scratch_notes":48,"scratch_positions":48,"total_notes":1500,"total_positions":918,"chart_seconds":109.35650887573965},"soft":{"base_bpm":169.0,"intensity":0.0013333333333333333,"up_intensity":0.0,"down_intensity":0.0013333333333333333,"max_intensity":1.0,"max_up_intensity":1.0,"max_down_intensity":0.5,"step_frequency":0.05194805194805195,"ramp_frequency":0.03896103896103896,"continuity_beats":9.0,"off_base_note_ratio":0.0026666666666666666,"gimmick_burst_score":0.8074866310160427,"max_off_base_density_per_beat":4.0,"base_mean_density_per_beat":4.953642384105961,"base_density_source":"on_base","distinct_off_base_bpm_count":2,"bpm_change_events":4,"measure_count":77},"ln":{"ln_ratio":0.006666666666666667,"ln_hold_time_mean_beats":4.425,"ln_simultaneity_rate":0.0,"ln_simultaneity_weighted":0.0,"ln_count":10,"ln_count_raw":10,"ln_positions":6,"total_notes":1500,"m1_short_count_rt":0,"m1_short_rate_rt":0.0,"m2_long_count_rt":6,"m2_density_rt":0.0,"m2_burst_max_rt":0.0,"m3_density_rt":0.0,"m_concurrent_rt":2.0,"total_long_sec":12.514792899408306,"long_active_sec":4.171597633136102,"long_hold_sec_mean":2.085798816568051,"long_hold_sec_max":2.84023668639054,"adv_hand_imb":0.3333333333333333,"adv_rel_pressure_1beat":0.5,"adv_ln_hold_min_beats":2.75,"adv_ln_chord_big_rate":1.0,"adv_ln_scatter_cv":0.0},"stair":{"stair_index":0.18538713195201745,"stair_transitions":170,"eligible_transitions":917},"peak":{"peak_local_max_density":8.5,"peak_local_max_density_per_sec":23.941666666666666,"peak_max_chord_size":5,"peak_concentration":0.31955922865013775,"total_notes":1452,"intervals":[[852,1128],[1284,1560],[7728,8760],[8892,9216],[10512,10980],[13116,14052]]},"jack":{"jack_pairs":7,"jack_in_stream_pairs":7,"jack_outside_pairs":0,"pure_jack_per_sec":0.0,"flow_break_per_stream_sec":0.07525445292620865,"stream_seconds":93.01775147928994,"non_stream_seconds":16.338757396449708,"chart_seconds":109.35650887573965,"window_ticks":24,"min_region_sec":10.0},"distraction":{"mode_formulation":"SP","v3_score":2.0026242813662494,"qualifying_intervals":1,"qualifying_flow_sec":94.0,"qualifying_scratches":46,"scratch_chord_pair_count":79,"chord_time_threshold_sec":0.01667,"min_scratches":3,"bin_sec":0.25,"t_key":2,"gap_bins":2}},"warnings":["Unterminated LNOBJ LN on lane P1_KEY3 started at m75 pos0.91666667; closing at EOF","Unterminated LNOBJ LN on lane P1_SCR started at m74 pos0.0; closing at EOF","Unterminated LNOBJ LN on lane P1_KEY2 started at m75 pos0.95833333; closing at EOF","Unterminated LNOBJ LN on lane P1_KEY5 started at m75 pos0.83333333; closing at EOF","Unterminated LNOBJ LN on lane P1_KEY7 started at m75 pos0.75; closing at EOF"],"axis_intensities":{"chord":"green","stream":"green","peak":"green","scratch":"green","soft":"red","ln":"green","stair":"red","distraction":"yellow"},"tags":[],"scales":["sl"]}