{"md5":"184820e0151cf4f1da51725842e9267d","headers":{"title":"Icicle Stinger [ANTARCTIC]","artist":"ROKINA / obj:saaa","genre":"PANICORE","playlevel":"16","base_bpm":285.0},"mode":"SP","scope":"playable_only","scaling_mode":"p99_linear","params":{"stream_window_ticks":48,"stream_density_threshold_per_beat":4.0,"peak_window_ticks":192,"peak_min_window_notes":4,"felt_bpm_trigger_eff_bpm":500.0,"felt_bpm_trigger_peak_per_sec":200.0,"felt_bpm_target_peak_per_sec":100.0,"felt_bpm_floor":30.0,"jack_window_ticks":24,"soft_burst_ref":8.0,"soft_freq_ref":0.1,"soft_burst_exp":1.5,"soft_freq_exp":1.5,"chord_time_threshold_ms":16.67,"sp_distraction_min_scratches":3,"dp_distraction_window_sec_min":0.2,"dp_distraction_window_sec_max":0.8,"stream_density_ref_per_sec":40.0,"peak_density_ref_per_sec":70.0,"chord_size_ref":3.5,"ln_simultaneity_ref":0.05,"scratch_density_ref_per_sec":1.5,"scratch_ratio_ref":0.1,"distraction_density_ref":2.0,"distraction_event_ref":0.15},"raw_axes":{"chord":1.751984126984127,"stream":22.77533675787289,"scratch":0.010229357391635722,"soft":0.0,"ln":0.0,"stair":0.11022840119165839,"peak":33.25,"distraction":1.728472222222218},"x_chord":0.455,"x_stream":0.564,"x_scratch":0.025,"x_soft":0.0,"x_ln":0.0,"x_stair":0.335,"x_peak":0.378,"x_distraction":0.466,"submetrics":{"chord":{"chord_rate":0.6398809523809523,"avg_chord_size":2.737984496124031,"chord_positions":645,"total_positions":1008},"stream":{"stream_coverage":0.881634570220761,"stream_density_mean":5.4385432473444615,"stream_density_mean_per_sec":25.83308042488619,"stream_windows":36,"notes_in_stream":1877,"total_notes":2129,"intervals":[[1692,3083],[3228,3575],[3588,3719],[3732,3959],[4020,4199],[4212,4391],[4404,4487],[4500,4631],[4644,4727],[4788,5471],[5556,6143],[6300,7703],[7836,8207],[8220,8579],[8604,8783],[8796,8975],[8988,9071],[9084,9203],[9372,10751],[10908,12503],[18516,18683],[18984,19067],[19248,19307],[19500,19547],[19920,20075],[20124,20207],[20892,20975],[21276,21359],[21684,21851],[21864,21947],[22008,22103],[22128,22355],[22368,22871],[23148,26111],[26268,27743],[27804,29207]]},"scratch":{"scratch_ratio":0.025364020666979802,"scratch_positions_ratio":0.05357142857142857,"scratch_with_key_chord_rate":0.5740740740740741,"scratch_per_sec":0.4033018867924528,"scratch_burst_max_per_sec":5.0,"scratch_burst_window_sec":1.0,"scratch_notes":54,"scratch_positions":54,"total_notes":2129,"total_positions":1008,"chart_seconds":133.89473684210526},"soft":{"base_bpm":285.0,"intensity":0.0,"up_intensity":0.0,"down_intensity":0.0,"max_intensity":0.0,"max_up_intensity":0.0,"max_down_intensity":0.0,"step_frequency":0.0,"ramp_frequency":0.0,"continuity_beats":0.0,"off_base_note_ratio":0.0,"gimmick_burst_score":0.0,"max_off_base_density_per_beat":0.0,"base_mean_density_per_beat":3.3459119496855347,"base_density_source":"on_base","distinct_off_base_bpm_count":0,"bpm_change_events":0,"measure_count":160},"ln":{"ln_ratio":0.0,"ln_hold_time_mean_beats":0.0,"ln_simultaneity_rate":0.0,"ln_simultaneity_weighted":0.0,"ln_count":0,"ln_positions":0,"total_notes":2129},"stair":{"stair_index":0.11022840119165839,"stair_transitions":111,"eligible_transitions":1007},"peak":{"peak_local_max_density":7.0,"peak_local_max_density_per_sec":33.25,"peak_max_chord_size":7,"peak_concentration":0.4617191169563175,"total_notes":2129,"intervals":[[3252,3575],[3732,3935],[6816,7031],[8352,8567],[9528,10271],[10284,10667],[11052,11423],[11436,11735],[11820,12119],[22656,22847],[23172,23711],[23724,24095],[24120,24407],[24492,24863],[24924,25595],[25872,26111],[26424,27599],[27960,29003]]},"jack":{"jack_pairs":0,"jack_in_stream_pairs":0,"jack_outside_pairs":0,"pure_jack_per_sec":0.0,"flow_break_per_stream_sec":0.0,"stream_seconds":76.31578947368425,"non_stream_seconds":57.57894736842101,"chart_seconds":133.89473684210526,"window_ticks":24,"min_region_sec":10.0},"distraction":{"mode_formulation":"SP","qualifying_window_count":2,"qualifying_scratches":17,"qualifying_flow_sec":12.631578947368453,"distract_density":1.3458333333333299,"distract_event_per_sec":0.15833333333333294,"scratch_chord_pair_count":39,"chord_time_threshold_sec":0.01667,"min_scratches":3}},"warnings":[],"tags":["distraction_heavy","burst_focused","fast_chart"],"scales":["sl"]}