{"md5":"965d42e6aa003f95958cd7bcf3a59bec","headers":{"title":"リクロスフェイト [Nuclear]","artist":"あとぅす","genre":"HOPE","playlevel":"20","base_bpm":235.0},"mode":"SP","scope":"playable_only","scaling_mode":"p99_linear","params":{"stream_window_ticks":48,"stream_density_threshold_per_beat":4.0,"peak_window_ticks":192,"peak_min_window_notes":4,"peak_min_window_sec":0.05,"felt_bpm_trigger_eff_bpm":500.0,"felt_bpm_trigger_peak_per_sec":200.0,"felt_bpm_target_peak_per_sec":100.0,"felt_bpm_floor":30.0,"jack_window_ticks":24,"soft_burst_ref":8.0,"soft_freq_ref":0.1,"soft_burst_exp":1.5,"soft_freq_exp":1.5,"chord_time_threshold_ms":16.67,"sp_distraction_min_scratches":3,"dp_distraction_window_sec_min":0.2,"dp_distraction_window_sec_max":0.8,"stream_density_ref_per_sec":40.0,"peak_density_ref_per_sec":70.0,"chord_size_ref":3.5,"ln_simultaneity_ref":0.05,"scratch_density_ref_per_sec":1.5,"scratch_ratio_ref":0.1,"distraction_density_ref":2.0,"distraction_event_ref":0.15},"raw_axes":{"chord":1.8328290468986383,"stream":25.596032579605527,"scratch":0.016021139595430275,"soft":0.0,"ln":0.0,"stair":0.12414837244511734,"peak":34.270833333333336,"distraction":0.9328931548164903},"x_chord":0.476,"x_stream":0.656,"x_scratch":0.039,"x_soft":0.0,"x_ln":0.0,"x_stair":0.377,"x_peak":0.423,"x_distraction":0.251,"submetrics":{"chord":{"chord_rate":0.6732223903177005,"avg_chord_size":2.7224719101123593,"chord_positions":890,"total_positions":1322},"stream":{"stream_coverage":0.9264448336252189,"stream_density_mean":7.054016620498615,"stream_density_mean_per_sec":27.628231763619578,"stream_windows":39,"notes_in_stream":2645,"total_notes":2855,"intervals":[[924,983],[1092,1175],[1188,1247],[1572,1631],[1836,1895],[2004,2135],[2340,2399],[2724,2783],[3012,3095],[3540,6767],[6804,6911],[7020,7127],[7212,7271],[7284,7391],[7404,7463],[7596,7655],[7764,7895],[7980,8039],[8052,8111],[8172,8303],[8340,8447],[8556,8663],[8820,8927],[9060,9119],[9132,9239],[9396,9455],[9516,11447],[11460,11975],[12012,12131],[12204,12323],[12348,12407],[12444,16367],[17820,19439],[19476,19583],[19596,19679],[20004,20063],[20676,20759],[20868,22511],[22812,26351]]},"scratch":{"scratch_ratio":0.028021015761821366,"scratch_positions_ratio":0.060514372163388806,"scratch_with_key_chord_rate":0.9625,"scratch_per_sec":0.571754419311918,"scratch_burst_max_per_sec":6.0,"scratch_burst_window_sec":1.0,"scratch_notes":80,"scratch_positions":80,"total_notes":2855,"total_positions":1322,"chart_seconds":139.92021276595744},"soft":{"base_bpm":235.0,"intensity":0.0,"up_intensity":0.0,"down_intensity":0.0,"max_intensity":0.0,"max_up_intensity":0.0,"max_down_intensity":0.0,"step_frequency":0.0,"ramp_frequency":0.0,"continuity_beats":0.0,"off_base_note_ratio":0.0,"gimmick_burst_score":0.0,"max_off_base_density_per_beat":0.0,"base_mean_density_per_beat":5.202554744525547,"base_density_source":"on_base","distinct_off_base_bpm_count":0,"bpm_change_events":0,"measure_count":138},"ln":{"ln_ratio":0.0,"ln_hold_time_mean_beats":0.0,"ln_simultaneity_rate":0.0,"ln_simultaneity_weighted":0.0,"ln_count":0,"ln_positions":0,"total_notes":2855},"stair":{"stair_index":0.12414837244511734,"stair_transitions":164,"eligible_transitions":1321},"peak":{"peak_local_max_density":8.75,"peak_local_max_density_per_sec":34.270833333333336,"peak_max_chord_size":6,"peak_concentration":0.5562171628721542,"total_notes":2855,"intervals":[[5160,6743],[10884,11207],[13224,14651],[14724,15971],[18756,19415],[20904,22115],[22836,23867],[23940,25979]]},"jack":{"jack_pairs":7,"jack_in_stream_pairs":6,"jack_outside_pairs":1,"pure_jack_per_sec":0.02606766500277315,"flow_break_per_stream_sec":0.05907924370188028,"stream_seconds":101.55851063829786,"non_stream_seconds":38.36170212765958,"chart_seconds":139.92021276595744,"window_ticks":24,"min_region_sec":10.0},"distraction":{"mode_formulation":"SP","qualifying_window_count":7,"qualifying_scratches":69,"qualifying_flow_sec":87.00531914893618,"distract_density":0.7930549611787001,"distract_event_per_sec":0.08045485113407103,"scratch_chord_pair_count":104,"chord_time_threshold_sec":0.01667,"min_scratches":3}},"warnings":[],"tags":["burst_focused","dense_chart","fast_chart"],"scales":["st"]}