{"md5":"5ee91f76ddb49e84dd12b71e17683ace","headers":{"title":"Leviathan (SP HEXAEMERON+)","artist":"cittan* / obj.ejl6","genre":"ANTHEM EUPHORIA","playlevel":"11","base_bpm":146.0},"mode":"SP","scope":"playable_only","scaling_mode":"percentile_rank","params":{"stream_window_ticks":48,"stream_density_threshold_per_beat":4.0,"peak_window_ticks":192,"jack_window_ticks":24,"soft_burst_ref":8.0,"soft_freq_ref":0.1,"soft_burst_exp":1.5,"soft_freq_exp":1.5,"chord_time_threshold_ms":16.67,"sp_distraction_min_scratches":3,"dp_distraction_window_sec_min":0.2,"dp_distraction_window_sec_max":0.8,"stream_density_ref_per_sec":40.0,"peak_density_ref_per_sec":70.0,"chord_size_ref":3.5,"ln_simultaneity_ref":0.05,"scratch_density_ref_per_sec":1.5,"scratch_ratio_ref":0.1,"distraction_density_ref":2.0,"distraction_event_ref":0.15},"raw_axes":{"chord":2.0795724465558196,"stream":21.02038987244761,"scratch":0.0028890126641651034,"soft":0.0,"ln":0.0,"stair":0.16171224732461356,"peak":29.2,"distraction":0.40397751837440565},"x_chord":0.6377455166524338,"x_stream":0.42083689154568743,"x_scratch":0.19573014517506404,"x_soft":0.0,"x_ln":0.0,"x_stair":0.5704526046114432,"x_peak":0.28129803586678054,"x_distraction":0.2353543979504697,"submetrics":{"chord":{"chord_rate":0.7422802850356295,"avg_chord_size":2.8016,"chord_positions":625,"total_positions":842},"stream":{"stream_coverage":0.9568089430894309,"stream_density_mean":9.034653465346535,"stream_density_mean_per_sec":21.969265676567655,"stream_windows":14,"notes_in_stream":1883,"total_notes":1968,"intervals":[[1116,1199],[1380,1463],[1884,1955],[2292,5423],[5472,5531],[5568,5615],[5664,5723],[5760,5843],[5856,8111],[8304,8375],[8412,8471],[9828,9899],[10344,11087],[11112,15023]]},"scratch":{"scratch_ratio":0.013719512195121951,"scratch_positions_ratio":0.032066508313539195,"scratch_with_key_chord_rate":0.8888888888888888,"scratch_per_sec":0.21057692307692308,"scratch_burst_max_per_sec":3.0,"scratch_burst_window_sec":1.0,"scratch_notes":27,"scratch_positions":27,"total_notes":1968,"total_positions":842,"chart_seconds":128.21917808219177},"soft":{"base_bpm":146.0,"intensity":0.0,"up_intensity":0.0,"down_intensity":0.0,"max_intensity":0.0,"max_up_intensity":0.0,"max_down_intensity":0.0,"step_frequency":0.0,"ramp_frequency":0.0,"continuity_beats":0.0,"off_base_note_ratio":0.0,"gimmick_burst_score":0.0,"max_off_base_density_per_beat":0.0,"base_mean_density_per_beat":6.291666666666667,"base_density_source":"on_base","distinct_off_base_bpm_count":0,"bpm_change_events":0,"measure_count":79},"ln":{"ln_ratio":0.0,"ln_hold_time_mean_beats":0.0,"ln_simultaneity_rate":0.0,"ln_simultaneity_weighted":0.0,"ln_count":0,"ln_positions":0,"total_notes":1968},"stair":{"stair_index":0.16171224732461356,"stair_transitions":136,"eligible_transitions":841},"peak":{"peak_local_max_density":12.0,"peak_local_max_density_per_sec":29.2,"peak_max_chord_size":5,"peak_concentration":0.5635162601626016,"total_notes":1968,"intervals":[[2724,2915],[4056,4247],[4296,4955],[5196,5387],[5952,6371],[6780,7415],[7500,7691],[11724,12083],[12384,13091],[13272,13631],[13956,14291],[14304,14999]]},"jack":{"jack_pairs":0,"jack_in_stream_pairs":0,"jack_outside_pairs":0,"pure_jack_per_sec":0.0,"flow_break_per_stream_sec":0.0,"stream_seconds":91.54109589041093,"non_stream_seconds":36.678082191780845,"chart_seconds":128.21917808219177,"window_ticks":24,"min_region_sec":10.0},"distraction":{"mode_formulation":"SP","qualifying_window_count":3,"qualifying_scratches":24,"qualifying_flow_sec":79.21232876712327,"distract_density":0.30298313878080424,"distract_event_per_sec":0.03787289234760053,"scratch_chord_pair_count":43,"chord_time_threshold_sec":0.01667,"min_scratches":3}},"warnings":[],"tags":["burst_focused"],"scales":["★"]}