{"md5":"9d9b35974f6a17b26c787b8ebc7954f2","headers":{"title":"Break Through The Barrier [ANOTHER]","artist":"lixound","genre":"HARDCORE","playlevel":"12","base_bpm":176.0},"mode":"SP","scope":"playable_only","scaling_mode":"p99_linear","params":{"stream_window_ticks":48,"stream_density_threshold_per_beat":4.0,"peak_window_ticks":192,"peak_min_window_notes":4,"peak_min_window_sec":0.05,"felt_bpm_trigger_eff_bpm":500.0,"felt_bpm_trigger_peak_per_sec":200.0,"felt_bpm_target_peak_per_sec":100.0,"felt_bpm_floor":30.0,"jack_window_ticks":24,"soft_burst_ref":8.0,"soft_freq_ref":0.1,"soft_burst_exp":1.5,"soft_freq_exp":1.5,"chord_time_threshold_ms":16.67,"sp_distraction_min_scratches":3,"sp_distraction_bin_sec":0.25,"sp_distraction_t_key":2,"sp_distraction_gap_bins":2,"dp_distraction_window_sec_min":0.2,"dp_distraction_window_sec_max":0.8,"stream_density_ref_per_sec":40.0,"peak_density_ref_per_sec":70.0,"chord_size_ref":3.5,"ln_simultaneity_ref":0.05,"scratch_density_ref_per_sec":1.5,"scratch_ratio_ref":0.1,"distraction_density_ref":2.0,"distraction_event_ref":0.15},"raw_axes":{"chord":1.4755244755244754,"stream":16.8843808383668,"scratch_per_sec":2.606416589761685,"scratch_burst_max_per_sec":12.0,"scratch_max_run_sec":7.32954545454546,"soft":0.0,"stair":0.12558139534883722,"peak":27.133333333333336,"ln_m1_short_rate_rt":0.0,"ln_m2_density_rt":256.75833333333253,"ln_m2_burst_max_rt":353.0,"ln_m3_density_rt":256.75833333333253,"ln_m_concurrent_rt":0.0,"adv_hand_imb":0.7647058823529411,"adv_rel_pressure_1beat":1.0,"adv_ln_hold_min_beats":0.5,"adv_ln_chord_big_rate":0.0,"adv_ln_scatter_cv":2.2221825393282253,"distraction":8.942836979534228},"x_chord":0.379,"x_stream":0.435,"x_scratch":0.378,"x_soft":0.0,"x_ln":0.763,"x_stair":0.356,"x_peak":0.455,"x_distraction":0.549,"ln_advanced_score":0.687,"submetrics":{"chord":{"chord_rate":0.5428321678321678,"avg_chord_size":2.718196457326892,"chord_positions":621,"total_positions":1144},"stream":{"stream_coverage":0.9331550802139037,"stream_density_mean":6.16836262719704,"stream_density_mean_per_sec":18.09386370644465,"stream_windows":24,"notes_in_stream":1745,"total_notes":1870,"intervals":[[348,468],[480,852],[864,1920],[2304,3300],[3348,3504],[3816,4272],[4572,5712],[5724,5808],[5820,5904],[5916,6192],[6228,6528],[6588,6960],[6996,7344],[7380,7632],[7644,7692],[8424,10968],[11112,14292],[14304,14676],[14688,15360],[15552,16464],[16476,16932],[17484,17544],[17556,17712],[18384,18432]]},"scratch":{"scratch_ratio":0.15422885572139303,"scratch_positions_ratio":0.2980769230769231,"scratch_with_key_chord_rate":0.8005865102639296,"scratch_per_sec":2.606416589761685,"scratch_burst_max_per_sec":12.0,"scratch_burst_window_sec":1.0,"scratch_max_run_sec":7.32954545454546,"ls_count":5,"ls_per_sec":0.03821725204929157,"ls_complexity_mean":1,"scratch_notes":341,"scratch_positions":341,"total_notes":2211,"total_positions":1144,"chart_seconds":130.8309659090909},"soft":{"base_bpm":176.0,"intensity":0.0,"up_intensity":0.0,"down_intensity":0.0,"max_intensity":0.0,"max_up_intensity":0.0,"max_down_intensity":0.0,"step_frequency":0.0,"ramp_frequency":0.0,"continuity_beats":0.0,"off_base_note_ratio":0.0,"gimmick_burst_score":0.0,"max_off_base_density_per_beat":0.0,"base_mean_density_per_beat":5.758957654723127,"base_density_source":"on_base","distinct_off_base_bpm_count":0,"bpm_change_events":0,"measure_count":96},"ln":{"ln_ratio":0.007688828584350972,"ln_hold_time_mean_beats":1.8823529411764706,"ln_simultaneity_rate":0.07236544549977386,"ln_simultaneity_weighted":0.07236544549977386,"ln_count":17,"ln_count_raw":17,"ln_positions":17,"total_notes":2211,"m1_short_count_rt":0,"m1_short_rate_rt":0.0,"m2_long_count_rt":17,"m2_density_rt":256.75833333333253,"m2_burst_max_rt":353.0,"m3_density_rt":256.75833333333253,"m_concurrent_rt":0.0,"total_long_sec":10.909090909090942,"long_active_sec":10.909090909090942,"long_hold_sec_mean":0.641711229946526,"long_hold_sec_max":2.045454545454561,"adv_hand_imb":0.7647058823529411,"adv_rel_pressure_1beat":1.0,"adv_ln_hold_min_beats":0.5,"adv_ln_chord_big_rate":0.0,"adv_ln_scatter_cv":2.2221825393282253},"stair":{"stair_index":0.12558139534883722,"stair_transitions":135,"eligible_transitions":1075},"peak":{"peak_local_max_density":9.25,"peak_local_max_density_per_sec":27.133333333333336,"peak_max_chord_size":5,"peak_concentration":0.3732620320855615,"total_notes":1870,"intervals":[[1284,1656],[2652,2904],[3024,3312],[5412,5688],[9216,9588],[9600,10200],[10284,10800],[11436,11976],[12216,12852],[13392,13584],[13896,14136],[16236,16440]]},"jack":{"jack_pairs":38,"jack_in_stream_pairs":8,"jack_outside_pairs":30,"pure_jack_per_sec":1.0634441087613296,"flow_break_per_stream_sec":0.07795695203820334,"stream_seconds":102.62073863636364,"non_stream_seconds":28.210227272727266,"chart_seconds":130.8309659090909,"window_ticks":24,"min_region_sec":10.0},"distraction":{"mode_formulation":"SP","v3_score":8.942836979534228,"qualifying_intervals":3,"qualifying_flow_sec":122.0,"qualifying_scratches":316,"scratch_chord_pair_count":270,"chord_time_threshold_sec":0.01667,"min_scratches":3,"bin_sec":0.25,"t_key":2,"gap_bins":2}},"warnings":[],"axis_intensities":{"chord":"yellow","stream":"green","peak":"green","scratch":"red","soft":null,"ln":"yellow","stair":"green","distraction":"red"},"tags":["jack_chart","scratch_burst","long_scratch","complex_long_scratch","scratch_chord"],"scales":["so"]}