{"md5":"acef7850c77307bf783d00a229cbfdd0","headers":{"title":"Z","artist":"えむ","genre":"Happy Hardcore","playlevel":"12","base_bpm":200.0},"mode":"SP","scope":"playable_only","scaling_mode":"p99_linear","params":{"stream_window_ticks":48,"stream_density_threshold_per_beat":4.0,"peak_window_ticks":192,"peak_min_window_notes":4,"felt_bpm_trigger_eff_bpm":500.0,"felt_bpm_trigger_peak_per_sec":200.0,"felt_bpm_target_peak_per_sec":100.0,"felt_bpm_floor":30.0,"jack_window_ticks":24,"soft_burst_ref":8.0,"soft_freq_ref":0.1,"soft_burst_exp":1.5,"soft_freq_exp":1.5,"chord_time_threshold_ms":16.67,"sp_distraction_min_scratches":3,"dp_distraction_window_sec_min":0.2,"dp_distraction_window_sec_max":0.8,"stream_density_ref_per_sec":40.0,"peak_density_ref_per_sec":70.0,"chord_size_ref":3.5,"ln_simultaneity_ref":0.05,"scratch_density_ref_per_sec":1.5,"scratch_ratio_ref":0.1,"distraction_density_ref":2.0,"distraction_event_ref":0.15},"raw_axes":{"chord":2.262135922330097,"stream":33.27266489407325,"scratch":0.018177414843467524,"soft":0.0,"ln":0.0,"stair":0.1827016520894072,"peak":43.333333333333336,"distraction":1.7667844522968197},"x_chord":0.587,"x_stream":0.824,"x_scratch":0.044,"x_soft":0.0,"x_ln":0.0,"x_stair":0.555,"x_peak":0.492,"x_distraction":0.476,"submetrics":{"chord":{"chord_rate":0.6699029126213593,"avg_chord_size":3.3768115942028984,"chord_positions":690,"total_positions":1030},"stream":{"stream_coverage":0.9434456928838951,"stream_density_mean":10.585605234460196,"stream_density_mean_per_sec":35.267175572519086,"stream_windows":41,"notes_in_stream":2519,"total_notes":2670,"intervals":[[192,239],[252,299],[384,431],[444,491],[576,623],[636,683],[768,815],[828,875],[936,1091],[1128,1283],[1320,1475],[1512,1667],[3612,5879],[5916,9095],[9324,9407],[9420,9479],[9708,9791],[9804,9863],[10092,10631],[10860,10943],[10956,11015],[11244,11327],[11340,11399],[11628,12215],[12252,13475],[13788,16055],[16128,16175],[16188,16235],[16320,16367],[16380,16427],[16512,16559],[16572,16619],[16704,16751],[16764,16811],[16896,16943],[16956,17003],[17088,17135],[17148,17195],[17280,17327],[17340,17387],[17436,17615]]},"scratch":{"scratch_ratio":0.027340823970037453,"scratch_positions_ratio":0.070873786407767,"scratch_with_key_chord_rate":0.8356164383561644,"scratch_per_sec":0.6648451730418944,"scratch_burst_max_per_sec":4.0,"scratch_burst_window_sec":1.0,"scratch_notes":73,"scratch_positions":73,"total_notes":2670,"total_positions":1030,"chart_seconds":109.8},"soft":{"base_bpm":200.0,"intensity":0.0,"up_intensity":0.0,"down_intensity":0.0,"max_intensity":0.0,"max_up_intensity":0.0,"max_down_intensity":0.0,"step_frequency":0.0,"ramp_frequency":0.0,"continuity_beats":0.0,"off_base_note_ratio":0.0,"gimmick_burst_score":0.0,"max_off_base_density_per_beat":0.0,"base_mean_density_per_beat":7.281420765027322,"base_density_source":"on_base","distinct_off_base_bpm_count":0,"bpm_change_events":0,"measure_count":92},"ln":{"ln_ratio":0.0,"ln_hold_time_mean_beats":0.0,"ln_simultaneity_rate":0.0,"ln_simultaneity_weighted":0.0,"ln_count":0,"ln_positions":0,"total_notes":2670},"stair":{"stair_index":0.1827016520894072,"stair_transitions":188,"eligible_transitions":1029},"peak":{"peak_local_max_density":13.0,"peak_local_max_density_per_sec":43.333333333333336,"peak_max_chord_size":8,"peak_concentration":0.40262172284644193,"total_notes":2670,"intervals":[[3852,4211],[4236,4595],[4620,4979],[5100,5363],[10188,10391],[12492,12851],[12876,13235],[13824,15767]]},"jack":{"jack_pairs":48,"jack_in_stream_pairs":37,"jack_outside_pairs":11,"pure_jack_per_sec":0.344287949921753,"flow_break_per_stream_sec":0.47527296082209364,"stream_seconds":77.85000000000002,"non_stream_seconds":31.949999999999974,"chart_seconds":109.8,"window_ticks":24,"min_region_sec":10.0},"distraction":{"mode_formulation":"SP","qualifying_window_count":3,"qualifying_scratches":35,"qualifying_flow_sec":21.225,"distract_density":1.6489988221436984,"distract_event_per_sec":0.14134275618374556,"scratch_chord_pair_count":68,"chord_time_threshold_sec":0.01667,"min_scratches":3}},"warnings":[],"tags":["stream_heavy","peak_intense","distraction_heavy","big_chord_burst","dense_chart","fast_chart","pure_stream"],"scales":["st"]}