{"md5":"54b5c1308567fd9d175482abada00fa7","headers":{"title":"地獄の業火で焼肉大会！？","artist":"さかみりと","genre":"超地獄式歌葬曲","playlevel":"8","base_bpm":222.0},"mode":"SP","scope":"playable_only","scaling_mode":"p99_linear","params":{"stream_window_ticks":48,"stream_density_threshold_per_beat":4.0,"peak_window_ticks":192,"peak_min_window_notes":4,"peak_min_window_sec":0.05,"felt_bpm_trigger_eff_bpm":500.0,"felt_bpm_trigger_peak_per_sec":200.0,"felt_bpm_target_peak_per_sec":100.0,"felt_bpm_floor":30.0,"jack_window_ticks":24,"soft_burst_ref":8.0,"soft_freq_ref":0.1,"soft_burst_exp":1.5,"soft_freq_exp":1.5,"chord_time_threshold_ms":16.67,"sp_distraction_min_scratches":3,"sp_distraction_bin_sec":0.25,"sp_distraction_t_key":2,"sp_distraction_gap_bins":2,"dp_distraction_window_sec_min":0.2,"dp_distraction_window_sec_max":0.8,"stream_density_ref_per_sec":40.0,"peak_density_ref_per_sec":70.0,"chord_size_ref":3.5,"ln_simultaneity_ref":0.05,"scratch_density_ref_per_sec":1.5,"scratch_ratio_ref":0.1,"distraction_density_ref":2.0,"distraction_event_ref":0.15},"raw_axes":{"chord":2.1733193277310923,"stream":20.681164805303393,"scratch_per_sec":0.5964974010395843,"scratch_burst_max_per_sec":5.0,"scratch_max_run_sec":1.081081081081095,"soft":0.03441399915301086,"stair":0.2544689800210305,"peak":29.599999999999998,"ln_m1_short_rate_rt":0.0,"ln_m2_density_rt":0.0,"ln_m2_burst_max_rt":0.0,"ln_m3_density_rt":0.0,"ln_m_concurrent_rt":0.0,"adv_hand_imb":0.0,"adv_rel_pressure_1beat":0.0,"adv_ln_hold_min_beats":0.0,"adv_ln_chord_big_rate":0.0,"adv_ln_scatter_cv":0.0,"distraction":3.0392962814874056},"x_chord":0.558,"x_stream":0.533,"x_scratch":0.126,"x_soft":0.103,"x_ln":0.0,"x_stair":0.721,"x_peak":0.496,"x_distraction":0.187,"ln_advanced_score":0.0,"submetrics":{"chord":{"chord_rate":0.6691176470588235,"avg_chord_size":3.2480376766091053,"chord_positions":637,"total_positions":952},"stream":{"stream_coverage":0.9639130434782609,"stream_density_mean":5.969093406593407,"stream_density_mean_per_sec":21.455425824175823,"stream_windows":27,"notes_in_stream":2217,"total_notes":2300,"intervals":[[1020,5712],[5760,5808],[5952,6000],[6144,6192],[6336,6384],[6396,10320],[10356,10500],[10548,10692],[10740,10884],[10932,11088],[11100,11280],[11292,11472],[11484,13272],[13308,14160],[14172,14256],[14268,14448],[14460,14544],[14556,14640],[14652,14832],[14844,14928],[14940,15024],[15036,15216],[15228,15312],[15324,15408],[15420,17184],[17196,20352],[20400,20448]]},"scratch":{"scratch_ratio":0.03523489932885906,"scratch_positions_ratio":0.08823529411764706,"scratch_with_key_chord_rate":1.0,"scratch_per_sec":0.5964974010395843,"scratch_burst_max_per_sec":5.0,"scratch_burst_window_sec":1.0,"scratch_max_run_sec":1.081081081081095,"ls_count":0,"ls_per_sec":0.0,"ls_complexity_mean":0.0,"scratch_notes":84,"scratch_positions":84,"total_notes":2384,"total_positions":952,"chart_seconds":140.82207207207205},"soft":{"base_bpm":222.0,"intensity":0.05054530201342282,"up_intensity":0.0,"down_intensity":0.05054530201342282,"max_intensity":0.5,"max_up_intensity":0.0,"max_down_intensity":0.5,"step_frequency":0.05303030303030303,"ramp_frequency":0.05303030303030303,"continuity_beats":84.0,"off_base_note_ratio":0.10109060402684564,"gimmick_burst_score":0.6489496983139191,"max_off_base_density_per_beat":4.875,"base_mean_density_per_beat":6.065155807365439,"base_density_source":"on_base","distinct_off_base_bpm_count":1,"bpm_change_events":7,"measure_count":132},"ln":{"ln_ratio":0.0,"ln_hold_time_mean_beats":0.0,"ln_simultaneity_rate":0.0,"ln_simultaneity_weighted":0.0,"ln_count":0,"ln_count_raw":0,"ln_positions":0,"total_notes":2384,"m1_short_count_rt":0,"m1_short_rate_rt":0.0,"m2_long_count_rt":0,"m2_density_rt":0.0,"m2_burst_max_rt":0.0,"m3_density_rt":0.0,"m_concurrent_rt":0.0,"total_long_sec":0.0,"long_active_sec":0.0,"long_hold_sec_mean":0.0,"long_hold_sec_max":0.0,"adv_hand_imb":0.0,"adv_rel_pressure_1beat":0.0,"adv_ln_hold_min_beats":0.0,"adv_ln_chord_big_rate":0.0,"adv_ln_scatter_cv":0.0},"stair":{"stair_index":0.2544689800210305,"stair_transitions":242,"eligible_transitions":951},"peak":{"peak_local_max_density":8.0,"peak_local_max_density_per_sec":29.599999999999998,"peak_max_chord_size":5,"peak_concentration":0.5778260869565217,"total_notes":2300,"intervals":[[1044,1248],[1620,1992],[2340,2760],[3156,3528],[3876,4296],[4692,5064],[5412,5688],[6804,7128],[7164,7608],[7620,9720],[9804,10200],[12588,12936],[12996,13272],[13332,13536],[13716,14040],[15540,17184],[17796,18168],[18564,18936],[19332,19728],[19752,20376]]},"jack":{"jack_pairs":15,"jack_in_stream_pairs":11,"jack_outside_pairs":4,"pure_jack_per_sec":0.14830897703549092,"flow_break_per_stream_sec":0.09661721068249256,"stream_seconds":113.85135135135138,"non_stream_seconds":26.970720720720664,"chart_seconds":140.82207207207205,"window_ticks":24,"min_region_sec":10.0},"distraction":{"mode_formulation":"SP","v3_score":3.0392962814874056,"qualifying_intervals":2,"qualifying_flow_sec":117.5,"qualifying_scratches":83,"scratch_chord_pair_count":130,"chord_time_threshold_sec":0.01667,"min_scratches":3,"bin_sec":0.25,"t_key":2,"gap_bins":2}},"warnings":[],"axis_intensities":{"chord":"red","stream":"yellow","peak":"yellow","scratch":"yellow","soft":"yellow","ln":null,"stair":"red","distraction":"yellow"},"tags":["burst_focused"],"scales":["sl"]}