{"md5":"2f9dceeeb47589af21588e871c6eff82","headers":{"title":"ぼくらの惑星創造計画 -流星の双子-","artist":"Cassius","genre":"Genesis","playlevel":"22","base_bpm":200.0},"mode":"SP","scope":"playable_only","scaling_mode":"p99_linear","params":{"stream_window_ticks":48,"stream_density_threshold_per_beat":4.0,"peak_window_ticks":192,"peak_min_window_notes":4,"peak_min_window_sec":0.05,"felt_bpm_trigger_eff_bpm":500.0,"felt_bpm_trigger_peak_per_sec":200.0,"felt_bpm_target_peak_per_sec":100.0,"felt_bpm_floor":30.0,"jack_window_ticks":24,"soft_burst_ref":8.0,"soft_freq_ref":0.1,"soft_burst_exp":1.5,"soft_freq_exp":1.5,"chord_time_threshold_ms":16.67,"sp_distraction_min_scratches":3,"dp_distraction_window_sec_min":0.2,"dp_distraction_window_sec_max":0.8,"stream_density_ref_per_sec":40.0,"peak_density_ref_per_sec":70.0,"chord_size_ref":3.5,"ln_simultaneity_ref":0.05,"scratch_density_ref_per_sec":1.5,"scratch_ratio_ref":0.1,"distraction_density_ref":2.0,"distraction_event_ref":0.15},"raw_axes":{"chord":1.6508226691042047,"stream":25.423155240331774,"scratch":0.006808140127270538,"soft":0.0,"ln":0.0,"stair":0.2506861848124428,"peak":42.5,"distraction":0.6551766287739886},"x_chord":0.429,"x_stream":0.63,"x_scratch":0.016,"x_soft":0.0,"x_ln":0.0,"x_stair":0.762,"x_peak":0.504,"x_distraction":0.177,"submetrics":{"chord":{"chord_rate":0.5511882998171846,"avg_chord_size":2.9950248756218905,"chord_positions":603,"total_positions":1094},"stream":{"stream_coverage":0.9686547670875054,"stream_density_mean":7.878292461398728,"stream_density_mean_per_sec":26.245837117771725,"stream_windows":23,"notes_in_stream":2225,"total_notes":2297,"intervals":[[1692,1739],[2376,5615],[5640,11567],[11580,11663],[11676,11759],[11772,11855],[11868,11951],[12060,12143],[12252,12335],[12348,12431],[12444,12527],[12540,12623],[12636,12719],[12828,12911],[12924,13103],[13236,13319],[13332,13583],[13620,13775],[13800,14207],[14880,14939],[14964,15551],[15564,16199],[16368,18095]]},"scratch":{"scratch_ratio":0.01828471919895516,"scratch_positions_ratio":0.038391224862888484,"scratch_with_key_chord_rate":0.8333333333333334,"scratch_per_sec":0.3723404255319149,"scratch_burst_max_per_sec":6.0,"scratch_burst_window_sec":1.0,"scratch_notes":42,"scratch_positions":42,"total_notes":2297,"total_positions":1094,"chart_seconds":112.8},"soft":{"base_bpm":200.0,"intensity":0.0,"up_intensity":0.0,"down_intensity":0.0,"max_intensity":0.0,"max_up_intensity":0.0,"max_down_intensity":0.0,"step_frequency":0.0,"ramp_frequency":0.0,"continuity_beats":0.0,"off_base_note_ratio":0.0,"gimmick_burst_score":0.0,"max_off_base_density_per_beat":0.0,"base_mean_density_per_beat":6.095744680851064,"base_density_source":"on_base","distinct_off_base_bpm_count":0,"bpm_change_events":0,"measure_count":95},"ln":{"ln_ratio":0.00478885502829778,"ln_hold_time_mean_beats":1.2954545454545454,"ln_simultaneity_rate":0.0,"ln_simultaneity_weighted":0.0,"ln_count":11,"ln_positions":4,"total_notes":2297},"stair":{"stair_index":0.2506861848124428,"stair_transitions":274,"eligible_transitions":1093},"peak":{"peak_local_max_density":12.75,"peak_local_max_density_per_sec":42.5,"peak_max_chord_size":7,"peak_concentration":0.33957335655202436,"total_notes":2297,"intervals":[[5016,5279],[5376,5603],[5652,5867],[7500,7871],[9984,10175],[10572,11567],[13908,14147],[16404,17039],[17364,18107]]},"jack":{"jack_pairs":16,"jack_in_stream_pairs":14,"jack_outside_pairs":2,"pure_jack_per_sec":0.08281573498964806,"flow_break_per_stream_sec":0.15792442188381273,"stream_seconds":88.65,"non_stream_seconds":24.14999999999999,"chart_seconds":112.8,"window_ticks":24,"min_region_sec":10.0},"distraction":{"mode_formulation":"SP","qualifying_window_count":4,"qualifying_scratches":36,"qualifying_flow_sec":68.175,"distract_density":0.5280528052805281,"distract_event_per_sec":0.058672533920058674,"scratch_chord_pair_count":52,"chord_time_threshold_sec":0.01667,"min_scratches":3}},"warnings":["Unterminated LNOBJ LN on lane P1_KEY1 started at m93 pos0.9375; closing at EOF","Unterminated LNOBJ LN on lane P1_KEY3 started at m93 pos0.9375; closing at EOF","Unterminated LNOBJ LN on lane P1_KEY6 started at m94 pos0.0; closing at EOF","Unterminated LNOBJ LN on lane P1_KEY4 started at m94 pos0.0; closing at EOF","Unterminated LNOBJ LN on lane P1_KEY2 started at m93 pos0.9375; closing at EOF","Unterminated LNOBJ LN on lane P1_SCR started at m94 pos0.0; closing at EOF","Unterminated LNOBJ LN on lane P1_KEY5 started at m94 pos0.0; closing at EOF","Unterminated LNOBJ LN on lane P1_KEY7 started at m94 pos0.0; closing at EOF"],"tags":["stair_focused","peak_intense","dense_chart","fast_chart"],"scales":["st"]}