{"md5":"c56c046eb75eee143e825ac045208f5a","headers":{"title":"Kanon's Fantasia -Flower Forest- [ver.翠]","artist":"Tima","genre":"ENSEMBLE GARAGE HOUSE","playlevel":"7","base_bpm":122.0},"mode":"SP","scope":"playable_only","scaling_mode":"percentile_rank","params":{"stream_window_ticks":48,"stream_density_threshold_per_beat":4.0,"peak_window_ticks":192,"jack_window_ticks":24,"soft_burst_ref":8.0,"soft_freq_ref":0.1,"soft_burst_exp":1.5,"soft_freq_exp":1.5,"chord_time_threshold_ms":16.67,"sp_distraction_min_scratches":3,"dp_distraction_window_sec_min":0.2,"dp_distraction_window_sec_max":0.8,"stream_density_ref_per_sec":40.0,"peak_density_ref_per_sec":70.0,"chord_size_ref":3.5,"ln_simultaneity_ref":0.05,"scratch_density_ref_per_sec":1.5,"scratch_ratio_ref":0.1,"distraction_density_ref":2.0,"distraction_event_ref":0.15},"raw_axes":{"chord":1.817528735632184,"stream":15.658880545647959,"scratch":0.0007097104295389924,"soft":0.0,"ln":0.013140604467805518,"stair":0.10359712230215827,"peak":21.858333333333334,"distraction":0.2971080669710807},"x_chord":0.48112724167378307,"x_stream":0.12758326216908625,"x_scratch":0.06968403074295473,"x_soft":0.0,"x_ln":0.933731853116994,"x_stair":0.12023911187019641,"x_peak":0.062169086251067464,"x_distraction":0.13441502988898377,"submetrics":{"chord":{"chord_rate":0.6307471264367817,"avg_chord_size":2.8815489749430525,"chord_positions":439,"total_positions":696},"stream":{"stream_coverage":0.9730617608409987,"stream_density_mean":7.914285714285715,"stream_density_mean_per_sec":16.092380952380953,"stream_windows":11,"notes_in_stream":1481,"total_notes":1522,"intervals":[[444,527],[540,599],[732,815],[828,887],[948,1895],[2076,2279],[2460,2663],[2856,6359],[6588,6767],[6852,7031],[7068,10967]]},"scratch":{"scratch_ratio":0.007227332457293035,"scratch_positions_ratio":0.015804597701149427,"scratch_with_key_chord_rate":1.0,"scratch_per_sec":0.0981981157962133,"scratch_burst_max_per_sec":2.0,"scratch_burst_window_sec":1.0,"scratch_notes":11,"scratch_positions":11,"total_notes":1522,"total_positions":696,"chart_seconds":112.01844262295081},"soft":{"base_bpm":122.0,"intensity":0.0,"up_intensity":0.0,"down_intensity":0.0,"max_intensity":0.0,"max_up_intensity":0.0,"max_down_intensity":0.0,"step_frequency":0.0,"ramp_frequency":0.0,"continuity_beats":0.0,"off_base_note_ratio":0.0,"gimmick_burst_score":0.0,"max_off_base_density_per_beat":0.0,"base_mean_density_per_beat":6.668983810482026,"base_density_source":"on_base","distinct_off_base_bpm_count":0,"bpm_change_events":0,"measure_count":57},"ln":{"ln_ratio":0.023653088042049936,"ln_hold_time_mean_beats":1.5277777777777777,"ln_simultaneity_rate":0.006570302233902759,"ln_simultaneity_weighted":0.013140604467805518,"ln_count":36,"ln_positions":25,"total_notes":1522},"stair":{"stair_index":0.10359712230215827,"stair_transitions":72,"eligible_transitions":695},"peak":{"peak_local_max_density":10.75,"peak_local_max_density_per_sec":21.858333333333334,"peak_max_chord_size":7,"peak_concentration":0.4244415243101183,"total_notes":1522,"intervals":[[3936,4175],[5316,6335],[7548,8063],[8352,8687],[9204,10343],[10428,10631]]},"jack":{"jack_pairs":20,"jack_in_stream_pairs":20,"jack_outside_pairs":0,"pure_jack_per_sec":0.0,"flow_break_per_stream_sec":0.20825776165581994,"stream_seconds":96.03483606557376,"non_stream_seconds":15.983606557377058,"chart_seconds":112.01844262295081,"window_ticks":24,"min_region_sec":10.0},"distraction":{"mode_formulation":"SP","qualifying_window_count":1,"qualifying_scratches":8,"qualifying_flow_sec":35.90163934426229,"distract_density":0.2228310502283105,"distract_event_per_sec":0.027853881278538814,"scratch_chord_pair_count":16,"chord_time_threshold_sec":0.01667,"min_scratches":3}},"warnings":["Unterminated LNOBJ LN on lane P1_KEY4 started at m56 pos0.69270833; closing at EOF","Unterminated LNOBJ LN on lane P1_SCR started at m49 pos0.0; closing at EOF","Unterminated LNOBJ LN on lane P1_KEY2 started at m56 pos0.69270833; closing at EOF","Unterminated LNOBJ LN on lane P1_KEY6 started at m56 pos0.625; closing at EOF","Unterminated LNOBJ LN on lane P1_KEY5 started at m56 pos0.94270833; closing at EOF","Unterminated LNOBJ LN on lane P1_KEY7 started at m56 pos0.875; closing at EOF","Unterminated LNOBJ LN on lane P1_KEY3 started at m56 pos0.94270833; closing at EOF","Unterminated LNOBJ LN on lane P1_KEY1 started at m56 pos0.94270833; closing at EOF"],"tags":["ln_chart"],"scales":["sl"]}