{"md5":"4f74d9086f3192b79494cd54d98b8f7b","headers":{"title":"Pokemon battle imaging - No.3","artist":"Y.W","genre":"BATTLE IMAGING /// 7KEYS BOSS","playlevel":"12","base_bpm":205.0},"mode":"SP","scope":"playable_only","scaling_mode":"p99_linear","params":{"stream_window_ticks":48,"stream_density_threshold_per_beat":4.0,"peak_window_ticks":192,"peak_min_window_notes":4,"peak_min_window_sec":0.05,"felt_bpm_trigger_eff_bpm":500.0,"felt_bpm_trigger_peak_per_sec":200.0,"felt_bpm_target_peak_per_sec":100.0,"felt_bpm_floor":30.0,"jack_window_ticks":24,"soft_burst_ref":8.0,"soft_freq_ref":0.1,"soft_burst_exp":1.5,"soft_freq_exp":1.5,"chord_time_threshold_ms":16.67,"sp_distraction_min_scratches":3,"dp_distraction_window_sec_min":0.2,"dp_distraction_window_sec_max":0.8,"stream_density_ref_per_sec":40.0,"peak_density_ref_per_sec":70.0,"chord_size_ref":3.5,"ln_simultaneity_ref":0.05,"scratch_density_ref_per_sec":1.5,"scratch_ratio_ref":0.1,"distraction_density_ref":2.0,"distraction_event_ref":0.15},"raw_axes":{"chord":1.472340425531915,"stream":19.573658408595023,"scratch":0.03199020042100474,"soft":0.0,"ln":0.0,"stair":0.11182108626198083,"peak":39.29166666666667,"distraction":1.4006705487912474,"pure_jack_raw":0.23428571428571443,"flow_break_raw":0.09072678238019499},"x_chord":0.371,"x_stream":0.488,"x_scratch":0.076,"x_soft":0.0,"x_ln":0.0,"x_stair":0.33,"x_peak":0.634,"x_distraction":0.37,"jack_signal":0.234,"noise_budget":0.68,"submetrics":{"chord":{"chord_rate":0.5702127659574469,"avg_chord_size":2.582089552238806,"chord_positions":536,"total_positions":940},"stream":{"stream_coverage":0.9524608501118568,"stream_density_mean":6.014814814814815,"stream_density_mean_per_sec":20.55061728395062,"stream_windows":27,"notes_in_stream":1703,"total_notes":1788,"intervals":[[168,612],[1260,2208],[2220,2304],[2316,2976],[2988,3264],[3276,4512],[4524,4992],[5016,5076],[5100,5592],[5604,6048],[6060,6240],[6252,6360],[6372,6432],[6444,6624],[6636,6816],[6828,7008],[7020,7128],[7140,7200],[7212,9684],[10380,10464],[10596,10656],[10668,10800],[10836,10896],[10956,13776],[13788,14184],[14244,15720],[15768,16584]]},"scratch":{"scratch_ratio":0.042505592841163314,"scratch_positions_ratio":0.08085106382978724,"scratch_with_key_chord_rate":1.0,"scratch_per_sec":0.7526115572731115,"scratch_burst_max_per_sec":4.0,"scratch_burst_window_sec":1.0,"scratch_notes":76,"scratch_positions":76,"total_notes":1788,"total_positions":940,"chart_seconds":100.98170731707317},"soft":{"base_bpm":205.0,"intensity":0.0,"up_intensity":0.0,"down_intensity":0.0,"max_intensity":0.0,"max_up_intensity":0.0,"max_down_intensity":0.0,"step_frequency":0.0,"ramp_frequency":0.0,"continuity_beats":0.0,"off_base_note_ratio":0.0,"gimmick_burst_score":0.0,"max_off_base_density_per_beat":0.0,"base_mean_density_per_beat":5.173913043478261,"base_density_source":"on_base","distinct_off_base_bpm_count":0,"bpm_change_events":0,"measure_count":89},"ln":{"ln_ratio":0.0,"ln_hold_time_mean_beats":0.0,"ln_simultaneity_rate":0.0,"ln_simultaneity_weighted":0.0,"ln_count":0,"ln_positions":0,"total_notes":1788},"stair":{"stair_index":0.11182108626198083,"stair_transitions":105,"eligible_transitions":939},"peak":{"peak_local_max_density":11.5,"peak_local_max_density_per_sec":39.29166666666667,"peak_max_chord_size":6,"peak_concentration":0.3512304250559284,"total_notes":1788,"intervals":[[4176,4452],[5736,5988],[7284,7572],[8604,9108],[9168,9432],[10956,11304],[11772,12000],[12108,13248],[14760,15060],[16080,16524]]},"jack":{"jack_pairs":11,"jack_in_stream_pairs":8,"jack_outside_pairs":3,"pure_jack_per_sec":0.23428571428571443,"flow_break_per_stream_sec":0.09072678238019499,"stream_seconds":88.17682926829269,"non_stream_seconds":12.80487804878048,"chart_seconds":100.98170731707317,"window_ticks":24,"min_region_sec":10.0},"distraction":{"mode_formulation":"SP","qualifying_window_count":7,"qualifying_scratches":68,"qualifying_flow_sec":57.591463414634156,"distract_density":1.1807305452620431,"distract_event_per_sec":0.12154579142403386,"scratch_chord_pair_count":113,"chord_time_threshold_sec":0.01667,"min_scratches":3}},"warnings":[],"tags":["fast_chart"],"scales":["★"]}