{"md5":"ca1b6d552db34ea5571f273d9ac10def","headers":{"title":"お前らどうせ「今回も『JUMP』とか『跳』とか関連の単語をタイトルの中に入れるんだろうなー」とか期待していたんだろう？残念だがそう何度もJUMPネタで行くと思うなよ！俺だってそう何度もJUMP、JUMP言い続けたら飽きられるってことぐらい分かってるんだ！JUMPって言い続けた結果、JUMP本来の単語の意味が薄まるなんて状況にさせてたまるか！！！！(BMS edit)","artist":"もちろん桃山 / obj:夢瑠","genre":"JUMPER [LNやりたい]","playlevel":"17","base_bpm":190.0},"mode":"SP","scope":"playable_only","scaling_mode":"p99_linear","params":{"stream_window_ticks":48,"stream_density_threshold_per_beat":4.0,"peak_window_ticks":192,"peak_min_window_notes":4,"peak_min_window_sec":0.05,"felt_bpm_trigger_eff_bpm":500.0,"felt_bpm_trigger_peak_per_sec":200.0,"felt_bpm_target_peak_per_sec":100.0,"felt_bpm_floor":30.0,"jack_window_ticks":24,"soft_burst_ref":8.0,"soft_freq_ref":0.1,"soft_burst_exp":1.5,"soft_freq_exp":1.5,"chord_time_threshold_ms":16.67,"sp_distraction_min_scratches":3,"dp_distraction_window_sec_min":0.2,"dp_distraction_window_sec_max":0.8,"stream_density_ref_per_sec":40.0,"peak_density_ref_per_sec":70.0,"chord_size_ref":3.5,"ln_simultaneity_ref":0.05,"scratch_density_ref_per_sec":1.5,"scratch_ratio_ref":0.1,"distraction_density_ref":2.0,"distraction_event_ref":0.15},"raw_axes":{"chord":1.9627329192546583,"stream":23.817486319492613,"scratch":0.00314308824458533,"soft":0.0,"stair":0.08242612752721618,"peak":38.0,"ln_m1_short_rate_rt":0.14471122647631407,"ln_m2_density_rt":122.14414414414414,"ln_m2_burst_max_rt":687.0,"ln_m3_density_rt":122.9189189189189,"ln_m_concurrent_rt":0.8500000000000002,"adv_hand_imb":0.044585987261146494,"adv_rel_pressure_1beat":0.9490445859872612,"adv_ln_hold_min_beats":0.25,"adv_ln_chord_big_rate":0.010309278350515464,"adv_ln_scatter_cv":3.9628423438195095,"distraction":0.37753446877534463},"x_chord":0.502,"x_stream":0.597,"x_scratch":0.008,"x_soft":0.0,"x_ln":0.966,"x_stair":0.239,"x_peak":0.614,"x_distraction":0.088,"ln_advanced_score":0.732,"submetrics":{"chord":{"chord_rate":0.5698757763975155,"avg_chord_size":3.444141689373297,"chord_positions":367,"total_positions":644},"stream":{"stream_coverage":0.9338092147955873,"stream_density_mean":8.054441260744985,"stream_density_mean_per_sec":25.50573065902579,"stream_windows":16,"notes_in_stream":1439,"total_notes":1541,"intervals":[[240,300],[432,492],[984,1068],[1176,1260],[1440,1524],[1548,1656],[1668,1920],[1932,2304],[2316,2688],[2700,3072],[3084,6372],[7020,7128],[7452,7536],[7680,8592],[8604,9360],[9372,11352]]},"scratch":{"scratch_ratio":0.012329656067488644,"scratch_positions_ratio":0.029503105590062112,"scratch_with_key_chord_rate":0.47368421052631576,"scratch_per_sec":0.2549209992055786,"scratch_burst_max_per_sec":3.0,"scratch_burst_window_sec":1.0,"scratch_notes":19,"scratch_positions":19,"total_notes":1541,"total_positions":644,"chart_seconds":74.53289473684211},"soft":{"base_bpm":190.0,"intensity":0.0,"up_intensity":0.0,"down_intensity":0.0,"max_intensity":0.0,"max_up_intensity":0.0,"max_down_intensity":0.0,"step_frequency":0.0,"ramp_frequency":0.0,"continuity_beats":0.0,"off_base_note_ratio":0.0,"gimmick_burst_score":0.0,"max_off_base_density_per_beat":0.0,"base_mean_density_per_beat":6.52542372881356,"base_density_source":"on_base","distinct_off_base_bpm_count":0,"bpm_change_events":0,"measure_count":60},"ln":{"ln_ratio":0.3062946138870863,"ln_hold_time_mean_beats":0.4904661016949153,"ln_simultaneity_rate":0.15704088254380272,"ln_simultaneity_weighted":0.23750811161583388,"ln_count":472,"ln_count_raw":472,"ln_positions":292,"total_notes":1541,"m1_short_count_rt":223,"m1_short_rate_rt":0.14471122647631407,"m2_long_count_rt":248,"m2_density_rt":122.14414414414414,"m2_burst_max_rt":687.0,"m3_density_rt":122.9189189189189,"m_concurrent_rt":0.8500000000000002,"total_long_sec":55.50000000000001,"long_active_sec":30.0,"long_hold_sec_mean":0.22379032258064518,"long_hold_sec_max":1.8157894736842195,"adv_hand_imb":0.044585987261146494,"adv_rel_pressure_1beat":0.9490445859872612,"adv_ln_hold_min_beats":0.25,"adv_ln_chord_big_rate":0.010309278350515464,"adv_ln_scatter_cv":3.9628423438195095},"stair":{"stair_index":0.08242612752721618,"stair_transitions":53,"eligible_transitions":643},"peak":{"peak_local_max_density":12.0,"peak_local_max_density_per_sec":38.0,"peak_max_chord_size":7,"peak_concentration":0.39195327709279687,"total_notes":1541,"intervals":[[4236,4548],[4632,5304],[5388,5676],[5712,6348],[8196,8568],[8748,8952],[8964,9336]]},"jack":{"jack_pairs":1,"jack_in_stream_pairs":0,"jack_outside_pairs":1,"pure_jack_per_sec":0.06397306397306399,"flow_break_per_stream_sec":0.0,"stream_seconds":58.90131578947369,"non_stream_seconds":15.631578947368418,"chart_seconds":74.53289473684211,"window_ticks":24,"min_region_sec":10.0},"distraction":{"mode_formulation":"SP","qualifying_window_count":1,"qualifying_scratches":3,"qualifying_flow_sec":21.631578947368425,"distract_density":0.13868613138686128,"distract_event_per_sec":0.0462287104622871,"scratch_chord_pair_count":13,"chord_time_threshold_sec":0.01667,"min_scratches":3}},"warnings":["Unterminated LNOBJ LN on lane P1_SCR started at m59 pos0.0; closing at EOF"],"tags":["ln_chart","dense_chart"],"scales":[]}