{"md5":"2cec58645c590720db9fc0755cbe8bef","headers":{"title":"The Island of Albatross [EXTRA+]","artist":"anubasu-anubasu / Note:薄杏","genre":"ENERGETIC TRANCE","playlevel":"12","base_bpm":148.0},"mode":"SP","scope":"playable_only","scaling_mode":"p99_linear","params":{"stream_window_ticks":48,"stream_density_threshold_per_beat":4.0,"peak_window_ticks":192,"peak_min_window_notes":4,"peak_min_window_sec":0.05,"felt_bpm_trigger_eff_bpm":500.0,"felt_bpm_trigger_peak_per_sec":200.0,"felt_bpm_target_peak_per_sec":100.0,"felt_bpm_floor":30.0,"jack_window_ticks":24,"soft_burst_ref":8.0,"soft_freq_ref":0.1,"soft_burst_exp":1.5,"soft_freq_exp":1.5,"chord_time_threshold_ms":16.67,"sp_distraction_min_scratches":3,"dp_distraction_window_sec_min":0.2,"dp_distraction_window_sec_max":0.8,"stream_density_ref_per_sec":40.0,"peak_density_ref_per_sec":70.0,"chord_size_ref":3.5,"ln_simultaneity_ref":0.05,"scratch_density_ref_per_sec":1.5,"scratch_ratio_ref":0.1,"distraction_density_ref":2.0,"distraction_event_ref":0.15},"raw_axes":{"chord":2.953204476093591,"stream":31.16306352159313,"scratch":0.006987011133314301,"soft":0.001619063434075058,"ln":0.0,"stair":0.1415478615071283,"peak":45.016666666666666,"distraction":0.5940283896231029},"x_chord":0.767,"x_stream":0.772,"x_scratch":0.017,"x_soft":0.01,"x_ln":0.0,"x_stair":0.43,"x_peak":0.534,"x_distraction":0.16,"submetrics":{"chord":{"chord_rate":0.7995930824008138,"avg_chord_size":3.6933842239185752,"chord_positions":786,"total_positions":983},"stream":{"stream_coverage":0.9709677419354839,"stream_density_mean":13.038084874863982,"stream_density_mean_per_sec":32.09484947406602,"stream_windows":11,"notes_in_stream":3010,"total_notes":3100,"intervals":[[948,1031],[1044,4847],[9372,10595],[10716,14111],[14124,14207],[14220,14303],[14316,14399],[14412,14495],[14508,14591],[14604,14687],[14700,17135]]},"scratch":{"scratch_ratio":0.02032258064516129,"scratch_positions_ratio":0.06408952187182096,"scratch_with_key_chord_rate":0.8888888888888888,"scratch_per_sec":0.34380530973451323,"scratch_burst_max_per_sec":5.0,"scratch_burst_window_sec":1.0,"scratch_notes":63,"scratch_positions":63,"total_notes":3100,"total_positions":983,"chart_seconds":183.24324324324326},"soft":{"base_bpm":148.0,"intensity":0.013064516129032259,"up_intensity":0.0,"down_intensity":0.013064516129032259,"max_intensity":0.5,"max_up_intensity":0.0,"max_down_intensity":0.5,"step_frequency":0.022222222222222223,"ramp_frequency":0.022222222222222223,"continuity_beats":96.0,"off_base_note_ratio":0.026129032258064518,"gimmick_burst_score":0.0728578545333776,"max_off_base_density_per_beat":0.84375,"base_mean_density_per_beat":11.580769230769231,"base_density_source":"on_base","distinct_off_base_bpm_count":1,"bpm_change_events":3,"measure_count":90},"ln":{"ln_ratio":0.0,"ln_hold_time_mean_beats":0.0,"ln_simultaneity_rate":0.0,"ln_simultaneity_weighted":0.0,"ln_count":0,"ln_positions":0,"total_notes":3100},"stair":{"stair_index":0.1415478615071283,"stair_transitions":139,"eligible_transitions":982},"peak":{"peak_local_max_density":18.25,"peak_local_max_density_per_sec":45.016666666666666,"peak_max_chord_size":8,"peak_concentration":0.39806451612903226,"total_notes":3100,"intervals":[[1464,1679],[3048,3275],[4152,4463],[9408,9611],[9636,9983],[10104,10583],[10740,11051],[11592,11927],[13764,14027],[15480,15851],[16296,17135]]},"jack":{"jack_pairs":16,"jack_in_stream_pairs":12,"jack_outside_pairs":4,"pure_jack_per_sec":0.046376811594202906,"flow_break_per_stream_sec":0.12371995820271679,"stream_seconds":96.99324324324327,"non_stream_seconds":86.24999999999999,"chart_seconds":183.24324324324326,"window_ticks":24,"min_region_sec":10.0},"distraction":{"mode_formulation":"SP","qualifying_window_count":4,"qualifying_scratches":56,"qualifying_flow_sec":92.02702702702707,"distract_density":0.6085168869309835,"distract_event_per_sec":0.04346549192364168,"scratch_chord_pair_count":122,"chord_time_threshold_sec":0.01667,"min_scratches":3}},"warnings":[],"tags":["chord_heavy","stream_heavy","peak_intense","big_chord_burst","dense_chart","chord_stream"],"scales":["st"]}