{"md5":"db8f91be3b179ad2e438eedaff42eab5","headers":{"title":"事象の地平","artist":"wa. / obj. Limite","genre":"OMNIVERSE","playlevel":"19","base_bpm":169.0},"mode":"SP","scope":"playable_only","scaling_mode":"p99_linear","params":{"stream_window_ticks":48,"stream_density_threshold_per_beat":4.0,"peak_window_ticks":192,"peak_min_window_notes":4,"peak_min_window_sec":0.05,"felt_bpm_trigger_eff_bpm":500.0,"felt_bpm_trigger_peak_per_sec":200.0,"felt_bpm_target_peak_per_sec":100.0,"felt_bpm_floor":30.0,"jack_window_ticks":24,"soft_burst_ref":8.0,"soft_freq_ref":0.1,"soft_burst_exp":1.5,"soft_freq_exp":1.5,"chord_time_threshold_ms":16.67,"sp_distraction_min_scratches":3,"dp_distraction_window_sec_min":0.2,"dp_distraction_window_sec_max":0.8,"stream_density_ref_per_sec":40.0,"peak_density_ref_per_sec":70.0,"chord_size_ref":3.5,"ln_simultaneity_ref":0.05,"scratch_density_ref_per_sec":1.5,"scratch_ratio_ref":0.1,"distraction_density_ref":2.0,"distraction_event_ref":0.15},"raw_axes":{"chord":1.6844106463878326,"stream":22.798267326732674,"scratch":0.022535891735943968,"soft":0.04247737821745042,"ln":0.0,"stair":0.13986679352997144,"peak":32.391666666666666,"distraction":0.6229382126756828,"pure_jack_raw":0.0,"flow_break_raw":0.010122791254866727},"x_chord":0.424,"x_stream":0.568,"x_scratch":0.054,"x_soft":0.18,"x_ln":0.0,"x_stair":0.412,"x_peak":0.523,"x_distraction":0.165,"jack_signal":0.009,"noise_budget":0.408,"submetrics":{"chord":{"chord_rate":0.5722433460076045,"avg_chord_size":2.9435215946843853,"chord_positions":602,"total_positions":1052},"stream":{"stream_coverage":0.9810981098109811,"stream_density_mean":8.267241379310345,"stream_density_mean_per_sec":23.2375,"stream_windows":19,"notes_in_stream":2180,"total_notes":2222,"intervals":[[156,1584],[1644,1728],[1836,1920],[2028,2112],[2124,2208],[2220,2496],[2508,2592],[2604,2688],[2724,2772],[2784,2880],[2988,3048],[3084,3264],[3372,3456],[3516,3648],[3756,3840],[3948,9504],[9516,9696],[9708,9888],[9900,14400]]},"scratch":{"scratch_ratio":0.0333033303330333,"scratch_positions_ratio":0.07034220532319392,"scratch_with_key_chord_rate":1.0,"scratch_per_sec":0.6766858302333446,"scratch_burst_max_per_sec":4.0,"scratch_burst_window_sec":1.0,"scratch_notes":74,"scratch_positions":74,"total_notes":2222,"total_positions":1052,"chart_seconds":109.35650887573965},"soft":{"base_bpm":169.0,"intensity":0.0013501350135013501,"up_intensity":0.0,"down_intensity":0.0013501350135013501,"max_intensity":1.0,"max_up_intensity":1.0,"max_down_intensity":0.5,"step_frequency":0.05194805194805195,"ramp_frequency":0.03896103896103896,"continuity_beats":9.0,"off_base_note_ratio":0.0027002700270027003,"gimmick_burst_score":0.8176895306859205,"max_off_base_density_per_beat":6.0,"base_mean_density_per_beat":7.337748344370861,"base_density_source":"on_base","distinct_off_base_bpm_count":2,"bpm_change_events":4,"measure_count":77},"ln":{"ln_ratio":0.0058505850585058505,"ln_hold_time_mean_beats":4.653846153846154,"ln_simultaneity_rate":0.0,"ln_simultaneity_weighted":0.0,"ln_count":13,"ln_positions":5,"total_notes":2222},"stair":{"stair_index":0.13986679352997144,"stair_transitions":147,"eligible_transitions":1051},"peak":{"peak_local_max_density":11.5,"peak_local_max_density_per_sec":32.391666666666666,"peak_max_chord_size":8,"peak_concentration":0.29792979297929795,"total_notes":2222,"intervals":[[5412,5904],[6096,6288],[8232,8604],[10416,10944],[12372,12624],[12828,14028]]},"jack":{"jack_pairs":1,"jack_in_stream_pairs":1,"jack_outside_pairs":0,"pure_jack_per_sec":0.0,"flow_break_per_stream_sec":0.010122791254866727,"stream_seconds":98.7869822485207,"non_stream_seconds":10.569526627218949,"chart_seconds":109.35650887573965,"window_ticks":24,"min_region_sec":10.0},"distraction":{"mode_formulation":"SP","qualifying_window_count":2,"qualifying_scratches":66,"qualifying_flow_sec":74.37869822485207,"distract_density":0.8873508353221957,"distract_event_per_sec":0.026889419252187748,"scratch_chord_pair_count":137,"chord_time_threshold_sec":0.01667,"min_scratches":3}},"warnings":["Unterminated LNOBJ LN on lane P1_SCR started at m76 pos0.0; closing at EOF","Unterminated LNOBJ LN on lane P1_KEY2 started at m75 pos0.95833333; closing at EOF","Unterminated LNOBJ LN on lane P1_KEY6 started at m75 pos0.79166667; closing at EOF","Unterminated LNOBJ LN on lane P1_KEY4 started at m75 pos0.875; closing at EOF"],"tags":["soflan","big_chord_burst","dense_chart"],"scales":["★"]}