{"md5":"05eda314989c59f315fe8f2ff2d6c7e9","headers":{"title":"Quickening 2 the RED -Sephirothic-","artist":"Loki-mitsu + Mentalstock","genre":"ETHEREAL ELECTRONIC","playlevel":"16","base_bpm":150.0},"mode":"SP","scope":"playable_only","scaling_mode":"p99_linear","params":{"stream_window_ticks":48,"stream_density_threshold_per_beat":4.0,"peak_window_ticks":192,"peak_min_window_notes":4,"felt_bpm_trigger_eff_bpm":500.0,"felt_bpm_trigger_peak_per_sec":200.0,"felt_bpm_target_peak_per_sec":100.0,"felt_bpm_floor":30.0,"jack_window_ticks":24,"soft_burst_ref":8.0,"soft_freq_ref":0.1,"soft_burst_exp":1.5,"soft_freq_exp":1.5,"chord_time_threshold_ms":16.67,"sp_distraction_min_scratches":3,"dp_distraction_window_sec_min":0.2,"dp_distraction_window_sec_max":0.8,"stream_density_ref_per_sec":40.0,"peak_density_ref_per_sec":70.0,"chord_size_ref":3.5,"ln_simultaneity_ref":0.05,"scratch_density_ref_per_sec":1.5,"scratch_ratio_ref":0.1,"distraction_density_ref":2.0,"distraction_event_ref":0.15},"raw_axes":{"chord":2.2780352177942538,"stream":21.822738914172902,"scratch":0.013759956538264506,"soft":0.004222199198133793,"ln":0.0,"stair":0.21799628942486085,"peak":34.375,"distraction":0.5701328150307743},"x_chord":0.592,"x_stream":0.542,"x_scratch":0.033,"x_soft":0.049,"x_ln":0.0,"x_stair":0.662,"x_peak":0.418,"x_distraction":0.154,"submetrics":{"chord":{"chord_rate":0.8396663577386468,"avg_chord_size":2.7130242825607063,"chord_positions":906,"total_positions":1079},"stream":{"stream_coverage":0.9855568225009502,"stream_density_mean":8.857019064124783,"stream_density_mean_per_sec":22.14254766031196,"stream_windows":15,"notes_in_stream":2593,"total_notes":2631,"intervals":[[372,1847],[1884,2027],[2160,2219],[2328,2411],[2544,2603],[2652,8003],[8016,8099],[8328,8387],[8400,8471],[8688,8735],[8748,13079],[13116,14639],[14652,15791],[15900,15983],[16092,16151]]},"scratch":{"scratch_ratio":0.02774610414291144,"scratch_positions_ratio":0.06765523632993513,"scratch_with_key_chord_rate":0.9178082191780822,"scratch_per_sec":0.4959239130434783,"scratch_burst_max_per_sec":5.0,"scratch_burst_window_sec":1.0,"scratch_notes":73,"scratch_positions":73,"total_notes":2631,"total_positions":1079,"chart_seconds":147.2},"soft":{"base_bpm":150.0,"intensity":0.0013302926643861649,"up_intensity":0.0,"down_intensity":0.0013302926643861649,"max_intensity":0.75,"max_up_intensity":0.0,"max_down_intensity":0.75,"step_frequency":0.04597701149425287,"ramp_frequency":0.034482758620689655,"continuity_beats":16.0,"off_base_note_ratio":0.0026605853287723297,"gimmick_burst_score":0.09183283255941,"max_off_base_density_per_beat":1.0,"base_mean_density_per_beat":7.972560975609756,"base_density_source":"on_base","distinct_off_base_bpm_count":2,"bpm_change_events":4,"measure_count":87},"ln":{"ln_ratio":0.0,"ln_hold_time_mean_beats":0.0,"ln_simultaneity_rate":0.0,"ln_simultaneity_weighted":0.0,"ln_count":0,"ln_positions":0,"total_notes":2631},"stair":{"stair_index":0.21799628942486085,"stair_transitions":235,"eligible_transitions":1078},"peak":{"peak_local_max_density":13.75,"peak_local_max_density_per_sec":34.375,"peak_max_chord_size":6,"peak_concentration":0.3048270619536298,"total_notes":2631,"intervals":[[10308,10559],[11700,12215],[12468,12695],[12720,12911],[13260,13763],[13872,14231],[14256,14627],[14688,15695]]},"jack":{"jack_pairs":15,"jack_in_stream_pairs":12,"jack_outside_pairs":3,"pure_jack_per_sec":0.1190476190476193,"flow_break_per_stream_sec":0.09836065573770489,"stream_seconds":122.00000000000004,"non_stream_seconds":25.199999999999946,"chart_seconds":147.2,"window_ticks":24,"min_region_sec":10.0},"distraction":{"mode_formulation":"SP","qualifying_window_count":4,"qualifying_scratches":64,"qualifying_flow_sec":102.9,"distract_density":0.6219630709426628,"distract_event_per_sec":0.038872691933916424,"scratch_chord_pair_count":93,"chord_time_threshold_sec":0.01667,"min_scratches":3}},"warnings":[],"tags":["chord_heavy","stair_focused"],"scales":["★"]}