{"md5":"aa5641e22516f7ce27eaf3c346f086b3","headers":{"title":"compressed eyes -kusomiso-","artist":"A.I.TOYS  obj:ab_tkkz","genre":"hip hop","playlevel":"12","base_bpm":124.0},"mode":"SP","scope":"playable_only","scaling_mode":"p99_linear","params":{"stream_window_ticks":48,"stream_density_threshold_per_beat":4.0,"peak_window_ticks":192,"peak_min_window_notes":4,"peak_min_window_sec":0.05,"felt_bpm_trigger_eff_bpm":500.0,"felt_bpm_trigger_peak_per_sec":200.0,"felt_bpm_target_peak_per_sec":100.0,"felt_bpm_floor":30.0,"jack_window_ticks":24,"soft_burst_ref":8.0,"soft_freq_ref":0.1,"soft_burst_exp":1.5,"soft_freq_exp":1.5,"chord_time_threshold_ms":16.67,"sp_distraction_min_scratches":3,"dp_distraction_window_sec_min":0.2,"dp_distraction_window_sec_max":0.8,"stream_density_ref_per_sec":40.0,"peak_density_ref_per_sec":70.0,"chord_size_ref":3.5,"ln_simultaneity_ref":0.05,"scratch_density_ref_per_sec":1.5,"scratch_ratio_ref":0.1,"distraction_density_ref":2.0,"distraction_event_ref":0.15},"raw_axes":{"chord":1.3614341085271318,"stream":14.6246007270978,"scratch":0.1704650960228151,"soft":2.9439204751288584e-06,"ln":0.0,"stair":0.1871968962172648,"peak":25.833333333333332,"distraction":1.3566558847524057},"x_chord":0.354,"x_stream":0.362,"x_scratch":0.412,"x_soft":0.0,"x_ln":0.0,"x_stair":0.569,"x_peak":0.307,"x_distraction":0.366,"submetrics":{"chord":{"chord_rate":0.5591085271317829,"avg_chord_size":2.435008665511265,"chord_positions":577,"total_positions":1032},"stream":{"stream_coverage":0.939247311827957,"stream_density_mean":7.536853685368537,"stream_density_mean_per_sec":15.570553722038872,"stream_windows":15,"notes_in_stream":1747,"total_notes":1860,"intervals":[[840,971],[1692,1775],[1824,1967],[2016,2135],[2208,2543],[2592,2735],[2808,2891],[2988,4847],[4920,5039],[5112,5231],[5292,5423],[5496,7127],[8232,8507],[8568,14819],[15504,15551]]},"scratch":{"scratch_ratio":0.11989247311827957,"scratch_positions_ratio":0.21608527131782945,"scratch_with_key_chord_rate":0.6233183856502242,"scratch_per_sec":1.4218164959750497,"scratch_burst_max_per_sec":11.0,"scratch_burst_window_sec":1.0,"scratch_notes":223,"scratch_positions":223,"total_notes":1860,"total_positions":1032,"chart_seconds":156.8416181914331},"soft":{"base_bpm":124.0,"intensity":0.0004162330905306972,"up_intensity":0.0,"down_intensity":0.0004162330905306972,"max_intensity":0.016129032258064516,"max_up_intensity":0.0,"max_down_intensity":0.016129032258064516,"step_frequency":0.012345679012345678,"ramp_frequency":0.012345679012345678,"continuity_beats":18.666666666666668,"off_base_note_ratio":0.025806451612903226,"gimmick_burst_score":0.00023845755848543755,"max_off_base_density_per_beat":2.571428571428571,"base_mean_density_per_beat":5.934462042599672,"base_density_source":"on_base","distinct_off_base_bpm_count":1,"bpm_change_events":1,"measure_count":81},"ln":{"ln_ratio":0.0,"ln_hold_time_mean_beats":0.0,"ln_simultaneity_rate":0.0,"ln_simultaneity_weighted":0.0,"ln_count":0,"ln_positions":0,"total_notes":1860},"stair":{"stair_index":0.1871968962172648,"stair_transitions":193,"eligible_transitions":1031},"peak":{"peak_local_max_density":12.5,"peak_local_max_density_per_sec":25.833333333333332,"peak_max_chord_size":6,"peak_concentration":0.23118279569892472,"total_notes":1860,"intervals":[[13080,14807]]},"jack":{"jack_pairs":110,"jack_in_stream_pairs":83,"jack_outside_pairs":27,"pure_jack_per_sec":0.6565972222222223,"flow_break_per_stream_sec":0.717245318801339,"stream_seconds":115.72051824431517,"non_stream_seconds":41.121099947117926,"chart_seconds":156.8416181914331,"window_ticks":24,"min_region_sec":10.0},"distraction":{"mode_formulation":"SP","qualifying_window_count":8,"qualifying_scratches":185,"qualifying_flow_sec":107.49471179270226,"distract_density":1.7210148938001946,"distract_event_per_sec":0.07442226567784625,"scratch_chord_pair_count":128,"chord_time_threshold_sec":0.01667,"min_scratches":3}},"warnings":[],"tags":["scratch_active","flow_break","scratch_burst","sustained"],"scales":["★"]}