{"md5":"f2bba8fd59b29034194c19cbbbe0c893","headers":{"title":"INSANER","artist":"saaa","genre":"UPTEMPO HARDCORE","playlevel":"25","base_bpm":230.0},"mode":"SP","scope":"playable_only","scaling_mode":"p99_linear","params":{"stream_window_ticks":48,"stream_density_threshold_per_beat":4.0,"peak_window_ticks":192,"peak_min_window_notes":4,"peak_min_window_sec":0.05,"felt_bpm_trigger_eff_bpm":500.0,"felt_bpm_trigger_peak_per_sec":200.0,"felt_bpm_target_peak_per_sec":100.0,"felt_bpm_floor":30.0,"jack_window_ticks":24,"soft_burst_ref":8.0,"soft_freq_ref":0.1,"soft_burst_exp":1.5,"soft_freq_exp":1.5,"chord_time_threshold_ms":16.67,"sp_distraction_min_scratches":3,"dp_distraction_window_sec_min":0.2,"dp_distraction_window_sec_max":0.8,"stream_density_ref_per_sec":40.0,"peak_density_ref_per_sec":70.0,"chord_size_ref":3.5,"ln_simultaneity_ref":0.05,"scratch_density_ref_per_sec":1.5,"scratch_ratio_ref":0.1,"distraction_density_ref":2.0,"distraction_event_ref":0.15},"raw_axes":{"chord":1.4263565891472867,"stream":30.402955939765757,"scratch":0.015276354541044009,"soft":0.0,"stair":0.1652744630071599,"peak":48.875,"ln_m1_short_rate_rt":0.0,"ln_m2_density_rt":0.0,"ln_m2_burst_max_rt":0.0,"ln_m3_density_rt":0.0,"ln_m_concurrent_rt":0.0,"adv_hand_imb":0.0,"adv_rel_pressure_1beat":0.0,"adv_ln_hold_min_beats":0.0,"adv_ln_chord_big_rate":0.0,"adv_ln_scatter_cv":0.0,"distraction":0.7891520962586953},"x_chord":0.364,"x_stream":0.762,"x_scratch":0.037,"x_soft":0.0,"x_ln":0.0,"x_stair":0.48,"x_peak":0.79,"x_distraction":0.184,"ln_advanced_score":0.0,"submetrics":{"chord":{"chord_rate":0.4824090638044126,"avg_chord_size":2.956736711990111,"chord_positions":809,"total_positions":1677},"stream":{"stream_coverage":0.9662576687116564,"stream_density_mean":8.208168642951252,"stream_density_mean_per_sec":31.464646464646467,"stream_windows":39,"notes_in_stream":3150,"total_notes":3260,"intervals":[[348,432],[636,816],[828,912],[924,1008],[1020,1104],[1116,1200],[1404,1584],[1596,1680],[1692,1776],[1788,1872],[1884,2064],[2076,2256],[2268,2352],[2364,2448],[2460,2544],[2556,3276],[3468,9648],[11124,11184],[12636,12816],[12828,13008],[13020,13200],[13212,13584],[13596,13776],[13788,13968],[13980,14352],[14364,14736],[14748,15120],[15132,15504],[15516,15792],[15804,15888],[15900,15984],[15996,16080],[16092,16176],[16188,16272],[16284,16368],[16380,16464],[16476,17112],[17292,24012],[24204,24288]]},"scratch":{"scratch_ratio":0.024846625766871164,"scratch_positions_ratio":0.04830053667262969,"scratch_with_key_chord_rate":0.7530864197530864,"scratch_per_sec":0.6148261210346108,"scratch_burst_max_per_sec":6.0,"scratch_burst_window_sec":1.0,"scratch_notes":81,"scratch_positions":81,"total_notes":3260,"total_positions":1677,"chart_seconds":131.7445652173913},"soft":{"base_bpm":230.0,"intensity":0.0,"up_intensity":0.0,"down_intensity":0.0,"max_intensity":0.0,"max_up_intensity":0.0,"max_down_intensity":0.0,"step_frequency":0.0,"ramp_frequency":0.0,"continuity_beats":0.0,"off_base_note_ratio":0.0,"gimmick_burst_score":0.0,"max_off_base_density_per_beat":0.0,"base_mean_density_per_beat":6.447524752475248,"base_density_source":"on_base","distinct_off_base_bpm_count":0,"bpm_change_events":0,"measure_count":127},"ln":{"ln_ratio":0.00245398773006135,"ln_hold_time_mean_beats":0.0,"ln_simultaneity_rate":0.0,"ln_simultaneity_weighted":0.0,"ln_count":8,"ln_count_raw":8,"ln_positions":4,"total_notes":3260,"m1_short_count_rt":0,"m1_short_rate_rt":0.0,"m2_long_count_rt":0,"m2_density_rt":0.0,"m2_burst_max_rt":0.0,"m3_density_rt":0.0,"m_concurrent_rt":0.0,"total_long_sec":0,"long_active_sec":0.0,"long_hold_sec_mean":0.0,"long_hold_sec_max":0.0,"adv_hand_imb":0.0,"adv_rel_pressure_1beat":0.0,"adv_ln_hold_min_beats":0.0,"adv_ln_chord_big_rate":0.0,"adv_ln_scatter_cv":0.0},"stair":{"stair_index":0.1652744630071599,"stair_transitions":277,"eligible_transitions":1676},"peak":{"peak_local_max_density":12.75,"peak_local_max_density_per_sec":48.875,"peak_max_chord_size":7,"peak_concentration":0.31625766871165645,"total_notes":3260,"intervals":[[5724,5928],[5940,6540],[8064,8256],[8436,8784],[9012,9648],[16896,17088],[19392,19704],[19932,20376],[20916,21924],[22428,22836],[22860,23496]]},"jack":{"jack_pairs":1,"jack_in_stream_pairs":1,"jack_outside_pairs":0,"pure_jack_per_sec":0.0,"flow_break_per_stream_sec":0.00937770755822843,"stream_seconds":106.63586956521739,"non_stream_seconds":25.10869565217392,"chart_seconds":131.7445652173913,"window_ticks":24,"min_region_sec":10.0},"distraction":{"mode_formulation":"SP","qualifying_window_count":5,"qualifying_scratches":55,"qualifying_flow_sec":77.08695652173913,"distract_density":0.7134799774393683,"distract_event_per_sec":0.06486181613085167,"scratch_chord_pair_count":96,"chord_time_threshold_sec":0.01667,"min_scratches":3}},"warnings":["Unterminated LNOBJ LN on lane P1_KEY1 started at m126 pos0.25; closing at EOF","Unterminated LNOBJ LN on lane P1_KEY3 started at m124 pos0.75; closing at EOF","Unterminated LNOBJ LN on lane P1_KEY5 started at m124 pos0.83333333; closing at EOF","Unterminated LNOBJ LN on lane P1_SCR started at m126 pos0.25; closing at EOF","Unterminated LNOBJ LN on lane P1_KEY7 started at m126 pos0.25; closing at EOF","Unterminated LNOBJ LN on lane P1_KEY2 started at m124 pos0.75; closing at EOF","Unterminated LNOBJ LN on lane P1_KEY4 started at m126 pos0.25; closing at EOF","Unterminated LNOBJ LN on lane P1_KEY6 started at m124 pos0.91666667; closing at EOF"],"tags":["stream_heavy","peak_intense","dense_chart","fast_chart","pure_stream"],"scales":["st"]}