{"md5":"fbab5865a5cbb55dc038cb95255bb565","headers":{"title":"ウィリアム・テル第4部「スイス軍隊の行進」","artist":"○△□","genre":"classic","playlevel":"12","base_bpm":158.0},"mode":"SP","scope":"playable_only","scaling_mode":"p99_linear","params":{"stream_window_ticks":48,"stream_density_threshold_per_beat":4.0,"peak_window_ticks":192,"peak_min_window_notes":4,"felt_bpm_trigger_eff_bpm":500.0,"felt_bpm_trigger_peak_per_sec":200.0,"felt_bpm_target_peak_per_sec":100.0,"felt_bpm_floor":30.0,"jack_window_ticks":24,"soft_burst_ref":8.0,"soft_freq_ref":0.1,"soft_burst_exp":1.5,"soft_freq_exp":1.5,"chord_time_threshold_ms":16.67,"sp_distraction_min_scratches":3,"dp_distraction_window_sec_min":0.2,"dp_distraction_window_sec_max":0.8,"stream_density_ref_per_sec":40.0,"peak_density_ref_per_sec":70.0,"chord_size_ref":3.5,"ln_simultaneity_ref":0.05,"scratch_density_ref_per_sec":1.5,"scratch_ratio_ref":0.1,"distraction_density_ref":2.0,"distraction_event_ref":0.15},"raw_axes":{"chord":1.637372802960222,"stream":17.45142193234653,"scratch":0.03576937131924661,"soft":0.0011141202314650378,"ln":0.0,"stair":0.17407407407407408,"peak":25.016666666666666,"distraction":0.8371491773353552},"x_chord":0.425,"x_stream":0.433,"x_scratch":0.086,"x_soft":0.013,"x_ln":0.0,"x_stair":0.529,"x_peak":0.304,"x_distraction":0.226,"submetrics":{"chord":{"chord_rate":0.57631822386679,"avg_chord_size":2.841091492776886,"chord_positions":623,"total_positions":1081},"stream":{"stream_coverage":0.9878815080789947,"stream_density_mean":6.737373737373737,"stream_density_mean_per_sec":17.665501165501166,"stream_windows":12,"notes_in_stream":2201,"total_notes":2228,"intervals":[[624,707],[720,803],[816,899],[912,1583],[1872,8015],[8064,12143],[12180,14687],[14832,15047],[15060,15143],[15156,15239],[15336,17327],[17340,17519]]},"scratch":{"scratch_ratio":0.047127468581687613,"scratch_positions_ratio":0.0971322849213691,"scratch_with_key_chord_rate":0.9714285714285714,"scratch_per_sec":0.7589919933264899,"scratch_burst_max_per_sec":3.0,"scratch_burst_window_sec":1.0,"scratch_notes":105,"scratch_positions":105,"total_notes":2228,"total_positions":1081,"chart_seconds":138.34138030864963},"soft":{"base_bpm":158.0,"intensity":9.090289298456924e-05,"up_intensity":0.0,"down_intensity":9.090289298456924e-05,"max_intensity":0.17721518987341772,"max_up_intensity":0.0,"max_down_intensity":0.17721518987341772,"step_frequency":0.15217391304347827,"ramp_frequency":0.010869565217391304,"continuity_beats":3.75,"off_base_note_ratio":0.0017953321364452424,"gimmick_burst_score":0.007321361521055962,"max_off_base_density_per_beat":8.0,"base_mean_density_per_beat":6.140180430256766,"base_density_source":"on_base","distinct_off_base_bpm_count":13,"bpm_change_events":14,"measure_count":92},"ln":{"ln_ratio":0.0004488330341113106,"ln_hold_time_mean_beats":3.75,"ln_simultaneity_rate":0.0,"ln_simultaneity_weighted":0.0,"ln_count":1,"ln_positions":1,"total_notes":2228},"stair":{"stair_index":0.17407407407407408,"stair_transitions":188,"eligible_transitions":1080},"peak":{"peak_local_max_density":9.5,"peak_local_max_density_per_sec":25.016666666666666,"peak_max_chord_size":6,"peak_concentration":0.29398563734290845,"total_notes":2228,"intervals":[[4128,4403],[4512,4787],[6396,6647],[7152,7415],[11388,12131],[12420,12743],[12804,13175],[14148,14639],[15360,15983],[16908,17111]]},"jack":{"jack_pairs":57,"jack_in_stream_pairs":47,"jack_outside_pairs":10,"pure_jack_per_sec":0.9661306333134799,"flow_break_per_stream_sec":0.36721385575810356,"stream_seconds":127.99081315428501,"non_stream_seconds":10.350567154364626,"chart_seconds":138.34138030864963,"window_ticks":24,"min_region_sec":10.0},"distraction":{"mode_formulation":"SP","qualifying_window_count":3,"qualifying_scratches":101,"qualifying_flow_sec":84.21438127001619,"distract_density":1.1993200980265373,"distract_event_per_sec":0.03562336924831299,"scratch_chord_pair_count":143,"chord_time_threshold_sec":0.01667,"min_scratches":3}},"warnings":[],"tags":["jack_chart"],"scales":["so","★"]}