{"md5":"b096eb7be1ff27a5c5fa52abd272d421","headers":{"title":"虫 [Insecta]","artist":"38k / obj:NASA","genre":"BREAKBEATS","playlevel":"4","base_bpm":164.0},"mode":"SP","scope":"playable_only","scaling_mode":"p99_linear","params":{"stream_window_ticks":48,"stream_density_threshold_per_beat":4.0,"peak_window_ticks":192,"peak_min_window_notes":4,"peak_min_window_sec":0.05,"felt_bpm_trigger_eff_bpm":500.0,"felt_bpm_trigger_peak_per_sec":200.0,"felt_bpm_target_peak_per_sec":100.0,"felt_bpm_floor":30.0,"jack_window_ticks":24,"soft_burst_ref":8.0,"soft_freq_ref":0.1,"soft_burst_exp":1.5,"soft_freq_exp":1.5,"chord_time_threshold_ms":16.67,"sp_distraction_min_scratches":3,"dp_distraction_window_sec_min":0.2,"dp_distraction_window_sec_max":0.8,"stream_density_ref_per_sec":40.0,"peak_density_ref_per_sec":70.0,"chord_size_ref":3.5,"ln_simultaneity_ref":0.05,"scratch_density_ref_per_sec":1.5,"scratch_ratio_ref":0.1,"distraction_density_ref":2.0,"distraction_event_ref":0.15},"raw_axes":{"chord":1.4298642533936652,"stream":17.387091414985417,"scratch":0.007676776052217163,"soft":0.0,"stair":0.22650056625141562,"peak":28.016666666666666,"ln_m1_short_rate_rt":0.0,"ln_m2_density_rt":131.830769230769,"ln_m2_burst_max_rt":174.0,"ln_m3_density_rt":131.830769230769,"ln_m_concurrent_rt":0.0,"adv_hand_imb":0.5,"adv_rel_pressure_1beat":1.0,"adv_ln_hold_min_beats":2.75,"adv_ln_chord_big_rate":0.0,"adv_ln_scatter_cv":0.9013878188659974,"distraction":0.5038143047153216},"x_chord":0.365,"x_stream":0.436,"x_scratch":0.019,"x_soft":0.0,"x_ln":0.75,"x_stair":0.658,"x_peak":0.453,"x_distraction":0.118,"ln_advanced_score":0.619,"submetrics":{"chord":{"chord_rate":0.5373303167420814,"avg_chord_size":2.6610526315789476,"chord_positions":475,"total_positions":884},"stream":{"stream_coverage":0.9976090854751942,"stream_density_mean":6.376376376376377,"stream_density_mean_per_sec":17.428762095428763,"stream_windows":22,"notes_in_stream":1669,"total_notes":1673,"intervals":[[192,252],[312,372],[384,444],[504,564],[576,636],[696,756],[768,828],[888,1692],[1716,9252],[9372,10032],[10056,10560],[10572,10656],[10668,10752],[10764,10968],[10980,11568],[11592,12420],[12432,13308],[13368,13428],[13440,13500],[13560,13620],[13632,13692],[13752,14028]]},"scratch":{"scratch_ratio":0.02211595935445308,"scratch_positions_ratio":0.0418552036199095,"scratch_with_key_chord_rate":1.0,"scratch_per_sec":0.347114765820522,"scratch_burst_max_per_sec":5.0,"scratch_burst_window_sec":1.0,"scratch_notes":37,"scratch_positions":37,"total_notes":1673,"total_positions":884,"chart_seconds":106.59298780487805},"soft":{"base_bpm":164.0,"intensity":0.0,"up_intensity":0.0,"down_intensity":0.0,"max_intensity":0.0,"max_up_intensity":0.0,"max_down_intensity":0.0,"step_frequency":0.0,"ramp_frequency":0.0,"continuity_beats":0.0,"off_base_note_ratio":0.0,"gimmick_burst_score":0.0,"max_off_base_density_per_beat":0.0,"base_mean_density_per_beat":5.721967963386728,"base_density_source":"on_base","distinct_off_base_bpm_count":0,"bpm_change_events":0,"measure_count":73},"ln":{"ln_ratio":0.007172743574417215,"ln_hold_time_mean_beats":1.0833333333333333,"ln_simultaneity_rate":0.029288702928870293,"ln_simultaneity_weighted":0.029288702928870293,"ln_count":12,"ln_count_raw":12,"ln_positions":7,"total_notes":1673,"m1_short_count_rt":0,"m1_short_rate_rt":0.0,"m2_long_count_rt":4,"m2_density_rt":131.830769230769,"m2_burst_max_rt":174.0,"m3_density_rt":131.830769230769,"m_concurrent_rt":0.0,"total_long_sec":4.756097560975618,"long_active_sec":4.756097560975618,"long_hold_sec_mean":1.1890243902439046,"long_hold_sec_max":1.371951219512198,"adv_hand_imb":0.5,"adv_rel_pressure_1beat":1.0,"adv_ln_hold_min_beats":2.75,"adv_ln_chord_big_rate":0.0,"adv_ln_scatter_cv":0.9013878188659974},"stair":{"stair_index":0.22650056625141562,"stair_transitions":200,"eligible_transitions":883},"peak":{"peak_local_max_density":10.25,"peak_local_max_density_per_sec":28.016666666666666,"peak_max_chord_size":6,"peak_concentration":0.2755528989838613,"total_notes":1673,"intervals":[[4584,4788],[6324,6516],[6924,7896],[8784,9120],[12468,13308],[13800,14004]]},"jack":{"jack_pairs":11,"jack_in_stream_pairs":11,"jack_outside_pairs":0,"pure_jack_per_sec":0.0,"flow_break_per_stream_sec":0.11049689916545445,"stream_seconds":99.55030487804873,"non_stream_seconds":7.042682926829315,"chart_seconds":106.59298780487805,"window_ticks":24,"min_region_sec":10.0},"distraction":{"mode_formulation":"SP","qualifying_window_count":2,"qualifying_scratches":33,"qualifying_flow_sec":59.21493902439023,"distract_density":0.5572918007465569,"distract_event_per_sec":0.03377526065130648,"scratch_chord_pair_count":62,"chord_time_threshold_sec":0.01667,"min_scratches":3}},"warnings":["Unterminated LNOBJ LN on lane P1_KEY3 started at m72 pos0.83333333; closing at EOF","Unterminated LNOBJ LN on lane P1_KEY4 started at m72 pos0.83333333; closing at EOF","Unterminated LNOBJ LN on lane P1_KEY5 started at m72 pos0.83333333; closing at EOF","Unterminated LNOBJ LN on lane P1_KEY2 started at m71 pos0.625; closing at EOF","Unterminated LNOBJ LN on lane P1_SCR started at m72 pos0.83333333; closing at EOF","Unterminated LNOBJ LN on lane P1_KEY1 started at m72 pos0.83333333; closing at EOF","Unterminated LNOBJ LN on lane P1_KEY6 started at m71 pos0.8125; closing at EOF","Unterminated LNOBJ LN on lane P1_KEY7 started at m72 pos0.83333333; closing at EOF"],"tags":["stair_focused","sustained"],"scales":["sl"]}