{"md5":"f2cc0a67e5b042702927c6a2bb301797","headers":{"title":"Colour My Sky","artist":"Kuwagata","genre":"Virtual Pop","playlevel":"28","base_bpm":130.0},"mode":"SP","scope":"playable_only","scaling_mode":"p99_linear","params":{"stream_window_ticks":48,"stream_density_threshold_per_beat":4.0,"peak_window_ticks":192,"peak_min_window_notes":4,"peak_min_window_sec":0.05,"felt_bpm_trigger_eff_bpm":500.0,"felt_bpm_trigger_peak_per_sec":200.0,"felt_bpm_target_peak_per_sec":100.0,"felt_bpm_floor":30.0,"jack_window_ticks":24,"soft_burst_ref":8.0,"soft_freq_ref":0.1,"soft_burst_exp":1.5,"soft_freq_exp":1.5,"chord_time_threshold_ms":16.67,"sp_distraction_min_scratches":3,"dp_distraction_window_sec_min":0.2,"dp_distraction_window_sec_max":0.8,"stream_density_ref_per_sec":40.0,"peak_density_ref_per_sec":70.0,"chord_size_ref":3.5,"ln_simultaneity_ref":0.05,"scratch_density_ref_per_sec":1.5,"scratch_ratio_ref":0.1,"distraction_density_ref":2.0,"distraction_event_ref":0.15},"raw_axes":{"chord":3.3655462184873954,"stream":29.146780372527523,"scratch":0.0005416695987924567,"soft":0.00027719465326187176,"ln":0.0,"stair":0.24894869638351555,"peak":37.95,"distraction":0.24214363007253387},"x_chord":0.874,"x_stream":0.749,"x_scratch":0.001,"x_soft":0.001,"x_ln":0.0,"x_stair":0.756,"x_peak":0.631,"x_distraction":0.064,"submetrics":{"chord":{"chord_rate":0.8008403361344538,"avg_chord_size":4.202518363064009,"chord_positions":953,"total_positions":1190},"stream":{"stream_coverage":0.9915134370579916,"stream_density_mean":12.816782140107776,"stream_density_mean_per_sec":29.396253528355146,"stream_windows":17,"notes_in_stream":4206,"total_notes":4242,"intervals":[[348,3552],[3564,3648],[3660,3936],[3960,4032],[4044,4128],[4140,4212],[4236,4416],[4428,4608],[4620,4704],[4716,4800],[4860,11328],[11340,14328],[14448,14520],[14640,14712],[14748,14820],[14832,14904],[14940,17316]]},"scratch":{"scratch_ratio":0.004479019330504479,"scratch_positions_ratio":0.015966386554621848,"scratch_with_key_chord_rate":1.0,"scratch_per_sec":0.12093486516197904,"scratch_burst_max_per_sec":2.0,"scratch_burst_window_sec":1.0,"scratch_notes":19,"scratch_positions":19,"total_notes":4242,"total_positions":1190,"chart_seconds":157.10936605875878},"soft":{"base_bpm":138.0,"intensity":0.0027314843285570793,"up_intensity":0.0,"down_intensity":0.0027314843285570793,"max_intensity":0.057971014492753624,"max_up_intensity":0.0,"max_down_intensity":0.057971014492753624,"step_frequency":0.1,"ramp_frequency":0.022222222222222223,"continuity_beats":40.0,"off_base_note_ratio":0.08250825082508251,"gimmick_burst_score":0.0027719465326187173,"max_off_base_density_per_beat":11.5,"base_mean_density_per_beat":12.156372165754496,"base_density_source":"on_base","distinct_off_base_bpm_count":8,"bpm_change_events":9,"measure_count":90},"ln":{"ln_ratio":0.0,"ln_hold_time_mean_beats":0.0,"ln_simultaneity_rate":0.0,"ln_simultaneity_weighted":0.0,"ln_count":0,"ln_positions":0,"total_notes":4242},"stair":{"stair_index":0.24894869638351555,"stair_transitions":296,"eligible_transitions":1189},"peak":{"peak_local_max_density":16.5,"peak_local_max_density_per_sec":37.95,"peak_max_chord_size":7,"peak_concentration":0.3347477604903347,"total_notes":4242,"intervals":[[2772,2964],[6372,6612],[7560,8160],[9468,10428],[10716,10932],[12432,12828],[13104,13980],[14016,14208],[15600,15876],[16320,16524],[17076,17280]]},"jack":{"jack_pairs":46,"jack_in_stream_pairs":41,"jack_outside_pairs":5,"pure_jack_per_sec":0.0,"flow_break_per_stream_sec":0.2752036106185765,"stream_seconds":148.98060351695275,"non_stream_seconds":8.128762541806026,"chart_seconds":157.10936605875878,"window_ticks":24,"min_region_sec":10.0},"distraction":{"mode_formulation":"SP","qualifying_window_count":2,"qualifying_scratches":16,"qualifying_flow_sec":88.10198032854697,"distract_density":0.18160772255440039,"distract_event_per_sec":0.022700965319300048,"scratch_chord_pair_count":46,"chord_time_threshold_sec":0.01667,"min_scratches":3}},"warnings":[],"tags":["chord_heavy","stream_heavy","stair_focused","dense_chart","chord_stream"],"scales":["st"]}