{"md5":"67bc996815b98296a44fe0f802a6115d","headers":{"title":"DTD Emperor[ANOTHER]","artist":"ルゼ","genre":"DRUM'N BASS","playlevel":"12","base_bpm":178.0},"mode":"SP","scope":"playable_only","scaling_mode":"p99_linear","params":{"stream_window_ticks":48,"stream_density_threshold_per_beat":4.0,"peak_window_ticks":192,"peak_min_window_notes":4,"peak_min_window_sec":0.05,"felt_bpm_trigger_eff_bpm":500.0,"felt_bpm_trigger_peak_per_sec":200.0,"felt_bpm_target_peak_per_sec":100.0,"felt_bpm_floor":30.0,"jack_window_ticks":24,"soft_burst_ref":8.0,"soft_freq_ref":0.1,"soft_burst_exp":1.5,"soft_freq_exp":1.5,"chord_time_threshold_ms":16.67,"sp_distraction_min_scratches":3,"sp_distraction_bin_sec":0.25,"sp_distraction_t_key":2,"sp_distraction_gap_bins":2,"dp_distraction_window_sec_min":0.2,"dp_distraction_window_sec_max":0.8,"stream_density_ref_per_sec":40.0,"peak_density_ref_per_sec":70.0,"chord_size_ref":3.5,"ln_simultaneity_ref":0.05,"scratch_density_ref_per_sec":1.5,"scratch_ratio_ref":0.1,"distraction_density_ref":2.0,"distraction_event_ref":0.15},"raw_axes":{"chord":0.9275198187995469,"stream":13.601304696545952,"scratch_per_sec":0.9770798970772581,"scratch_burst_max_per_sec":11.0,"scratch_max_run_sec":3.37078651685394,"soft":0.0,"stair":0.11188811188811189,"peak":25.21666666666667,"ln_m1_short_rate_rt":0.0,"ln_m2_density_rt":0.0,"ln_m2_burst_max_rt":0.0,"ln_m3_density_rt":0.0,"ln_m_concurrent_rt":0.0,"adv_hand_imb":0.0,"adv_rel_pressure_1beat":0.0,"adv_ln_hold_min_beats":0.0,"adv_ln_chord_big_rate":0.0,"adv_ln_scatter_cv":0.0,"distraction":4.03045457544369},"x_chord":0.238,"x_stream":0.351,"x_scratch":0.268,"x_soft":0.0,"x_ln":0.0,"x_stair":0.317,"x_peak":0.423,"x_distraction":0.248,"ln_advanced_score":0.0,"submetrics":{"chord":{"chord_rate":0.41223103057757643,"avg_chord_size":2.25,"chord_positions":364,"total_positions":883},"stream":{"stream_coverage":0.8881685575364667,"stream_density_mean":5.161981258366801,"stream_density_mean_per_sec":15.313877733154841,"stream_windows":35,"notes_in_stream":1096,"total_notes":1234,"intervals":[[2400,2544],[2652,2736],[2796,2928],[2976,3132],[3144,3300],[3420,3504],[3564,3696],[3744,4080],[4188,4272],[4332,4464],[4512,4668],[4680,4836],[4956,5040],[5100,5232],[5280,5400],[5460,5640],[5724,5832],[5868,5952],[5964,6024],[6108,6216],[6240,6408],[6492,6600],[6636,6720],[6732,6792],[6876,6984],[7008,8724],[8736,8904],[8952,9492],[9504,9672],[9720,10260],[10272,10440],[10488,11028],[11040,11208],[11256,11568],[11616,15180]]},"scratch":{"scratch_ratio":0.07772795216741404,"scratch_positions_ratio":0.11778029445073612,"scratch_with_key_chord_rate":0.7692307692307693,"scratch_per_sec":0.9770798970772581,"scratch_burst_max_per_sec":11.0,"scratch_burst_window_sec":1.0,"scratch_max_run_sec":3.37078651685394,"ls_count":0,"ls_per_sec":0.0,"ls_complexity_mean":0.0,"scratch_notes":104,"scratch_positions":104,"total_notes":1338,"total_positions":883,"chart_seconds":106.43960674157303},"soft":{"base_bpm":178.0,"intensity":0.0,"up_intensity":0.0,"down_intensity":0.0,"max_intensity":0.0,"max_up_intensity":0.0,"max_down_intensity":0.0,"step_frequency":0.0,"ramp_frequency":0.0,"continuity_beats":0.0,"off_base_note_ratio":0.0,"gimmick_burst_score":0.0,"max_off_base_density_per_beat":0.0,"base_mean_density_per_beat":4.234362628661916,"base_density_source":"on_base","distinct_off_base_bpm_count":0,"bpm_change_events":0,"measure_count":79},"ln":{"ln_ratio":0.0,"ln_hold_time_mean_beats":0.0,"ln_simultaneity_rate":0.0,"ln_simultaneity_weighted":0.0,"ln_count":0,"ln_count_raw":0,"ln_positions":0,"total_notes":1338,"m1_short_count_rt":0,"m1_short_rate_rt":0.0,"m2_long_count_rt":0,"m2_density_rt":0.0,"m2_burst_max_rt":0.0,"m3_density_rt":0.0,"m_concurrent_rt":0.0,"total_long_sec":0.0,"long_active_sec":0.0,"long_hold_sec_mean":0.0,"long_hold_sec_max":0.0,"adv_hand_imb":0.0,"adv_rel_pressure_1beat":0.0,"adv_ln_hold_min_beats":0.0,"adv_ln_chord_big_rate":0.0,"adv_ln_scatter_cv":0.0},"stair":{"stair_index":0.11188811188811189,"stair_transitions":96,"eligible_transitions":858},"peak":{"peak_local_max_density":8.5,"peak_local_max_density_per_sec":25.21666666666667,"peak_max_chord_size":4,"peak_concentration":0.3752025931928687,"total_notes":1234,"intervals":[[8292,8724],[11556,11856],[11880,12360],[12420,13128],[13188,13896],[13956,14664],[14712,15168]]},"jack":{"jack_pairs":29,"jack_in_stream_pairs":29,"jack_outside_pairs":0,"pure_jack_per_sec":0.0,"flow_break_per_stream_sec":0.3748388853589906,"stream_seconds":77.36657303370787,"non_stream_seconds":29.073033707865164,"chart_seconds":106.43960674157303,"window_ticks":24,"min_region_sec":10.0},"distraction":{"mode_formulation":"SP","v3_score":4.03045457544369,"qualifying_intervals":1,"qualifying_flow_sec":89.5,"qualifying_scratches":101,"scratch_chord_pair_count":88,"chord_time_threshold_sec":0.01667,"min_scratches":3,"bin_sec":0.25,"t_key":2,"gap_bins":2}},"warnings":[],"axis_intensities":{"chord":"green","stream":"green","peak":"green","scratch":"red","soft":null,"ln":null,"stair":"green","distraction":"red"},"tags":["scratch_burst"],"scales":["★"]}