{"md5":"4347dd893c8a19995e7ad08f1f641112","headers":{"title":"Aeventyr [ANOTHER]","artist":"Grand Thaw","genre":"Neo Pagan Folk","playlevel":"11","base_bpm":132.0},"mode":"SP","scope":"playable_only","scaling_mode":"p99_linear","params":{"stream_window_ticks":48,"stream_density_threshold_per_beat":4.0,"peak_window_ticks":192,"peak_min_window_notes":4,"peak_min_window_sec":0.05,"felt_bpm_trigger_eff_bpm":500.0,"felt_bpm_trigger_peak_per_sec":200.0,"felt_bpm_target_peak_per_sec":100.0,"felt_bpm_floor":30.0,"jack_window_ticks":24,"soft_burst_ref":8.0,"soft_freq_ref":0.1,"soft_burst_exp":1.5,"soft_freq_exp":1.5,"chord_time_threshold_ms":16.67,"sp_distraction_min_scratches":3,"sp_distraction_bin_sec":0.25,"sp_distraction_t_key":2,"sp_distraction_gap_bins":2,"dp_distraction_window_sec_min":0.2,"dp_distraction_window_sec_max":0.8,"stream_density_ref_per_sec":40.0,"peak_density_ref_per_sec":70.0,"chord_size_ref":3.5,"ln_simultaneity_ref":0.05,"scratch_density_ref_per_sec":1.5,"scratch_ratio_ref":0.1,"distraction_density_ref":2.0,"distraction_event_ref":0.15},"raw_axes":{"chord":0.8437821171634121,"stream":11.089636416871608,"scratch_per_sec":0.25795441513761463,"scratch_burst_max_per_sec":3.0,"scratch_max_run_sec":0.9090909090909065,"soft":0.0005102322748304054,"stair":0.2006172839506173,"peak":18.7,"ln_m1_short_rate_rt":0.0,"ln_m2_density_rt":0.0,"ln_m2_burst_max_rt":0.0,"ln_m3_density_rt":0.0,"ln_m_concurrent_rt":0.0,"adv_hand_imb":0.0,"adv_rel_pressure_1beat":0.0,"adv_ln_hold_min_beats":0.0,"adv_ln_chord_big_rate":0.0,"adv_ln_scatter_cv":0.0,"distraction":0.8493620986238531},"x_chord":0.217,"x_stream":0.286,"x_scratch":0.073,"x_soft":0.002,"x_ln":0.0,"x_stair":0.568,"x_peak":0.314,"x_distraction":0.052,"ln_advanced_score":0.0,"submetrics":{"chord":{"chord_rate":0.33504624871531347,"avg_chord_size":2.51840490797546,"chord_positions":326,"total_positions":973},"stream":{"stream_coverage":0.8955851436580238,"stream_density_mean":5.64366373902133,"stream_density_mean_per_sec":12.382559598494355,"stream_windows":59,"notes_in_stream":1278,"total_notes":1427,"intervals":[[312,396],[720,792],[984,1044],[1488,1560],[1728,1776],[1848,2736],[2748,2832],[2844,2928],[2988,3120],[3132,3516],[3564,3660],[3708,3864],[3900,4032],[4068,4236],[4296,4380],[4392,4452],[4560,4644],[4656,4788],[4824,4932],[4944,4992],[5004,5160],[5196,5376],[5388,5544],[5580,5808],[5856,6564],[6576,6948],[6972,7440],[7452,7704],[7752,7824],[7836,8028],[8136,8208],[8220,8292],[8328,8568],[8604,8868],[9132,9264],[9276,9360],[9372,9456],[9468,9648],[9684,9744],[9756,9864],[9900,10032],[10044,10224],[10500,10860],[10932,11664],[11676,12228],[12288,12408],[12420,12528],[12732,12792],[12816,13188],[13224,13392],[13404,13680],[13692,13776],[13788,13968],[14352,14424],[14496,14544],[14556,14640],[14736,15408],[15420,16356],[16380,16464]]},"scratch":{"scratch_ratio":0.027929155313351498,"scratch_positions_ratio":0.0421377183967112,"scratch_with_key_chord_rate":1.0,"scratch_per_sec":0.25795441513761463,"scratch_burst_max_per_sec":3.0,"scratch_burst_window_sec":1.0,"scratch_max_run_sec":0.9090909090909065,"ls_count":0,"ls_per_sec":0.0,"ls_complexity_mean":0.0,"scratch_notes":41,"scratch_positions":41,"total_notes":1468,"total_positions":973,"chart_seconds":158.94281157439053},"soft":{"base_bpm":132.0,"intensity":0.002136487490710924,"up_intensity":0.0,"down_intensity":0.002136487490710924,"max_intensity":0.13636363636363635,"max_up_intensity":0.0,"max_down_intensity":0.13636363636363635,"step_frequency":0.03488372093023256,"ramp_frequency":0.023255813953488372,"continuity_beats":12.0,"off_base_note_ratio":0.02111716621253406,"gimmick_burst_score":0.01462665854513829,"max_off_base_density_per_beat":6.0,"base_mean_density_per_beat":4.276785714285714,"base_density_source":"on_base","distinct_off_base_bpm_count":2,"bpm_change_events":3,"measure_count":86},"ln":{"ln_ratio":0.0,"ln_hold_time_mean_beats":0.0,"ln_simultaneity_rate":0.0,"ln_simultaneity_weighted":0.0,"ln_count":0,"ln_count_raw":0,"ln_positions":0,"total_notes":1468,"m1_short_count_rt":0,"m1_short_rate_rt":0.0,"m2_long_count_rt":0,"m2_density_rt":0.0,"m2_burst_max_rt":0.0,"m3_density_rt":0.0,"m_concurrent_rt":0.0,"total_long_sec":0.0,"long_active_sec":0.0,"long_hold_sec_mean":0.0,"long_hold_sec_max":0.0,"adv_hand_imb":0.0,"adv_rel_pressure_1beat":0.0,"adv_ln_hold_min_beats":0.0,"adv_ln_chord_big_rate":0.0,"adv_ln_scatter_cv":0.0},"stair":{"stair_index":0.2006172839506173,"stair_transitions":195,"eligible_transitions":972},"peak":{"peak_local_max_density":8.5,"peak_local_max_density_per_sec":18.7,"peak_max_chord_size":4,"peak_concentration":0.358093903293623,"total_notes":1427,"intervals":[[1860,2088],[2244,2832],[3156,3516],[5580,5808],[6216,6552],[6660,6948],[7080,7368],[14724,16332]]},"jack":{"jack_pairs":19,"jack_in_stream_pairs":14,"jack_outside_pairs":5,"pure_jack_per_sec":0.1181291507701004,"flow_break_per_stream_sec":0.12005187281878944,"stream_seconds":116.61625655046711,"non_stream_seconds":42.32655502392342,"chart_seconds":158.94281157439053,"window_ticks":24,"min_region_sec":10.0},"distraction":{"mode_formulation":"SP","v3_score":0.8493620986238531,"qualifying_intervals":5,"qualifying_flow_sec":75.75,"qualifying_scratches":39,"scratch_chord_pair_count":54,"chord_time_threshold_sec":0.01667,"min_scratches":3,"bin_sec":0.25,"t_key":2,"gap_bins":2}},"warnings":[],"axis_intensities":{"chord":"green","stream":"green","peak":"green","scratch":"green","soft":"green","ln":null,"stair":"red","distraction":"green"},"tags":[],"scales":["sl"]}