{"md5":"8c241b140678cfb4427a32ca5fd12fb5","headers":{"title":"Kaputale [A Journey Beyond the Stars!]","artist":"OverNote' / obj:Criyajuh","genre":"Chiptune","playlevel":"0","base_bpm":198.0},"mode":"SP","scope":"playable_only","scaling_mode":"p99_linear","params":{"stream_window_ticks":48,"stream_density_threshold_per_beat":4.0,"peak_window_ticks":192,"peak_min_window_notes":4,"felt_bpm_trigger_eff_bpm":500.0,"felt_bpm_trigger_peak_per_sec":200.0,"felt_bpm_target_peak_per_sec":100.0,"felt_bpm_floor":30.0,"jack_window_ticks":24,"soft_burst_ref":8.0,"soft_freq_ref":0.1,"soft_burst_exp":1.5,"soft_freq_exp":1.5,"chord_time_threshold_ms":16.67,"sp_distraction_min_scratches":3,"dp_distraction_window_sec_min":0.2,"dp_distraction_window_sec_max":0.8,"stream_density_ref_per_sec":40.0,"peak_density_ref_per_sec":70.0,"chord_size_ref":3.5,"ln_simultaneity_ref":0.05,"scratch_density_ref_per_sec":1.5,"scratch_ratio_ref":0.1,"distraction_density_ref":2.0,"distraction_event_ref":0.15},"raw_axes":{"chord":1.888560885608856,"stream":24.911254745833865,"scratch":0.0073828031366640415,"soft":0.0,"ln":0.0,"stair":0.15952732644017725,"peak":38.775,"distraction":0.5653543307086615},"x_chord":0.49,"x_stream":0.618,"x_scratch":0.018,"x_soft":0.0,"x_ln":0.0,"x_stair":0.485,"x_peak":0.471,"x_distraction":0.152,"submetrics":{"chord":{"chord_rate":0.6199261992619927,"avg_chord_size":3.0464285714285713,"chord_positions":840,"total_positions":1355},"stream":{"stream_coverage":0.9625894599869876,"stream_density_mean":7.844955991875423,"stream_density_mean_per_sec":25.879417738659445,"stream_windows":23,"notes_in_stream":2959,"total_notes":3074,"intervals":[[336,2303],[2316,6959],[7344,7427],[7548,7607],[7644,7775],[7836,8255],[8400,11567],[11832,15395],[15684,15767],[15792,15851],[15936,15983],[15996,16079],[16152,16259],[16344,16451],[16512,16619],[16644,16703],[16860,16979],[17628,17699],[17712,17807],[17904,17999],[18108,18227],[18336,18455],[18468,21935]]},"scratch":{"scratch_ratio":0.018217306441119064,"scratch_positions_ratio":0.041328413284132844,"scratch_with_key_chord_rate":1.0,"scratch_per_sec":0.4052631578947368,"scratch_burst_max_per_sec":5.0,"scratch_burst_window_sec":1.0,"scratch_notes":56,"scratch_positions":56,"total_notes":3074,"total_positions":1355,"chart_seconds":138.1818181818182},"soft":{"base_bpm":198.0,"intensity":0.0,"up_intensity":0.0,"down_intensity":0.0,"max_intensity":0.0,"max_up_intensity":0.0,"max_down_intensity":0.0,"step_frequency":0.0,"ramp_frequency":0.0,"continuity_beats":0.0,"off_base_note_ratio":0.0,"gimmick_burst_score":0.0,"max_off_base_density_per_beat":0.0,"base_mean_density_per_beat":6.732456140350878,"base_density_source":"on_base","distinct_off_base_bpm_count":0,"bpm_change_events":0,"measure_count":115},"ln":{"ln_ratio":0.0,"ln_hold_time_mean_beats":0.0,"ln_simultaneity_rate":0.0,"ln_simultaneity_weighted":0.0,"ln_count":0,"ln_positions":0,"total_notes":3074},"stair":{"stair_index":0.15952732644017725,"stair_transitions":216,"eligible_transitions":1354},"peak":{"peak_local_max_density":11.75,"peak_local_max_density_per_sec":38.775,"peak_max_chord_size":7,"peak_concentration":0.4586857514638907,"total_notes":3074,"intervals":[[840,1331],[1380,1595],[1680,1919],[5364,5783],[6144,6563],[8508,9347],[10188,10883],[10956,11567],[13296,13571],[14100,14483],[15168,15371],[18480,19331],[19752,20099],[20556,20879],[20916,21551]]},"jack":{"jack_pairs":3,"jack_in_stream_pairs":2,"jack_outside_pairs":1,"pure_jack_per_sec":0.05038167938931295,"flow_break_per_stream_sec":0.016901408450704227,"stream_seconds":118.33333333333333,"non_stream_seconds":19.84848484848486,"chart_seconds":138.1818181818182,"window_ticks":24,"min_region_sec":10.0},"distraction":{"mode_formulation":"SP","qualifying_window_count":5,"qualifying_scratches":53,"qualifying_flow_sec":105.83333333333333,"distract_density":0.5007874015748032,"distract_event_per_sec":0.047244094488188976,"scratch_chord_pair_count":95,"chord_time_threshold_sec":0.01667,"min_scratches":3}},"warnings":[],"tags":["peak_intense","burst_focused","dense_chart"],"scales":["st"]}