{"md5":"b5537e8d828970624afc5028cce24490","headers":{"title":"Valhalla [EX]","artist":"xi / Note:薄杏","genre":"NORSE MYTHOLOGY","playlevel":"13","base_bpm":174.0},"mode":"SP","scope":"playable_only","scaling_mode":"p99_linear","params":{"stream_window_ticks":48,"stream_density_threshold_per_beat":4.0,"peak_window_ticks":192,"peak_min_window_notes":4,"peak_min_window_sec":0.05,"felt_bpm_trigger_eff_bpm":500.0,"felt_bpm_trigger_peak_per_sec":200.0,"felt_bpm_target_peak_per_sec":100.0,"felt_bpm_floor":30.0,"jack_window_ticks":24,"soft_burst_ref":8.0,"soft_freq_ref":0.1,"soft_burst_exp":1.5,"soft_freq_exp":1.5,"chord_time_threshold_ms":16.67,"sp_distraction_min_scratches":3,"dp_distraction_window_sec_min":0.2,"dp_distraction_window_sec_max":0.8,"stream_density_ref_per_sec":40.0,"peak_density_ref_per_sec":70.0,"chord_size_ref":3.5,"ln_simultaneity_ref":0.05,"scratch_density_ref_per_sec":1.5,"scratch_ratio_ref":0.1,"distraction_density_ref":2.0,"distraction_event_ref":0.15},"raw_axes":{"chord":2.0128,"stream":23.628931752817493,"scratch":0.10164467935829324,"soft":0.007604543866336319,"ln":0.0,"stair":0.18734987990392313,"peak":34.8,"distraction":1.2248951048951051},"x_chord":0.523,"x_stream":0.605,"x_scratch":0.244,"x_soft":0.045,"x_ln":0.0,"x_stair":0.569,"x_peak":0.429,"x_distraction":0.329,"submetrics":{"chord":{"chord_rate":0.6056,"avg_chord_size":3.3236459709379127,"chord_positions":757,"total_positions":1250},"stream":{"stream_coverage":0.9877035559986707,"stream_density_mean":8.253020611229566,"stream_density_mean_per_sec":23.92310082241852,"stream_windows":17,"notes_in_stream":2972,"total_notes":3009,"intervals":[[348,431],[1644,2243],[2256,6983],[7068,7343],[7536,7631],[7932,8015],[8028,8399],[8412,8495],[8508,8579],[8604,16547],[16632,16799],[16812,16895],[16908,16979],[16992,17111],[17124,19823],[19932,20567],[20592,20735]]},"scratch":{"scratch_ratio":0.07411100033233632,"scratch_positions_ratio":0.1784,"scratch_with_key_chord_rate":0.968609865470852,"scratch_per_sec":1.3715194627314098,"scratch_burst_max_per_sec":5.0,"scratch_burst_window_sec":1.0,"scratch_notes":223,"scratch_positions":223,"total_notes":3009,"total_positions":1250,"chart_seconds":162.5933908045977},"soft":{"base_bpm":174.0,"intensity":0.015619807244931871,"up_intensity":0.0,"down_intensity":0.015619807244931871,"max_intensity":0.5,"max_up_intensity":0.0,"max_down_intensity":0.5,"step_frequency":0.018518518518518517,"ramp_frequency":0.018518518518518517,"continuity_beats":32.0,"off_base_note_ratio":0.031239614489863742,"gimmick_burst_score":0.41064536878216124,"max_off_base_density_per_beat":2.9375,"base_mean_density_per_beat":7.153374233128834,"base_density_source":"on_base","distinct_off_base_bpm_count":1,"bpm_change_events":2,"measure_count":108},"ln":{"ln_ratio":0.0026586905948820204,"ln_hold_time_mean_beats":3.0,"ln_simultaneity_rate":0.0,"ln_simultaneity_weighted":0.0,"ln_count":8,"ln_positions":6,"total_notes":3009},"stair":{"stair_index":0.18734987990392313,"stair_transitions":234,"eligible_transitions":1249},"peak":{"peak_local_max_density":12.0,"peak_local_max_density_per_sec":34.8,"peak_max_chord_size":8,"peak_concentration":0.4081090063143902,"total_notes":3009,"intervals":[[1872,2099],[3336,3599],[4200,4655],[5112,5471],[5736,6191],[6600,6911],[10020,10439],[10548,10739],[10836,11135],[11244,11519],[11568,11927],[14700,14987],[16236,16427],[17964,18335],[18600,19055],[19080,19307],[19464,19787],[20232,20543]]},"jack":{"jack_pairs":4,"jack_in_stream_pairs":4,"jack_outside_pairs":0,"pure_jack_per_sec":0.0,"flow_break_per_stream_sec":0.028927680798004986,"stream_seconds":138.27586206896552,"non_stream_seconds":24.31752873563218,"chart_seconds":162.5933908045977,"window_ticks":24,"min_region_sec":10.0},"distraction":{"mode_formulation":"SP","qualifying_window_count":6,"qualifying_scratches":222,"qualifying_flow_sec":123.27586206896551,"distract_density":1.800839160839161,"distract_event_per_sec":0.04867132867132867,"scratch_chord_pair_count":395,"chord_time_threshold_sec":0.01667,"min_scratches":3}},"warnings":["Unterminated LNOBJ LN on lane P1_KEY1 started at m107 pos0.54166667; closing at EOF","Unterminated LNOBJ LN on lane P1_KEY3 started at m107 pos0.70833333; closing at EOF","Unterminated LNOBJ LN on lane P1_KEY5 started at m107 pos0.66666667; closing at EOF","Unterminated LNOBJ LN on lane P1_KEY7 started at m107 pos0.5; closing at EOF","Unterminated LNOBJ LN on lane P1_SCR started at m107 pos0.75; closing at EOF"],"tags":["scratch_active","scratch_chord","big_chord_burst","dense_chart"],"scales":["★"]}