{"md5":"049b99148a855cebae52d2aa5851ea69","headers":{"title":"Freja [SP Monather]","artist":"rider","genre":"NUSTYLE GABBA","playlevel":"54","base_bpm":183.0},"mode":"SP","scope":"playable_only","scaling_mode":"p99_linear","params":{"stream_window_ticks":48,"stream_density_threshold_per_beat":4.0,"peak_window_ticks":192,"peak_min_window_notes":4,"peak_min_window_sec":0.05,"felt_bpm_trigger_eff_bpm":500.0,"felt_bpm_trigger_peak_per_sec":200.0,"felt_bpm_target_peak_per_sec":100.0,"felt_bpm_floor":30.0,"jack_window_ticks":24,"soft_burst_ref":8.0,"soft_freq_ref":0.1,"soft_burst_exp":1.5,"soft_freq_exp":1.5,"chord_time_threshold_ms":16.67,"sp_distraction_min_scratches":3,"dp_distraction_window_sec_min":0.2,"dp_distraction_window_sec_max":0.8,"stream_density_ref_per_sec":40.0,"peak_density_ref_per_sec":70.0,"chord_size_ref":3.5,"ln_simultaneity_ref":0.05,"scratch_density_ref_per_sec":1.5,"scratch_ratio_ref":0.1,"distraction_density_ref":2.0,"distraction_event_ref":0.15},"raw_axes":{"chord":1.2766122766122767,"stream":22.515878678825135,"scratch":0.02124836423689739,"soft":0.018766899810805836,"ln":0.015806988352745424,"stair":0.1640746500777605,"peak":45.75,"distraction":0.6737493808816247,"pure_jack_raw":0.0804837822979659,"flow_break_raw":0.15328898743532893},"x_chord":0.322,"x_stream":0.561,"x_scratch":0.051,"x_soft":0.08,"x_ln":0.25,"x_stair":0.484,"x_peak":0.738,"x_distraction":0.178,"jack_signal":0.195,"noise_budget":0.754,"submetrics":{"chord":{"chord_rate":0.4087024087024087,"avg_chord_size":3.123574144486692,"chord_positions":526,"total_positions":1287},"stream":{"stream_coverage":0.9646422628951747,"stream_density_mean":8.620689655172415,"stream_density_mean_per_sec":23.341169617893758,"stream_windows":6,"notes_in_stream":2319,"total_notes":2404,"intervals":[[156,240],[924,1740],[1884,5220],[6684,9816],[9960,14832],[15516,16368]]},"scratch":{"scratch_ratio":0.03618968386023295,"scratch_positions_ratio":0.0675990675990676,"scratch_with_key_chord_rate":0.9310344827586207,"scratch_per_sec":0.5871387083390956,"scratch_burst_max_per_sec":6.0,"scratch_burst_window_sec":1.0,"scratch_notes":87,"scratch_positions":87,"total_notes":2404,"total_positions":1287,"chart_seconds":148.1762295081967},"soft":{"base_bpm":183.0,"intensity":0.11480865224625625,"up_intensity":0.0,"down_intensity":0.11480865224625625,"max_intensity":0.5,"max_up_intensity":0.0,"max_down_intensity":0.5,"step_frequency":0.023255813953488372,"ramp_frequency":0.023255813953488372,"continuity_beats":96.0,"off_base_note_ratio":0.22961730449251247,"gimmick_burst_score":0.8069766918646509,"max_off_base_density_per_beat":5.75,"base_mean_density_per_beat":7.125360692529656,"base_density_source":"on_base","distinct_off_base_bpm_count":1,"bpm_change_events":2,"measure_count":86},"ln":{"ln_ratio":0.01622296173044925,"ln_hold_time_mean_beats":2.6175213675213675,"ln_simultaneity_rate":0.015806988352745424,"ln_simultaneity_weighted":0.015806988352745424,"ln_count":39,"ln_positions":33,"total_notes":2404},"stair":{"stair_index":0.1640746500777605,"stair_transitions":211,"eligible_transitions":1286},"peak":{"peak_local_max_density":15.0,"peak_local_max_density_per_sec":45.75,"peak_max_chord_size":8,"peak_concentration":0.3019966722129784,"total_notes":2404,"intervals":[[1920,2268],[4548,5208],[9072,9660],[11520,11712],[12948,13392],[14592,14784],[15552,15744],[15816,16332]]},"jack":{"jack_pairs":20,"jack_in_stream_pairs":17,"jack_outside_pairs":3,"pure_jack_per_sec":0.0804837822979659,"flow_break_per_stream_sec":0.15328898743532893,"stream_seconds":110.90163934426228,"non_stream_seconds":37.274590163934434,"chart_seconds":148.1762295081967,"window_ticks":24,"min_region_sec":10.0},"distraction":{"mode_formulation":"SP","qualifying_window_count":5,"qualifying_scratches":82,"qualifying_flow_sec":110.32786885245899,"distract_density":0.7432392273402676,"distract_event_per_sec":0.04531946508172364,"scratch_chord_pair_count":123,"chord_time_threshold_sec":0.01667,"min_scratches":3}},"warnings":[],"tags":["ln_chart","peak_intense","big_chord_burst","dense_chart"],"scales":["★★"]}