{"md5":"45a78a3b1a198e502a3a8c8ee29dddf9","headers":{"title":"Ex Nihilo","artist":"snwy","genre":"Symphonic Chronicle","playlevel":"22","base_bpm":260.0},"mode":"SP","scope":"playable_only","scaling_mode":"p99_linear","params":{"stream_window_ticks":48,"stream_density_threshold_per_beat":4.0,"peak_window_ticks":192,"peak_min_window_notes":4,"peak_min_window_sec":0.05,"felt_bpm_trigger_eff_bpm":500.0,"felt_bpm_trigger_peak_per_sec":200.0,"felt_bpm_target_peak_per_sec":100.0,"felt_bpm_floor":30.0,"jack_window_ticks":24,"soft_burst_ref":8.0,"soft_freq_ref":0.1,"soft_burst_exp":1.5,"soft_freq_exp":1.5,"chord_time_threshold_ms":16.67,"sp_distraction_min_scratches":3,"dp_distraction_window_sec_min":0.2,"dp_distraction_window_sec_max":0.8,"stream_density_ref_per_sec":40.0,"peak_density_ref_per_sec":70.0,"chord_size_ref":3.5,"ln_simultaneity_ref":0.05,"scratch_density_ref_per_sec":1.5,"scratch_ratio_ref":0.1,"distraction_density_ref":2.0,"distraction_event_ref":0.15},"raw_axes":{"chord":1.4767752269087029,"stream":23.621923926871276,"scratch":0.002591371022425437,"soft":0.0,"ln":0.0008183306055646482,"stair":0.1704059829059829,"peak":32.5,"distraction":0.30636755041921593},"x_chord":0.384,"x_stream":0.585,"x_scratch":0.006,"x_soft":0.0,"x_ln":0.013,"x_stair":0.518,"x_peak":0.386,"x_distraction":0.083,"submetrics":{"chord":{"chord_rate":0.5194874532835024,"avg_chord_size":2.842754367934224,"chord_positions":973,"total_positions":1873},"stream":{"stream_coverage":0.9435351882160393,"stream_density_mean":5.777434993389158,"stream_density_mean_per_sec":25.035551638019687,"stream_windows":53,"notes_in_stream":3459,"total_notes":3666,"intervals":[[924,1007],[1212,1391],[1404,1643],[1692,1775],[1908,1991],[2004,2159],[2196,2243],[2280,2543],[2844,3047],[3132,3311],[3516,4139],[4284,4463],[4476,4715],[4764,4847],[4980,5063],[5076,5231],[5268,5315],[5352,5615],[5916,6119],[6204,6383],[6420,6743],[7080,7151],[7464,7535],[7848,7919],[8232,8303],[8604,8687],[9000,9071],[9384,9455],[9780,9839],[10908,17111],[17448,17807],[17820,19031],[19092,19343],[19356,19799],[19932,24407],[24756,24815],[27420,29039],[29052,29135],[29148,29291],[29340,29423],[29436,29519],[29532,29675],[29724,36695],[38184,38255],[38268,38351],[38376,38543],[38568,38639],[38652,38735],[38760,38927],[38940,39611],[39708,42827],[42900,42983],[44244,44363]]},"scratch":{"scratch_ratio":0.012274959083469721,"scratch_positions_ratio":0.02402562733582488,"scratch_with_key_chord_rate":0.9111111111111111,"scratch_per_sec":0.21111035929359226,"scratch_burst_max_per_sec":3.0,"scratch_burst_window_sec":1.0,"scratch_notes":45,"scratch_positions":45,"total_notes":3666,"total_positions":1873,"chart_seconds":213.15865384615384},"soft":{"base_bpm":260.0,"intensity":0.0,"up_intensity":0.0,"down_intensity":0.0,"max_intensity":0.0,"max_up_intensity":0.0,"max_down_intensity":0.0,"step_frequency":0.0,"ramp_frequency":0.0,"continuity_beats":0.0,"off_base_note_ratio":0.0,"gimmick_burst_score":0.0,"max_off_base_density_per_beat":0.0,"base_mean_density_per_beat":3.965716347888849,"base_density_source":"on_base","distinct_off_base_bpm_count":0,"bpm_change_events":0,"measure_count":231},"ln":{"ln_ratio":0.009819967266775777,"ln_hold_time_mean_beats":3.949074074074074,"ln_simultaneity_rate":0.0008183306055646482,"ln_simultaneity_weighted":0.0008183306055646482,"ln_count":36,"ln_positions":26,"total_notes":3666},"stair":{"stair_index":0.1704059829059829,"stair_transitions":319,"eligible_transitions":1872},"peak":{"peak_local_max_density":7.5,"peak_local_max_density_per_sec":32.5,"peak_max_chord_size":7,"peak_concentration":0.4410801963993453,"total_notes":3666,"intervals":[[11448,11759],[12216,12587],[12840,13211],[13812,14159],[14520,14831],[14844,15071],[15288,15743],[15852,17111],[17676,17867],[18216,18443],[18540,19007],[19212,19475],[21036,21335],[21816,22151],[22632,22871],[24204,24395],[30996,31343],[31356,31583],[31764,32135],[32292,32807],[32964,33179],[33192,33743],[34068,34415],[34836,35327],[35436,36695],[39732,41471],[41544,41831],[41928,42227]]},"jack":{"jack_pairs":0,"jack_in_stream_pairs":0,"jack_outside_pairs":0,"pure_jack_per_sec":0.0,"flow_break_per_stream_sec":0.0,"stream_seconds":150.21634615384613,"non_stream_seconds":62.94230769230771,"chart_seconds":213.15865384615384,"window_ticks":24,"min_region_sec":10.0},"distraction":{"mode_formulation":"SP","qualifying_window_count":3,"qualifying_scratches":12,"qualifying_flow_sec":84.86538461538463,"distract_density":0.14140040788579195,"distract_event_per_sec":0.035350101971447986,"scratch_chord_pair_count":48,"chord_time_threshold_sec":0.01667,"min_scratches":3}},"warnings":[],"tags":["fast_chart"],"scales":["st"]}