{"md5":"bdf775009c3f52721ed6687835481f20","headers":{"title":"the Only one Reverberation","artist":"しもやけ","genre":"UTAUROCK","playlevel":"11","base_bpm":200.0},"mode":"SP","scope":"playable_only","scaling_mode":"p99_linear","params":{"stream_window_ticks":48,"stream_density_threshold_per_beat":4.0,"peak_window_ticks":192,"peak_min_window_notes":4,"felt_bpm_trigger_eff_bpm":500.0,"felt_bpm_trigger_peak_per_sec":200.0,"felt_bpm_target_peak_per_sec":100.0,"felt_bpm_floor":30.0,"jack_window_ticks":24,"soft_burst_ref":8.0,"soft_freq_ref":0.1,"soft_burst_exp":1.5,"soft_freq_exp":1.5,"chord_time_threshold_ms":16.67,"sp_distraction_min_scratches":3,"dp_distraction_window_sec_min":0.2,"dp_distraction_window_sec_max":0.8,"stream_density_ref_per_sec":40.0,"peak_density_ref_per_sec":70.0,"chord_size_ref":3.5,"ln_simultaneity_ref":0.05,"scratch_density_ref_per_sec":1.5,"scratch_ratio_ref":0.1,"distraction_density_ref":2.0,"distraction_event_ref":0.15},"raw_axes":{"chord":1.7639751552795033,"stream":15.708733859397418,"scratch":0.008956611570247935,"soft":0.0,"ln":0.0,"stair":0.2549222797927461,"peak":22.5,"distraction":1.495726495726497},"x_chord":0.458,"x_stream":0.39,"x_scratch":0.022,"x_soft":0.0,"x_ln":0.0,"x_stair":0.775,"x_peak":0.274,"x_distraction":0.403,"submetrics":{"chord":{"chord_rate":0.6935817805383023,"avg_chord_size":2.5432835820895523,"chord_positions":670,"total_positions":966},"stream":{"stream_coverage":0.9405,"stream_density_mean":5.010760401721664,"stream_density_mean_per_sec":16.702534672405548,"stream_windows":56,"notes_in_stream":1881,"total_notes":2000,"intervals":[[156,287],[300,479],[492,671],[684,1055],[1068,1247],[1260,1439],[1452,1823],[1836,2015],[2028,2207],[2220,2591],[2604,2783],[2796,2975],[2988,3287],[3552,3743],[3756,3935],[3948,4127],[4140,4511],[4524,4703],[4716,4895],[4908,5279],[5292,5471],[5484,5663],[5676,6047],[6060,6239],[6252,6431],[6444,6815],[6828,7199],[7212,7583],[7596,7967],[7980,8351],[8364,8735],[8748,9119],[9132,9503],[9516,9815],[10068,10187],[10836,10955],[11292,12911],[13116,13295],[13404,13463],[13584,13679],[13884,14063],[14172,14231],[14292,14471],[14484,14855],[14868,16007],[16020,16391],[16404,18827],[18972,19103],[19116,19487],[19500,19871],[19884,20255],[20268,20639],[20652,21023],[21036,21407],[21420,21791],[21804,22103]]},"scratch":{"scratch_ratio":0.0255,"scratch_positions_ratio":0.052795031055900624,"scratch_with_key_chord_rate":0.8627450980392157,"scratch_per_sec":0.35123966942148765,"scratch_burst_max_per_sec":4.0,"scratch_burst_window_sec":1.0,"scratch_notes":51,"scratch_positions":51,"total_notes":2000,"total_positions":966,"chart_seconds":145.2},"soft":{"base_bpm":200.0,"intensity":0.0,"up_intensity":0.0,"down_intensity":0.0,"max_intensity":0.0,"max_up_intensity":0.0,"max_down_intensity":0.0,"step_frequency":0.0,"ramp_frequency":0.0,"continuity_beats":0.0,"off_base_note_ratio":0.0,"gimmick_burst_score":0.0,"max_off_base_density_per_beat":0.0,"base_mean_density_per_beat":4.132231404958677,"base_density_source":"on_base","distinct_off_base_bpm_count":0,"bpm_change_events":0,"measure_count":116},"ln":{"ln_ratio":0.0045,"ln_hold_time_mean_beats":5.527777777777778,"ln_simultaneity_rate":0.0,"ln_simultaneity_weighted":0.0,"ln_count":9,"ln_positions":5,"total_notes":2000},"stair":{"stair_index":0.2549222797927461,"stair_transitions":246,"eligible_transitions":965},"peak":{"peak_local_max_density":6.75,"peak_local_max_density_per_sec":22.5,"peak_max_chord_size":5,"peak_concentration":0.2775,"total_notes":2000,"intervals":[[1548,1823],[5004,5279],[6540,6815],[8076,8351],[9552,9743],[12684,12959],[14580,14783],[14868,15311],[15372,15683],[15720,16007],[16116,16319],[16404,17591],[18036,18383],[18444,18815],[20364,20639]]},"jack":{"jack_pairs":9,"jack_in_stream_pairs":6,"jack_outside_pairs":3,"pure_jack_per_sec":0.11267605633802823,"flow_break_per_stream_sec":0.05060088551549652,"stream_seconds":118.575,"non_stream_seconds":26.624999999999986,"chart_seconds":145.2,"window_ticks":24,"min_region_sec":10.0},"distraction":{"mode_formulation":"SP","qualifying_window_count":3,"qualifying_scratches":30,"qualifying_flow_sec":23.399999999999977,"distract_density":1.2820512820512833,"distract_event_per_sec":0.12820512820512833,"scratch_chord_pair_count":63,"chord_time_threshold_sec":0.01667,"min_scratches":3}},"warnings":["Unterminated LNOBJ LN on lane P1_KEY1 started at m114 pos0.75; closing at EOF","Unterminated LNOBJ LN on lane P1_KEY4 started at m114 pos0.875; closing at EOF","Unterminated LNOBJ LN on lane P1_KEY6 started at m114 pos0.75; closing at EOF","Unterminated LNOBJ LN on lane P1_KEY2 started at m114 pos0.875; closing at EOF","Unterminated LNOBJ LN on lane P1_KEY7 started at m114 pos0.625; closing at EOF","Unterminated LNOBJ LN on lane P1_SCR started at m115 pos0.0; closing at EOF"],"tags":["stair_focused","distraction_heavy","sustained","fast_chart"],"scales":["sl"]}