{"md5":"4eaf09a816e357e848d7e7333c465b87","headers":{"title":"Chronomia [pass]","artist":"Lime / inukoro","genre":"Dramatical","playlevel":"23","base_bpm":227.0},"mode":"SP","scope":"playable_only","scaling_mode":"p99_linear","params":{"stream_window_ticks":48,"stream_density_threshold_per_beat":4.0,"peak_window_ticks":192,"peak_min_window_notes":4,"peak_min_window_sec":0.05,"felt_bpm_trigger_eff_bpm":500.0,"felt_bpm_trigger_peak_per_sec":200.0,"felt_bpm_target_peak_per_sec":100.0,"felt_bpm_floor":30.0,"jack_window_ticks":24,"soft_burst_ref":8.0,"soft_freq_ref":0.1,"soft_burst_exp":1.5,"soft_freq_exp":1.5,"chord_time_threshold_ms":16.67,"sp_distraction_min_scratches":3,"dp_distraction_window_sec_min":0.2,"dp_distraction_window_sec_max":0.8,"stream_density_ref_per_sec":40.0,"peak_density_ref_per_sec":70.0,"chord_size_ref":3.5,"ln_simultaneity_ref":0.05,"scratch_density_ref_per_sec":1.5,"scratch_ratio_ref":0.1,"distraction_density_ref":2.0,"distraction_event_ref":0.15},"raw_axes":{"chord":2.368924302788845,"stream":30.30041621741077,"scratch":0.03006217705783548,"soft":0.0,"ln":0.0,"stair":0.20972886762360446,"peak":48.2375,"distraction":0.9797608632254304},"x_chord":0.615,"x_stream":0.751,"x_scratch":0.073,"x_soft":0.0,"x_ln":0.0,"x_stair":0.637,"x_peak":0.572,"x_distraction":0.264,"submetrics":{"chord":{"chord_rate":0.7362549800796813,"avg_chord_size":3.2175324675324677,"chord_positions":924,"total_positions":1255},"stream":{"stream_coverage":0.9776029055690073,"stream_density_mean":8.192406692406692,"stream_density_mean_per_sec":30.99460531960532,"stream_windows":23,"notes_in_stream":3230,"total_notes":3304,"intervals":[[732,815],[2268,3863],[4152,10679],[10692,11099],[11112,11567],[11868,11951],[12072,12143],[12252,12335],[13020,17711],[17988,18071],[18156,18287],[18372,18455],[18732,18839],[18924,19031],[19716,19799],[19884,19991],[20268,20399],[20424,20783],[21060,24047],[24060,24143],[24156,25751],[25884,25967],[26292,26351]]},"scratch":{"scratch_ratio":0.03631961259079903,"scratch_positions_ratio":0.09561752988047809,"scratch_with_key_chord_rate":0.9666666666666667,"scratch_per_sec":0.8277119416590702,"scratch_burst_max_per_sec":7.0,"scratch_burst_window_sec":1.0,"scratch_notes":120,"scratch_positions":120,"total_notes":3304,"total_positions":1255,"chart_seconds":144.97797356828193},"soft":{"base_bpm":227.0,"intensity":0.0,"up_intensity":0.0,"down_intensity":0.0,"max_intensity":0.0,"max_up_intensity":0.0,"max_down_intensity":0.0,"step_frequency":0.0,"ramp_frequency":0.0,"continuity_beats":0.0,"off_base_note_ratio":0.0,"gimmick_burst_score":0.0,"max_off_base_density_per_beat":0.0,"base_mean_density_per_beat":6.021877848678213,"base_density_source":"on_base","distinct_off_base_bpm_count":0,"bpm_change_events":0,"measure_count":138},"ln":{"ln_ratio":0.0,"ln_hold_time_mean_beats":0.0,"ln_simultaneity_rate":0.0,"ln_simultaneity_weighted":0.0,"ln_count":0,"ln_positions":0,"total_notes":3304},"stair":{"stair_index":0.20972886762360446,"stair_transitions":263,"eligible_transitions":1254},"peak":{"peak_local_max_density":12.75,"peak_local_max_density_per_sec":48.2375,"peak_max_chord_size":7,"peak_concentration":0.35926150121065376,"total_notes":3304,"intervals":[[5700,5939],[6108,7103],[8268,8471],[8652,8855],[9036,9395],[13668,13919],[14280,14999],[15192,15527],[15948,16247],[17172,17711],[21120,21311],[23316,23819],[24828,25775]]},"jack":{"jack_pairs":4,"jack_in_stream_pairs":3,"jack_outside_pairs":1,"pure_jack_per_sec":0.02866161616161617,"flow_break_per_stream_sec":0.02725090036014406,"stream_seconds":110.08810572687224,"non_stream_seconds":34.88986784140968,"chart_seconds":144.97797356828193,"window_ticks":24,"min_region_sec":10.0},"distraction":{"mode_formulation":"SP","qualifying_window_count":7,"qualifying_scratches":104,"qualifying_flow_sec":100.70484581497794,"distract_density":1.0327209098862644,"distract_event_per_sec":0.06951006124234473,"scratch_chord_pair_count":225,"chord_time_threshold_sec":0.01667,"min_scratches":3}},"warnings":[],"tags":["chord_heavy","stream_heavy","stair_focused","peak_intense","dense_chart","fast_chart","chord_stream"],"scales":["★"]}