{"md5":"792b8daa37dea9193a0e3d92ecc6da75","headers":{"title":"Absolute Future","artist":"otoshi.b","genre":"EMOTIONAL HAPPYCORE","playlevel":"21","base_bpm":200.0},"mode":"SP","scope":"playable_only","scaling_mode":"p99_linear","params":{"stream_window_ticks":48,"stream_density_threshold_per_beat":4.0,"peak_window_ticks":192,"peak_min_window_notes":4,"peak_min_window_sec":0.05,"felt_bpm_trigger_eff_bpm":500.0,"felt_bpm_trigger_peak_per_sec":200.0,"felt_bpm_target_peak_per_sec":100.0,"felt_bpm_floor":30.0,"jack_window_ticks":24,"soft_burst_ref":8.0,"soft_freq_ref":0.1,"soft_burst_exp":1.5,"soft_freq_exp":1.5,"chord_time_threshold_ms":16.67,"sp_distraction_min_scratches":3,"dp_distraction_window_sec_min":0.2,"dp_distraction_window_sec_max":0.8,"stream_density_ref_per_sec":40.0,"peak_density_ref_per_sec":70.0,"chord_size_ref":3.5,"ln_simultaneity_ref":0.05,"scratch_density_ref_per_sec":1.5,"scratch_ratio_ref":0.1,"distraction_density_ref":2.0,"distraction_event_ref":0.15},"raw_axes":{"chord":2.1695906432748537,"stream":24.819914715676557,"scratch":0.027738779946560394,"soft":0.0,"ln":0.0,"stair":0.20234113712374582,"peak":40.0,"distraction":1.126308679500169},"x_chord":0.547,"x_stream":0.619,"x_scratch":0.066,"x_soft":0.0,"x_ln":0.0,"x_stair":0.596,"x_peak":0.645,"x_distraction":0.297,"submetrics":{"chord":{"chord_rate":0.7635756056808688,"avg_chord_size":2.841356673960613,"chord_positions":914,"total_positions":1197},"stream":{"stream_coverage":0.9809027777777778,"stream_density_mean":7.590940288263555,"stream_density_mean_per_sec":25.30313429421185,"stream_windows":27,"notes_in_stream":2825,"total_notes":2880,"intervals":[[504,792],[804,1176],[1188,1560],[1572,1944],[1956,2208],[2220,2304],[2316,2400],[2412,2496],[2508,2592],[2604,2688],[2772,5028],[5100,9828],[11316,11568],[11580,11952],[12060,12336],[12348,12912],[12972,13080],[13188,13296],[13380,13680],[13740,13872],[13980,14064],[14124,15264],[15288,15600],[15612,15696],[15708,18084],[18156,21744],[21816,22116]]},"scratch":{"scratch_ratio":0.036458333333333336,"scratch_positions_ratio":0.08771929824561403,"scratch_with_key_chord_rate":0.8761904761904762,"scratch_per_sec":0.7608351071056565,"scratch_burst_max_per_sec":7.0,"scratch_burst_window_sec":1.0,"scratch_notes":105,"scratch_positions":105,"total_notes":2880,"total_positions":1197,"chart_seconds":138.00625},"soft":{"base_bpm":200.0,"intensity":0.0,"up_intensity":0.0,"down_intensity":0.0,"max_intensity":0.0,"max_up_intensity":0.0,"max_down_intensity":0.0,"step_frequency":0.0,"ramp_frequency":0.0,"continuity_beats":0.0,"off_base_note_ratio":0.0,"gimmick_burst_score":0.0,"max_off_base_density_per_beat":0.0,"base_mean_density_per_beat":6.254347826086956,"base_density_source":"on_base","distinct_off_base_bpm_count":0,"bpm_change_events":0,"measure_count":116},"ln":{"ln_ratio":0.0038194444444444443,"ln_hold_time_mean_beats":3.1363636363636362,"ln_simultaneity_rate":0.0,"ln_simultaneity_weighted":0.0,"ln_count":11,"ln_positions":7,"total_notes":2880},"stair":{"stair_index":0.20234113712374582,"stair_transitions":242,"eligible_transitions":1196},"peak":{"peak_local_max_density":12.0,"peak_local_max_density_per_sec":40.0,"peak_max_chord_size":7,"peak_concentration":0.3416666666666667,"total_notes":2880,"intervals":[[3648,4440],[4776,5016],[6768,6960],[7452,7680],[7968,8280],[17040,17484],[17808,18072],[19740,20340],[20508,21444],[21504,21720],[21864,22104]]},"jack":{"jack_pairs":46,"jack_in_stream_pairs":35,"jack_outside_pairs":11,"pure_jack_per_sec":0.5751633986928113,"flow_break_per_stream_sec":0.2944114399873823,"stream_seconds":118.88125000000002,"non_stream_seconds":19.12499999999997,"chart_seconds":138.00625,"window_ticks":24,"min_region_sec":10.0},"distraction":{"mode_formulation":"SP","qualifying_window_count":10,"qualifying_scratches":89,"qualifying_flow_sec":98.69999999999999,"distract_density":0.9017223910840934,"distract_event_per_sec":0.10131712259371835,"scratch_chord_pair_count":159,"chord_time_threshold_sec":0.01667,"min_scratches":3}},"warnings":["Unterminated LNOBJ LN on lane P1_KEY1 started at m115 pos0.0; closing at EOF","Unterminated LNOBJ LN on lane P1_KEY3 started at m115 pos0.0; closing at EOF","Unterminated LNOBJ LN on lane P1_KEY5 started at m114 pos0.984375; closing at EOF","Unterminated LNOBJ LN on lane P1_SCR started at m115 pos0.0; closing at EOF","Unterminated LNOBJ LN on lane P1_KEY7 started at m114 pos0.96875; closing at EOF","Unterminated LNOBJ LN on lane P1_KEY2 started at m114 pos0.953125; closing at EOF","Unterminated LNOBJ LN on lane P1_KEY4 started at m114 pos0.9375; closing at EOF","Unterminated LNOBJ LN on lane P1_KEY6 started at m114 pos0.921875; closing at EOF"],"tags":["stair_focused","dense_chart","fast_chart"],"scales":["st"]}