{"md5":"bd951c2b4c7128cb59959ac03245f75f","headers":{"title":"Dance Doll Dream[HARD]","artist":"daisan feat. えみゅう。 / zue-row / 差分 赤い人","genre":"Waltz","playlevel":"1","base_bpm":200.0},"mode":"SP","scope":"playable_only","scaling_mode":"p99_linear","params":{"stream_window_ticks":48,"stream_density_threshold_per_beat":4.0,"peak_window_ticks":192,"peak_min_window_notes":4,"peak_min_window_sec":0.05,"felt_bpm_trigger_eff_bpm":500.0,"felt_bpm_trigger_peak_per_sec":200.0,"felt_bpm_target_peak_per_sec":100.0,"felt_bpm_floor":30.0,"jack_window_ticks":24,"soft_burst_ref":8.0,"soft_freq_ref":0.1,"soft_burst_exp":1.5,"soft_freq_exp":1.5,"chord_time_threshold_ms":16.67,"sp_distraction_min_scratches":3,"sp_distraction_bin_sec":0.25,"sp_distraction_t_key":2,"sp_distraction_gap_bins":2,"dp_distraction_window_sec_min":0.2,"dp_distraction_window_sec_max":0.8,"stream_density_ref_per_sec":40.0,"peak_density_ref_per_sec":70.0,"chord_size_ref":3.5,"ln_simultaneity_ref":0.05,"scratch_density_ref_per_sec":1.5,"scratch_ratio_ref":0.1,"distraction_density_ref":2.0,"distraction_event_ref":0.15},"raw_axes":{"chord":1.7173396674584325,"stream":13.805555555555555,"scratch_per_sec":0.2853515509605279,"scratch_burst_max_per_sec":3.0,"scratch_max_run_sec":0.9000000000000057,"soft":0.007684627817786453,"stair":0.3333333333333333,"peak":23.333333333333336,"ln_m1_short_rate_rt":0.0,"ln_m2_density_rt":0.0,"ln_m2_burst_max_rt":0.0,"ln_m3_density_rt":0.0,"ln_m_concurrent_rt":0.0,"adv_hand_imb":0.0,"adv_rel_pressure_1beat":0.0,"adv_ln_hold_min_beats":0.0,"adv_ln_chord_big_rate":0.0,"adv_ln_scatter_cv":0.0,"distraction":1.244618466955494},"x_chord":0.441,"x_stream":0.356,"x_scratch":0.074,"x_soft":0.023,"x_ln":0.0,"x_stair":0.945,"x_peak":0.391,"x_distraction":0.076,"ln_advanced_score":0.0,"submetrics":{"chord":{"chord_rate":0.49049881235154397,"avg_chord_size":3.5012106537530268,"chord_positions":413,"total_positions":842},"stream":{"stream_coverage":0.7768052516411379,"stream_density_mean":5.354166666666667,"stream_density_mean_per_sec":17.772222222222222,"stream_windows":56,"notes_in_stream":1420,"total_notes":1828,"intervals":[[108,192],[252,336],[396,480],[540,624],[684,768],[828,912],[972,1056],[1116,1200],[1260,1344],[1404,1488],[1548,1632],[1692,1776],[1836,1920],[1980,2064],[2124,2208],[2412,2496],[2736,2784],[2844,5232],[7932,8016],[8028,8112],[8124,8256],[8268,8688],[8724,8832],[8844,9120],[9180,9408],[9420,9888],[10692,10824],[11196,11424],[11484,11904],[11916,13584],[14076,14160],[14316,14448],[14460,14544],[14556,14640],[14652,15024],[15036,15120],[15228,15888],[16956,17040],[17244,17328],[17388,17472],[18828,18888],[19116,19176],[19476,19548],[19716,19788],[20124,20208],[20700,20928],[20940,21504],[21516,22080],[22140,23232],[23292,24000],[24012,24384],[24444,25344],[25512,25596],[25608,25680],[25728,25836],[25848,25920]]},"scratch":{"scratch_ratio":0.025066666666666668,"scratch_positions_ratio":0.055819477434679333,"scratch_with_key_chord_rate":0.9787234042553191,"scratch_per_sec":0.2853515509605279,"scratch_burst_max_per_sec":3.0,"scratch_burst_window_sec":1.0,"scratch_max_run_sec":0.9000000000000057,"ls_count":0,"ls_per_sec":0.0,"ls_complexity_mean":0.0,"scratch_notes":47,"scratch_positions":47,"total_notes":1875,"total_positions":842,"chart_seconds":164.70911001461988},"soft":{"base_bpm":200.0,"intensity":0.008053333333333334,"up_intensity":0.0,"down_intensity":0.008053333333333334,"max_intensity":0.6,"max_up_intensity":0.0,"max_down_intensity":0.6,"step_frequency":0.07407407407407407,"ramp_frequency":0.02962962962962963,"continuity_beats":68.97916666666667,"off_base_note_ratio":0.0624,"gimmick_burst_score":0.10374247554011712,"max_off_base_density_per_beat":3.84,"base_mean_density_per_beat":3.7282377919320595,"base_density_source":"on_base","distinct_off_base_bpm_count":7,"bpm_change_events":10,"measure_count":135},"ln":{"ln_ratio":0.0,"ln_hold_time_mean_beats":0.0,"ln_simultaneity_rate":0.0,"ln_simultaneity_weighted":0.0,"ln_count":0,"ln_count_raw":0,"ln_positions":0,"total_notes":1875,"m1_short_count_rt":0,"m1_short_rate_rt":0.0,"m2_long_count_rt":0,"m2_density_rt":0.0,"m2_burst_max_rt":0.0,"m3_density_rt":0.0,"m_concurrent_rt":0.0,"total_long_sec":0.0,"long_active_sec":0.0,"long_hold_sec_mean":0.0,"long_hold_sec_max":0.0,"adv_hand_imb":0.0,"adv_rel_pressure_1beat":0.0,"adv_ln_hold_min_beats":0.0,"adv_ln_chord_big_rate":0.0,"adv_ln_scatter_cv":0.0},"stair":{"stair_index":0.3333333333333333,"stair_transitions":280,"eligible_transitions":840},"peak":{"peak_local_max_density":7.0,"peak_local_max_density_per_sec":23.333333333333336,"peak_max_chord_size":6,"peak_concentration":0.4638949671772429,"total_notes":1828,"intervals":[[2844,3072],[3228,3480],[3732,3936],[4428,4632],[4716,4944],[5004,5232],[8172,8688],[8748,8952],[9180,9888],[12276,12480],[12780,13272],[13308,13584],[15228,15672],[20964,21480],[21540,22056],[22140,23208],[23436,23952],[24012,24288],[24540,25248]]},"jack":{"jack_pairs":5,"jack_in_stream_pairs":4,"jack_outside_pairs":1,"pure_jack_per_sec":0.01424568945999913,"flow_break_per_stream_sec":0.042322472178642774,"stream_seconds":94.5124373433583,"non_stream_seconds":70.19667267126158,"chart_seconds":164.70911001461988,"window_ticks":24,"min_region_sec":10.0},"distraction":{"mode_formulation":"SP","v3_score":1.244618466955494,"qualifying_intervals":5,"qualifying_flow_sec":124.5,"qualifying_scratches":39,"scratch_chord_pair_count":86,"chord_time_threshold_sec":0.01667,"min_scratches":3,"bin_sec":0.25,"t_key":2,"gap_bins":2}},"warnings":[],"axis_intensities":{"chord":"yellow","stream":"green","peak":"green","scratch":"green","soft":"green","ln":null,"stair":"red","distraction":"green"},"tags":["burst_focused"],"scales":["sl"]}