{"md5":"0f11ca484064380eefa624cc34cb30c5","headers":{"title":"Rin-Rin","artist":"Hyparpax","genre":"DEEP SCHRANZ","playlevel":"6","base_bpm":160.0},"mode":"SP","scope":"playable_only","scaling_mode":"reference","params":{"stream_window_ticks":48,"stream_density_threshold_per_beat":4.0,"peak_window_ticks":192,"jack_window_ticks":24,"soft_burst_ref":8.0,"soft_freq_ref":0.1,"soft_burst_exp":1.5,"soft_freq_exp":1.5,"chord_time_threshold_ms":16.67,"sp_distraction_min_scratches":3,"dp_distraction_window_sec_min":0.2,"dp_distraction_window_sec_max":0.8,"stream_density_ref_per_sec":40.0,"peak_density_ref_per_sec":70.0,"chord_size_ref":3.5,"ln_simultaneity_ref":0.05,"scratch_density_ref_per_sec":1.5,"scratch_ratio_ref":0.1,"distraction_density_ref":2.0,"distraction_event_ref":0.15},"x_chord":0.35806253832004903,"x_stream":0.46643694364717875,"x_scratch":0.05780662645336131,"x_soft":0.0,"x_ln":0.38306451612903225,"x_stair":0.18127147766323023,"x_peak":0.3619047619047619,"x_distraction":0.26732510288065847,"submetrics":{"chord":{"chord_rate":0.5502145922746781,"avg_chord_size":2.277691107644306,"chord_positions":641,"total_positions":1165},"stream":{"stream_coverage":0.9732862903225806,"stream_density_mean":7.188588007736944,"stream_density_mean_per_sec":19.16956802063185,"stream_windows":28,"notes_in_stream":1931,"total_notes":1984,"intervals":[[192,263],[348,5111],[5136,5303],[5328,5495],[5544,5879],[5904,6071],[6096,6263],[6312,6647],[6672,6839],[6864,7031],[7080,7415],[7464,7607],[7656,7799],[8112,8159],[8220,8279],[8604,8663],[8688,8771],[8988,9047],[9180,9239],[9372,9431],[9456,12791],[12804,12983],[12996,13199],[13212,13559],[13572,13751],[13764,13967],[13980,14567],[14700,15731]]},"scratch":{"scratch_ratio":0.023185483870967742,"scratch_positions_ratio":0.039484978540772535,"scratch_with_key_chord_rate":0.6086956521739131,"scratch_per_sec":0.37398373983739835,"scratch_burst_max_per_sec":5.0,"scratch_burst_window_sec":1.0,"scratch_notes":46,"scratch_positions":46,"total_notes":1984,"total_positions":1165,"chart_seconds":123.0},"soft":{"base_bpm":160.0,"intensity":0.0,"up_intensity":0.0,"down_intensity":0.0,"max_intensity":0.0,"max_up_intensity":0.0,"max_down_intensity":0.0,"step_frequency":0.0,"ramp_frequency":0.0,"continuity_beats":0.0,"off_base_note_ratio":0.0,"gimmick_burst_score":0.0,"max_off_base_density_per_beat":0.0,"base_mean_density_per_beat":6.045731707317073,"base_density_source":"on_base","distinct_off_base_bpm_count":0,"bpm_change_events":0,"measure_count":83},"ln":{"ln_ratio":0.03225806451612903,"ln_hold_time_mean_beats":0.921875,"ln_simultaneity_rate":0.019153225806451613,"ln_simultaneity_weighted":0.019153225806451613,"ln_count":64,"ln_positions":64,"total_notes":1984},"stair":{"stair_index":0.18127147766323023,"stair_transitions":211,"eligible_transitions":1164},"peak":{"peak_local_max_density":9.5,"peak_local_max_density_per_sec":25.333333333333332,"peak_max_chord_size":4,"peak_concentration":0.2550403225806452,"total_notes":1984,"intervals":[[2364,2663],[9948,10139],[10440,10931],[11124,11879],[11904,12323],[14940,15551]]},"jack":{"jack_pairs":35,"jack_in_stream_pairs":34,"jack_outside_pairs":1,"pure_jack_per_sec":0.06095238095238095,"flow_break_per_stream_sec":0.3189680445617121,"stream_seconds":106.59375,"non_stream_seconds":16.40625,"chart_seconds":123.0,"window_ticks":24,"min_region_sec":10.0},"distraction":{"mode_formulation":"SP","qualifying_window_count":2,"qualifying_scratches":41,"qualifying_flow_sec":63.28125,"distract_density":0.6479012345679013,"distract_event_per_sec":0.03160493827160494,"scratch_chord_pair_count":28,"chord_time_threshold_sec":0.01667,"min_scratches":3}},"warnings":[],"tags":["ln_chart","sustained"],"scales":["sl"]}