{"md5":"df9cca9b79c4e1e016238731ad516328","headers":{"title":"パステルプラネット","artist":"eoll feat.白羽美依","genre":"ピコピコポップ","playlevel":"1","base_bpm":160.0},"mode":"SP","scope":"playable_only","scaling_mode":"p99_linear","params":{"stream_window_ticks":48,"stream_density_threshold_per_beat":4.0,"peak_window_ticks":192,"peak_min_window_notes":4,"peak_min_window_sec":0.05,"felt_bpm_trigger_eff_bpm":500.0,"felt_bpm_trigger_peak_per_sec":200.0,"felt_bpm_target_peak_per_sec":100.0,"felt_bpm_floor":30.0,"jack_window_ticks":24,"soft_burst_ref":8.0,"soft_freq_ref":0.1,"soft_burst_exp":1.5,"soft_freq_exp":1.5,"chord_time_threshold_ms":16.67,"sp_distraction_min_scratches":3,"dp_distraction_window_sec_min":0.2,"dp_distraction_window_sec_max":0.8,"stream_density_ref_per_sec":40.0,"peak_density_ref_per_sec":70.0,"chord_size_ref":3.5,"ln_simultaneity_ref":0.05,"scratch_density_ref_per_sec":1.5,"scratch_ratio_ref":0.1,"distraction_density_ref":2.0,"distraction_event_ref":0.15},"raw_axes":{"chord":1.3547094188376754,"stream":16.650236465909497,"scratch":0.02563922172370462,"soft":0.0,"ln":0.029867256637168143,"stair":0.19859578736208625,"peak":24.0,"distraction":0.8456021140052851},"x_chord":0.352,"x_stream":0.428,"x_scratch":0.061,"x_soft":0.0,"x_ln":0.473,"x_stair":0.603,"x_peak":0.399,"x_distraction":0.223,"submetrics":{"chord":{"chord_rate":0.5430861723446894,"avg_chord_size":2.4944649446494465,"chord_positions":542,"total_positions":998},"stream":{"stream_coverage":0.952433628318584,"stream_density_mean":6.555668016194332,"stream_density_mean_per_sec":17.481781376518217,"stream_windows":33,"notes_in_stream":1722,"total_notes":1808,"intervals":[[216,360],[396,564],[672,756],[864,948],[972,1032],[1056,1176],[1248,1332],[1440,1524],[1632,1716],[1740,1968],[3012,3096],[3252,4248],[4548,5016],[5028,5088],[5124,5184],[5244,5364],[5412,5472],[5508,5568],[5628,5808],[5820,5904],[5916,6000],[6012,6216],[6276,7992],[8028,13416],[13728,13812],[14112,14304],[14316,14400],[14412,14496],[14508,14592],[14604,14688],[14700,16536],[16788,17112],[17124,17256]]},"scratch":{"scratch_ratio":0.043694690265486724,"scratch_positions_ratio":0.07915831663326653,"scratch_with_key_chord_rate":0.8227848101265823,"scratch_per_sec":0.5867811756513666,"scratch_burst_max_per_sec":5.0,"scratch_burst_window_sec":1.0,"scratch_notes":79,"scratch_positions":79,"total_notes":1808,"total_positions":998,"chart_seconds":134.6328125},"soft":{"base_bpm":160.0,"intensity":0.0,"up_intensity":0.0,"down_intensity":0.0,"max_intensity":0.0,"max_up_intensity":0.0,"max_down_intensity":0.0,"step_frequency":0.0,"ramp_frequency":0.0,"continuity_beats":0.0,"off_base_note_ratio":0.0,"gimmick_burst_score":0.0,"max_off_base_density_per_beat":0.0,"base_mean_density_per_beat":5.0334261838440115,"base_density_source":"on_base","distinct_off_base_bpm_count":0,"bpm_change_events":0,"measure_count":90},"ln":{"ln_ratio":0.00995575221238938,"ln_hold_time_mean_beats":2.9166666666666665,"ln_simultaneity_rate":0.014933628318584071,"ln_simultaneity_weighted":0.029867256637168143,"ln_count":18,"ln_positions":12,"total_notes":1808},"stair":{"stair_index":0.19859578736208625,"stair_transitions":198,"eligible_transitions":997},"peak":{"peak_local_max_density":9.0,"peak_local_max_density_per_sec":24.0,"peak_max_chord_size":5,"peak_concentration":0.28982300884955753,"total_notes":1808,"intervals":[[6360,7488],[7716,7968],[14952,16512]]},"jack":{"jack_pairs":24,"jack_in_stream_pairs":21,"jack_outside_pairs":3,"pure_jack_per_sec":0.10526315789473684,"flow_break_per_stream_sec":0.1978652926021347,"stream_seconds":106.1328125,"non_stream_seconds":28.5,"chart_seconds":134.6328125,"window_ticks":24,"min_region_sec":10.0},"distraction":{"mode_formulation":"SP","qualifying_window_count":6,"qualifying_scratches":60,"qualifying_flow_sec":82.78125,"distract_density":0.72480181200453,"distract_event_per_sec":0.072480181200453,"scratch_chord_pair_count":83,"chord_time_threshold_sec":0.01667,"min_scratches":3}},"warnings":["Unterminated LNOBJ LN on lane P1_KEY2 started at m89 pos0.5625; closing at EOF","Unterminated LNOBJ LN on lane P1_KEY1 started at m89 pos0.625; closing at EOF","Unterminated LNOBJ LN on lane P1_SCR started at m89 pos0.75; closing at EOF","Unterminated LNOBJ LN on lane P1_KEY7 started at m89 pos0.625; closing at EOF","Unterminated LNOBJ LN on lane P1_KEY6 started at m89 pos0.65625; closing at EOF","Unterminated LNOBJ LN on lane P1_KEY3 started at m89 pos0.54166667; closing at EOF","Unterminated LNOBJ LN on lane P1_KEY4 started at m89 pos0.71875; closing at EOF","Unterminated LNOBJ LN on lane P1_KEY5 started at m89 pos0.6875; closing at EOF"],"tags":["ln_chart","stair_focused"],"scales":["sl"]}