{"md5":"2078e79fddd0894ad92b27c8b43bf096","headers":{"title":"Journey to Find Hope","artist":"まろにー","genre":"Celtic Pops","playlevel":"12","base_bpm":200.0},"mode":"SP","scope":"playable_only","scaling_mode":"p99_linear","params":{"stream_window_ticks":48,"stream_density_threshold_per_beat":4.0,"peak_window_ticks":192,"peak_min_window_notes":4,"peak_min_window_sec":0.05,"felt_bpm_trigger_eff_bpm":500.0,"felt_bpm_trigger_peak_per_sec":200.0,"felt_bpm_target_peak_per_sec":100.0,"felt_bpm_floor":30.0,"jack_window_ticks":24,"soft_burst_ref":8.0,"soft_freq_ref":0.1,"soft_burst_exp":1.5,"soft_freq_exp":1.5,"chord_time_threshold_ms":16.67,"sp_distraction_min_scratches":3,"dp_distraction_window_sec_min":0.2,"dp_distraction_window_sec_max":0.8,"stream_density_ref_per_sec":40.0,"peak_density_ref_per_sec":70.0,"chord_size_ref":3.5,"ln_simultaneity_ref":0.05,"scratch_density_ref_per_sec":1.5,"scratch_ratio_ref":0.1,"distraction_density_ref":2.0,"distraction_event_ref":0.15},"raw_axes":{"chord":1.316831683168317,"stream":12.716769790396592,"scratch":0.00368053161317469,"soft":0.0,"ln":0.0,"stair":0.13739376770538245,"peak":19.166666666666668,"distraction":0.6466784244562024},"x_chord":0.342,"x_stream":0.327,"x_scratch":0.009,"x_soft":0.0,"x_ln":0.0,"x_stair":0.417,"x_peak":0.319,"x_distraction":0.171,"submetrics":{"chord":{"chord_rate":0.46534653465346537,"avg_chord_size":2.8297872340425534,"chord_positions":329,"total_positions":707},"stream":{"stream_coverage":0.7761650114591291,"stream_density_mean":4.9152317880794705,"stream_density_mean_per_sec":16.3841059602649,"stream_windows":53,"notes_in_stream":1016,"total_notes":1309,"intervals":[[1356,1464],[1548,1608],[1668,1752],[2556,2760],[2820,2976],[2988,3072],[3132,3336],[3420,3696],[3708,3912],[3972,4128],[4140,4224],[4236,4368],[4428,4512],[4572,4656],[7056,7104],[7140,7536],[7548,7680],[7692,8016],[8052,8256],[8268,8832],[8844,8976],[9036,9264],[9288,9552],[9804,9888],[10020,10128],[10188,10272],[10332,10416],[10428,10704],[10764,10992],[11052,11160],[11196,11676],[11712,11856],[11868,12144],[12156,12288],[12300,12432],[12444,12720],[12732,12864],[12876,13008],[13020,13296],[13308,13440],[13452,13872],[13884,16152],[16320,16464],[16812,16872],[17388,17460],[17532,17736],[17796,17952],[17964,18048],[18060,18192],[18252,18336],[18396,18480],[18540,18600],[18792,18864]]},"scratch":{"scratch_ratio":0.01833460656990069,"scratch_positions_ratio":0.033946251768033946,"scratch_with_key_chord_rate":0.9583333333333334,"scratch_per_sec":0.20074232840190287,"scratch_burst_max_per_sec":2.0,"scratch_burst_window_sec":1.0,"scratch_notes":24,"scratch_positions":24,"total_notes":1309,"total_positions":707,"chart_seconds":119.55625},"soft":{"base_bpm":200.0,"intensity":0.0,"up_intensity":0.0,"down_intensity":0.0,"max_intensity":0.0,"max_up_intensity":0.0,"max_down_intensity":0.0,"step_frequency":0.0,"ramp_frequency":0.0,"continuity_beats":0.0,"off_base_note_ratio":0.0,"gimmick_burst_score":0.0,"max_off_base_density_per_beat":0.0,"base_mean_density_per_beat":3.282308657465496,"base_density_source":"on_base","distinct_off_base_bpm_count":0,"bpm_change_events":0,"measure_count":133},"ln":{"ln_ratio":0.0,"ln_hold_time_mean_beats":0.0,"ln_simultaneity_rate":0.0,"ln_simultaneity_weighted":0.0,"ln_count":0,"ln_positions":0,"total_notes":1309},"stair":{"stair_index":0.13739376770538245,"stair_transitions":97,"eligible_transitions":706},"peak":{"peak_local_max_density":5.75,"peak_local_max_density_per_sec":19.166666666666668,"peak_max_chord_size":7,"peak_concentration":0.4789915966386555,"total_notes":1309,"intervals":[[2556,2760],[3996,4200],[7116,7392],[7692,7968],[8172,8520],[8532,8832],[9324,9516],[10500,10704],[10764,10992],[11772,12264],[12468,13104],[13212,13416],[13452,13728],[13884,16152],[17820,18024]]},"jack":{"jack_pairs":6,"jack_in_stream_pairs":5,"jack_outside_pairs":1,"pure_jack_per_sec":0.020017515325910177,"flow_break_per_stream_sec":0.0718390804597701,"stream_seconds":69.60000000000002,"non_stream_seconds":49.95624999999998,"chart_seconds":119.55625,"window_ticks":24,"min_region_sec":10.0},"distraction":{"mode_formulation":"SP","qualifying_window_count":1,"qualifying_scratches":5,"qualifying_flow_sec":14.174999999999997,"distract_density":0.3527336860670195,"distract_event_per_sec":0.07054673721340389,"scratch_chord_pair_count":32,"chord_time_threshold_sec":0.01667,"min_scratches":3}},"warnings":[],"tags":["burst_focused","fast_chart"],"scales":["sl"]}