{"md5":"f649c932d7df6ba14f3c7c4ef69cce4e","headers":{"title":"Lyrith -迷宮リリス-[INSANE]","artist":"ユメミド","genre":"IRON MAIDEN","playlevel":"0","base_bpm":177.0},"mode":"SP","scope":"playable_only","scaling_mode":"p99_linear","params":{"stream_window_ticks":48,"stream_density_threshold_per_beat":4.0,"peak_window_ticks":192,"peak_min_window_notes":4,"peak_min_window_sec":0.05,"felt_bpm_trigger_eff_bpm":500.0,"felt_bpm_trigger_peak_per_sec":200.0,"felt_bpm_target_peak_per_sec":100.0,"felt_bpm_floor":30.0,"jack_window_ticks":24,"soft_burst_ref":8.0,"soft_freq_ref":0.1,"soft_burst_exp":1.5,"soft_freq_exp":1.5,"chord_time_threshold_ms":16.67,"sp_distraction_min_scratches":3,"dp_distraction_window_sec_min":0.2,"dp_distraction_window_sec_max":0.8,"stream_density_ref_per_sec":40.0,"peak_density_ref_per_sec":70.0,"chord_size_ref":3.5,"ln_simultaneity_ref":0.05,"scratch_density_ref_per_sec":1.5,"scratch_ratio_ref":0.1,"distraction_density_ref":2.0,"distraction_event_ref":0.15},"raw_axes":{"chord":2.402014652014652,"stream":25.52197718342079,"scratch":0.06601878786128201,"soft":0.0,"ln":0.0,"stair":0.19523373052245646,"peak":59.0,"distraction":1.216875},"x_chord":0.624,"x_stream":0.632,"x_scratch":0.16,"x_soft":0.0,"x_ln":0.0,"x_stair":0.593,"x_peak":0.7,"x_distraction":0.328,"submetrics":{"chord":{"chord_rate":0.7298534798534798,"avg_chord_size":3.2910915934755334,"chord_positions":797,"total_positions":1092},"stream":{"stream_coverage":0.9691569568197396,"stream_density_mean":8.92684887459807,"stream_density_mean_per_sec":26.334204180064308,"stream_windows":33,"notes_in_stream":2828,"total_notes":2918,"intervals":[[348,419],[732,803],[888,1103],[1116,1175],[1500,1583],[1692,1775],[1788,1871],[2028,2231],[2244,3887],[3996,4055],[4092,4151],[4188,4247],[4380,4439],[4476,4631],[4764,4847],[4860,4943],[4956,8015],[8028,8399],[8412,10415],[10524,10703],[10716,10799],[10812,10871],[10908,11183],[11196,11255],[11268,11567],[11628,11759],[11772,11831],[11916,12239],[12252,15311],[15324,16943],[16956,17039],[17052,18683],[18768,18851]]},"scratch":{"scratch_ratio":0.05483207676490747,"scratch_positions_ratio":0.14652014652014653,"scratch_with_key_chord_rate":0.95625,"scratch_per_sec":1.2040176436201306,"scratch_burst_max_per_sec":9.0,"scratch_burst_window_sec":1.0,"scratch_notes":160,"scratch_positions":160,"total_notes":2918,"total_positions":1092,"chart_seconds":132.88841807909606},"soft":{"base_bpm":177.0,"intensity":0.0,"up_intensity":0.0,"down_intensity":0.0,"max_intensity":0.0,"max_up_intensity":0.0,"max_down_intensity":0.0,"step_frequency":0.0,"ramp_frequency":0.0,"continuity_beats":0.0,"off_base_note_ratio":0.0,"gimmick_burst_score":0.0,"max_off_base_density_per_beat":0.0,"base_mean_density_per_beat":7.438775510204081,"base_density_source":"on_base","distinct_off_base_bpm_count":0,"bpm_change_events":0,"measure_count":99},"ln":{"ln_ratio":0.0,"ln_hold_time_mean_beats":0.0,"ln_simultaneity_rate":0.0,"ln_simultaneity_weighted":0.0,"ln_count":0,"ln_positions":0,"total_notes":2918},"stair":{"stair_index":0.19523373052245646,"stair_transitions":213,"eligible_transitions":1091},"peak":{"peak_local_max_density":20.0,"peak_local_max_density_per_sec":59.0,"peak_max_chord_size":7,"peak_concentration":0.33858807402330365,"total_notes":2918,"intervals":[[5376,6947],[7380,7667],[8376,9335],[16440,16907],[18444,18719]]},"jack":{"jack_pairs":16,"jack_in_stream_pairs":15,"jack_outside_pairs":1,"pure_jack_per_sec":0.059595959595959556,"flow_break_per_stream_sec":0.12918922206678427,"stream_seconds":116.10875706214689,"non_stream_seconds":16.779661016949163,"chart_seconds":132.88841807909606,"window_ticks":24,"min_region_sec":10.0},"distraction":{"mode_formulation":"SP","qualifying_window_count":6,"qualifying_scratches":151,"qualifying_flow_sec":94.91525423728814,"distract_density":1.590892857142857,"distract_event_per_sec":0.06321428571428571,"scratch_chord_pair_count":257,"chord_time_threshold_sec":0.01667,"min_scratches":3}},"warnings":[],"tags":["chord_heavy","scratch_active","stair_focused","peak_intense","scratch_chord","dense_chart"],"scales":["st"]}