{"md5":"58b853c049822d5440661137041d41a7","headers":{"title":"Beachside Pixel [ANOTHER7]","artist":"E","genre":"Kawaii Future Bass","playlevel":"12","base_bpm":166.0},"mode":"SP","scope":"playable_only","scaling_mode":"p99_linear","params":{"stream_window_ticks":48,"stream_density_threshold_per_beat":4.0,"peak_window_ticks":192,"peak_min_window_notes":4,"peak_min_window_sec":0.05,"felt_bpm_trigger_eff_bpm":500.0,"felt_bpm_trigger_peak_per_sec":200.0,"felt_bpm_target_peak_per_sec":100.0,"felt_bpm_floor":30.0,"jack_window_ticks":24,"soft_burst_ref":8.0,"soft_freq_ref":0.1,"soft_burst_exp":1.5,"soft_freq_exp":1.5,"chord_time_threshold_ms":16.67,"sp_distraction_min_scratches":3,"sp_distraction_bin_sec":0.25,"sp_distraction_t_key":2,"sp_distraction_gap_bins":2,"dp_distraction_window_sec_min":0.2,"dp_distraction_window_sec_max":0.8,"stream_density_ref_per_sec":40.0,"peak_density_ref_per_sec":70.0,"chord_size_ref":3.5,"ln_simultaneity_ref":0.05,"scratch_density_ref_per_sec":1.5,"scratch_ratio_ref":0.1,"distraction_density_ref":2.0,"distraction_event_ref":0.15},"raw_axes":{"chord":2.1134751773049647,"stream":15.973933991741992,"scratch_per_sec":0.4292717967136572,"scratch_burst_max_per_sec":4.0,"scratch_max_run_sec":0.542168674698793,"soft":0.0,"stair":0.17135549872122763,"peak":26.283333333333335,"ln_m1_short_rate_rt":0.001037344398340249,"ln_m2_density_rt":2.550960451977409,"ln_m2_burst_max_rt":76.0,"ln_m3_density_rt":2.550960451977409,"ln_m_concurrent_rt":1.6106194690265494,"adv_hand_imb":0.18681318681318682,"adv_rel_pressure_1beat":0.08791208791208792,"adv_ln_hold_min_beats":0.25,"adv_ln_chord_big_rate":0.19736842105263158,"adv_ln_scatter_cv":0.9707546334867463,"distraction":0.47696866301517465},"x_chord":0.543,"x_stream":0.412,"x_scratch":0.098,"x_soft":0.0,"x_ln":0.88,"x_stair":0.486,"x_peak":0.441,"x_distraction":0.029,"ln_advanced_score":0.701,"submetrics":{"chord":{"chord_rate":0.83451536643026,"avg_chord_size":2.5325779036827196,"chord_positions":353,"total_positions":423},"stream":{"stream_coverage":0.9353448275862069,"stream_density_mean":6.172815533980582,"stream_density_mean_per_sec":17.07812297734628,"stream_windows":43,"notes_in_stream":868,"total_notes":928,"intervals":[[468,528],[636,696],[852,912],[1020,1080],[1236,1296],[1404,1464],[1620,1680],[1788,1848],[1908,1968],[1980,2256],[2268,2352],[2364,2736],[2748,3024],[3036,3120],[3132,4824],[4956,5088],[5136,5316],[5364,5472],[5520,5700],[5748,5856],[5904,6084],[6108,6480],[6600,6852],[6900,7008],[7056,7236],[7284,7392],[7440,7620],[7644,8016],[8028,8160],[8208,8388],[8436,8544],[8592,8772],[8820,8928],[8976,9156],[9204,9312],[9360,9540],[9588,9696],[9744,9912],[9972,10080],[10128,10296],[10356,10464],[10512,10680],[10716,11088]]},"scratch":{"scratch_ratio":0.03734439834024896,"scratch_positions_ratio":0.0851063829787234,"scratch_with_key_chord_rate":0.1388888888888889,"scratch_per_sec":0.4292717967136572,"scratch_burst_max_per_sec":4.0,"scratch_burst_window_sec":1.0,"scratch_max_run_sec":0.542168674698793,"ls_count":27,"ls_per_sec":0.3219538475352429,"ls_complexity_mean":0.4444444444444444,"scratch_notes":36,"scratch_positions":36,"total_notes":964,"total_positions":423,"chart_seconds":83.86295180722891},"soft":{"base_bpm":166.0,"intensity":0.0,"up_intensity":0.0,"down_intensity":0.0,"max_intensity":0.0,"max_up_intensity":0.0,"max_down_intensity":0.0,"step_frequency":0.0,"ramp_frequency":0.0,"continuity_beats":0.0,"off_base_note_ratio":0.0,"gimmick_burst_score":0.0,"max_off_base_density_per_beat":0.0,"base_mean_density_per_beat":4.150862068965517,"base_density_source":"on_base","distinct_off_base_bpm_count":0,"bpm_change_events":1,"measure_count":59},"ln":{"ln_ratio":0.1887966804979253,"ln_hold_time_mean_beats":0.8118131868131868,"ln_simultaneity_rate":0.006224066390041493,"ln_simultaneity_weighted":0.024896265560165973,"ln_count":182,"ln_count_raw":182,"ln_positions":76,"total_notes":964,"m1_short_count_rt":1,"m1_short_rate_rt":0.001037344398340249,"m2_long_count_rt":181,"m2_density_rt":2.550960451977409,"m2_burst_max_rt":76.0,"m3_density_rt":2.550960451977409,"m_concurrent_rt":1.6106194690265494,"total_long_sec":53.31325301204802,"long_active_sec":20.42168674698788,"long_hold_sec_mean":0.29454835918258576,"long_hold_sec_max":0.5421686746988001,"adv_hand_imb":0.18681318681318682,"adv_rel_pressure_1beat":0.08791208791208792,"adv_ln_hold_min_beats":0.25,"adv_ln_chord_big_rate":0.19736842105263158,"adv_ln_scatter_cv":0.9707546334867463},"stair":{"stair_index":0.17135549872122763,"stair_transitions":67,"eligible_transitions":391},"peak":{"peak_local_max_density":9.5,"peak_local_max_density_per_sec":26.283333333333335,"peak_max_chord_size":5,"peak_concentration":0.28125,"total_notes":928,"intervals":[[3444,4812],[6612,6840]]},"jack":{"jack_pairs":17,"jack_in_stream_pairs":13,"jack_outside_pairs":4,"pure_jack_per_sec":0.17843466577091027,"flow_break_per_stream_sec":0.21156862745098043,"stream_seconds":61.44578313253011,"non_stream_seconds":22.4171686746988,"chart_seconds":83.86295180722891,"window_ticks":24,"min_region_sec":10.0},"distraction":{"mode_formulation":"SP","v3_score":0.47696866301517465,"qualifying_intervals":2,"qualifying_flow_sec":79.75,"qualifying_scratches":31,"scratch_chord_pair_count":8,"chord_time_threshold_sec":0.01667,"min_scratches":3,"bin_sec":0.25,"t_key":2,"gap_bins":2}},"warnings":[],"axis_intensities":{"chord":"red","stream":"green","peak":"green","scratch":"green","soft":null,"ln":"red","stair":"yellow","distraction":"green"},"tags":["long_scratch"],"scales":["so"]}