{"md5":"d5d29b974ac89d7a6c75e7e5ac9578fc","headers":{"title":"Death Opera -Luna-","artist":"Irish Kappa / selene.","genre":"Gothic Speedcore","playlevel":"13","base_bpm":450.0},"mode":"SP","scope":"playable_only","scaling_mode":"reference","params":{"stream_window_ticks":48,"stream_density_threshold_per_beat":4.0,"peak_window_ticks":192,"jack_window_ticks":24,"soft_burst_ref":8.0,"soft_freq_ref":0.1,"soft_burst_exp":1.5,"soft_freq_exp":1.5,"chord_time_threshold_ms":16.67,"sp_distraction_min_scratches":3,"dp_distraction_window_sec_min":0.2,"dp_distraction_window_sec_max":0.8,"stream_density_ref_per_sec":40.0,"peak_density_ref_per_sec":70.0,"chord_size_ref":3.5,"ln_simultaneity_ref":0.05,"scratch_density_ref_per_sec":1.5,"scratch_ratio_ref":0.1,"distraction_density_ref":2.0,"distraction_event_ref":0.15},"x_chord":0.3696793002915451,"x_stream":0.2759347310126582,"x_scratch":0.13321827411167508,"x_soft":0.0,"x_ln":0.0,"x_stair":0.18992511912865895,"x_peak":0.42857142857142855,"x_distraction":0.8890876565295163,"submetrics":{"chord":{"chord_rate":0.5931972789115646,"avg_chord_size":2.1811926605504586,"chord_positions":872,"total_positions":1470},"stream":{"stream_coverage":0.358,"stream_density_mean":4.110759493670886,"stream_density_mean_per_sec":30.830696202531644,"stream_windows":153,"notes_in_stream":895,"total_notes":2500,"intervals":[[348,431],[1500,1559],[1692,1775],[1812,1871],[1884,1967],[2652,2735],[3036,3119],[3132,3215],[3228,3311],[3348,3407],[3420,3503],[4188,4271],[4572,4655],[4764,4847],[4956,5039],[5676,5735],[6108,6167],[6492,6575],[7260,7343],[8028,8111],[8796,8879],[9180,9263],[9588,9647],[10332,10415],[10884,10967],[11076,11159],[11988,12071],[12084,12167],[12228,12311],[12420,12503],[12564,12719],[12756,12839],[13380,13463],[14004,14087],[14148,14255],[14532,14663],[14868,14927],[15636,15695],[15708,15791],[16452,16583],[16644,16727],[16812,16871],[16980,17063],[17172,17231],[17244,17327],[17604,17687],[17796,17927],[17940,17999],[18780,18863],[18948,19031],[19092,19151],[19164,19223],[19332,19415],[19476,19559],[19860,19943],[20052,20111],[20148,20231],[20292,20399],[20532,20615],[20628,20711],[20868,20951],[21012,21167],[21252,21335],[21468,21551],[21852,21935],[22164,22247],[23220,23303],[23556,23639],[23892,23951],[23988,24071],[24468,24551],[24660,24743],[24756,24815],[24900,24983],[26232,26315],[27996,28079],[30072,30155],[31836,31895],[32220,32279],[32412,32495],[32604,32687],[32868,32951],[32988,33047],[33300,33431],[33588,33647],[34164,34247],[34260,34343],[34356,34439],[34452,34535],[34548,34631],[34644,34727],[34740,34823],[34908,34991],[35652,35759],[36276,36359],[36420,36527],[36804,36863],[37140,37295],[37596,37679],[37716,37847],[38004,38063],[38436,38519],[38748,38831],[39060,39191],[39204,39287],[39444,39647],[39660,39719],[39876,39983],[40164,40247],[40284,40367],[40380,40463],[40476,40559],[40572,40631],[40668,40751],[40860,40943],[40956,41039],[41052,41135],[41268,41351],[41652,41735],[41820,41903],[41940,42023],[42084,42167],[42204,42287],[42396,42479],[42588,42647],[42852,42935],[42972,43031],[43332,43439],[43500,43583],[43644,43727],[43740,43823],[43836,43919],[43932,44039],[44124,44207],[44244,44327],[44340,44423],[44508,44711],[44724,44831],[44916,44975],[45012,45095],[45108,45191],[45204,45359],[45444,45551],[45660,45743],[45852,45935],[46044,46127],[46260,46319],[46428,46511],[46548,46631],[46644,46727],[46788,46919],[47028,47111],[47124,47279]]},"scratch":{"scratch_ratio":0.0324,"scratch_positions_ratio":0.05510204081632653,"scratch_with_key_chord_rate":0.9876543209876543,"scratch_per_sec":0.6167512690355329,"scratch_burst_max_per_sec":4.0,"scratch_burst_window_sec":1.0,"scratch_notes":81,"scratch_positions":81,"total_notes":2500,"total_positions":1470,"chart_seconds":131.33333333333334},"soft":{"base_bpm":450.0,"intensity":0.0,"up_intensity":0.0,"down_intensity":0.0,"max_intensity":0.0,"max_up_intensity":0.0,"max_down_intensity":0.0,"step_frequency":0.0,"ramp_frequency":0.0,"continuity_beats":0.0,"off_base_note_ratio":0.0,"gimmick_burst_score":0.0,"max_off_base_density_per_beat":0.0,"base_mean_density_per_beat":2.5360406091370558,"base_density_source":"on_base","distinct_off_base_bpm_count":0,"bpm_change_events":0,"measure_count":247},"ln":{"ln_ratio":0.0032,"ln_hold_time_mean_beats":0.0,"ln_simultaneity_rate":0.0,"ln_simultaneity_weighted":0.0,"ln_count":8,"ln_positions":5,"total_notes":2500},"stair":{"stair_index":0.18992511912865895,"stair_transitions":279,"eligible_transitions":1469},"peak":{"peak_local_max_density":4.0,"peak_local_max_density_per_sec":30.0,"peak_max_chord_size":5,"peak_concentration":0.5752,"total_notes":2500,"intervals":[[2988,3503],[5676,5879],[7116,7463],[7884,8231],[8652,8855],[9036,9407],[9588,9791],[10188,10559],[10740,11231],[11844,12983],[13236,13607],[13860,14927],[15636,15935],[16308,18047],[18804,19655],[19716,20807],[20868,21311],[22020,22343],[23844,24095],[24612,24983],[32628,33095],[33156,33527],[33588,33791],[34668,34871],[35508,35879],[36132,36647],[37044,37439],[37452,37895],[38004,38207],[38292,40463],[40908,41255],[41652,42647],[42828,43031],[43188,44063],[44124,44471],[44484,44855],[44892,45623],[45804,46247],[46260,47327]]},"jack":{"jack_pairs":0,"jack_in_stream_pairs":0,"jack_outside_pairs":0,"pure_jack_per_sec":0.0,"flow_break_per_stream_sec":0.0,"stream_seconds":37.03333333333347,"non_stream_seconds":94.29999999999987,"chart_seconds":131.33333333333334,"window_ticks":24,"min_region_sec":10.0},"distraction":{"mode_formulation":"SP","qualifying_window_count":7,"qualifying_scratches":29,"qualifying_flow_sec":18.633333333333365,"distract_density":1.5563506261180653,"distract_event_per_sec":0.3756708407871192,"scratch_chord_pair_count":89,"chord_time_threshold_sec":0.01667,"min_scratches":3}},"warnings":["Unterminated LNOBJ LN on lane P1_KEY1 started at m246 pos0.0; closing at EOF","Unterminated LNOBJ LN on lane P1_KEY3 started at m246 pos0.125; closing at EOF","Unterminated LNOBJ LN on lane P1_KEY5 started at m245 pos0.5; closing at EOF","Unterminated LNOBJ LN on lane P1_SCR started at m246 pos0.0; closing at EOF","Unterminated LNOBJ LN on lane P1_KEY7 started at m246 pos0.0; closing at EOF","Unterminated LNOBJ LN on lane P1_KEY4 started at m246 pos0.25; closing at EOF","Unterminated LNOBJ LN on lane P1_KEY6 started at m246 pos0.25; closing at EOF","Unterminated LNOBJ LN on lane P1_KEY2 started at m245 pos0.75; closing at EOF"],"tags":["distraction_heavy","burst_focused","fast_chart"],"scales":["sl"]}