{"md5":"7737266768187aa7fa4924b5abcf4cf5","headers":{"title":"Edge of bravery","artist":"みーに feat. 初音ミク","genre":"Rock-Core","playlevel":"6","base_bpm":200.0},"mode":"SP","scope":"playable_only","scaling_mode":"p99_linear","params":{"stream_window_ticks":48,"stream_density_threshold_per_beat":4.0,"peak_window_ticks":192,"peak_min_window_notes":4,"peak_min_window_sec":0.05,"felt_bpm_trigger_eff_bpm":500.0,"felt_bpm_trigger_peak_per_sec":200.0,"felt_bpm_target_peak_per_sec":100.0,"felt_bpm_floor":30.0,"jack_window_ticks":24,"soft_burst_ref":8.0,"soft_freq_ref":0.1,"soft_burst_exp":1.5,"soft_freq_exp":1.5,"chord_time_threshold_ms":16.67,"sp_distraction_min_scratches":3,"dp_distraction_window_sec_min":0.2,"dp_distraction_window_sec_max":0.8,"stream_density_ref_per_sec":40.0,"peak_density_ref_per_sec":70.0,"chord_size_ref":3.5,"ln_simultaneity_ref":0.05,"scratch_density_ref_per_sec":1.5,"scratch_ratio_ref":0.1,"distraction_density_ref":2.0,"distraction_event_ref":0.15},"raw_axes":{"chord":2.4480746791131858,"stream":20.752599257746827,"scratch":0.0897305913153271,"soft":0.0,"ln":0.0,"stair":0.18574766355140188,"peak":37.5,"distraction":1.393412956930873},"x_chord":0.636,"x_stream":0.533,"x_scratch":0.214,"x_soft":0.0,"x_ln":0.0,"x_stair":0.564,"x_peak":0.624,"x_distraction":0.368,"submetrics":{"chord":{"chord_rate":0.7164527421236873,"avg_chord_size":3.416938110749186,"chord_positions":614,"total_positions":857},"stream":{"stream_coverage":0.953438701409654,"stream_density_mean":6.529816513761468,"stream_density_mean_per_sec":21.76605504587156,"stream_windows":32,"notes_in_stream":2232,"total_notes":2341,"intervals":[[732,816],[924,1008],[1116,1272],[1308,1656],[1692,1776],[1788,1872],[1884,2136],[2196,3480],[3612,3744],[3804,3888],[3924,3984],[4116,4176],[4188,4272],[4308,4368],[4500,4560],[4596,4656],[4692,4752],[4764,4824],[4884,4944],[4956,5040],[5076,5208],[5244,8472],[8988,12888],[12972,13344],[13356,13728],[13740,14016],[14028,14112],[14124,14688],[14700,16176],[16284,19032],[19116,20376],[20508,20640]]},"scratch":{"scratch_ratio":0.07048269970098249,"scratch_positions_ratio":0.19253208868144692,"scratch_with_key_chord_rate":0.8606060606060606,"scratch_per_sec":1.2730867531465497,"scratch_burst_max_per_sec":7.0,"scratch_burst_window_sec":1.0,"scratch_notes":165,"scratch_positions":165,"total_notes":2341,"total_positions":857,"chart_seconds":129.60625},"soft":{"base_bpm":200.0,"intensity":0.0,"up_intensity":0.0,"down_intensity":0.0,"max_intensity":0.0,"max_up_intensity":0.0,"max_down_intensity":0.0,"step_frequency":0.0,"ramp_frequency":0.0,"continuity_beats":0.0,"off_base_note_ratio":0.0,"gimmick_burst_score":0.0,"max_off_base_density_per_beat":0.0,"base_mean_density_per_beat":5.416666666666667,"base_density_source":"on_base","distinct_off_base_bpm_count":0,"bpm_change_events":0,"measure_count":109},"ln":{"ln_ratio":0.0025630072618539087,"ln_hold_time_mean_beats":1.5,"ln_simultaneity_rate":0.0,"ln_simultaneity_weighted":0.0,"ln_count":6,"ln_positions":2,"total_notes":2341},"stair":{"stair_index":0.18574766355140188,"stair_transitions":159,"eligible_transitions":856},"peak":{"peak_local_max_density":11.25,"peak_local_max_density_per_sec":37.5,"peak_max_chord_size":7,"peak_concentration":0.6168304143528407,"total_notes":2341,"intervals":[[2292,2688],[2700,3072],[3084,3480],[5268,5568],[5748,5952],[6132,6336],[6420,7104],[7284,7872],[8052,8472],[9552,10176],[10356,10560],[10752,10944],[11292,11712],[11796,12168],[12516,12888],[14148,14400],[14868,15384],[15684,16152],[16452,16704],[16896,17124],[17172,17856],[17940,18456],[18660,19032],[19188,19584],[19764,19968],[19980,20400]]},"jack":{"jack_pairs":28,"jack_in_stream_pairs":21,"jack_outside_pairs":7,"pure_jack_per_sec":0.37927531324077096,"flow_break_per_stream_sec":0.18893387314439958,"stream_seconds":111.14999999999993,"non_stream_seconds":18.456250000000054,"chart_seconds":129.60625,"window_ticks":24,"min_region_sec":10.0},"distraction":{"mode_formulation":"SP","qualifying_window_count":8,"qualifying_scratches":150,"qualifying_flow_sec":92.09999999999995,"distract_density":1.6286644951140075,"distract_event_per_sec":0.0868621064060804,"scratch_chord_pair_count":241,"chord_time_threshold_sec":0.01667,"min_scratches":3}},"warnings":[],"tags":["chord_heavy","scratch_active","burst_focused","fast_chart"],"scales":["sl"]}