{"md5":"6f84a91dd3e4dc021016a9bb1e5a8fe7","headers":{"title":"la noche (DEATH LABEL)","artist":"NAGI / obj.:JINSAY","genre":"euro beat","playlevel":"25","base_bpm":172.0},"mode":"SP","scope":"playable_only","scaling_mode":"p99_linear","params":{"stream_window_ticks":48,"stream_density_threshold_per_beat":4.0,"peak_window_ticks":192,"peak_min_window_notes":4,"peak_min_window_sec":0.05,"felt_bpm_trigger_eff_bpm":500.0,"felt_bpm_trigger_peak_per_sec":200.0,"felt_bpm_target_peak_per_sec":100.0,"felt_bpm_floor":30.0,"jack_window_ticks":24,"soft_burst_ref":8.0,"soft_freq_ref":0.1,"soft_burst_exp":1.5,"soft_freq_exp":1.5,"chord_time_threshold_ms":16.67,"sp_distraction_min_scratches":3,"dp_distraction_window_sec_min":0.2,"dp_distraction_window_sec_max":0.8,"stream_density_ref_per_sec":40.0,"peak_density_ref_per_sec":70.0,"chord_size_ref":3.5,"ln_simultaneity_ref":0.05,"scratch_density_ref_per_sec":1.5,"scratch_ratio_ref":0.1,"distraction_density_ref":2.0,"distraction_event_ref":0.15},"raw_axes":{"chord":1.5756808106396454,"stream":28.611604591070247,"scratch":0.003335524857283782,"soft":0.10111282400484065,"ln":0.0,"stair":0.1482889733840304,"peak":50.166666666666664,"distraction":0.44500601684717217},"x_chord":0.397,"x_stream":0.713,"x_scratch":0.008,"x_soft":0.429,"x_ln":0.0,"x_stair":0.437,"x_peak":0.809,"x_distraction":0.118,"submetrics":{"chord":{"chord_rate":0.5332488917036099,"avg_chord_size":2.954869358669834,"chord_positions":842,"total_positions":1579},"stream":{"stream_coverage":0.9531782945736434,"stream_density_mean":10.490956072351421,"stream_density_mean_per_sec":30.01705426356589,"stream_windows":14,"notes_in_stream":3074,"total_notes":3225,"intervals":[[2748,6084],[7356,7440],[7548,13776],[14496,14544],[14808,15048],[15132,15192],[16032,16080],[16200,19896],[20016,20124],[20640,20688],[20952,21204],[21552,21660],[22176,22224],[22728,22944]]},"scratch":{"scratch_ratio":0.014263565891472868,"scratch_positions_ratio":0.029132362254591513,"scratch_with_key_chord_rate":0.9130434782608695,"scratch_per_sec":0.2338492970595695,"scratch_burst_max_per_sec":3.0,"scratch_burst_window_sec":1.0,"scratch_notes":46,"scratch_positions":46,"total_notes":3225,"total_positions":1579,"chart_seconds":196.70788229174028},"soft":{"base_bpm":172.0,"intensity":0.012894469983775013,"up_intensity":0.0,"down_intensity":0.012894469983775013,"max_intensity":0.984375,"max_up_intensity":0.0,"max_down_intensity":0.984375,"step_frequency":0.1693548387096774,"ramp_frequency":0.04838709677419355,"continuity_beats":35.3125,"off_base_note_ratio":0.029147286821705427,"gimmick_burst_score":0.5970471512666782,"max_off_base_density_per_beat":12.0,"base_mean_density_per_beat":7.051801801801802,"base_density_source":"on_base","distinct_off_base_bpm_count":18,"bpm_change_events":21,"measure_count":124},"ln":{"ln_ratio":0.01984496124031008,"ln_hold_time_mean_beats":2.3802032470703125,"ln_simultaneity_rate":0.0,"ln_simultaneity_weighted":0.0,"ln_count":64,"ln_positions":64,"total_notes":3225},"stair":{"stair_index":0.1482889733840304,"stair_transitions":234,"eligible_transitions":1578},"peak":{"peak_local_max_density":17.5,"peak_local_max_density_per_sec":50.166666666666664,"peak_max_chord_size":8,"peak_concentration":0.537984496124031,"total_notes":3225,"intervals":[[2736,3048],[4476,5076],[5532,5868],[9156,10056],[10236,10428],[10524,10968],[11004,11352],[11724,12192],[13500,13740],[16764,17736],[17760,18228],[18276,18888],[18924,19272],[19308,19920]]},"jack":{"jack_pairs":1,"jack_in_stream_pairs":1,"jack_outside_pairs":0,"pure_jack_per_sec":0.0,"flow_break_per_stream_sec":0.009382311794969851,"stream_seconds":106.58353952126501,"non_stream_seconds":90.12434277047527,"chart_seconds":196.70788229174028,"window_ticks":24,"min_region_sec":10.0},"distraction":{"mode_formulation":"SP","qualifying_window_count":3,"qualifying_scratches":46,"qualifying_flow_sec":96.62790697674417,"distract_density":0.4760529482551144,"distract_event_per_sec":0.031046931407942242,"scratch_chord_pair_count":81,"chord_time_threshold_sec":0.01667,"min_scratches":3}},"warnings":["Unterminated LNOBJ LN on lane P1_KEY6 started at m122 pos0.77604167; closing at EOF","Unterminated LNOBJ LN on lane P1_KEY2 started at m122 pos0.60416667; closing at EOF","Unterminated LNOBJ LN on lane P1_KEY5 started at m122 pos0.83333333; closing at EOF","Unterminated LNOBJ LN on lane P1_KEY3 started at m122 pos0.734375; closing at EOF","Unterminated LNOBJ LN on lane P1_KEY4 started at m122 pos0.875; closing at EOF","Unterminated LNOBJ LN on lane P1_KEY1 started at m122 pos0.75; closing at EOF","Unterminated LNOBJ LN on lane P1_KEY7 started at m123 pos0.0; closing at EOF","Unterminated LNOBJ LN on lane P1_SCR started at m106 pos0.75; closing at EOF"],"tags":["stream_heavy","soflan","peak_intense","extreme_burst","big_chord_burst","burst_focused","pure_stream"],"scales":["★★"]}