{"md5":"7600a3199bbade63b070983f51102623","headers":{"title":"Celeste [Atlantis]","artist":"Sigma X3 / yusi","genre":"Annihilation","playlevel":"0","base_bpm":145.0},"mode":"SP","scope":"playable_only","scaling_mode":"p99_linear","params":{"stream_window_ticks":48,"stream_density_threshold_per_beat":4.0,"peak_window_ticks":192,"peak_min_window_notes":4,"peak_min_window_sec":0.05,"felt_bpm_trigger_eff_bpm":500.0,"felt_bpm_trigger_peak_per_sec":200.0,"felt_bpm_target_peak_per_sec":100.0,"felt_bpm_floor":30.0,"jack_window_ticks":24,"soft_burst_ref":8.0,"soft_freq_ref":0.1,"soft_burst_exp":1.5,"soft_freq_exp":1.5,"chord_time_threshold_ms":16.67,"sp_distraction_min_scratches":3,"dp_distraction_window_sec_min":0.2,"dp_distraction_window_sec_max":0.8,"stream_density_ref_per_sec":40.0,"peak_density_ref_per_sec":70.0,"chord_size_ref":3.5,"ln_simultaneity_ref":0.05,"scratch_density_ref_per_sec":1.5,"scratch_ratio_ref":0.1,"distraction_density_ref":2.0,"distraction_event_ref":0.15},"raw_axes":{"chord":0.7496991576413959,"stream":11.156941281185372,"scratch":0.039171903219547145,"soft":0.0,"ln":0.10084033613445378,"stair":0.12891566265060242,"peak":17.520833333333332,"distraction":2.4054001554001543,"pure_jack_raw":0.24516908212560382,"flow_break_raw":0.19128104709883542},"x_chord":0.189,"x_stream":0.278,"x_scratch":0.094,"x_soft":0.0,"x_ln":1.0,"x_stair":0.38,"x_peak":0.283,"x_distraction":0.635,"jack_signal":0.336,"noise_budget":2.065,"submetrics":{"chord":{"chord_rate":0.3176895306859206,"avg_chord_size":2.359848484848485,"chord_positions":264,"total_positions":831},"stream":{"stream_coverage":0.8420168067226891,"stream_density_mean":5.482866043613707,"stream_density_mean_per_sec":13.250259605399792,"stream_windows":38,"notes_in_stream":1002,"total_notes":1190,"intervals":[[1656,1716],[2400,2532],[2760,2820],[2832,2892],[2940,3300],[3312,3384],[3432,3672],[3696,3768],[3936,4044],[4692,4956],[4992,5496],[5532,5724],[5784,5976],[6012,6276],[6300,6360],[6576,7344],[7356,7704],[8604,8820],[8832,9204],[9216,9420],[9672,9996],[10044,10764],[10908,10980],[11160,11304],[11316,11724],[11760,11976],[12084,12420],[12588,12672],[12732,12864],[12924,13008],[13020,13320],[13344,13932],[14064,14592],[14652,14736],[14760,15240],[15252,15348],[15384,15540],[15924,16356]]},"scratch":{"scratch_ratio":0.0680672268907563,"scratch_positions_ratio":0.09747292418772563,"scratch_with_key_chord_rate":0.6419753086419753,"scratch_per_sec":0.5754884547069272,"scratch_burst_max_per_sec":7.0,"scratch_burst_window_sec":1.0,"scratch_notes":81,"scratch_positions":81,"total_notes":1190,"total_positions":831,"chart_seconds":140.75},"soft":{"base_bpm":145.0,"intensity":0.0,"up_intensity":0.0,"down_intensity":0.0,"max_intensity":0.0,"max_up_intensity":0.0,"max_down_intensity":0.0,"step_frequency":0.0,"ramp_frequency":0.0,"continuity_beats":0.0,"off_base_note_ratio":0.0,"gimmick_burst_score":0.0,"max_off_base_density_per_beat":0.0,"base_mean_density_per_beat":3.5164510166358594,"base_density_source":"on_base","distinct_off_base_bpm_count":0,"bpm_change_events":3,"measure_count":86},"ln":{"ln_ratio":0.037815126050420166,"ln_hold_time_mean_beats":1.9166666666666667,"ln_simultaneity_rate":0.10084033613445378,"ln_simultaneity_weighted":0.10084033613445378,"ln_count":45,"ln_positions":44,"total_notes":1190},"stair":{"stair_index":0.12891566265060242,"stair_transitions":107,"eligible_transitions":830},"peak":{"peak_local_max_density":7.25,"peak_local_max_density_per_sec":17.520833333333332,"peak_max_chord_size":4,"peak_concentration":0.45630252100840335,"total_notes":1190,"intervals":[[3444,3660],[5220,5472],[6012,6264],[6756,7080],[7452,7704],[8844,9204],[10140,10788],[11460,11652],[12156,12432],[13080,13296],[13380,13932],[14052,14592],[14772,15240]]},"jack":{"jack_pairs":30,"jack_in_stream_pairs":16,"jack_outside_pairs":14,"pure_jack_per_sec":0.24516908212560382,"flow_break_per_stream_sec":0.19128104709883542,"stream_seconds":83.64655172413792,"non_stream_seconds":57.10344827586208,"chart_seconds":140.75,"window_ticks":24,"min_region_sec":10.0},"distraction":{"mode_formulation":"SP","qualifying_window_count":7,"qualifying_scratches":49,"qualifying_flow_sec":29.586206896551737,"distract_density":1.6561771561771554,"distract_event_per_sec":0.2365967365967365,"scratch_chord_pair_count":52,"chord_time_threshold_sec":0.01667,"min_scratches":3}},"warnings":[],"tags":["ln_chart","distraction_heavy","burst_focused"],"scales":["sl"]}