{"md5":"d67e55f35737d07bdb1b6e574ab8b47c","headers":{"title":"STAGER [7_Success]","artist":"Ras obj.screw","genre":"Tech electro","playlevel":"4","base_bpm":146.0},"mode":"SP","scope":"playable_only","scaling_mode":"reference","params":{"stream_window_ticks":48,"stream_density_threshold_per_beat":4.0,"peak_window_ticks":192,"jack_window_ticks":24,"soft_burst_ref":8.0,"soft_freq_ref":0.1,"soft_burst_exp":1.5,"soft_freq_exp":1.5,"chord_time_threshold_ms":16.67,"sp_distraction_min_scratches":3,"dp_distraction_window_sec_min":0.2,"dp_distraction_window_sec_max":0.8,"stream_density_ref_per_sec":40.0,"peak_density_ref_per_sec":70.0,"chord_size_ref":3.5,"ln_simultaneity_ref":0.05,"scratch_density_ref_per_sec":1.5,"scratch_ratio_ref":0.1,"distraction_density_ref":2.0,"distraction_event_ref":0.15},"x_chord":0.43496801705756927,"x_stream":0.37631830309051284,"x_scratch":0.12730696202227434,"x_soft":0.0020290785083623294,"x_ln":0.0,"x_stair":0.0832443970117396,"x_peak":0.3302380952380952,"x_distraction":0.36729559748427665,"submetrics":{"chord":{"chord_rate":0.6226012793176973,"avg_chord_size":2.4452054794520546,"chord_positions":584,"total_positions":938},"stream":{"stream_coverage":0.952300785634119,"stream_density_mean":6.563424947145878,"stream_density_mean_per_sec":15.806699260042283,"stream_windows":29,"notes_in_stream":1697,"total_notes":1782,"intervals":[[192,275],[348,659],[732,971],[996,1043],[1068,1127],[1188,1355],[1380,1427],[1452,1511],[1536,1583],[1608,1811],[1848,2195],[2232,2591],[2604,2975],[2988,3167],[3228,7955],[7992,8339],[8376,8735],[8748,9119],[9132,9443],[9504,9551],[9732,9827],[9888,9935],[10116,10187],[10272,10319],[10500,10595],[10656,10703],[10824,14387],[14412,15107],[16692,16775]]},"scratch":{"scratch_ratio":0.0409652076318743,"scratch_positions_ratio":0.07782515991471216,"scratch_with_key_chord_rate":0.6575342465753424,"scratch_per_sec":0.46615275271991685,"scratch_burst_max_per_sec":5.0,"scratch_burst_window_sec":1.0,"scratch_notes":73,"scratch_positions":73,"total_notes":1782,"total_positions":938,"chart_seconds":156.60102739726028},"soft":{"base_bpm":146.0,"intensity":0.026936026936026935,"up_intensity":0.0,"down_intensity":0.026936026936026935,"max_intensity":0.5,"max_up_intensity":0.0,"max_down_intensity":0.5,"step_frequency":0.022727272727272728,"ramp_frequency":0.022727272727272728,"continuity_beats":32.0,"off_base_note_ratio":0.05387205387205387,"gimmick_burst_score":0.5641681494661921,"max_off_base_density_per_beat":3.0,"base_mean_density_per_beat":5.317563571850976,"base_density_source":"on_base","distinct_off_base_bpm_count":1,"bpm_change_events":2,"measure_count":88},"ln":{"ln_ratio":0.015151515151515152,"ln_hold_time_mean_beats":0.4652777777777778,"ln_simultaneity_rate":0.0,"ln_simultaneity_weighted":0.0,"ln_count":27,"ln_positions":19,"total_notes":1782},"stair":{"stair_index":0.0832443970117396,"stair_transitions":78,"eligible_transitions":937},"peak":{"peak_local_max_density":9.5,"peak_local_max_density_per_sec":23.116666666666667,"peak_max_chord_size":5,"peak_concentration":0.38496071829405165,"total_notes":1782,"intervals":[[6456,7103],[7116,7487],[7512,7823],[11280,11867],[11916,12635],[12672,13943]]},"jack":{"jack_pairs":11,"jack_in_stream_pairs":11,"jack_outside_pairs":0,"pure_jack_per_sec":0.0,"flow_break_per_stream_sec":0.09149042227444278,"stream_seconds":120.23116438356166,"non_stream_seconds":36.36986301369862,"chart_seconds":156.60102739726028,"window_ticks":24,"min_region_sec":10.0},"distraction":{"mode_formulation":"SP","qualifying_window_count":6,"qualifying_scratches":48,"qualifying_flow_sec":87.12328767123289,"distract_density":0.550943396226415,"distract_event_per_sec":0.06886792452830187,"scratch_chord_pair_count":40,"chord_time_threshold_sec":0.01667,"min_scratches":3}},"warnings":[],"tags":[],"scales":["★"]}