{"md5":"a85ab98b827613c0e9f168fa78f64d38","headers":{"title":"A BEAUTIFUL SKY -OB style- MANIAQ","artist":"recognize m. / helix / blacktrain","genre":"EPIC TRANCE","playlevel":"13","base_bpm":137.0},"mode":"SP","scope":"playable_only","scaling_mode":"p99_linear","params":{"stream_window_ticks":48,"stream_density_threshold_per_beat":4.0,"peak_window_ticks":192,"peak_min_window_notes":4,"felt_bpm_trigger_eff_bpm":500.0,"felt_bpm_trigger_peak_per_sec":200.0,"felt_bpm_target_peak_per_sec":100.0,"felt_bpm_floor":30.0,"jack_window_ticks":24,"soft_burst_ref":8.0,"soft_freq_ref":0.1,"soft_burst_exp":1.5,"soft_freq_exp":1.5,"chord_time_threshold_ms":16.67,"sp_distraction_min_scratches":3,"dp_distraction_window_sec_min":0.2,"dp_distraction_window_sec_max":0.8,"stream_density_ref_per_sec":40.0,"peak_density_ref_per_sec":70.0,"chord_size_ref":3.5,"ln_simultaneity_ref":0.05,"scratch_density_ref_per_sec":1.5,"scratch_ratio_ref":0.1,"distraction_density_ref":2.0,"distraction_event_ref":0.15},"raw_axes":{"chord":1.9809602649006623,"stream":21.159541661707724,"scratch":0.0003532646615860589,"soft":0.0281722695807885,"ln":0.0,"stair":0.1060480530240265,"peak":26.829166666666666,"distraction":0.3159364921168833},"x_chord":0.514,"x_stream":0.525,"x_scratch":0.001,"x_soft":0.328,"x_ln":0.0,"x_stair":0.322,"x_peak":0.326,"x_distraction":0.085,"submetrics":{"chord":{"chord_rate":0.7210264900662252,"avg_chord_size":2.7474167623421355,"chord_positions":871,"total_positions":1208},"stream":{"stream_coverage":0.9758241758241758,"stream_density_mean":9.541516245487365,"stream_density_mean_per_sec":21.683764540713998,"stream_windows":9,"notes_in_stream":2664,"total_notes":2730,"intervals":[[756,4631],[4968,5195],[5340,8471],[10908,13319],[13404,13511],[13524,13703],[13788,13895],[13944,14807],[14940,17699]]},"scratch":{"scratch_ratio":0.004761904761904762,"scratch_positions_ratio":0.01076158940397351,"scratch_with_key_chord_rate":0.6153846153846154,"scratch_per_sec":0.07418557893307236,"scratch_burst_max_per_sec":2.0,"scratch_burst_window_sec":1.0,"scratch_notes":13,"scratch_positions":13,"total_notes":2730,"total_positions":1208,"chart_seconds":175.23621419370667},"soft":{"base_bpm":137.0,"intensity":0.004518595759471672,"up_intensity":0.0,"down_intensity":0.004518595759471672,"max_intensity":0.7518248175182481,"max_up_intensity":0.0,"max_down_intensity":0.7518248175182481,"step_frequency":0.07526881720430108,"ramp_frequency":0.043010752688172046,"continuity_beats":16.0,"off_base_note_ratio":0.008791208791208791,"gimmick_burst_score":0.3742887244304758,"max_off_base_density_per_beat":2.875,"base_mean_density_per_beat":7.667613636363637,"base_density_source":"on_base","distinct_off_base_bpm_count":3,"bpm_change_events":7,"measure_count":93},"ln":{"ln_ratio":0.0,"ln_hold_time_mean_beats":0.0,"ln_simultaneity_rate":0.0,"ln_simultaneity_weighted":0.0,"ln_count":0,"ln_positions":0,"total_notes":2730},"stair":{"stair_index":0.1060480530240265,"stair_transitions":128,"eligible_transitions":1207},"peak":{"peak_local_max_density":11.75,"peak_local_max_density_per_sec":26.829166666666666,"peak_max_chord_size":5,"peak_concentration":0.2875457875457875,"total_notes":2730,"intervals":[[11484,11855],[12420,12647],[12996,13247],[14220,14783],[15132,15503],[15660,16199],[16308,16571],[16848,17675]]},"jack":{"jack_pairs":7,"jack_in_stream_pairs":0,"jack_outside_pairs":7,"pure_jack_per_sec":0.15026142783972787,"flow_break_per_stream_sec":0.0,"stream_seconds":128.6507391277679,"non_stream_seconds":46.585475065938766,"chart_seconds":175.23621419370667,"window_ticks":24,"min_region_sec":10.0},"distraction":{"mode_formulation":"SP","qualifying_window_count":1,"qualifying_scratches":3,"qualifying_flow_sec":25.84907685702018,"distract_density":0.11605830322661019,"distract_event_per_sec":0.03868610107553673,"scratch_chord_pair_count":10,"chord_time_threshold_sec":0.01667,"min_scratches":3}},"warnings":[],"tags":["soflan"],"scales":["★"]}