{"md5":"1fee0ff584eece616c41b6cf8282e496","headers":{"title":"Incoherent -reminiscent of squad-","artist":"dustcloth /obj:spt","genre":"BreakCore","playlevel":"12","base_bpm":210.0},"mode":"SP","scope":"playable_only","scaling_mode":"p99_linear","params":{"stream_window_ticks":48,"stream_density_threshold_per_beat":4.0,"peak_window_ticks":192,"peak_min_window_notes":4,"peak_min_window_sec":0.05,"felt_bpm_trigger_eff_bpm":500.0,"felt_bpm_trigger_peak_per_sec":200.0,"felt_bpm_target_peak_per_sec":100.0,"felt_bpm_floor":30.0,"jack_window_ticks":24,"soft_burst_ref":8.0,"soft_freq_ref":0.1,"soft_burst_exp":1.5,"soft_freq_exp":1.5,"chord_time_threshold_ms":16.67,"sp_distraction_min_scratches":3,"dp_distraction_window_sec_min":0.2,"dp_distraction_window_sec_max":0.8,"stream_density_ref_per_sec":40.0,"peak_density_ref_per_sec":70.0,"chord_size_ref":3.5,"ln_simultaneity_ref":0.05,"scratch_density_ref_per_sec":1.5,"scratch_ratio_ref":0.1,"distraction_density_ref":2.0,"distraction_event_ref":0.15},"raw_axes":{"chord":1.8374384236453203,"stream":15.760484311919047,"scratch":0.11379983106916919,"soft":0.023334992533598803,"ln":0.0,"stair":0.054276315789473686,"peak":33.25,"distraction":2.4006037735849053},"x_chord":0.463,"x_stream":0.393,"x_scratch":0.272,"x_soft":0.099,"x_ln":0.0,"x_stair":0.16,"x_peak":0.536,"x_distraction":0.634,"submetrics":{"chord":{"chord_rate":0.6420361247947455,"avg_chord_size":2.8618925831202047,"chord_positions":391,"total_positions":609},"stream":{"stream_coverage":0.8085265519820494,"stream_density_mean":5.812589413447783,"stream_density_mean_per_sec":19.492846924177396,"stream_windows":26,"notes_in_stream":1081,"total_notes":1337,"intervals":[[1572,1632],[1644,1752],[1764,1824],[1836,1896],[1908,2016],[2028,2088],[2100,2496],[2556,2616],[2652,3216],[3960,4068],[4728,6168],[6636,6696],[6804,6864],[6972,7656],[7668,7944],[7980,8472],[8484,10200],[10380,10584],[12276,12408],[12420,12600],[12612,12792],[12804,12984],[12996,13176],[13188,13368],[13380,13560],[13572,15408]]},"scratch":{"scratch_ratio":0.09199700822737472,"scratch_positions_ratio":0.2019704433497537,"scratch_with_key_chord_rate":0.8455284552845529,"scratch_per_sec":1.236994911703083,"scratch_burst_max_per_sec":8.0,"scratch_burst_window_sec":1.0,"scratch_notes":123,"scratch_positions":123,"total_notes":1337,"total_positions":609,"chart_seconds":99.43452380952381},"soft":{"base_bpm":210.0,"intensity":0.04113687359760658,"up_intensity":0.0,"down_intensity":0.04113687359760658,"max_intensity":0.5,"max_up_intensity":0.0,"max_down_intensity":0.5,"step_frequency":0.024390243902439025,"ramp_frequency":0.024390243902439025,"continuity_beats":27.5,"off_base_note_ratio":0.08227374719521316,"gimmick_burst_score":0.956734693877551,"max_off_base_density_per_beat":4.0,"base_mean_density_per_beat":4.180887372013652,"base_density_source":"on_base","distinct_off_base_bpm_count":1,"bpm_change_events":3,"measure_count":82},"ln":{"ln_ratio":0.0,"ln_hold_time_mean_beats":0.0,"ln_simultaneity_rate":0.0,"ln_simultaneity_weighted":0.0,"ln_count":0,"ln_positions":0,"total_notes":1337},"stair":{"stair_index":0.054276315789473686,"stair_transitions":33,"eligible_transitions":608},"peak":{"peak_local_max_density":9.5,"peak_local_max_density_per_sec":33.25,"peak_max_chord_size":6,"peak_concentration":0.36200448765893795,"total_notes":1337,"intervals":[[7308,7512],[7692,7896],[8028,8280],[8460,9456],[9564,9840],[13740,14028],[14280,14796],[14808,15432]]},"jack":{"jack_pairs":44,"jack_in_stream_pairs":15,"jack_outside_pairs":29,"pure_jack_per_sec":0.7660377358490572,"flow_break_per_stream_sec":0.2435959400676654,"stream_seconds":61.577380952380985,"non_stream_seconds":37.857142857142826,"chart_seconds":99.43452380952381,"window_ticks":24,"min_region_sec":10.0},"distraction":{"mode_formulation":"SP","qualifying_window_count":7,"qualifying_scratches":96,"qualifying_flow_sec":39.43452380952382,"distract_density":2.4344150943396223,"distract_event_per_sec":0.17750943396226412,"scratch_chord_pair_count":124,"chord_time_threshold_sec":0.01667,"min_scratches":3}},"warnings":[],"tags":["scratch_active","distraction_heavy","jack_chart","fast_chart"],"scales":["★"]}