{"md5":"88c98122524880f26acd61ace9e77afc","headers":{"title":"1913 Schneider","artist":"自由落下(FreeFall)","genre":"In Honor of Aram Khachaturyan","playlevel":"23","base_bpm":182.0},"mode":"SP","scope":"playable_only","scaling_mode":"p99_linear","params":{"stream_window_ticks":48,"stream_density_threshold_per_beat":4.0,"peak_window_ticks":192,"peak_min_window_notes":4,"peak_min_window_sec":0.05,"felt_bpm_trigger_eff_bpm":500.0,"felt_bpm_trigger_peak_per_sec":200.0,"felt_bpm_target_peak_per_sec":100.0,"felt_bpm_floor":30.0,"jack_window_ticks":24,"soft_burst_ref":8.0,"soft_freq_ref":0.1,"soft_burst_exp":1.5,"soft_freq_exp":1.5,"chord_time_threshold_ms":16.67,"sp_distraction_min_scratches":3,"sp_distraction_bin_sec":0.25,"sp_distraction_t_key":2,"sp_distraction_gap_bins":2,"dp_distraction_window_sec_min":0.2,"dp_distraction_window_sec_max":0.8,"stream_density_ref_per_sec":40.0,"peak_density_ref_per_sec":70.0,"chord_size_ref":3.5,"ln_simultaneity_ref":0.05,"scratch_density_ref_per_sec":1.5,"scratch_ratio_ref":0.1,"distraction_density_ref":2.0,"distraction_event_ref":0.15},"raw_axes":{"chord":1.2262569832402235,"stream":25.29958852298455,"scratch_per_sec":0.30692541385082767,"scratch_burst_max_per_sec":3.0,"scratch_max_run_sec":0.4927884615384812,"soft":0.0,"stair":0.07600281491907107,"peak":40.19166666666667,"ln_m1_short_rate_rt":0.0,"ln_m2_density_rt":27.39784946236545,"ln_m2_burst_max_rt":186.0,"ln_m3_density_rt":27.39784946236545,"ln_m_concurrent_rt":2.3695652173913055,"adv_hand_imb":0.18181818181818182,"adv_rel_pressure_1beat":0.5909090909090909,"adv_ln_hold_min_beats":1.0,"adv_ln_chord_big_rate":0.25,"adv_ln_scatter_cv":1.6908474443583714,"distraction":1.7964163928327856},"x_chord":0.315,"x_stream":0.653,"x_scratch":0.073,"x_soft":0.0,"x_ln":0.839,"x_stair":0.215,"x_peak":0.674,"x_distraction":0.11,"ln_advanced_score":0.705,"submetrics":{"chord":{"chord_rate":0.4490223463687151,"avg_chord_size":2.7309486780715395,"chord_positions":643,"total_positions":1432},"stream":{"stream_coverage":0.9900438072481084,"stream_density_mean":8.424398625429554,"stream_density_mean_per_sec":25.554009163802977,"stream_windows":18,"notes_in_stream":2486,"total_notes":2511,"intervals":[[348,636],[672,828],[912,1080],[1104,3552],[3564,3768],[3780,4080],[4176,7908],[7968,8028],[8064,8148],[8160,8532],[8544,9636],[10032,10116],[10224,10308],[10320,13668],[13680,13764],[13824,13908],[13968,14052],[14124,16164]]},"scratch":{"scratch_ratio":0.013359528487229863,"scratch_positions_ratio":0.023743016759776536,"scratch_with_key_chord_rate":0.7058823529411765,"scratch_per_sec":0.30692541385082767,"scratch_burst_max_per_sec":3.0,"scratch_burst_window_sec":1.0,"scratch_max_run_sec":0.4927884615384812,"ls_count":0,"ls_per_sec":0.0,"ls_complexity_mean":0.0,"scratch_notes":34,"scratch_positions":34,"total_notes":2545,"total_positions":1432,"chart_seconds":110.7760989010989},"soft":{"base_bpm":182.0,"intensity":0.0,"up_intensity":0.0,"down_intensity":0.0,"max_intensity":0.0,"max_up_intensity":0.0,"max_down_intensity":0.0,"step_frequency":0.0,"ramp_frequency":0.0,"continuity_beats":0.0,"off_base_note_ratio":0.0,"gimmick_burst_score":0.0,"max_off_base_density_per_beat":0.0,"base_mean_density_per_beat":7.565476190476191,"base_density_source":"on_base","distinct_off_base_bpm_count":0,"bpm_change_events":0,"measure_count":83},"ln":{"ln_ratio":0.008644400785854617,"ln_hold_time_mean_beats":1.7613636363636365,"ln_simultaneity_rate":0.00550098231827112,"ln_simultaneity_weighted":0.01100196463654224,"ln_count":22,"ln_count_raw":22,"ln_positions":8,"total_notes":2545,"m1_short_count_rt":0,"m1_short_rate_rt":0.0,"m2_long_count_rt":22,"m2_density_rt":27.39784946236545,"m2_burst_max_rt":186.0,"m3_density_rt":27.39784946236545,"m_concurrent_rt":2.3695652173913055,"total_long_sec":12.774725274725341,"long_active_sec":3.7912087912088097,"long_hold_sec_mean":0.5806693306693337,"long_hold_sec_max":1.1950549450549488,"adv_hand_imb":0.18181818181818182,"adv_rel_pressure_1beat":0.5909090909090909,"adv_ln_hold_min_beats":1.0,"adv_ln_chord_big_rate":0.25,"adv_ln_scatter_cv":1.6908474443583714},"stair":{"stair_index":0.07600281491907107,"stair_transitions":108,"eligible_transitions":1421},"peak":{"peak_local_max_density":13.25,"peak_local_max_density_per_sec":40.19166666666667,"peak_max_chord_size":6,"peak_concentration":0.3950617283950617,"total_notes":2511,"intervals":[[2388,2700],[3156,3468],[5076,5484],[5856,6252],[8244,8436],[9396,9600],[10908,11256],[11604,11952],[12384,12720],[13428,13644],[14316,14688],[14964,15336],[15732,16140]]},"jack":{"jack_pairs":77,"jack_in_stream_pairs":76,"jack_outside_pairs":1,"pure_jack_per_sec":0.0,"flow_break_per_stream_sec":0.7539415411868912,"stream_seconds":100.80357142857142,"non_stream_seconds":9.972527472527489,"chart_seconds":110.7760989010989,"window_ticks":24,"min_region_sec":10.0},"distraction":{"mode_formulation":"SP","v3_score":1.7964163928327856,"qualifying_intervals":3,"qualifying_flow_sec":105.25,"qualifying_scratches":34,"scratch_chord_pair_count":17,"chord_time_threshold_sec":0.01667,"min_scratches":3,"bin_sec":0.25,"t_key":2,"gap_bins":2}},"warnings":[],"axis_intensities":{"chord":"green","stream":"red","peak":"red","scratch":"green","soft":null,"ln":"red","stair":"green","distraction":"yellow"},"tags":["flow_break","dense_chart"],"scales":["st"]}