{"md5":"b22f2eb89fa8924dededeb6d6a4d8c7d","headers":{"title":"ヒュブリスの頂に聳えるのは","artist":"qfeileadh feat.のあ","genre":"Progressive Electro Fusion","playlevel":"16","base_bpm":158.0},"mode":"SP","scope":"playable_only","scaling_mode":"p99_linear","params":{"stream_window_ticks":48,"stream_density_threshold_per_beat":4.0,"peak_window_ticks":192,"peak_min_window_notes":4,"felt_bpm_trigger_eff_bpm":500.0,"felt_bpm_trigger_peak_per_sec":200.0,"felt_bpm_target_peak_per_sec":100.0,"felt_bpm_floor":30.0,"jack_window_ticks":24,"soft_burst_ref":8.0,"soft_freq_ref":0.1,"soft_burst_exp":1.5,"soft_freq_exp":1.5,"chord_time_threshold_ms":16.67,"sp_distraction_min_scratches":3,"dp_distraction_window_sec_min":0.2,"dp_distraction_window_sec_max":0.8,"stream_density_ref_per_sec":40.0,"peak_density_ref_per_sec":70.0,"chord_size_ref":3.5,"ln_simultaneity_ref":0.05,"scratch_density_ref_per_sec":1.5,"scratch_ratio_ref":0.1,"distraction_density_ref":2.0,"distraction_event_ref":0.15},"raw_axes":{"chord":1.8398523985239854,"stream":24.138752189111877,"scratch":0.011803294074102235,"soft":0.0,"ln":0.003977461054027179,"stair":0.19497784342688332,"peak":166.55833333333334,"distraction":1.1278423772609825},"x_chord":0.478,"x_stream":0.598,"x_scratch":0.029,"x_soft":0.0,"x_ln":0.063,"x_stair":0.592,"x_peak":1.0,"x_distraction":0.304,"submetrics":{"chord":{"chord_rate":0.6132841328413284,"avg_chord_size":3,"chord_positions":831,"total_positions":1355},"stream":{"stream_coverage":0.9632084852502486,"stream_density_mean":9.51675041876047,"stream_density_mean_per_sec":25.0607761027359,"stream_windows":52,"notes_in_stream":2906,"total_notes":3017,"intervals":[[156,419],[504,683],[696,851],[876,959],[1020,1967],[2460,2543],[2652,2735],[3228,3311],[3420,3503],[3996,4079],[4560,4631],[4716,5039],[5112,5303],[5316,6959],[7056,7343],[7428,7607],[7632,7799],[7836,7895],[7932,8099],[8196,9071],[9564,9647],[9756,9839],[10332,10415],[10524,13463],[27612,27887],[27996,28079],[28188,28271],[28380,28463],[28572,28655],[28764,28847],[28968,29591],[29724,29807],[43548,45143],[50076,52835],[52848,53039],[53148,53231],[53340,53423],[53532,53615],[53724,53807],[53916,53999],[54108,54191],[54300,54383],[54492,54575],[54684,54767],[54876,54959],[55068,55151],[55260,55343],[55452,55535],[55644,55727],[55836,55919],[56028,56111],[56220,56495]]},"scratch":{"scratch_ratio":0.04176334106728538,"scratch_positions_ratio":0.0929889298892989,"scratch_with_key_chord_rate":0.9603174603174603,"scratch_per_sec":0.2826233192187813,"scratch_burst_max_per_sec":20.0,"scratch_burst_window_sec":1.0,"scratch_notes":126,"scratch_positions":126,"total_notes":3017,"total_positions":1355,"chart_seconds":445.8230847627341},"soft":{"base_bpm":158.0,"intensity":0.0,"up_intensity":0.0,"down_intensity":0.0,"max_intensity":6329.113924050633,"max_up_intensity":6329.113924050633,"max_down_intensity":0.0,"step_frequency":0.006779661016949152,"ramp_frequency":0.006779661016949152,"continuity_beats":5.0,"off_base_note_ratio":0.0,"gimmick_burst_score":0.0,"max_off_base_density_per_beat":0.0,"base_mean_density_per_beat":2.56984667802385,"base_density_source":"on_base","distinct_off_base_bpm_count":1,"bpm_change_events":2,"measure_count":295},"ln":{"ln_ratio":0.005634736493205171,"ln_hold_time_mean_beats":16.982843137254903,"ln_simultaneity_rate":0.003977461054027179,"ln_simultaneity_weighted":0.003977461054027179,"ln_count":17,"ln_positions":10,"total_notes":3017},"stair":{"stair_index":0.19497784342688332,"stair_transitions":264,"eligible_transitions":1354},"peak":{"peak_local_max_density":63.25,"peak_local_max_density_per_sec":166.55833333333334,"peak_max_chord_size":6,"peak_concentration":0.6430228704010607,"total_notes":3017,"intervals":[[60,503],[1572,1943],[5676,6419],[7080,7307],[10560,12515],[12636,13439],[27504,27971],[44124,44315],[50268,52847]]},"jack":{"jack_pairs":24,"jack_in_stream_pairs":23,"jack_outside_pairs":1,"pure_jack_per_sec":0.0031948205154065388,"flow_break_per_stream_sec":0.17317131284250667,"stream_seconds":132.81645569620244,"non_stream_seconds":313.0066290665317,"chart_seconds":445.8230847627341,"window_ticks":24,"min_region_sec":10.0},"distraction":{"mode_formulation":"SP","qualifying_window_count":9,"qualifying_scratches":101,"qualifying_flow_sec":97.97468354430374,"distract_density":1.0308785529715767,"distract_event_per_sec":0.09186046511627911,"scratch_chord_pair_count":238,"chord_time_threshold_sec":0.01667,"min_scratches":3}},"warnings":[],"tags":["stair_focused","peak_intense","scratch_burst","visual_gimmick","burst_focused"],"scales":["sl"]}