{"md5":"79a13c610b502e1ad2c6fb3bd1e77549","headers":{"title":"Lacrimosa","artist":"Abel & RiraN","genre":"Requiem","playlevel":"0","base_bpm":222.0},"mode":"SP","scope":"playable_only","scaling_mode":"p99_linear","params":{"stream_window_ticks":48,"stream_density_threshold_per_beat":4.0,"peak_window_ticks":192,"peak_min_window_notes":4,"peak_min_window_sec":0.05,"felt_bpm_trigger_eff_bpm":500.0,"felt_bpm_trigger_peak_per_sec":200.0,"felt_bpm_target_peak_per_sec":100.0,"felt_bpm_floor":30.0,"jack_window_ticks":24,"soft_burst_ref":8.0,"soft_freq_ref":0.1,"soft_burst_exp":1.5,"soft_freq_exp":1.5,"chord_time_threshold_ms":16.67,"sp_distraction_min_scratches":3,"sp_distraction_bin_sec":0.25,"sp_distraction_t_key":2,"sp_distraction_gap_bins":2,"dp_distraction_window_sec_min":0.2,"dp_distraction_window_sec_max":0.8,"stream_density_ref_per_sec":40.0,"peak_density_ref_per_sec":70.0,"chord_size_ref":3.5,"ln_simultaneity_ref":0.05,"scratch_density_ref_per_sec":1.5,"scratch_ratio_ref":0.1,"distraction_density_ref":2.0,"distraction_event_ref":0.15},"raw_axes":{"chord":2.9241573033707864,"stream":31.508561971779898,"scratch_per_sec":0.20324672572373162,"scratch_burst_max_per_sec":4.0,"scratch_max_run_sec":1.0810810810810807,"soft":0.0,"stair":0.22264150943396227,"peak":52.724999999999994,"ln_m1_short_rate_rt":0.0,"ln_m2_density_rt":0.0,"ln_m2_burst_max_rt":0.0,"ln_m3_density_rt":0.0,"ln_m_concurrent_rt":4.285714285714276,"adv_hand_imb":0.45454545454545453,"adv_rel_pressure_1beat":0.3181818181818182,"adv_ln_hold_min_beats":1.5,"adv_ln_chord_big_rate":1.0,"adv_ln_scatter_cv":0.0,"distraction":1.076454880684949},"x_chord":0.751,"x_stream":0.813,"x_scratch":0.09,"x_soft":0.0,"x_ln":0.53,"x_stair":0.631,"x_peak":0.884,"x_distraction":0.066,"ln_advanced_score":0.62,"submetrics":{"chord":{"chord_rate":0.6966292134831461,"avg_chord_size":4.19758064516129,"chord_positions":744,"total_positions":1068},"stream":{"stream_coverage":0.954093567251462,"stream_density_mean":8.925568573397657,"stream_density_mean_per_sec":33.02460372157133,"stream_windows":42,"notes_in_stream":3263,"total_notes":3420,"intervals":[[564,696],[756,888],[948,1080],[1140,1272],[1308,3492],[3612,8208],[8220,10176],[10524,10608],[10620,10704],[10716,10800],[10812,10896],[10908,10992],[11004,11088],[11100,11184],[11196,11280],[11292,11376],[11388,11472],[11484,11568],[11580,11664],[11676,11760],[11772,11856],[11868,11952],[11964,12048],[12060,12144],[12156,12240],[12252,12336],[12348,12528],[12540,12624],[12636,12912],[12924,13008],[13020,13104],[13116,13296],[13308,13392],[13404,13680],[15132,16560],[16572,16752],[16860,16944],[17052,17136],[17244,17328],[17340,19704],[19740,21144],[21276,22692]]},"scratch":{"scratch_ratio":0.007832898172323759,"scratch_positions_ratio":0.025280898876404494,"scratch_with_key_chord_rate":0.7407407407407407,"scratch_per_sec":0.20324672572373162,"scratch_burst_max_per_sec":4.0,"scratch_burst_window_sec":1.0,"scratch_max_run_sec":1.0810810810810807,"ls_count":1,"ls_per_sec":0.0075276565082863555,"ls_complexity_mean":0,"scratch_notes":27,"scratch_positions":27,"total_notes":3447,"total_positions":1068,"chart_seconds":132.84346846846847},"soft":{"base_bpm":222.0,"intensity":0.0,"up_intensity":0.0,"down_intensity":0.0,"max_intensity":0.0,"max_up_intensity":0.0,"max_down_intensity":0.0,"step_frequency":0.0,"ramp_frequency":0.0,"continuity_beats":0.0,"off_base_note_ratio":0.0,"gimmick_burst_score":0.0,"max_off_base_density_per_beat":0.0,"base_mean_density_per_beat":7.0111902339776195,"base_density_source":"on_base","distinct_off_base_bpm_count":0,"bpm_change_events":0,"measure_count":123},"ln":{"ln_ratio":0.00841311285175515,"ln_hold_time_mean_beats":1.9137931034482758,"ln_simultaneity_rate":0.0,"ln_simultaneity_weighted":0.0,"ln_count":29,"ln_count_raw":29,"ln_positions":11,"total_notes":3447,"m1_short_count_rt":0,"m1_short_rate_rt":0.0,"m2_long_count_rt":22,"m2_density_rt":0.0,"m2_burst_max_rt":0.0,"m3_density_rt":0.0,"m_concurrent_rt":4.285714285714276,"total_long_sec":14.9999999999999,"long_active_sec":2.8378378378378244,"long_hold_sec_mean":0.6818181818181773,"long_hold_sec_max":0.8108108108108212,"adv_hand_imb":0.45454545454545453,"adv_rel_pressure_1beat":0.3181818181818182,"adv_ln_hold_min_beats":1.5,"adv_ln_chord_big_rate":1.0,"adv_ln_scatter_cv":0.0},"stair":{"stair_index":0.22264150943396227,"stair_transitions":236,"eligible_transitions":1060},"peak":{"peak_local_max_density":14.25,"peak_local_max_density_per_sec":52.724999999999994,"peak_max_chord_size":7,"peak_concentration":0.40380116959064327,"total_notes":3420,"intervals":[[6684,7416],[7428,7800],[8448,9120],[9312,9528],[17436,17832],[18120,18336],[18852,19152],[19272,19680],[20412,20712],[20916,21120],[21300,22668]]},"jack":{"jack_pairs":4,"jack_in_stream_pairs":2,"jack_outside_pairs":2,"pure_jack_per_sec":0.07998198603918044,"flow_break_per_stream_sec":0.018546365914786964,"stream_seconds":107.83783783783787,"non_stream_seconds":25.005630630630606,"chart_seconds":132.84346846846847,"window_ticks":24,"min_region_sec":10.0},"distraction":{"mode_formulation":"SP","v3_score":1.076454880684949,"qualifying_intervals":3,"qualifying_flow_sec":120.0,"qualifying_scratches":23,"scratch_chord_pair_count":43,"chord_time_threshold_sec":0.01667,"min_scratches":3,"bin_sec":0.25,"t_key":2,"gap_bins":2}},"warnings":["Unterminated LNOBJ LN on lane P1_SCR started at m119 pos0.0; closing at EOF","Unterminated LNOBJ LN on lane P1_KEY1 started at m121 pos0.875; closing at EOF","Unterminated LNOBJ LN on lane P1_KEY2 started at m117 pos0.9375; closing at EOF","Unterminated LNOBJ LN on lane P1_KEY3 started at m122 pos0.625; closing at EOF","Unterminated LNOBJ LN on lane P1_KEY4 started at m122 pos0.375; closing at EOF","Unterminated LNOBJ LN on lane P1_KEY5 started at m122 pos0.75; closing at EOF","Unterminated LNOBJ LN on lane P1_KEY6 started at m122 pos0.125; closing at EOF","Unterminated LNOBJ LN on lane P1_KEY7 started at m122 pos0.875; closing at EOF"],"axis_intensities":{"chord":"red","stream":"red","peak":"red","scratch":"green","soft":null,"ln":"green","stair":"red","distraction":"green"},"tags":["dense_chart"],"scales":["sn"]}