{"md5":"9b3833fcafc77222b212d4c79a728874","headers":{"title":"Rainy [Mood]","artist":"Yu^ta / Obj. Z_N","genre":"Instrumental","playlevel":"11","base_bpm":218.0},"mode":"SP","scope":"playable_only","scaling_mode":"p99_linear","params":{"stream_window_ticks":48,"stream_density_threshold_per_beat":4.0,"peak_window_ticks":192,"peak_min_window_notes":4,"peak_min_window_sec":0.05,"felt_bpm_trigger_eff_bpm":500.0,"felt_bpm_trigger_peak_per_sec":200.0,"felt_bpm_target_peak_per_sec":100.0,"felt_bpm_floor":30.0,"jack_window_ticks":24,"soft_burst_ref":8.0,"soft_freq_ref":0.1,"soft_burst_exp":1.5,"soft_freq_exp":1.5,"chord_time_threshold_ms":16.67,"sp_distraction_min_scratches":3,"dp_distraction_window_sec_min":0.2,"dp_distraction_window_sec_max":0.8,"stream_density_ref_per_sec":40.0,"peak_density_ref_per_sec":70.0,"chord_size_ref":3.5,"ln_simultaneity_ref":0.05,"scratch_density_ref_per_sec":1.5,"scratch_ratio_ref":0.1,"distraction_density_ref":2.0,"distraction_event_ref":0.15},"raw_axes":{"chord":0.5599173553719009,"stream":13.041582517200933,"scratch":0.0015431585340560225,"soft":0.0,"ln":0.0,"stair":0.09410548086866598,"peak":18.166666666666664,"distraction":1.1771547248182763},"x_chord":0.141,"x_stream":0.325,"x_scratch":0.004,"x_soft":0.0,"x_ln":0.0,"x_stair":0.277,"x_peak":0.293,"x_distraction":0.311,"submetrics":{"chord":{"chord_rate":0.2396694214876033,"avg_chord_size":2.336206896551724,"chord_positions":232,"total_positions":968},"stream":{"stream_coverage":0.8255086071987481,"stream_density_mean":4.348139255702281,"stream_density_mean_per_sec":15.798239295718286,"stream_windows":35,"notes_in_stream":1055,"total_notes":1278,"intervals":[[180,252],[312,396],[456,564],[912,996],[1020,1068],[1356,1404],[1452,1716],[1740,1848],[1860,1908],[2028,2220],[2316,2664],[2676,3240],[3252,3528],[3540,4224],[4236,4800],[4812,5376],[5388,5676],[5760,5832],[5844,7128],[9324,9516],[9576,9660],[9720,9852],[9864,9960],[10200,10284],[10440,10704],[10716,10848],[10860,11004],[11016,11280],[11292,11436],[11472,11580],[11592,14028],[14640,14700],[15216,15276],[15792,15852],[16428,18768]]},"scratch":{"scratch_ratio":0.011737089201877934,"scratch_positions_ratio":0.015495867768595042,"scratch_with_key_chord_rate":0.9333333333333333,"scratch_per_sec":0.13147710710157312,"scratch_burst_max_per_sec":2.0,"scratch_burst_window_sec":1.0,"scratch_notes":15,"scratch_positions":15,"total_notes":1278,"total_positions":968,"chart_seconds":114.08830275229357},"soft":{"base_bpm":218.0,"intensity":0.0,"up_intensity":0.0,"down_intensity":0.0,"max_intensity":0.0,"max_up_intensity":0.0,"max_down_intensity":0.0,"step_frequency":0.0,"ramp_frequency":0.0,"continuity_beats":0.0,"off_base_note_ratio":0.0,"gimmick_burst_score":0.0,"max_off_base_density_per_beat":0.0,"base_mean_density_per_beat":3.080820265379976,"base_density_source":"on_base","distinct_off_base_bpm_count":0,"bpm_change_events":0,"measure_count":138},"ln":{"ln_ratio":0.0,"ln_hold_time_mean_beats":0.0,"ln_simultaneity_rate":0.0,"ln_simultaneity_weighted":0.0,"ln_count":0,"ln_positions":0,"total_notes":1278},"stair":{"stair_index":0.09410548086866598,"stair_transitions":91,"eligible_transitions":967},"peak":{"peak_local_max_density":5.0,"peak_local_max_density_per_sec":18.166666666666664,"peak_max_chord_size":4,"peak_concentration":0.37715179968701096,"total_notes":1278,"intervals":[[2316,2568],[2892,3096],[3456,4248],[5856,6096],[6924,7116],[10464,10668],[10884,11244],[11508,12816],[16548,16848],[17112,18000],[18264,18768]]},"jack":{"jack_pairs":10,"jack_in_stream_pairs":1,"jack_outside_pairs":9,"pure_jack_per_sec":0.20660787152823493,"flow_break_per_stream_sec":0.014178861788617884,"stream_seconds":70.52752293577983,"non_stream_seconds":43.560779816513744,"chart_seconds":114.08830275229357,"window_ticks":24,"min_region_sec":10.0},"distraction":{"mode_formulation":"SP","qualifying_window_count":1,"qualifying_scratches":4,"qualifying_flow_sec":7.362385321100916,"distract_density":0.5433021806853583,"distract_event_per_sec":0.13582554517133957,"scratch_chord_pair_count":5,"chord_time_threshold_sec":0.01667,"min_scratches":3}},"warnings":[],"tags":["fast_chart"],"scales":["sl"]}