{"md5":"4892ab3dc15868eabba8e1c704e78fcb","headers":{"title":"+84","artist":"はがね","genre":"Drumnbass","playlevel":"24","base_bpm":180.0},"mode":"SP","scope":"playable_only","scaling_mode":"p99_linear","params":{"stream_window_ticks":48,"stream_density_threshold_per_beat":4.0,"peak_window_ticks":192,"peak_min_window_notes":4,"peak_min_window_sec":0.05,"felt_bpm_trigger_eff_bpm":500.0,"felt_bpm_trigger_peak_per_sec":200.0,"felt_bpm_target_peak_per_sec":100.0,"felt_bpm_floor":30.0,"jack_window_ticks":24,"soft_burst_ref":8.0,"soft_freq_ref":0.1,"soft_burst_exp":1.5,"soft_freq_exp":1.5,"chord_time_threshold_ms":16.67,"sp_distraction_min_scratches":3,"sp_distraction_bin_sec":0.25,"sp_distraction_t_key":2,"sp_distraction_gap_bins":2,"dp_distraction_window_sec_min":0.2,"dp_distraction_window_sec_max":0.8,"stream_density_ref_per_sec":40.0,"peak_density_ref_per_sec":70.0,"chord_size_ref":3.5,"ln_simultaneity_ref":0.05,"scratch_density_ref_per_sec":1.5,"scratch_ratio_ref":0.1,"distraction_density_ref":2.0,"distraction_event_ref":0.15},"raw_axes":{"chord":1.1766522544780729,"stream":28.607913157538476,"scratch_per_sec":1.1216587279349957,"scratch_burst_max_per_sec":8.0,"scratch_max_run_sec":1.8333333333333286,"soft":0.0,"stair":0.17721518987341772,"peak":46.5,"ln_m1_short_rate_rt":0.0,"ln_m2_density_rt":0.0,"ln_m2_burst_max_rt":0.0,"ln_m3_density_rt":0.0,"ln_m_concurrent_rt":0.0,"adv_hand_imb":0.0,"adv_rel_pressure_1beat":0.0,"adv_ln_hold_min_beats":0.0,"adv_ln_chord_big_rate":0.0,"adv_ln_scatter_cv":0.0,"distraction":4.744858503782572},"x_chord":0.302,"x_stream":0.738,"x_scratch":0.21,"x_soft":0.0,"x_ln":0.0,"x_stair":0.502,"x_peak":0.78,"x_distraction":0.292,"ln_advanced_score":0.0,"submetrics":{"chord":{"chord_rate":0.44718962322421246,"avg_chord_size":2.6312154696132595,"chord_positions":724,"total_positions":1619},"stream":{"stream_coverage":0.9567831642239759,"stream_density_mean":9.96670030272452,"stream_density_mean_per_sec":29.900100908173563,"stream_windows":33,"notes_in_stream":2546,"total_notes":2661,"intervals":[[432,588],[600,1080],[1092,1200],[1212,1464],[1476,1848],[1860,1920],[1980,2040],[2052,2136],[2148,4020],[4272,4344],[4356,4836],[5040,5112],[5124,7296],[7476,7680],[7860,8064],[8136,8736],[8748,8808],[8844,8904],[8916,9000],[9012,9120],[9132,9192],[9204,9288],[9324,9384],[9396,9504],[9516,9576],[9612,9672],[9684,9768],[9780,9888],[9900,9960],[9972,10056],[10068,14820],[15420,15540],[16212,16308]]},"scratch":{"scratch_ratio":0.04964285714285714,"scratch_positions_ratio":0.08585546633724521,"scratch_with_key_chord_rate":0.7266187050359713,"scratch_per_sec":1.1216587279349957,"scratch_burst_max_per_sec":8.0,"scratch_burst_window_sec":1.0,"scratch_max_run_sec":1.8333333333333286,"ls_count":3,"ls_per_sec":0.024208461753992716,"ls_complexity_mean":0.3333333333333333,"scratch_notes":139,"scratch_positions":139,"total_notes":2800,"total_positions":1619,"chart_seconds":123.92361111111111},"soft":{"base_bpm":180.0,"intensity":0.0,"up_intensity":0.0,"down_intensity":0.0,"max_intensity":0.0,"max_up_intensity":0.0,"max_down_intensity":0.0,"step_frequency":0.0,"ramp_frequency":0.0,"continuity_beats":0.0,"off_base_note_ratio":0.0,"gimmick_burst_score":0.0,"max_off_base_density_per_beat":0.0,"base_mean_density_per_beat":7.52925353059852,"base_density_source":"on_base","distinct_off_base_bpm_count":0,"bpm_change_events":0,"measure_count":93},"ln":{"ln_ratio":0.0025,"ln_hold_time_mean_beats":0.0,"ln_simultaneity_rate":0.0,"ln_simultaneity_weighted":0.0,"ln_count":7,"ln_count_raw":7,"ln_positions":7,"total_notes":2800,"m1_short_count_rt":0,"m1_short_rate_rt":0.0,"m2_long_count_rt":0,"m2_density_rt":0.0,"m2_burst_max_rt":0.0,"m3_density_rt":0.0,"m_concurrent_rt":0.0,"total_long_sec":0,"long_active_sec":0.0,"long_hold_sec_mean":0.0,"long_hold_sec_max":0.0,"adv_hand_imb":0.0,"adv_rel_pressure_1beat":0.0,"adv_ln_hold_min_beats":0.0,"adv_ln_chord_big_rate":0.0,"adv_ln_scatter_cv":0.0},"stair":{"stair_index":0.17721518987341772,"stair_transitions":280,"eligible_transitions":1580},"peak":{"peak_local_max_density":15.5,"peak_local_max_density_per_sec":46.5,"peak_max_chord_size":5,"peak_concentration":0.3788049605411499,"total_notes":2661,"intervals":[[3120,4008],[4524,4812],[5328,5568],[6012,6384],[6684,7116],[12972,13740],[14220,14808]]},"jack":{"jack_pairs":2,"jack_in_stream_pairs":2,"jack_outside_pairs":0,"pure_jack_per_sec":0.0,"flow_break_per_stream_sec":0.021660649819494584,"stream_seconds":92.33333333333334,"non_stream_seconds":31.59027777777777,"chart_seconds":123.92361111111111,"window_ticks":24,"min_region_sec":10.0},"distraction":{"mode_formulation":"SP","v3_score":4.744858503782572,"qualifying_intervals":2,"qualifying_flow_sec":109.5,"qualifying_scratches":128,"scratch_chord_pair_count":87,"chord_time_threshold_sec":0.01667,"min_scratches":3,"bin_sec":0.25,"t_key":2,"gap_bins":2}},"warnings":["Unterminated LNOBJ LN on lane P1_KEY1 started at m85 pos0.75; closing at EOF","Unterminated LNOBJ LN on lane P1_KEY2 started at m91 pos0.0; closing at EOF","Unterminated LNOBJ LN on lane P1_KEY3 started at m91 pos0.75; closing at EOF","Unterminated LNOBJ LN on lane P1_KEY4 started at m89 pos0.75; closing at EOF","Unterminated LNOBJ LN on lane P1_KEY7 started at m92 pos0.0; closing at EOF","Unterminated LNOBJ LN on lane P1_KEY5 started at m88 pos0.875; closing at EOF","Unterminated LNOBJ LN on lane P1_KEY6 started at m90 pos0.5; closing at EOF","Unterminated LNOBJ LN on lane P1_SCR started at m92 pos0.9375; closing at EOF"],"axis_intensities":{"chord":"green","stream":"red","peak":"red","scratch":"red","soft":null,"ln":null,"stair":"red","distraction":"red"},"tags":["dense_chart"],"scales":["st"]}