{"md5":"684e9005a2e263020a02e9bf01f54658","headers":{"title":"Poppy [Immortal]","artist":"Columba(Daily vs. Roon_kun) / NebulaBunny_uwu","genre":"Bloody Period","playlevel":"8","base_bpm":220.0},"mode":"SP","scope":"playable_only","scaling_mode":"p99_linear","params":{"stream_window_ticks":48,"stream_density_threshold_per_beat":4.0,"peak_window_ticks":192,"peak_min_window_notes":4,"peak_min_window_sec":0.05,"felt_bpm_trigger_eff_bpm":500.0,"felt_bpm_trigger_peak_per_sec":200.0,"felt_bpm_target_peak_per_sec":100.0,"felt_bpm_floor":30.0,"jack_window_ticks":24,"soft_burst_ref":8.0,"soft_freq_ref":0.1,"soft_burst_exp":1.5,"soft_freq_exp":1.5,"chord_time_threshold_ms":16.67,"sp_distraction_min_scratches":3,"sp_distraction_bin_sec":0.25,"sp_distraction_t_key":2,"sp_distraction_gap_bins":2,"dp_distraction_window_sec_min":0.2,"dp_distraction_window_sec_max":0.8,"stream_density_ref_per_sec":40.0,"peak_density_ref_per_sec":70.0,"chord_size_ref":3.5,"ln_simultaneity_ref":0.05,"scratch_density_ref_per_sec":1.5,"scratch_ratio_ref":0.1,"distraction_density_ref":2.0,"distraction_event_ref":0.15},"raw_axes":{"chord":1.4201235657546336,"stream":17.550275454263815,"scratch_per_sec":0.7474059532871278,"scratch_burst_max_per_sec":8.0,"scratch_max_run_sec":2.181818181818187,"soft":0.0,"stair":0.1511627906976744,"peak":24.750000000000004,"ln_m1_short_rate_rt":0.0,"ln_m2_density_rt":8.743589743589741,"ln_m2_burst_max_rt":44.0,"ln_m3_density_rt":8.743589743589741,"ln_m_concurrent_rt":1.7368421052631562,"adv_hand_imb":0.23076923076923078,"adv_rel_pressure_1beat":0.6923076923076923,"adv_ln_hold_min_beats":0.75,"adv_ln_chord_big_rate":0.75,"adv_ln_scatter_cv":1.083856493249537,"distraction":3.095388806538199},"x_chord":0.365,"x_stream":0.453,"x_scratch":0.196,"x_soft":0.0,"x_ln":0.795,"x_stair":0.428,"x_peak":0.415,"x_distraction":0.19,"ln_advanced_score":0.719,"submetrics":{"chord":{"chord_rate":0.531332744924978,"avg_chord_size":2.6727574750830563,"chord_positions":602,"total_positions":1133},"stream":{"stream_coverage":0.911504424778761,"stream_density_mean":5.251141552511416,"stream_density_mean_per_sec":19.254185692541856,"stream_windows":53,"notes_in_stream":1854,"total_notes":2034,"intervals":[[1872,1956],[3444,4944],[4968,5328],[5352,5688],[5712,6360],[6528,8112],[8304,8376],[8412,8496],[8700,8784],[8820,9168],[9180,9288],[9324,9432],[9564,9636],[9684,9744],[9756,9816],[9828,9888],[9900,9960],[10020,10296],[10428,10560],[10572,10704],[10716,10776],[10884,10944],[10980,11112],[11172,11256],[11316,11400],[11436,11544],[11556,11640],[11724,11928],[12072,12336],[12660,12720],[12924,14016],[14076,14160],[14172,14760],[14772,15024],[15036,15192],[15228,15408],[15420,15552],[15648,15696],[15732,17616],[17628,18336],[18348,18552],[18564,18840],[18900,19224],[19332,19416],[19500,19632],[19740,19896],[19932,20016],[20100,20184],[20292,20592],[20604,20976],[20988,21864],[21876,23256],[23316,24984]]},"scratch":{"scratch_ratio":0.04953271028037383,"scratch_positions_ratio":0.09355692850838482,"scratch_with_key_chord_rate":0.8679245283018868,"scratch_per_sec":0.7474059532871278,"scratch_burst_max_per_sec":8.0,"scratch_burst_window_sec":1.0,"scratch_max_run_sec":2.181818181818187,"ls_count":0,"ls_per_sec":0.0,"ls_complexity_mean":0.0,"scratch_notes":106,"scratch_positions":106,"total_notes":2140,"total_positions":1133,"chart_seconds":141.82386363636365},"soft":{"base_bpm":220.0,"intensity":0.0,"up_intensity":0.0,"down_intensity":0.0,"max_intensity":0.0,"max_up_intensity":0.0,"max_down_intensity":0.0,"step_frequency":0.0,"ramp_frequency":0.0,"continuity_beats":0.0,"off_base_note_ratio":0.0,"gimmick_burst_score":0.0,"max_off_base_density_per_beat":0.0,"base_mean_density_per_beat":4.107692307692307,"base_density_source":"on_base","distinct_off_base_bpm_count":0,"bpm_change_events":0,"measure_count":131},"ln":{"ln_ratio":0.006074766355140187,"ln_hold_time_mean_beats":2.0,"ln_simultaneity_rate":0.003738317757009346,"ln_simultaneity_weighted":0.003738317757009346,"ln_count":13,"ln_count_raw":13,"ln_positions":4,"total_notes":2140,"m1_short_count_rt":0,"m1_short_rate_rt":0.0,"m2_long_count_rt":13,"m2_density_rt":8.743589743589741,"m2_burst_max_rt":44.0,"m3_density_rt":8.743589743589741,"m_concurrent_rt":1.7368421052631562,"total_long_sec":7.0909090909090935,"long_active_sec":2.5909090909090935,"long_hold_sec_mean":0.5454545454545456,"long_hold_sec_max":1.0909090909090935,"adv_hand_imb":0.23076923076923078,"adv_rel_pressure_1beat":0.6923076923076923,"adv_ln_hold_min_beats":0.75,"adv_ln_chord_big_rate":0.75,"adv_ln_scatter_cv":1.083856493249537},"stair":{"stair_index":0.1511627906976744,"stair_transitions":169,"eligible_transitions":1118},"peak":{"peak_local_max_density":6.75,"peak_local_max_density_per_sec":24.750000000000004,"peak_max_chord_size":5,"peak_concentration":0.3702064896755162,"total_notes":2034,"intervals":[[5364,5604],[5748,6216],[6948,7308],[7524,7848],[15732,16308],[16404,16872],[17652,18192],[18600,18828],[21876,23256],[23328,23640],[23760,24516],[24588,24984]]},"jack":{"jack_pairs":22,"jack_in_stream_pairs":16,"jack_outside_pairs":6,"pure_jack_per_sec":0.15970961887477333,"flow_break_per_stream_sec":0.15346885388849518,"stream_seconds":104.25568181818188,"non_stream_seconds":37.56818181818177,"chart_seconds":141.82386363636365,"window_ticks":24,"min_region_sec":10.0},"distraction":{"mode_formulation":"SP","v3_score":3.095388806538199,"qualifying_intervals":4,"qualifying_flow_sec":119.0,"qualifying_scratches":96,"scratch_chord_pair_count":116,"chord_time_threshold_sec":0.01667,"min_scratches":3,"bin_sec":0.25,"t_key":2,"gap_bins":2}},"warnings":[],"axis_intensities":{"chord":"green","stream":"yellow","peak":"green","scratch":"red","soft":null,"ln":"yellow","stair":"yellow","distraction":"yellow"},"tags":[],"scales":["sl"]}