{"md5":"b15c3291e76d85ea045cfb73b6e4dd2e","headers":{"title":"EVERLASTING HAPPiNESS↑","artist":"psi","genre":"HAPPY HARDCORE","playlevel":"12","base_bpm":242.42},"mode":"SP","scope":"playable_only","scaling_mode":"p99_linear","params":{"stream_window_ticks":48,"stream_density_threshold_per_beat":4.0,"peak_window_ticks":192,"peak_min_window_notes":4,"peak_min_window_sec":0.05,"felt_bpm_trigger_eff_bpm":500.0,"felt_bpm_trigger_peak_per_sec":200.0,"felt_bpm_target_peak_per_sec":100.0,"felt_bpm_floor":30.0,"jack_window_ticks":24,"soft_burst_ref":8.0,"soft_freq_ref":0.1,"soft_burst_exp":1.5,"soft_freq_exp":1.5,"chord_time_threshold_ms":16.67,"sp_distraction_min_scratches":3,"dp_distraction_window_sec_min":0.2,"dp_distraction_window_sec_max":0.8,"stream_density_ref_per_sec":40.0,"peak_density_ref_per_sec":70.0,"chord_size_ref":3.5,"ln_simultaneity_ref":0.05,"scratch_density_ref_per_sec":1.5,"scratch_ratio_ref":0.1,"distraction_density_ref":2.0,"distraction_event_ref":0.15},"raw_axes":{"chord":1.0431535269709544,"stream":16.944993984948038,"scratch":0.032346525890125696,"soft":0.0,"ln":0.0,"stair":0.14867109634551495,"peak":25.25208333333333,"distraction":1.645204700061842,"pure_jack_raw":0.0,"flow_break_raw":0.04096446110788402},"x_chord":0.263,"x_stream":0.422,"x_scratch":0.077,"x_soft":0.0,"x_ln":0.0,"x_stair":0.438,"x_peak":0.407,"x_distraction":0.435,"jack_signal":0.038,"noise_budget":0.55,"submetrics":{"chord":{"chord_rate":0.4033195020746888,"avg_chord_size":2.5864197530864197,"chord_positions":486,"total_positions":1205},"stream":{"stream_coverage":0.8810728744939271,"stream_density_mean":4.760059612518629,"stream_density_mean_per_sec":19.232227521112765,"stream_windows":59,"notes_in_stream":1741,"total_notes":1976,"intervals":[[732,792],[1092,1140],[1500,1560],[1692,2016],[2028,2112],[2124,2400],[2412,2784],[2796,2880],[2892,3168],[3180,3492],[3540,3672],[3732,3864],[3924,4068],[4116,4260],[4308,4440],[4488,4704],[4716,4800],[4812,4896],[4908,5688],[5700,5856],[5868,6048],[6060,6336],[6348,6624],[6636,8880],[8964,9024],[9096,9240],[9348,9408],[9516,9600],[9732,9792],[9864,10008],[10020,10080],[10116,10176],[10224,10296],[10356,11952],[12036,12120],[12228,12312],[12396,12480],[12588,12696],[12804,12864],[12996,13080],[13164,15072],[15084,15264],[15276,15552],[15564,15840],[15852,18144],[18180,18456],[18468,18564],[18756,18912],[18948,19032],[19044,19128],[19140,19248],[19260,19344],[19356,20784],[20892,20976],[21036,21432],[23052,23136],[23148,23616],[23628,23904],[23916,24624]]},"scratch":{"scratch_ratio":0.04554655870445344,"scratch_positions_ratio":0.07468879668049792,"scratch_with_key_chord_rate":0.9333333333333333,"scratch_per_sec":0.7101859462098709,"scratch_burst_max_per_sec":5.0,"scratch_burst_window_sec":1.0,"scratch_notes":90,"scratch_positions":90,"total_notes":1976,"total_positions":1205,"chart_seconds":126.72737397904466},"soft":{"base_bpm":242.42,"intensity":0.0,"up_intensity":0.0,"down_intensity":0.0,"max_intensity":0.0,"max_up_intensity":0.0,"max_down_intensity":0.0,"step_frequency":0.0,"ramp_frequency":0.0,"continuity_beats":0.0,"off_base_note_ratio":0.0,"gimmick_burst_score":0.0,"max_off_base_density_per_beat":0.0,"base_mean_density_per_beat":3.849609375,"base_density_source":"on_base","distinct_off_base_bpm_count":0,"bpm_change_events":0,"measure_count":144},"ln":{"ln_ratio":0.0,"ln_hold_time_mean_beats":0.0,"ln_simultaneity_rate":0.0,"ln_simultaneity_weighted":0.0,"ln_count":0,"ln_positions":0,"total_notes":1976},"stair":{"stair_index":0.14867109634551495,"stair_transitions":179,"eligible_transitions":1204},"peak":{"peak_local_max_density":6.25,"peak_local_max_density_per_sec":25.25208333333333,"peak_max_chord_size":5,"peak_concentration":0.39625506072874495,"total_notes":1976,"intervals":[[4452,5136],[6948,7488],[8268,8904],[10860,11244],[11256,11976],[13164,14400],[14412,15060],[16164,16704],[17484,18144],[19476,19764],[20556,20760],[21048,21444],[23844,24600]]},"jack":{"jack_pairs":4,"jack_in_stream_pairs":4,"jack_outside_pairs":0,"pure_jack_per_sec":0.0,"flow_break_per_stream_sec":0.04096446110788402,"stream_seconds":97.64561504826338,"non_stream_seconds":29.081758930781277,"chart_seconds":126.72737397904466,"window_ticks":24,"min_region_sec":10.0},"distraction":{"mode_formulation":"SP","qualifying_window_count":10,"qualifying_scratches":77,"qualifying_flow_sec":63.923149905123374,"distract_density":1.204571428571428,"distract_event_per_sec":0.1564378478664192,"scratch_chord_pair_count":95,"chord_time_threshold_sec":0.01667,"min_scratches":3}},"warnings":[],"tags":["distraction_heavy","fast_chart"],"scales":["sl"]}