{"md5":"96b73a3e654e56bccfbe31a9ba6c6c2b","headers":{"title":"Remilia ～吸血鬼の為の協奏曲 [ANOTHER]","artist":"くっちー / あっきー","genre":"PIANO CONCERTO","playlevel":"12","base_bpm":146.0},"mode":"SP","scope":"playable_only","scaling_mode":"p99_linear","params":{"stream_window_ticks":48,"stream_density_threshold_per_beat":4.0,"peak_window_ticks":192,"peak_min_window_notes":4,"felt_bpm_trigger_eff_bpm":500.0,"felt_bpm_trigger_peak_per_sec":200.0,"felt_bpm_target_peak_per_sec":100.0,"felt_bpm_floor":30.0,"jack_window_ticks":24,"soft_burst_ref":8.0,"soft_freq_ref":0.1,"soft_burst_exp":1.5,"soft_freq_exp":1.5,"chord_time_threshold_ms":16.67,"sp_distraction_min_scratches":3,"dp_distraction_window_sec_min":0.2,"dp_distraction_window_sec_max":0.8,"stream_density_ref_per_sec":40.0,"peak_density_ref_per_sec":70.0,"chord_size_ref":3.5,"ln_simultaneity_ref":0.05,"scratch_density_ref_per_sec":1.5,"scratch_ratio_ref":0.1,"distraction_density_ref":2.0,"distraction_event_ref":0.15},"raw_axes":{"chord":0.9559902200488998,"stream":16.904155861800945,"scratch":0.0038670270801448928,"soft":0.009553150575846747,"ln":0.0,"stair":0.29608482871125613,"peak":31.091666666666665,"distraction":0.5516415494665908},"x_chord":0.248,"x_stream":0.42,"x_scratch":0.009,"x_soft":0.111,"x_ln":0.0,"x_stair":0.9,"x_peak":0.378,"x_distraction":0.149,"submetrics":{"chord":{"chord_rate":0.4229828850855746,"avg_chord_size":2.260115606936416,"chord_positions":519,"total_positions":1227},"stream":{"stream_coverage":0.9059011164274322,"stream_density_mean":6.36592449177154,"stream_density_mean_per_sec":18.660045291107732,"stream_windows":26,"notes_in_stream":1704,"total_notes":1881,"intervals":[[156,239],[828,887],[1020,1079],[1212,1271],[1452,1499],[1548,1727],[1740,1919],[1932,2159],[2244,3539],[3552,3935],[5940,5999],[6060,6191],[6252,6383],[6396,6767],[7272,9143],[9288,9455],[9600,14423],[15912,18383],[18396,18863],[19680,19727],[19908,19991],[20064,20111],[20292,20375],[20448,20495],[20676,20807],[21024,21119]]},"scratch":{"scratch_ratio":0.018607123870281767,"scratch_positions_ratio":0.02852485737571312,"scratch_with_key_chord_rate":1.0,"scratch_per_sec":0.20782508393578694,"scratch_burst_max_per_sec":4.0,"scratch_burst_window_sec":1.0,"scratch_notes":35,"scratch_positions":35,"total_notes":1881,"total_positions":1227,"chart_seconds":168.4108546339583},"soft":{"base_bpm":182.0,"intensity":0.06416682732472206,"up_intensity":0.007115691326217642,"down_intensity":0.05705113599850442,"max_intensity":0.6978021978021978,"max_up_intensity":0.03296703296703297,"max_down_intensity":0.6978021978021978,"step_frequency":0.23636363636363636,"ramp_frequency":0.11818181818181818,"continuity_beats":359.0,"off_base_note_ratio":0.732589048378522,"gimmick_burst_score":0.040417175513197776,"max_off_base_density_per_beat":7.5,"base_mean_density_per_beat":5.609907120743034,"base_density_source":"on_base","distinct_off_base_bpm_count":17,"bpm_change_events":26,"measure_count":110},"ln":{"ln_ratio":0.0,"ln_hold_time_mean_beats":0.0,"ln_simultaneity_rate":0.0,"ln_simultaneity_weighted":0.0,"ln_count":0,"ln_positions":0,"total_notes":1881},"stair":{"stair_index":0.29608482871125613,"stair_transitions":363,"eligible_transitions":1226},"peak":{"peak_local_max_density":10.25,"peak_local_max_density_per_sec":31.091666666666665,"peak_max_chord_size":6,"peak_concentration":0.3944710260499734,"total_notes":1881,"intervals":[[8004,8207],[9936,10307],[10920,11267],[11328,11927],[12336,12959],[15924,16187],[16200,16763],[16776,17435],[17916,18863]]},"jack":{"jack_pairs":13,"jack_in_stream_pairs":13,"jack_outside_pairs":0,"pure_jack_per_sec":0.0,"flow_break_per_stream_sec":0.12752169950910047,"stream_seconds":101.94343433348195,"non_stream_seconds":66.46742030047636,"chart_seconds":168.4108546339583,"window_ticks":24,"min_region_sec":10.0},"distraction":{"mode_formulation":"SP","qualifying_window_count":3,"qualifying_scratches":35,"qualifying_flow_sec":67.97892587362315,"distract_density":0.5148654461688181,"distract_event_per_sec":0.044131323957327266,"scratch_chord_pair_count":40,"chord_time_threshold_sec":0.01667,"min_scratches":3}},"warnings":[],"tags":["soflan","stair_focused"],"scales":["★"]}