{"md5":"8eb958b06d294ec88dc0620ce43e10b3","headers":{"title":"Wicked Laboratory","artist":"BBBB / (obj:Mr.Faine)","genre":"Witch Orchestra","playlevel":"12","base_bpm":160.0},"mode":"SP","scope":"playable_only","scaling_mode":"p99_linear","params":{"stream_window_ticks":48,"stream_density_threshold_per_beat":4.0,"peak_window_ticks":192,"jack_window_ticks":24,"soft_burst_ref":8.0,"soft_freq_ref":0.1,"soft_burst_exp":1.5,"soft_freq_exp":1.5,"chord_time_threshold_ms":16.67,"sp_distraction_min_scratches":3,"dp_distraction_window_sec_min":0.2,"dp_distraction_window_sec_max":0.8,"stream_density_ref_per_sec":40.0,"peak_density_ref_per_sec":70.0,"chord_size_ref":3.5,"ln_simultaneity_ref":0.05,"scratch_density_ref_per_sec":1.5,"scratch_ratio_ref":0.1,"distraction_density_ref":2.0,"distraction_event_ref":0.15},"raw_axes":{"chord":1.0678733031674208,"stream":17.40062687253827,"scratch":0.015395627492842128,"soft":0.0,"ln":0.0,"stair":0.11956521739130435,"peak":29.333333333333332,"distraction":0.6584362139917697},"x_chord":0.277,"x_stream":0.426,"x_scratch":0.037,"x_soft":0.0,"x_ln":0.0,"x_stair":0.363,"x_peak":0.299,"x_distraction":0.176,"submetrics":{"chord":{"chord_rate":0.4108597285067873,"avg_chord_size":2.5991189427312777,"chord_positions":454,"total_positions":1105},"stream":{"stream_coverage":0.965592572364828,"stream_density_mean":6.761627906976744,"stream_density_mean_per_sec":18.020671834625322,"stream_windows":23,"notes_in_stream":1768,"total_notes":1831,"intervals":[[156,239],[348,431],[540,623],[732,815],[924,1007],[1116,1199],[1308,1391],[1512,1583],[2484,2543],[2556,3263],[3276,5075],[5148,5267],[5340,5423],[5436,5519],[5532,5615],[5628,9011],[9024,10415],[11100,11183],[11292,11375],[11484,11567],[11676,11759],[12084,16523],[16812,16943]]},"scratch":{"scratch_ratio":0.033315128345166575,"scratch_positions_ratio":0.05520361990950226,"scratch_with_key_chord_rate":0.9836065573770492,"scratch_per_sec":0.4621212121212121,"scratch_burst_max_per_sec":3.0,"scratch_burst_window_sec":1.0,"scratch_notes":61,"scratch_positions":61,"total_notes":1831,"total_positions":1105,"chart_seconds":132.0},"soft":{"base_bpm":160.0,"intensity":0.0,"up_intensity":0.0,"down_intensity":0.0,"max_intensity":0.0,"max_up_intensity":0.0,"max_down_intensity":0.0,"step_frequency":0.0,"ramp_frequency":0.0,"continuity_beats":0.0,"off_base_note_ratio":0.0,"gimmick_burst_score":0.0,"max_off_base_density_per_beat":0.0,"base_mean_density_per_beat":5.190340909090909,"base_density_source":"on_base","distinct_off_base_bpm_count":0,"bpm_change_events":0,"measure_count":89},"ln":{"ln_ratio":0.0,"ln_hold_time_mean_beats":0.0,"ln_simultaneity_rate":0.0,"ln_simultaneity_weighted":0.0,"ln_count":0,"ln_positions":0,"total_notes":1831},"stair":{"stair_index":0.11956521739130435,"stair_transitions":132,"eligible_transitions":1104},"peak":{"peak_local_max_density":11.0,"peak_local_max_density_per_sec":29.333333333333332,"peak_max_chord_size":5,"peak_concentration":0.4156198798470781,"total_notes":1831,"intervals":[[3300,3575],[4092,4307],[4752,5075],[5664,6467],[7284,7739],[8016,8291],[8352,8543],[8556,8855],[12672,13019],[13476,13787],[15468,16403]]},"jack":{"jack_pairs":2,"jack_in_stream_pairs":0,"jack_outside_pairs":2,"pure_jack_per_sec":0.06994535519125683,"flow_break_per_stream_sec":0.0,"stream_seconds":103.40625,"non_stream_seconds":28.59375,"chart_seconds":132.0,"window_ticks":24,"min_region_sec":10.0},"distraction":{"mode_formulation":"SP","qualifying_window_count":4,"qualifying_scratches":60,"qualifying_flow_sec":86.0625,"distract_density":0.6971677559912854,"distract_event_per_sec":0.04647785039941903,"scratch_chord_pair_count":86,"chord_time_threshold_sec":0.01667,"min_scratches":3}},"warnings":[],"tags":[],"scales":["sl"]}