{"md5":"a096f87066726fa05f3254d7653f187d","headers":{"title":"tinnitus -7 another-","artist":"SP-#","genre":"hardcore techno","playlevel":"12","base_bpm":208.0},"mode":"SP","scope":"playable_only","scaling_mode":"p99_linear","params":{"stream_window_ticks":48,"stream_density_threshold_per_beat":4.0,"peak_window_ticks":192,"peak_min_window_notes":4,"felt_bpm_trigger_eff_bpm":500.0,"felt_bpm_trigger_peak_per_sec":200.0,"felt_bpm_target_peak_per_sec":100.0,"felt_bpm_floor":30.0,"jack_window_ticks":24,"soft_burst_ref":8.0,"soft_freq_ref":0.1,"soft_burst_exp":1.5,"soft_freq_exp":1.5,"chord_time_threshold_ms":16.67,"sp_distraction_min_scratches":3,"dp_distraction_window_sec_min":0.2,"dp_distraction_window_sec_max":0.8,"stream_density_ref_per_sec":40.0,"peak_density_ref_per_sec":70.0,"chord_size_ref":3.5,"ln_simultaneity_ref":0.05,"scratch_density_ref_per_sec":1.5,"scratch_ratio_ref":0.1,"distraction_density_ref":2.0,"distraction_event_ref":0.15},"raw_axes":{"chord":1.6151882578174854,"stream":19.17066178704522,"scratch":0.004040297220643293,"soft":0.0,"ln":0.0,"stair":0.10727969348659004,"peak":25.133333333333333,"distraction":0.3138069622209856},"x_chord":0.419,"x_stream":0.476,"x_scratch":0.01,"x_soft":0.0,"x_ln":0.0,"x_stair":0.326,"x_peak":0.306,"x_distraction":0.085,"submetrics":{"chord":{"chord_rate":0.7032546266751755,"avg_chord_size":2.2967332123411976,"chord_positions":1102,"total_positions":1567},"stream":{"stream_coverage":0.9502670226969292,"stream_density_mean":5.819415448851775,"stream_density_mean_per_sec":20.173973556019487,"stream_windows":19,"notes_in_stream":2847,"total_notes":2996,"intervals":[[1524,1727],[1740,1919],[1932,2111],[2124,2303],[2316,2495],[2508,2687],[2700,2879],[2892,4415],[4584,13631],[13788,13847],[16860,26303],[26316,26495],[26508,26687],[26700,26879],[26892,27071],[27084,27263],[27276,27455],[27468,29015],[29052,29111]]},"scratch":{"scratch_ratio":0.015353805073431242,"scratch_positions_ratio":0.029355456285896617,"scratch_with_key_chord_rate":0.9565217391304348,"scratch_per_sec":0.26314631463146315,"scratch_burst_max_per_sec":2.0,"scratch_burst_window_sec":1.0,"scratch_notes":46,"scratch_positions":46,"total_notes":2996,"total_positions":1567,"chart_seconds":174.80769230769232},"soft":{"base_bpm":208.0,"intensity":0.0,"up_intensity":0.0,"down_intensity":0.0,"max_intensity":0.0,"max_up_intensity":0.0,"max_down_intensity":0.0,"step_frequency":0.0,"ramp_frequency":0.0,"continuity_beats":0.0,"off_base_note_ratio":0.0,"gimmick_burst_score":0.0,"max_off_base_density_per_beat":0.0,"base_mean_density_per_beat":4.942244224422442,"base_density_source":"on_base","distinct_off_base_bpm_count":0,"bpm_change_events":0,"measure_count":152},"ln":{"ln_ratio":0.0,"ln_hold_time_mean_beats":0.0,"ln_simultaneity_rate":0.0,"ln_simultaneity_weighted":0.0,"ln_count":0,"ln_positions":0,"total_notes":2996},"stair":{"stair_index":0.10727969348659004,"stair_transitions":168,"eligible_transitions":1566},"peak":{"peak_local_max_density":7.25,"peak_local_max_density_per_sec":25.133333333333333,"peak_max_chord_size":5,"peak_concentration":0.1939252336448598,"total_notes":2996,"intervals":[[9024,9299],[10680,10895],[11184,11387],[12720,12923],[19968,22859],[24516,24719]]},"jack":{"jack_pairs":1,"jack_in_stream_pairs":1,"jack_outside_pairs":0,"pure_jack_per_sec":0.0,"flow_break_per_stream_sec":0.006926406926406924,"stream_seconds":144.37500000000006,"non_stream_seconds":30.432692307692264,"chart_seconds":174.80769230769232,"window_ticks":24,"min_region_sec":10.0},"distraction":{"mode_formulation":"SP","qualifying_window_count":4,"qualifying_scratches":28,"qualifying_flow_sec":129.59134615384616,"distract_density":0.21606381005379335,"distract_event_per_sec":0.030866258579113334,"scratch_chord_pair_count":47,"chord_time_threshold_sec":0.01667,"min_scratches":3}},"warnings":[],"tags":["sustained","fast_chart"],"scales":["sl"]}