{"md5":"ab84c7f922e034182a7e1edac1148433","headers":{"title":"reverieland","artist":"void / tes","genre":"OLDSKOOL PIANO TRANCE","playlevel":"10","base_bpm":142.0},"mode":"SP","scope":"playable_only","scaling_mode":"p99_linear","params":{"stream_window_ticks":48,"stream_density_threshold_per_beat":4.0,"peak_window_ticks":192,"peak_min_window_notes":4,"peak_min_window_sec":0.05,"felt_bpm_trigger_eff_bpm":500.0,"felt_bpm_trigger_peak_per_sec":200.0,"felt_bpm_target_peak_per_sec":100.0,"felt_bpm_floor":30.0,"jack_window_ticks":24,"soft_burst_ref":8.0,"soft_freq_ref":0.1,"soft_burst_exp":1.5,"soft_freq_exp":1.5,"chord_time_threshold_ms":16.67,"sp_distraction_min_scratches":3,"dp_distraction_window_sec_min":0.2,"dp_distraction_window_sec_max":0.8,"stream_density_ref_per_sec":40.0,"peak_density_ref_per_sec":70.0,"chord_size_ref":3.5,"ln_simultaneity_ref":0.05,"scratch_density_ref_per_sec":1.5,"scratch_ratio_ref":0.1,"distraction_density_ref":2.0,"distraction_event_ref":0.15},"raw_axes":{"chord":1.968085106382979,"stream":19.29555120045796,"scratch":0.005757277732232553,"soft":0.0,"ln":0.0,"stair":0.19488817891373802,"peak":30.766666666666666,"distraction":0.5543494194344789,"pure_jack_raw":0.0,"flow_break_raw":0.01847004308592796},"x_chord":0.496,"x_stream":0.481,"x_scratch":0.014,"x_soft":0.0,"x_ln":0.0,"x_stair":0.574,"x_peak":0.496,"x_distraction":0.146,"jack_signal":0.017,"noise_budget":0.177,"submetrics":{"chord":{"chord_rate":0.7510638297872341,"avg_chord_size":2.6203966005665724,"chord_positions":706,"total_positions":940},"stream":{"stream_coverage":0.9769673704414588,"stream_density_mean":8.345263157894736,"stream_density_mean_per_sec":19.750456140350877,"stream_windows":18,"notes_in_stream":2036,"total_notes":2084,"intervals":[[228,288],[396,456],[612,672],[948,4068],[4080,4200],[4260,4320],[4332,4440],[4464,4644],[4800,6564],[6600,6960],[6984,9264],[9372,10968],[11364,11424],[11532,11592],[11748,11808],[11964,12048],[12072,12696],[12756,14436]]},"scratch":{"scratch_ratio":0.01871401151631478,"scratch_positions_ratio":0.04148936170212766,"scratch_with_key_chord_rate":0.9487179487179487,"scratch_per_sec":0.3076453024095549,"scratch_burst_max_per_sec":3.0,"scratch_burst_window_sec":1.0,"scratch_notes":39,"scratch_positions":39,"total_notes":2084,"total_positions":940,"chart_seconds":126.7693661971831},"soft":{"base_bpm":142.0,"intensity":0.0,"up_intensity":0.0,"down_intensity":0.0,"max_intensity":0.0,"max_up_intensity":0.0,"max_down_intensity":0.0,"step_frequency":0.0,"ramp_frequency":0.0,"continuity_beats":0.0,"off_base_note_ratio":0.0,"gimmick_burst_score":0.0,"max_off_base_density_per_beat":0.0,"base_mean_density_per_beat":6.94,"base_density_source":"on_base","distinct_off_base_bpm_count":0,"bpm_change_events":0,"measure_count":76},"ln":{"ln_ratio":0.0,"ln_hold_time_mean_beats":0.0,"ln_simultaneity_rate":0.0,"ln_simultaneity_weighted":0.0,"ln_count":0,"ln_positions":0,"total_notes":2084},"stair":{"stair_index":0.19488817891373802,"stair_transitions":183,"eligible_transitions":939},"peak":{"peak_local_max_density":13.0,"peak_local_max_density_per_sec":30.766666666666666,"peak_max_chord_size":6,"peak_concentration":0.39731285988483683,"total_notes":2084,"intervals":[[3432,3804],[7488,7812],[8400,8832],[9408,10320],[10332,10944],[12984,13344],[13392,13656],[13848,14448]]},"jack":{"jack_pairs":2,"jack_in_stream_pairs":2,"jack_outside_pairs":0,"pure_jack_per_sec":0.0,"flow_break_per_stream_sec":0.01847004308592796,"stream_seconds":108.28345070422542,"non_stream_seconds":18.485915492957687,"chart_seconds":126.7693661971831,"window_ticks":24,"min_region_sec":10.0},"distraction":{"mode_formulation":"SP","qualifying_window_count":4,"qualifying_scratches":31,"qualifying_flow_sec":76.06514084507045,"distract_density":0.40754542298345087,"distract_event_per_sec":0.052586506191413016,"scratch_chord_pair_count":59,"chord_time_threshold_sec":0.01667,"min_scratches":3}},"warnings":[],"tags":["stair_focused"],"scales":["sl"]}