{"md5":"9a8937eb993fa8d8b9206c46b5782f4d","headers":{"title":"Armageddon [Calamity]","artist":"ZUN remixed by LeaF","genre":"KYRIE","playlevel":"4","base_bpm":210.0},"mode":"SP","scope":"playable_only","scaling_mode":"percentile_rank","params":{"stream_window_ticks":48,"stream_density_threshold_per_beat":4.0,"peak_window_ticks":192,"jack_window_ticks":24,"soft_burst_ref":8.0,"soft_freq_ref":0.1,"soft_burst_exp":1.5,"soft_freq_exp":1.5,"chord_time_threshold_ms":16.67,"sp_distraction_min_scratches":3,"dp_distraction_window_sec_min":0.2,"dp_distraction_window_sec_max":0.8,"stream_density_ref_per_sec":40.0,"peak_density_ref_per_sec":70.0,"chord_size_ref":3.5,"ln_simultaneity_ref":0.05,"scratch_density_ref_per_sec":1.5,"scratch_ratio_ref":0.1,"distraction_density_ref":2.0,"distraction_event_ref":0.15},"raw_axes":{"chord":1.2066842568161829,"stream":16.130021789862028,"scratch":0.026849040176675446,"soft":0.0,"ln":0.0,"stair":0.14172535211267606,"peak":26.25,"distraction":4.614583333333327},"x_chord":0.1349274124679761,"x_stream":0.15303159692570453,"x_scratch":0.6908625106746371,"x_soft":0.0,"x_ln":0.0,"x_stair":0.3974380871050384,"x_peak":0.17745516652433818,"x_distraction":0.9940222032450897,"submetrics":{"chord":{"chord_rate":0.5092348284960422,"avg_chord_size":2.3696027633851466,"chord_positions":579,"total_positions":1137},"stream":{"stream_coverage":0.8585492227979274,"stream_density_mean":5.3678665496049165,"stream_density_mean_per_sec":18.787532923617206,"stream_windows":49,"notes_in_stream":1657,"total_notes":1930,"intervals":[[528,611],[732,791],[888,995],[1080,1247],[1392,1631],[1716,1775],[1848,2015],[2100,2195],[2232,2615],[2640,2735],[2844,2915],[2940,3023],[3036,3395],[3996,4271],[5544,7319],[7464,7703],[7728,8027],[8124,8279],[8316,8387],[8496,8603],[8628,8879],[8892,9047],[9084,9179],[9204,9815],[9852,9923],[9948,10175],[10428,10799],[10812,11135],[11196,11567],[11580,11927],[11952,12311],[12360,12707],[12792,13487],[13524,13775],[14940,15023],[15132,15407],[15480,15791],[15840,16439],[16464,16607],[16860,16991],[17244,17375],[17424,17987],[18588,18851],[18900,19871],[19884,20015],[20028,21551],[21564,22703],[22716,23267],[23280,23363]]},"scratch":{"scratch_ratio":0.04404145077720207,"scratch_positions_ratio":0.07475813544415127,"scratch_with_key_chord_rate":0.8470588235294118,"scratch_per_sec":0.6096311475409837,"scratch_burst_max_per_sec":6.0,"scratch_burst_window_sec":1.0,"scratch_notes":85,"scratch_positions":85,"total_notes":1930,"total_positions":1137,"chart_seconds":139.42857142857142},"soft":{"base_bpm":210.0,"intensity":0.0,"up_intensity":0.0,"down_intensity":0.0,"max_intensity":0.0,"max_up_intensity":0.0,"max_down_intensity":0.0,"step_frequency":0.0,"ramp_frequency":0.0,"continuity_beats":0.0,"off_base_note_ratio":0.0,"gimmick_burst_score":0.0,"max_off_base_density_per_beat":0.0,"base_mean_density_per_beat":3.9528688524590163,"base_density_source":"on_base","distinct_off_base_bpm_count":0,"bpm_change_events":0,"measure_count":123},"ln":{"ln_ratio":0.0015544041450777201,"ln_hold_time_mean_beats":1.1388888888888888,"ln_simultaneity_rate":0.0,"ln_simultaneity_weighted":0.0,"ln_count":3,"ln_positions":3,"total_notes":1930},"stair":{"stair_index":0.14172535211267606,"stair_transitions":161,"eligible_transitions":1136},"peak":{"peak_local_max_density":7.5,"peak_local_max_density_per_sec":26.25,"peak_max_chord_size":5,"peak_concentration":0.44870466321243524,"total_notes":1930,"intervals":[[3984,4283],[5520,5831],[7008,7331],[7476,7691],[10452,10655],[11208,11543],[11592,11915],[13056,13463],[15168,15419],[15552,15803],[15948,16187],[18576,18863],[18972,19667],[20064,21275],[21600,22691],[22740,22943],[22968,23267]]},"jack":{"jack_pairs":12,"jack_in_stream_pairs":9,"jack_outside_pairs":3,"pure_jack_per_sec":0.07082630691399672,"flow_break_per_stream_sec":0.09271523178807943,"stream_seconds":97.07142857142861,"non_stream_seconds":42.357142857142804,"chart_seconds":139.42857142857142,"window_ticks":24,"min_region_sec":10.0},"distraction":{"mode_formulation":"SP","qualifying_window_count":8,"qualifying_scratches":41,"qualifying_flow_sec":16.00000000000002,"distract_density":2.5624999999999964,"distract_event_per_sec":0.49999999999999933,"scratch_chord_pair_count":79,"chord_time_threshold_sec":0.01667,"min_scratches":3}},"warnings":[],"tags":["distraction_heavy","fast_chart"],"scales":["sl"]}