{"md5":"bcecfe005e13d171434a0185a2ca8f96","headers":{"title":"Asymmetric Grooves","artist":"5-let x Kolipamus.3 x Alnilam","genre":"Progressive Grooves","playlevel":"11","base_bpm":120.0},"mode":"SP","scope":"playable_only","scaling_mode":"reference","params":{"stream_window_ticks":48,"stream_density_threshold_per_beat":4.0,"peak_window_ticks":192,"jack_window_ticks":24,"soft_burst_ref":8.0,"soft_freq_ref":0.1,"soft_burst_exp":1.5,"soft_freq_exp":1.5,"stream_density_ref_per_sec":40.0,"peak_density_ref_per_sec":70.0,"chord_size_ref":3.5,"ln_simultaneity_ref":0.05},"x_chord":0.20704725484840206,"x_stream":0.437353147256295,"x_scratch":0.07414965986394557,"x_soft":7.644950159474285e-06,"x_ln":0.0,"x_stair":0.13588516746411483,"x_peak":0.5005952380952381,"x_jack":0.03062200956937799,"submetrics":{"chord":{"chord_rate":0.3193116634799235,"avg_chord_size":2.269461077844311,"chord_positions":334,"total_positions":1046},"stream":{"stream_coverage":0.9877551020408163,"stream_density_mean":7.33767926988266,"stream_density_mean_per_sec":17.710995219469797,"stream_windows":15,"notes_in_stream":1452,"total_notes":1470},"scratch":{"scratch_ratio":0.07414965986394557,"scratch_positions_ratio":0.10420650095602295,"scratch_with_key_chord_rate":0.963302752293578,"scratch_notes":109,"scratch_positions":109,"total_notes":1470,"total_positions":1046},"soft":{"base_bpm":145.0,"intensity":0.001993901008679334,"up_intensity":0.0,"down_intensity":0.001993901008679334,"max_intensity":0.1724137931034483,"max_up_intensity":0.0,"max_down_intensity":0.1724137931034483,"step_frequency":0.03225806451612903,"ramp_frequency":0.03225806451612903,"continuity_beats":24.0,"off_base_note_ratio":0.011564625850340135,"gimmick_burst_score":0.00962427712549232,"max_off_base_density_per_beat":0.85,"base_mean_density_per_beat":6.583168036270898,"base_density_source":"on_base","distinct_off_base_bpm_count":1,"bpm_change_events":2,"measure_count":62},"ln":{"ln_ratio":0.0013605442176870747,"ln_hold_time_mean_beats":1.125,"ln_simultaneity_rate":0.0,"ln_simultaneity_weighted":0.0,"ln_count":2,"ln_positions":2,"total_notes":1470},"stair":{"stair_index":0.13588516746411483,"stair_transitions":142,"eligible_transitions":1045},"peak":{"peak_local_max_density":14.5,"peak_local_max_density_per_sec":35.041666666666664,"peak_max_chord_size":4,"peak_concentration":0.32448979591836735,"total_notes":1470},"jack":{"jack_ratio":0.03062200956937799,"jack_transitions":32,"all_transitions":1045}},"warnings":[],"tags":["scratch_active"],"scales":["sl"]}