{"md5":"956fc170981b450f6f2dace30aa36d01","headers":{"title":"BB BLOW(7key another)","artist":"onoken","genre":"tribal euro","playlevel":"10","base_bpm":160.0},"mode":"SP","scope":"playable_only","scaling_mode":"p99_linear","params":{"stream_window_ticks":48,"stream_density_threshold_per_beat":4.0,"peak_window_ticks":192,"peak_min_window_notes":4,"peak_min_window_sec":0.05,"felt_bpm_trigger_eff_bpm":500.0,"felt_bpm_trigger_peak_per_sec":200.0,"felt_bpm_target_peak_per_sec":100.0,"felt_bpm_floor":30.0,"jack_window_ticks":24,"soft_burst_ref":8.0,"soft_freq_ref":0.1,"soft_burst_exp":1.5,"soft_freq_exp":1.5,"chord_time_threshold_ms":16.67,"sp_distraction_min_scratches":3,"dp_distraction_window_sec_min":0.2,"dp_distraction_window_sec_max":0.8,"stream_density_ref_per_sec":40.0,"peak_density_ref_per_sec":70.0,"chord_size_ref":3.5,"ln_simultaneity_ref":0.05,"scratch_density_ref_per_sec":1.5,"scratch_ratio_ref":0.1,"distraction_density_ref":2.0,"distraction_event_ref":0.15},"raw_axes":{"chord":1.2509842519685037,"stream":16.02199018672512,"scratch":0.0020381601142161125,"soft":0.0,"ln":0.0,"stair":0.09458128078817735,"peak":26.666666666666668,"distraction":0.3278171788810087,"pure_jack_raw":0.0,"flow_break_raw":0.038027332144979206},"x_chord":0.315,"x_stream":0.399,"x_scratch":0.005,"x_soft":0.0,"x_ln":0.0,"x_stair":0.279,"x_peak":0.43,"x_distraction":0.087,"jack_signal":0.036,"noise_budget":0.128,"submetrics":{"chord":{"chord_rate":0.5275590551181102,"avg_chord_size":2.371268656716418,"chord_positions":536,"total_positions":1016},"stream":{"stream_coverage":0.9588806396344945,"stream_density_mean":6.265895953757226,"stream_density_mean_per_sec":16.709055876685934,"stream_windows":20,"notes_in_stream":1679,"total_notes":1751,"intervals":[[156,240],[540,624],[924,1284],[1296,1668],[1680,4056],[4392,4848],[4920,5040],[5052,5232],[5244,5328],[5340,5424],[5532,5616],[5724,5808],[5916,7920],[8220,8304],[8400,8448],[8592,10992],[11040,11112],[11232,11304],[11328,11376],[11400,15768]]},"scratch":{"scratch_ratio":0.011993146773272416,"scratch_positions_ratio":0.02066929133858268,"scratch_with_key_chord_rate":0.8095238095238095,"scratch_per_sec":0.16994373142821015,"scratch_burst_max_per_sec":3.0,"scratch_burst_window_sec":1.0,"scratch_notes":21,"scratch_positions":21,"total_notes":1751,"total_positions":1016,"chart_seconds":123.5703125},"soft":{"base_bpm":160.0,"intensity":0.0,"up_intensity":0.0,"down_intensity":0.0,"max_intensity":0.0,"max_up_intensity":0.0,"max_down_intensity":0.0,"step_frequency":0.0,"ramp_frequency":0.0,"continuity_beats":0.0,"off_base_note_ratio":0.0,"gimmick_burst_score":0.0,"max_off_base_density_per_beat":0.0,"base_mean_density_per_beat":5.30804248861912,"base_density_source":"on_base","distinct_off_base_bpm_count":0,"bpm_change_events":2,"measure_count":83},"ln":{"ln_ratio":0.0,"ln_hold_time_mean_beats":0.0,"ln_simultaneity_rate":0.0,"ln_simultaneity_weighted":0.0,"ln_count":0,"ln_positions":0,"total_notes":1751},"stair":{"stair_index":0.09458128078817735,"stair_transitions":96,"eligible_transitions":1015},"peak":{"peak_local_max_density":10.0,"peak_local_max_density_per_sec":26.666666666666668,"peak_max_chord_size":5,"peak_concentration":0.528269560251285,"total_notes":1751,"intervals":[[3336,3708],[3720,4080],[4416,4824],[5952,6492],[6528,6720],[6984,7908],[9264,9576],[9984,10356],[10620,10992],[12264,12804],[12864,13056],[13320,14280],[14400,14592],[14856,15108],[15288,15600]]},"jack":{"jack_pairs":4,"jack_in_stream_pairs":4,"jack_outside_pairs":0,"pure_jack_per_sec":0.0,"flow_break_per_stream_sec":0.038027332144979206,"stream_seconds":105.1875,"non_stream_seconds":18.3828125,"chart_seconds":123.5703125,"window_ticks":24,"min_region_sec":10.0},"distraction":{"mode_formulation":"SP","qualifying_window_count":2,"qualifying_scratches":8,"qualifying_flow_sec":52.875,"distract_density":0.15130023640661938,"distract_event_per_sec":0.037825059101654845,"scratch_chord_pair_count":14,"chord_time_threshold_sec":0.01667,"min_scratches":3}},"warnings":[],"tags":["burst_focused"],"scales":["★"]}