{"md5":"6037f6542a71a552f173b591330c7b0e","headers":{"title":"x-Aria [Snother]","artist":"ridis / obj:スノート","genre":"intelligence","playlevel":"19","base_bpm":130.0},"mode":"SP","scope":"playable_only","scaling_mode":"p99_linear","params":{"stream_window_ticks":48,"stream_density_threshold_per_beat":4.0,"peak_window_ticks":192,"peak_min_window_notes":4,"peak_min_window_sec":0.05,"felt_bpm_trigger_eff_bpm":500.0,"felt_bpm_trigger_peak_per_sec":200.0,"felt_bpm_target_peak_per_sec":100.0,"felt_bpm_floor":30.0,"jack_window_ticks":24,"soft_burst_ref":8.0,"soft_freq_ref":0.1,"soft_burst_exp":1.5,"soft_freq_exp":1.5,"chord_time_threshold_ms":16.67,"sp_distraction_min_scratches":3,"dp_distraction_window_sec_min":0.2,"dp_distraction_window_sec_max":0.8,"stream_density_ref_per_sec":40.0,"peak_density_ref_per_sec":70.0,"chord_size_ref":3.5,"ln_simultaneity_ref":0.05,"scratch_density_ref_per_sec":1.5,"scratch_ratio_ref":0.1,"distraction_density_ref":2.0,"distraction_event_ref":0.15},"raw_axes":{"chord":2.441860465116279,"stream":23.15249871293893,"scratch":0.005463904305336542,"soft":0.06538352368224433,"ln":0.0,"stair":0.21101629169899147,"peak":30.875,"distraction":0.29204558806250736},"x_chord":0.634,"x_stream":0.574,"x_scratch":0.013,"x_soft":0.386,"x_ln":0.0,"x_stair":0.641,"x_peak":0.366,"x_distraction":0.079,"submetrics":{"chord":{"chord_rate":0.8240310077519379,"avg_chord_size":2.9633113828786453,"chord_positions":1063,"total_positions":1290},"stream":{"stream_coverage":0.992893100384957,"stream_density_mean":10.891339869281046,"stream_density_mean_per_sec":23.318218954248366,"stream_windows":11,"notes_in_stream":3353,"total_notes":3377,"intervals":[[156,9551],[9588,9671],[9756,9935],[9948,10031],[10068,10127],[10140,10319],[10356,10439],[10500,10703],[10716,10799],[10836,10895],[11292,15959]]},"scratch":{"scratch_ratio":0.01658276576843352,"scratch_positions_ratio":0.043410852713178294,"scratch_with_key_chord_rate":1.0,"scratch_per_sec":0.3294929435557411,"scratch_burst_max_per_sec":4.0,"scratch_burst_window_sec":1.0,"scratch_notes":56,"scratch_positions":56,"total_notes":3377,"total_positions":1290,"chart_seconds":169.9581162366421},"soft":{"base_bpm":130.0,"intensity":0.01805881415001936,"up_intensity":0.0,"down_intensity":0.01805881415001936,"max_intensity":0.5,"max_up_intensity":0.0,"max_down_intensity":0.5,"step_frequency":0.17857142857142858,"ramp_frequency":0.023809523809523808,"continuity_beats":36.541666666666664,"off_base_note_ratio":0.0361267397098016,"gimmick_burst_score":0.3661477326205682,"max_off_base_density_per_beat":48.0,"base_mean_density_per_beat":11.010012692144974,"base_density_source":"on_base","distinct_off_base_bpm_count":14,"bpm_change_events":15,"measure_count":84},"ln":{"ln_ratio":0.0,"ln_hold_time_mean_beats":0.0,"ln_simultaneity_rate":0.0,"ln_simultaneity_weighted":0.0,"ln_count":0,"ln_positions":0,"total_notes":3377},"stair":{"stair_index":0.21101629169899147,"stair_transitions":272,"eligible_transitions":1289},"peak":{"peak_local_max_density":14.25,"peak_local_max_density_per_sec":30.875,"peak_max_chord_size":7,"peak_concentration":0.37400059224163457,"total_notes":3377,"intervals":[[3084,3335],[4704,4943],[5436,5663],[6072,6431],[6504,6791],[6840,7199],[7668,7907],[12684,13043],[13440,13751],[13764,14087],[14208,15935]]},"jack":{"jack_pairs":6,"jack_in_stream_pairs":6,"jack_outside_pairs":0,"pure_jack_per_sec":0.0,"flow_break_per_stream_sec":0.03845916795069337,"stream_seconds":156.00961538461542,"non_stream_seconds":13.948500852026683,"chart_seconds":169.9581162366421,"window_ticks":24,"min_region_sec":10.0},"distraction":{"mode_formulation":"SP","qualifying_window_count":2,"qualifying_scratches":53,"qualifying_flow_sec":136.39423076923077,"distract_density":0.3885794853718717,"distract_event_per_sec":0.014663376806485724,"scratch_chord_pair_count":102,"chord_time_threshold_sec":0.01667,"min_scratches":3}},"warnings":[],"tags":["chord_heavy","soflan","stair_focused","extreme_burst","dense_chart"],"scales":["st"]}