{"md5":"89628573ae1099a76cc25582957fb84f","headers":{"title":"Sogaikan Utopia [ANOTHER]","artist":"NONE","genre":"Drum&Bass","playlevel":"11","base_bpm":174.0},"mode":"SP","scope":"playable_only","scaling_mode":"p99_linear","params":{"stream_window_ticks":48,"stream_density_threshold_per_beat":4.0,"peak_window_ticks":192,"peak_min_window_notes":4,"peak_min_window_sec":0.05,"felt_bpm_trigger_eff_bpm":500.0,"felt_bpm_trigger_peak_per_sec":200.0,"felt_bpm_target_peak_per_sec":100.0,"felt_bpm_floor":30.0,"jack_window_ticks":24,"soft_burst_ref":8.0,"soft_freq_ref":0.1,"soft_burst_exp":1.5,"soft_freq_exp":1.5,"chord_time_threshold_ms":16.67,"sp_distraction_min_scratches":3,"dp_distraction_window_sec_min":0.2,"dp_distraction_window_sec_max":0.8,"stream_density_ref_per_sec":40.0,"peak_density_ref_per_sec":70.0,"chord_size_ref":3.5,"ln_simultaneity_ref":0.05,"scratch_density_ref_per_sec":1.5,"scratch_ratio_ref":0.1,"distraction_density_ref":2.0,"distraction_event_ref":0.15},"raw_axes":{"chord":1.0949895615866387,"stream":12.437197305712829,"scratch":0.008792428505060698,"soft":0.0,"ln":0.0,"stair":0.16509926854754442,"peak":21.75,"distraction":1.126176275679258,"pure_jack_raw":0.4748983073087523,"flow_break_raw":0.09551692589204024},"x_chord":0.276,"x_stream":0.31,"x_scratch":0.021,"x_soft":0.0,"x_ln":0.0,"x_stair":0.487,"x_peak":0.351,"x_distraction":0.297,"jack_signal":0.393,"noise_budget":0.711,"submetrics":{"chord":{"chord_rate":0.4812108559498956,"avg_chord_size":2.2754880694143167,"chord_positions":461,"total_positions":958},"stream":{"stream_coverage":0.8415265200517464,"stream_density_mean":5.096320346320346,"stream_density_mean_per_sec":14.779329004329004,"stream_windows":46,"notes_in_stream":1301,"total_notes":1546,"intervals":[[420,480],[492,552],[564,624],[636,960],[972,1128],[1188,1560],[1572,1728],[1740,1944],[1956,2112],[2292,2352],[3732,5412],[5772,5976],[6876,6960],[7140,7200],[7212,7296],[7404,7776],[7788,7872],[7884,7968],[7980,8064],[8088,8352],[8436,8640],[8652,8856],[8868,9024],[9036,9240],[9252,9408],[9420,9624],[9636,9792],[9804,11556],[11628,11748],[11760,12132],[12144,12228],[12240,12324],[12348,12516],[12528,12756],[12804,12852],[12912,13464],[13488,13632],[13644,13848],[13968,14016],[15936,17856],[17868,18072],[18084,18456],[18468,18624],[18636,18840],[18852,19224],[20352,20544]]},"scratch":{"scratch_ratio":0.02910737386804657,"scratch_positions_ratio":0.04697286012526096,"scratch_with_key_chord_rate":0.9333333333333333,"scratch_per_sec":0.3020687659738631,"scratch_burst_max_per_sec":6.0,"scratch_burst_window_sec":1.0,"scratch_notes":45,"scratch_positions":45,"total_notes":1546,"total_positions":958,"chart_seconds":148.9727011494253},"soft":{"base_bpm":174.0,"intensity":0.0,"up_intensity":0.0,"down_intensity":0.0,"max_intensity":0.0,"max_up_intensity":0.0,"max_down_intensity":0.0,"step_frequency":0.0,"ramp_frequency":0.0,"continuity_beats":0.0,"off_base_note_ratio":0.0,"gimmick_burst_score":0.0,"max_off_base_density_per_beat":0.0,"base_mean_density_per_beat":3.576388888888889,"base_density_source":"on_base","distinct_off_base_bpm_count":0,"bpm_change_events":0,"measure_count":109},"ln":{"ln_ratio":0.0,"ln_hold_time_mean_beats":0.0,"ln_simultaneity_rate":0.0,"ln_simultaneity_weighted":0.0,"ln_count":0,"ln_positions":0,"total_notes":1546},"stair":{"stair_index":0.16509926854754442,"stair_transitions":158,"eligible_transitions":957},"peak":{"peak_local_max_density":7.5,"peak_local_max_density_per_sec":21.75,"peak_max_chord_size":4,"peak_concentration":0.3615782664941785,"total_notes":1546,"intervals":[[564,864],[5100,5436],[7392,7776],[9804,10080],[10668,11532],[11652,12156],[12528,12756],[13032,13452],[16044,16320],[16332,16536],[16692,17088],[17100,17772]]},"jack":{"jack_pairs":35,"jack_in_stream_pairs":9,"jack_outside_pairs":26,"pure_jack_per_sec":0.4748983073087523,"flow_break_per_stream_sec":0.09551692589204024,"stream_seconds":94.2241379310345,"non_stream_seconds":54.748563218390785,"chart_seconds":148.9727011494253,"window_ticks":24,"min_region_sec":10.0},"distraction":{"mode_formulation":"SP","qualifying_window_count":5,"qualifying_scratches":31,"qualifying_flow_sec":43.36206896551724,"distract_density":0.7149105367793241,"distract_event_per_sec":0.11530815109343936,"scratch_chord_pair_count":33,"chord_time_threshold_sec":0.01667,"min_scratches":3}},"warnings":[],"tags":[],"scales":["sl"]}