{"md5":"93b312dfa1860a001b620d2a4e3d8e5c","headers":{"title":"Trick or Treat? [Extra]","artist":"Lime / aui /obj;vertigo","genre":"Gothic Dance","playlevel":"9","base_bpm":140.0},"mode":"SP","scope":"playable_only","scaling_mode":"reference","params":{"stream_window_ticks":48,"stream_density_threshold_per_beat":4.0,"peak_window_ticks":192,"jack_window_ticks":24,"soft_burst_ref":8.0,"soft_freq_ref":0.1,"soft_burst_exp":1.5,"soft_freq_exp":1.5,"chord_time_threshold_ms":16.67,"sp_distraction_min_scratches":3,"dp_distraction_window_sec_min":0.2,"dp_distraction_window_sec_max":0.8,"stream_density_ref_per_sec":40.0,"peak_density_ref_per_sec":70.0,"chord_size_ref":3.5,"ln_simultaneity_ref":0.05,"scratch_density_ref_per_sec":1.5,"scratch_ratio_ref":0.1,"distraction_density_ref":2.0,"distraction_event_ref":0.15},"x_chord":0.6372069488952606,"x_stream":0.49266017966303355,"x_scratch":0.10752368066804772,"x_soft":0.0,"x_ln":0.0,"x_stair":0.13238770685579196,"x_peak":0.425,"x_distraction":0.38571859903381644,"submetrics":{"chord":{"chord_rate":0.6658795749704841,"avg_chord_size":3.349290780141844,"chord_positions":564,"total_positions":847},"stream":{"stream_coverage":0.9498158379373849,"stream_density_mean":8.891832229580574,"stream_density_mean_per_sec":20.747608535688006,"stream_windows":31,"notes_in_stream":2063,"total_notes":2172,"intervals":[[156,239],[348,443],[540,623],[732,851],[924,1007],[1020,1103],[1116,1295],[1332,1391],[1404,1487],[1500,3311],[3324,3407],[3420,3503],[3516,3599],[3612,3695],[3708,3791],[3804,3887],[3900,4655],[4704,6335],[7020,7151],[7236,7319],[7452,7535],[7548,7631],[7644,7919],[8028,9647],[9756,9851],[9984,10031],[10140,10235],[10332,10451],[10512,10643],[10668,10835],[10860,14387]]},"scratch":{"scratch_ratio":0.030847145488029467,"scratch_positions_ratio":0.07910271546635184,"scratch_with_key_chord_rate":0.9402985074626866,"scratch_per_sec":0.5228539576365664,"scratch_burst_max_per_sec":5.0,"scratch_burst_window_sec":1.0,"scratch_notes":67,"scratch_positions":67,"total_notes":2172,"total_positions":847,"chart_seconds":128.14285714285714},"soft":{"base_bpm":140.0,"intensity":0.0,"up_intensity":0.0,"down_intensity":0.0,"max_intensity":0.0,"max_up_intensity":0.0,"max_down_intensity":0.0,"step_frequency":0.0,"ramp_frequency":0.0,"continuity_beats":0.0,"off_base_note_ratio":0.0,"gimmick_burst_score":0.0,"max_off_base_density_per_beat":0.0,"base_mean_density_per_beat":7.254180602006689,"base_density_source":"on_base","distinct_off_base_bpm_count":0,"bpm_change_events":0,"measure_count":75},"ln":{"ln_ratio":0.0,"ln_hold_time_mean_beats":0.0,"ln_simultaneity_rate":0.0,"ln_simultaneity_weighted":0.0,"ln_count":0,"ln_positions":0,"total_notes":2172},"stair":{"stair_index":0.13238770685579196,"stair_transitions":112,"eligible_transitions":846},"peak":{"peak_local_max_density":12.75,"peak_local_max_density_per_sec":29.75,"peak_max_chord_size":7,"peak_concentration":0.40331491712707185,"total_notes":2172,"intervals":[[5556,5759],[5772,6143],[8184,9047],[9180,9611],[11160,11495],[12636,13043],[13248,14363]]},"jack":{"jack_pairs":3,"jack_in_stream_pairs":1,"jack_outside_pairs":2,"pure_jack_per_sec":0.09572649572649548,"flow_break_per_stream_sec":0.00932400932400933,"stream_seconds":107.24999999999994,"non_stream_seconds":20.892857142857196,"chart_seconds":128.14285714285714,"window_ticks":24,"min_region_sec":10.0},"distraction":{"mode_formulation":"SP","qualifying_window_count":5,"qualifying_scratches":55,"qualifying_flow_sec":78.85714285714285,"distract_density":0.6974637681159421,"distract_event_per_sec":0.06340579710144928,"scratch_chord_pair_count":136,"chord_time_threshold_sec":0.01667,"min_scratches":3}},"warnings":[],"tags":[],"scales":["sl"]}