{"md5":"5b125766f8a8ccfbecf172ca03961d07","headers":{"title":"Chronomia -LAST BOSS-","artist":"Lime / inukoro","genre":"Dramatical","playlevel":"25","base_bpm":227.0},"mode":"SP","scope":"playable_only","scaling_mode":"p99_linear","params":{"stream_window_ticks":48,"stream_density_threshold_per_beat":4.0,"peak_window_ticks":192,"peak_min_window_notes":4,"peak_min_window_sec":0.05,"felt_bpm_trigger_eff_bpm":500.0,"felt_bpm_trigger_peak_per_sec":200.0,"felt_bpm_target_peak_per_sec":100.0,"felt_bpm_floor":30.0,"jack_window_ticks":24,"soft_burst_ref":8.0,"soft_freq_ref":0.1,"soft_burst_exp":1.5,"soft_freq_exp":1.5,"chord_time_threshold_ms":16.67,"sp_distraction_min_scratches":3,"dp_distraction_window_sec_min":0.2,"dp_distraction_window_sec_max":0.8,"stream_density_ref_per_sec":40.0,"peak_density_ref_per_sec":70.0,"chord_size_ref":3.5,"ln_simultaneity_ref":0.05,"scratch_density_ref_per_sec":1.5,"scratch_ratio_ref":0.1,"distraction_density_ref":2.0,"distraction_event_ref":0.15},"raw_axes":{"chord":2.5530939648586704,"stream":32.31586672386672,"scratch":0.03961209033617927,"soft":0.0,"stair":0.17660550458715596,"peak":52.96666666666667,"ln_m1_short_rate_rt":0.0,"ln_m2_density_rt":0.0,"ln_m2_burst_max_rt":0.0,"ln_m3_density_rt":0.0,"ln_m_concurrent_rt":0.9565217391304364,"adv_hand_imb":0.3333333333333333,"adv_rel_pressure_1beat":1.0,"adv_ln_hold_min_beats":1.75,"adv_ln_chord_big_rate":0.0,"adv_ln_scatter_cv":0.0,"distraction":1.2235877533419577},"x_chord":0.652,"x_stream":0.81,"x_scratch":0.097,"x_soft":0.0,"x_ln":0.499,"x_stair":0.513,"x_peak":0.856,"x_distraction":0.286,"ln_advanced_score":0.531,"submetrics":{"chord":{"chord_rate":0.8029029793735676,"avg_chord_size":3.1798287345385345,"chord_positions":1051,"total_positions":1309},"stream":{"stream_coverage":0.9691666666666666,"stream_density_mean":8.813384813384813,"stream_density_mean_per_sec":33.34397254397254,"stream_windows":29,"notes_in_stream":3489,"total_notes":3600,"intervals":[[732,816],[1164,1224],[2268,2880],[2892,4104],[4152,9648],[9660,9840],[9852,10128],[10332,11448],[11484,11568],[11604,11736],[11868,11952],[12060,12144],[12252,12336],[12732,17424],[17700,17808],[17868,17976],[18084,18168],[18444,18552],[18636,18744],[19260,19344],[19428,19728],[19764,19824],[19860,19920],[19956,20496],[20772,23760],[23772,23856],[23868,25464],[25596,25680],[26004,26064]]},"scratch":{"scratch_ratio":0.03972222222222222,"scratch_positions_ratio":0.1092436974789916,"scratch_with_key_chord_rate":0.9790209790209791,"scratch_per_sec":0.9972274490226949,"scratch_burst_max_per_sec":7.0,"scratch_burst_window_sec":1.0,"scratch_notes":143,"scratch_positions":143,"total_notes":3600,"total_positions":1309,"chart_seconds":143.39757709251103},"soft":{"base_bpm":227.0,"intensity":0.0,"up_intensity":0.0,"down_intensity":0.0,"max_intensity":0.0,"max_up_intensity":0.0,"max_down_intensity":0.0,"step_frequency":0.0,"ramp_frequency":0.0,"continuity_beats":0.0,"off_base_note_ratio":0.0,"gimmick_burst_score":0.0,"max_off_base_density_per_beat":0.0,"base_mean_density_per_beat":6.634101382488479,"base_density_source":"on_base","distinct_off_base_bpm_count":0,"bpm_change_events":0,"measure_count":193},"ln":{"ln_ratio":0.0030555555555555557,"ln_hold_time_mean_beats":1.0227272727272727,"ln_simultaneity_rate":0.0,"ln_simultaneity_weighted":0.0,"ln_count":11,"ln_count_raw":11,"ln_positions":9,"total_notes":3600,"m1_short_count_rt":0,"m1_short_rate_rt":0.0,"m2_long_count_rt":3,"m2_density_rt":0.0,"m2_burst_max_rt":0.0,"m3_density_rt":0.0,"m_concurrent_rt":0.9565217391304364,"total_long_sec":2.973568281938313,"long_active_sec":1.5198237885462476,"long_hold_sec_mean":0.9911894273127709,"long_hold_sec_max":1.5198237885462476,"adv_hand_imb":0.3333333333333333,"adv_rel_pressure_1beat":1.0,"adv_ln_hold_min_beats":1.75,"adv_ln_chord_big_rate":0.0,"adv_ln_scatter_cv":0.0},"stair":{"stair_index":0.17660550458715596,"stair_transitions":231,"eligible_transitions":1308},"peak":{"peak_local_max_density":14.0,"peak_local_max_density_per_sec":52.96666666666667,"peak_max_chord_size":8,"peak_concentration":0.3711111111111111,"total_notes":3600,"intervals":[[8052,8244],[8268,8460],[14508,14700],[15048,15240],[15648,15864],[16968,17412],[20832,23160],[23304,23544],[24048,24384],[24468,25464]]},"jack":{"jack_pairs":1,"jack_in_stream_pairs":1,"jack_outside_pairs":0,"pure_jack_per_sec":0.0,"flow_break_per_stream_sec":0.008839133609150642,"stream_seconds":113.1332599118943,"non_stream_seconds":30.26431718061673,"chart_seconds":143.39757709251103,"window_ticks":24,"min_region_sec":10.0},"distraction":{"mode_formulation":"SP","qualifying_window_count":9,"qualifying_scratches":130,"qualifying_flow_sec":102.15859030837005,"distract_density":1.272531263475636,"distract_event_per_sec":0.08809831824062095,"scratch_chord_pair_count":259,"chord_time_threshold_sec":0.01667,"min_scratches":3}},"warnings":["Unterminated LNOBJ LN on lane P1_KEY1 started at m190 pos0.0; closing at EOF","Unterminated LNOBJ LN on lane P1_KEY5 started at m192 pos0.03125; closing at EOF","Unterminated LNOBJ LN on lane P1_SCR started at m190 pos0.0; closing at EOF","Unterminated LNOBJ LN on lane P1_KEY7 started at m192 pos0.125; closing at EOF","Unterminated LNOBJ LN on lane P1_KEY3 started at m191 pos0.0; closing at EOF","Unterminated LNOBJ LN on lane P1_KEY2 started at m190 pos0.0; closing at EOF","Unterminated LNOBJ LN on lane P1_KEY4 started at m192 pos0.015625; closing at EOF","Unterminated LNOBJ LN on lane P1_KEY6 started at m192 pos0.0625; closing at EOF"],"tags":["chord_heavy","stream_heavy","peak_intense","scratch_chord","big_chord_burst","fast_chart","chord_stream"],"scales":["st"]}