{"md5":"a7fcb53c3b277d2be53969bed0785244","headers":{"title":"AGNIKAYANIZM[Another]","artist":"DJ Raisei","genre":"狂った民族","playlevel":"11","base_bpm":150.0},"mode":"SP","scope":"playable_only","scaling_mode":"p99_linear","params":{"stream_window_ticks":48,"stream_density_threshold_per_beat":4.0,"peak_window_ticks":192,"jack_window_ticks":24,"soft_burst_ref":8.0,"soft_freq_ref":0.1,"soft_burst_exp":1.5,"soft_freq_exp":1.5,"chord_time_threshold_ms":16.67,"sp_distraction_min_scratches":3,"dp_distraction_window_sec_min":0.2,"dp_distraction_window_sec_max":0.8,"stream_density_ref_per_sec":40.0,"peak_density_ref_per_sec":70.0,"chord_size_ref":3.5,"ln_simultaneity_ref":0.05,"scratch_density_ref_per_sec":1.5,"scratch_ratio_ref":0.1,"distraction_density_ref":2.0,"distraction_event_ref":0.15},"raw_axes":{"chord":0.9847133757961783,"stream":12.584535492916174,"scratch":0.22793156518805868,"soft":0.0,"ln":0.0,"stair":0.05739795918367347,"peak":21.875,"distraction":2.09437751004016},"x_chord":0.256,"x_stream":0.308,"x_scratch":0.548,"x_soft":0.0,"x_ln":0.0,"x_stair":0.174,"x_peak":0.223,"x_distraction":0.561,"submetrics":{"chord":{"chord_rate":0.4152866242038217,"avg_chord_size":2.371165644171779,"chord_positions":326,"total_positions":785},"stream":{"stream_coverage":0.9569805194805194,"stream_density_mean":5.265151515151516,"stream_density_mean_per_sec":13.150252525252526,"stream_windows":26,"notes_in_stream":1179,"total_notes":1232,"intervals":[[156,239],[1692,1847],[1884,1955],[2076,2339],[2352,2399],[2412,3827],[3840,4751],[4764,6131],[6156,6383],[6684,6923],[6960,7031],[7068,7499],[7524,9635],[9708,10223],[10584,10691],[10704,10763],[10812,10895],[10932,11339],[11400,12167],[12204,12335],[12372,14135],[14172,14243],[14256,14447],[14460,14543],[14556,14627],[14664,14831]]},"scratch":{"scratch_ratio":0.15097402597402598,"scratch_positions_ratio":0.23694267515923567,"scratch_with_key_chord_rate":0.5376344086021505,"scratch_per_sec":1.5097402597402596,"scratch_burst_max_per_sec":10.0,"scratch_burst_window_sec":1.0,"scratch_notes":186,"scratch_positions":186,"total_notes":1232,"total_positions":785,"chart_seconds":123.2},"soft":{"base_bpm":150.0,"intensity":0.0,"up_intensity":0.0,"down_intensity":0.0,"max_intensity":0.0,"max_up_intensity":0.0,"max_down_intensity":0.0,"step_frequency":0.0,"ramp_frequency":0.0,"continuity_beats":0.0,"off_base_note_ratio":0.0,"gimmick_burst_score":0.0,"max_off_base_density_per_beat":0.0,"base_mean_density_per_beat":3.987012987012987,"base_density_source":"on_base","distinct_off_base_bpm_count":0,"bpm_change_events":0,"measure_count":78},"ln":{"ln_ratio":0.0016233766233766235,"ln_hold_time_mean_beats":1.75,"ln_simultaneity_rate":0.0,"ln_simultaneity_weighted":0.0,"ln_count":2,"ln_positions":2,"total_notes":1232},"stair":{"stair_index":0.05739795918367347,"stair_transitions":45,"eligible_transitions":784},"peak":{"peak_local_max_density":8.75,"peak_local_max_density_per_sec":21.875,"peak_max_chord_size":5,"peak_concentration":0.3400974025974026,"total_notes":1232,"intervals":[[3852,4187],[4788,5051],[7656,8027],[8136,8459],[8988,9503],[12384,13367],[13800,14159],[14604,14807]]},"jack":{"jack_pairs":67,"jack_in_stream_pairs":59,"jack_outside_pairs":8,"pure_jack_per_sec":0.32000000000000034,"flow_break_per_stream_sec":0.6008146639511199,"stream_seconds":98.20000000000003,"non_stream_seconds":24.99999999999997,"chart_seconds":123.2,"window_ticks":24,"min_region_sec":10.0},"distraction":{"mode_formulation":"SP","qualifying_window_count":14,"qualifying_scratches":161,"qualifying_flow_sec":83.00000000000001,"distract_density":1.939759036144578,"distract_event_per_sec":0.16867469879518068,"scratch_chord_pair_count":86,"chord_time_threshold_sec":0.01667,"min_scratches":3}},"warnings":[],"tags":["scratch_active","distraction_heavy","flow_break","scratch_burst"],"scales":["so"]}