{"md5":"cf717aef6c56099521ddb2d3335ae625","headers":{"title":"the lost delaycated (grieving days)","artist":"哀愁マニア","genre":"hi-nrg / trance","playlevel":"13","base_bpm":134.0},"mode":"SP","scope":"playable_only","scaling_mode":"p99_linear","params":{"stream_window_ticks":48,"stream_density_threshold_per_beat":4.0,"peak_window_ticks":192,"peak_min_window_notes":4,"peak_min_window_sec":0.05,"felt_bpm_trigger_eff_bpm":500.0,"felt_bpm_trigger_peak_per_sec":200.0,"felt_bpm_target_peak_per_sec":100.0,"felt_bpm_floor":30.0,"jack_window_ticks":24,"soft_burst_ref":8.0,"soft_freq_ref":0.1,"soft_burst_exp":1.5,"soft_freq_exp":1.5,"chord_time_threshold_ms":16.67,"sp_distraction_min_scratches":3,"dp_distraction_window_sec_min":0.2,"dp_distraction_window_sec_max":0.8,"stream_density_ref_per_sec":40.0,"peak_density_ref_per_sec":70.0,"chord_size_ref":3.5,"ln_simultaneity_ref":0.05,"scratch_density_ref_per_sec":1.5,"scratch_ratio_ref":0.1,"distraction_density_ref":2.0,"distraction_event_ref":0.15},"raw_axes":{"chord":0.8125455871626549,"stream":19.730888605012723,"scratch":0.00030374380186971465,"soft":0.0,"ln":0.0,"stair":0.15985401459854015,"peak":27.35833333333333,"distraction":0.2883618796662275,"pure_jack_raw":0.0,"flow_break_raw":0.05807150595882991},"x_chord":0.205,"x_stream":0.492,"x_scratch":0.001,"x_soft":0.0,"x_ln":0.0,"x_stair":0.471,"x_peak":0.441,"x_distraction":0.076,"jack_signal":0.054,"noise_budget":0.131,"submetrics":{"chord":{"chord_rate":0.3172866520787746,"avg_chord_size":2.560919540229885,"chord_positions":435,"total_positions":1371},"stream":{"stream_coverage":0.9546341463414634,"stream_density_mean":9.25456760048721,"stream_density_mean_per_sec":20.66853430775477,"stream_windows":22,"notes_in_stream":1957,"total_notes":2050,"intervals":[[156,240],[348,432],[924,984],[1116,1200],[1692,1776],[1788,1968],[1980,2160],[2172,2352],[2364,2544],[2556,2736],[2748,2928],[2940,3120],[3228,6936],[7080,7728],[7872,8004],[8052,8328],[8340,9432],[9480,12516],[12828,12960],[13020,13152],[13596,13728],[13788,13920]]},"scratch":{"scratch_ratio":0.004390243902439025,"scratch_positions_ratio":0.006564551422319475,"scratch_with_key_chord_rate":0.8888888888888888,"scratch_per_sec":0.06918608820365722,"scratch_burst_max_per_sec":2.0,"scratch_burst_window_sec":1.0,"scratch_notes":9,"scratch_positions":9,"total_notes":2050,"total_positions":1371,"chart_seconds":130.0839552238806},"soft":{"base_bpm":134.0,"intensity":0.0,"up_intensity":0.0,"down_intensity":0.0,"max_intensity":0.0,"max_up_intensity":0.0,"max_down_intensity":0.0,"step_frequency":0.0,"ramp_frequency":0.0,"continuity_beats":0.0,"off_base_note_ratio":0.0,"gimmick_burst_score":0.0,"max_off_base_density_per_beat":0.0,"base_mean_density_per_beat":7.053356282271945,"base_density_source":"on_base","distinct_off_base_bpm_count":0,"bpm_change_events":0,"measure_count":73},"ln":{"ln_ratio":0.0,"ln_hold_time_mean_beats":0.0,"ln_simultaneity_rate":0.0,"ln_simultaneity_weighted":0.0,"ln_count":0,"ln_positions":0,"total_notes":2050},"stair":{"stair_index":0.15985401459854015,"stair_transitions":219,"eligible_transitions":1370},"peak":{"peak_local_max_density":12.25,"peak_local_max_density_per_sec":27.35833333333333,"peak_max_chord_size":5,"peak_concentration":0.26926829268292685,"total_notes":2050,"intervals":[[5520,6396],[9612,10056],[10068,10944]]},"jack":{"jack_pairs":6,"jack_in_stream_pairs":6,"jack_outside_pairs":0,"pure_jack_per_sec":0.0,"flow_break_per_stream_sec":0.05807150595882991,"stream_seconds":103.32089552238806,"non_stream_seconds":26.763059701492537,"chart_seconds":130.0839552238806,"window_ticks":24,"min_region_sec":10.0},"distraction":{"mode_formulation":"SP","qualifying_window_count":1,"qualifying_scratches":3,"qualifying_flow_sec":28.320895522388057,"distract_density":0.10592885375494072,"distract_event_per_sec":0.03530961791831357,"scratch_chord_pair_count":5,"chord_time_threshold_sec":0.01667,"min_scratches":3}},"warnings":[],"tags":["sustained"],"scales":["sl"]}