{"md5":"9a8937eb993fa8d8b9206c46b5782f4d","headers":{"title":"Armageddon [Calamity]","artist":"ZUN remixed by LeaF","genre":"KYRIE","playlevel":"4","base_bpm":210.0},"mode":"SP","scope":"playable_only","scaling_mode":"p99_linear","params":{"stream_window_ticks":48,"stream_density_threshold_per_beat":4.0,"peak_window_ticks":192,"peak_min_window_notes":4,"peak_min_window_sec":0.05,"felt_bpm_trigger_eff_bpm":500.0,"felt_bpm_trigger_peak_per_sec":200.0,"felt_bpm_target_peak_per_sec":100.0,"felt_bpm_floor":30.0,"jack_window_ticks":24,"soft_burst_ref":8.0,"soft_freq_ref":0.1,"soft_burst_exp":1.5,"soft_freq_exp":1.5,"chord_time_threshold_ms":16.67,"sp_distraction_min_scratches":3,"dp_distraction_window_sec_min":0.2,"dp_distraction_window_sec_max":0.8,"stream_density_ref_per_sec":40.0,"peak_density_ref_per_sec":70.0,"chord_size_ref":3.5,"ln_simultaneity_ref":0.05,"scratch_density_ref_per_sec":1.5,"scratch_ratio_ref":0.1,"distraction_density_ref":2.0,"distraction_event_ref":0.15},"raw_axes":{"chord":1.2066842568161829,"stream":16.130021789862028,"scratch":0.02684789400633706,"soft":0.0,"stair":0.14172535211267606,"peak":26.25,"ln_m1_short_rate_rt":0.0,"ln_m2_density_rt":0.0,"ln_m2_burst_max_rt":0.0,"ln_m3_density_rt":0.0,"ln_m_concurrent_rt":0.0,"adv_hand_imb":1.0,"adv_rel_pressure_1beat":0.3333333333333333,"adv_ln_hold_min_beats":0.4791666666666667,"adv_ln_chord_big_rate":0.0,"adv_ln_scatter_cv":0.47140452079103173,"distraction":4.614583333333334},"x_chord":0.308,"x_stream":0.404,"x_scratch":0.066,"x_soft":0.0,"x_ln":0.0,"x_stair":0.412,"x_peak":0.424,"x_distraction":1.0,"ln_advanced_score":0.0,"submetrics":{"chord":{"chord_rate":0.5092348284960422,"avg_chord_size":2.3696027633851466,"chord_positions":579,"total_positions":1137},"stream":{"stream_coverage":0.8585492227979274,"stream_density_mean":5.3678665496049165,"stream_density_mean_per_sec":18.787532923617206,"stream_windows":49,"notes_in_stream":1657,"total_notes":1930,"intervals":[[528,612],[732,792],[888,996],[1080,1248],[1392,1632],[1716,1776],[1848,2016],[2100,2196],[2232,2616],[2640,2736],[2844,2916],[2940,3024],[3036,3396],[3996,4272],[5544,7320],[7464,7704],[7728,8028],[8124,8280],[8316,8388],[8496,8604],[8628,8880],[8892,9048],[9084,9180],[9204,9816],[9852,9924],[9948,10176],[10428,10800],[10812,11136],[11196,11568],[11580,11928],[11952,12312],[12360,12708],[12792,13488],[13524,13776],[14940,15024],[15132,15408],[15480,15792],[15840,16440],[16464,16608],[16860,16992],[17244,17376],[17424,17988],[18588,18852],[18900,19872],[19884,20016],[20028,21552],[21564,22704],[22716,23268],[23280,23364]]},"scratch":{"scratch_ratio":0.04404145077720207,"scratch_positions_ratio":0.07475813544415127,"scratch_with_key_chord_rate":0.8470588235294118,"scratch_per_sec":0.6096051227321239,"scratch_burst_max_per_sec":6.0,"scratch_burst_window_sec":1.0,"scratch_notes":85,"scratch_positions":85,"total_notes":1930,"total_positions":1137,"chart_seconds":139.4345238095238},"soft":{"base_bpm":210.0,"intensity":0.0,"up_intensity":0.0,"down_intensity":0.0,"max_intensity":0.0,"max_up_intensity":0.0,"max_down_intensity":0.0,"step_frequency":0.0,"ramp_frequency":0.0,"continuity_beats":0.0,"off_base_note_ratio":0.0,"gimmick_burst_score":0.0,"max_off_base_density_per_beat":0.0,"base_mean_density_per_beat":3.9528688524590163,"base_density_source":"on_base","distinct_off_base_bpm_count":0,"bpm_change_events":0,"measure_count":123},"ln":{"ln_ratio":0.0015544041450777201,"ln_hold_time_mean_beats":1.1388888888888888,"ln_simultaneity_rate":0.0,"ln_simultaneity_weighted":0.0,"ln_count":3,"ln_count_raw":3,"ln_positions":3,"total_notes":1930,"m1_short_count_rt":0,"m1_short_rate_rt":0.0,"m2_long_count_rt":3,"m2_density_rt":0.0,"m2_burst_max_rt":0.0,"m3_density_rt":0.0,"m_concurrent_rt":0.0,"total_long_sec":0.9761904761904816,"long_active_sec":0.9761904761904816,"long_hold_sec_mean":0.3253968253968272,"long_hold_sec_max":0.5178571428571459,"adv_hand_imb":1.0,"adv_rel_pressure_1beat":0.3333333333333333,"adv_ln_hold_min_beats":0.4791666666666667,"adv_ln_chord_big_rate":0.0,"adv_ln_scatter_cv":0.47140452079103173},"stair":{"stair_index":0.14172535211267606,"stair_transitions":161,"eligible_transitions":1136},"peak":{"peak_local_max_density":7.5,"peak_local_max_density_per_sec":26.25,"peak_max_chord_size":5,"peak_concentration":0.44870466321243524,"total_notes":1930,"intervals":[[3984,4284],[5520,5832],[7008,7332],[7476,7692],[10452,10656],[11208,11544],[11592,11916],[13056,13464],[15168,15420],[15552,15804],[15948,16188],[18576,18864],[18972,19668],[20064,21276],[21600,22692],[22740,22944],[22968,23268]]},"jack":{"jack_pairs":12,"jack_in_stream_pairs":9,"jack_outside_pairs":3,"pure_jack_per_sec":0.07081635520584513,"flow_break_per_stream_sec":0.0927152317880795,"stream_seconds":97.07142857142854,"non_stream_seconds":42.363095238095255,"chart_seconds":139.4345238095238,"window_ticks":24,"min_region_sec":10.0},"distraction":{"mode_formulation":"SP","qualifying_window_count":8,"qualifying_scratches":41,"qualifying_flow_sec":16.0,"distract_density":2.5625,"distract_event_per_sec":0.5,"scratch_chord_pair_count":79,"chord_time_threshold_sec":0.01667,"min_scratches":3}},"warnings":[],"tags":["distraction_heavy","fast_chart"],"scales":["sl"]}