{"md5":"7d8b3dcd63e6adea25807ab25ea1544c","headers":{"title":"Absolute Future","artist":"otoshi.b","genre":"EMOTIONAL HAPPYCORE","playlevel":"12","base_bpm":200.0},"mode":"SP","scope":"playable_only","scaling_mode":"p99_linear","params":{"stream_window_ticks":48,"stream_density_threshold_per_beat":4.0,"peak_window_ticks":192,"peak_min_window_notes":4,"peak_min_window_sec":0.05,"felt_bpm_trigger_eff_bpm":500.0,"felt_bpm_trigger_peak_per_sec":200.0,"felt_bpm_target_peak_per_sec":100.0,"felt_bpm_floor":30.0,"jack_window_ticks":24,"soft_burst_ref":8.0,"soft_freq_ref":0.1,"soft_burst_exp":1.5,"soft_freq_exp":1.5,"chord_time_threshold_ms":16.67,"sp_distraction_min_scratches":3,"dp_distraction_window_sec_min":0.2,"dp_distraction_window_sec_max":0.8,"stream_density_ref_per_sec":40.0,"peak_density_ref_per_sec":70.0,"chord_size_ref":3.5,"ln_simultaneity_ref":0.05,"scratch_density_ref_per_sec":1.5,"scratch_ratio_ref":0.1,"distraction_density_ref":2.0,"distraction_event_ref":0.15},"raw_axes":{"chord":1.5356550580431176,"stream":21.252879248774008,"scratch":0.03630689831067903,"soft":0.0,"ln":0.0,"stair":0.19253112033195022,"peak":33.333333333333336,"distraction":1.1357659434582512},"x_chord":0.399,"x_stream":0.527,"x_scratch":0.088,"x_soft":0.0,"x_ln":0.0,"x_stair":0.585,"x_peak":0.396,"x_distraction":0.306,"submetrics":{"chord":{"chord_rate":0.533167495854063,"avg_chord_size":2.880248833592535,"chord_positions":643,"total_positions":1206},"stream":{"stream_coverage":0.9730848861283644,"stream_density_mean":6.555793991416309,"stream_density_mean_per_sec":21.84072484501669,"stream_windows":25,"notes_in_stream":2350,"total_notes":2415,"intervals":[[516,791],[804,983],[996,1175],[1188,2207],[2220,2303],[2316,2399],[2412,2495],[2508,2591],[2604,2687],[2700,5027],[5136,9839],[11664,11747],[12432,12515],[12672,12911],[12972,13079],[13188,13295],[13380,13679],[13740,13871],[13956,14063],[14124,14627],[14640,15011],[15024,15599],[15612,15695],[15708,18095],[18156,22127]]},"scratch":{"scratch_ratio":0.045548654244306416,"scratch_positions_ratio":0.0912106135986733,"scratch_with_key_chord_rate":0.9818181818181818,"scratch_per_sec":0.7971014492753623,"scratch_burst_max_per_sec":5.0,"scratch_burst_window_sec":1.0,"scratch_notes":110,"scratch_positions":110,"total_notes":2415,"total_positions":1206,"chart_seconds":138.0},"soft":{"base_bpm":200.0,"intensity":0.0,"up_intensity":0.0,"down_intensity":0.0,"max_intensity":0.0,"max_up_intensity":0.0,"max_down_intensity":0.0,"step_frequency":0.0,"ramp_frequency":0.0,"continuity_beats":0.0,"off_base_note_ratio":0.0,"gimmick_burst_score":0.0,"max_off_base_density_per_beat":0.0,"base_mean_density_per_beat":5.239130434782608,"base_density_source":"on_base","distinct_off_base_bpm_count":0,"bpm_change_events":0,"measure_count":116},"ln":{"ln_ratio":0.0016563146997929607,"ln_hold_time_mean_beats":3.75,"ln_simultaneity_rate":0.0,"ln_simultaneity_weighted":0.0,"ln_count":4,"ln_positions":2,"total_notes":2415},"stair":{"stair_index":0.19253112033195022,"stair_transitions":232,"eligible_transitions":1205},"peak":{"peak_local_max_density":10.0,"peak_local_max_density_per_sec":33.333333333333336,"peak_max_chord_size":8,"peak_concentration":0.45175983436853,"total_notes":2415,"intervals":[[3180,3623],[4392,5015],[6528,6959],[7308,7727],[7740,8159],[8244,8447],[9216,9503],[17016,17579],[17784,18119],[18228,18923],[19176,19415],[19596,19967],[20076,21743],[21804,22127]]},"jack":{"jack_pairs":24,"jack_in_stream_pairs":10,"jack_outside_pairs":14,"pure_jack_per_sec":0.5656565656565656,"flow_break_per_stream_sec":0.08830022075055188,"stream_seconds":113.25,"non_stream_seconds":24.75,"chart_seconds":138.0,"window_ticks":24,"min_region_sec":10.0},"distraction":{"mode_formulation":"SP","qualifying_window_count":10,"qualifying_scratches":97,"qualifying_flow_sec":101.4,"distract_density":0.9566074950690335,"distract_event_per_sec":0.09861932938856015,"scratch_chord_pair_count":191,"chord_time_threshold_sec":0.01667,"min_scratches":3}},"warnings":[],"tags":["stair_focused","big_chord_burst","burst_focused","fast_chart"],"scales":["sl"]}