{"md5":"25f637af6dd3a5138d347fcabebd7857","headers":{"title":"Apollo","artist":"xelloscope","genre":"11","playlevel":"444","base_bpm":155.0},"mode":"SP","scope":"playable_only","scaling_mode":"p99_linear","params":{"stream_window_ticks":48,"stream_density_threshold_per_beat":4.0,"peak_window_ticks":192,"peak_min_window_notes":4,"peak_min_window_sec":0.05,"felt_bpm_trigger_eff_bpm":500.0,"felt_bpm_trigger_peak_per_sec":200.0,"felt_bpm_target_peak_per_sec":100.0,"felt_bpm_floor":30.0,"jack_window_ticks":24,"soft_burst_ref":8.0,"soft_freq_ref":0.1,"soft_burst_exp":1.5,"soft_freq_exp":1.5,"chord_time_threshold_ms":16.67,"sp_distraction_min_scratches":3,"dp_distraction_window_sec_min":0.2,"dp_distraction_window_sec_max":0.8,"stream_density_ref_per_sec":40.0,"peak_density_ref_per_sec":70.0,"chord_size_ref":3.5,"ln_simultaneity_ref":0.05,"scratch_density_ref_per_sec":1.5,"scratch_ratio_ref":0.1,"distraction_density_ref":2.0,"distraction_event_ref":0.15},"raw_axes":{"chord":1.8318890814558058,"stream":24.09472242445062,"scratch":0.008851728358367804,"soft":0.0,"ln":0.03713733075435203,"stair":0.0797918473547268,"peak":72.33333333333333,"distraction":0.7405555555555555,"pure_jack_raw":0.4883368676158744,"flow_break_raw":2.5099297280782156},"x_chord":0.461,"x_stream":0.601,"x_scratch":0.021,"x_soft":0.0,"x_ln":0.588,"x_stair":0.235,"x_peak":0.972,"x_distraction":0.196,"jack_signal":1.0,"noise_budget":1.805,"submetrics":{"chord":{"chord_rate":0.5918544194107452,"avg_chord_size":3.095168374816984,"chord_positions":683,"total_positions":1154},"stream":{"stream_coverage":0.9613152804642167,"stream_density_mean":9.702320887991927,"stream_density_mean_per_sec":25.064328960645813,"stream_windows":23,"notes_in_stream":2485,"total_notes":2585,"intervals":[[1500,1560],[1572,1824],[1836,2016],[2028,2148],[2160,2208],[2220,2316],[2352,2592],[2604,2784],[2796,3360],[3372,3744],[3756,3864],[3876,4632],[4656,6384],[7260,8676],[8796,10224],[10296,10392],[10416,10608],[10680,10776],[10884,10992],[11064,11160],[11184,11352],[11448,11544],[11676,16368]]},"scratch":{"scratch_ratio":0.02127659574468085,"scratch_positions_ratio":0.047660311958405546,"scratch_with_key_chord_rate":0.9272727272727272,"scratch_per_sec":0.4160312328432868,"scratch_burst_max_per_sec":7.0,"scratch_burst_window_sec":1.0,"scratch_notes":55,"scratch_positions":55,"total_notes":2585,"total_positions":1154,"chart_seconds":132.2016129032258},"soft":{"base_bpm":155.0,"intensity":0.0,"up_intensity":0.0,"down_intensity":0.0,"max_intensity":0.0,"max_up_intensity":0.0,"max_down_intensity":0.0,"step_frequency":0.0,"ramp_frequency":0.0,"continuity_beats":0.0,"off_base_note_ratio":0.0,"gimmick_burst_score":0.0,"max_off_base_density_per_beat":0.0,"base_mean_density_per_beat":7.5666178623718885,"base_density_source":"on_base","distinct_off_base_bpm_count":0,"bpm_change_events":0,"measure_count":86},"ln":{"ln_ratio":0.011992263056092843,"ln_hold_time_mean_beats":1.1048387096774193,"ln_simultaneity_rate":0.03713733075435203,"ln_simultaneity_weighted":0.03713733075435203,"ln_count":31,"ln_positions":29,"total_notes":2585},"stair":{"stair_index":0.0797918473547268,"stair_transitions":92,"eligible_transitions":1153},"peak":{"peak_local_max_density":28.0,"peak_local_max_density_per_sec":72.33333333333333,"peak_max_chord_size":8,"peak_concentration":0.3597678916827853,"total_notes":2585,"intervals":[[9348,10224],[13356,14616],[16116,16320]]},"jack":{"jack_pairs":278,"jack_in_stream_pairs":265,"jack_outside_pairs":13,"pure_jack_per_sec":0.4883368676158744,"flow_break_per_stream_sec":2.5099297280782156,"stream_seconds":105.58064516129033,"non_stream_seconds":26.62096774193546,"chart_seconds":132.2016129032258,"window_ticks":24,"min_region_sec":10.0},"distraction":{"mode_formulation":"SP","qualifying_window_count":4,"qualifying_scratches":47,"qualifying_flow_sec":67.74193548387098,"distract_density":0.6938095238095238,"distract_event_per_sec":0.05904761904761904,"scratch_chord_pair_count":62,"chord_time_threshold_sec":0.01667,"min_scratches":3}},"warnings":["Unterminated LNOBJ LN on lane P1_SCR started at m85 pos0.0; closing at EOF","Unterminated LNOBJ LN on lane P1_KEY3 started at m84 pos0.96875; closing at EOF","Unterminated LNOBJ LN on lane P1_KEY7 started at m84 pos0.9375; closing at EOF","Unterminated LNOBJ LN on lane P1_KEY5 started at m84 pos0.9375; closing at EOF","Unterminated LNOBJ LN on lane P1_KEY4 started at m85 pos0.375; closing at EOF","Unterminated LNOBJ LN on lane P1_KEY6 started at m85 pos0.1875; closing at EOF","Unterminated LNOBJ LN on lane P1_KEY2 started at m79 pos0.9375; closing at EOF","Unterminated LNOBJ LN on lane P1_KEY1 started at m85 pos0.0; closing at EOF"],"tags":["ln_chart","peak_intense","flow_break","big_chord_burst"],"scales":["★★"]}