{"md5":"56036e42ce9b47a0cf5c1db0d5711ed5","headers":{"title":"Tsukuyomi","artist":"Lime","genre":"Dramatical","playlevel":"18","base_bpm":176.0},"mode":"SP","scope":"playable_only","scaling_mode":"p99_linear","params":{"stream_window_ticks":48,"stream_density_threshold_per_beat":4.0,"peak_window_ticks":192,"peak_min_window_notes":4,"peak_min_window_sec":0.05,"felt_bpm_trigger_eff_bpm":500.0,"felt_bpm_trigger_peak_per_sec":200.0,"felt_bpm_target_peak_per_sec":100.0,"felt_bpm_floor":30.0,"jack_window_ticks":24,"soft_burst_ref":8.0,"soft_freq_ref":0.1,"soft_burst_exp":1.5,"soft_freq_exp":1.5,"chord_time_threshold_ms":16.67,"sp_distraction_min_scratches":3,"dp_distraction_window_sec_min":0.2,"dp_distraction_window_sec_max":0.8,"stream_density_ref_per_sec":40.0,"peak_density_ref_per_sec":70.0,"chord_size_ref":3.5,"ln_simultaneity_ref":0.05,"scratch_density_ref_per_sec":1.5,"scratch_ratio_ref":0.1,"distraction_density_ref":2.0,"distraction_event_ref":0.15},"raw_axes":{"chord":1.927083333333333,"stream":24.51556616718331,"scratch":0.048542852204529384,"soft":0.0,"ln":0.0,"stair":0.10426540284360189,"peak":43.022222222222226,"distraction":1.7052431713998972},"x_chord":0.5,"x_stream":0.628,"x_scratch":0.117,"x_soft":0.0,"x_ln":0.0,"x_stair":0.317,"x_peak":0.531,"x_distraction":0.458,"submetrics":{"chord":{"chord_rate":0.6505681818181818,"avg_chord_size":2.962154294032023,"chord_positions":687,"total_positions":1056},"stream":{"stream_coverage":0.9571547420965059,"stream_density_mean":8.124653739612189,"stream_density_mean_per_sec":25.612960046027236,"stream_windows":34,"notes_in_stream":2301,"total_notes":2404,"intervals":[[348,599],[684,983],[1044,1367],[1452,2135],[2172,2543],[2580,2903],[2964,3551],[3660,3743],[3756,3863],[3876,3935],[4044,4319],[4428,4511],[4524,4631],[4644,4703],[4812,6419],[6432,6623],[6636,6719],[6744,6935],[7116,7391],[7404,7487],[7500,7559],[7596,7655],[7740,7799],[7824,8879],[9084,9143],[9180,9815],[9900,10199],[10260,10583],[10668,12335],[12492,12719],[12828,13007],[13020,13295],[13404,14255],[14364,17711]]},"scratch":{"scratch_ratio":0.05033277870216306,"scratch_positions_ratio":0.11458333333333333,"scratch_with_key_chord_rate":0.9504132231404959,"scratch_per_sec":0.9644381545428814,"scratch_burst_max_per_sec":6.0,"scratch_burst_window_sec":1.0,"scratch_notes":121,"scratch_positions":121,"total_notes":2404,"total_positions":1056,"chart_seconds":125.46164772727273},"soft":{"base_bpm":176.0,"intensity":0.0,"up_intensity":0.0,"down_intensity":0.0,"max_intensity":0.0,"max_up_intensity":0.0,"max_down_intensity":0.0,"step_frequency":0.0,"ramp_frequency":0.0,"continuity_beats":0.0,"off_base_note_ratio":0.0,"gimmick_burst_score":0.0,"max_off_base_density_per_beat":0.0,"base_mean_density_per_beat":6.521739130434782,"base_density_source":"on_base","distinct_off_base_bpm_count":0,"bpm_change_events":0,"measure_count":93},"ln":{"ln_ratio":0.0,"ln_hold_time_mean_beats":0.0,"ln_simultaneity_rate":0.0,"ln_simultaneity_weighted":0.0,"ln_count":0,"ln_positions":0,"total_notes":2404},"stair":{"stair_index":0.10426540284360189,"stair_transitions":110,"eligible_transitions":1055},"peak":{"peak_local_max_density":14.25,"peak_local_max_density_per_sec":43.022222222222226,"peak_max_chord_size":7,"peak_concentration":0.4176372712146423,"total_notes":2404,"intervals":[[3276,3479],[5976,6383],[8604,8867],[9204,9695],[11700,12023],[12084,12311],[14532,14759],[14772,14963],[15144,15515],[15612,16631],[16644,16943],[17256,17699]]},"jack":{"jack_pairs":6,"jack_in_stream_pairs":5,"jack_outside_pairs":1,"pure_jack_per_sec":0.05534591194968542,"flow_break_per_stream_sec":0.04655776734342968,"stream_seconds":107.39346590909088,"non_stream_seconds":18.068181818181856,"chart_seconds":125.46164772727273,"window_ticks":24,"min_region_sec":10.0},"distraction":{"mode_formulation":"SP","qualifying_window_count":14,"qualifying_scratches":111,"qualifying_flow_sec":87.27982954545453,"distract_density":1.2717715029701362,"distract_event_per_sec":0.16040361298722436,"scratch_chord_pair_count":167,"chord_time_threshold_sec":0.01667,"min_scratches":3}},"warnings":[],"tags":["peak_intense","distraction_heavy"],"scales":["★"]}