{"md5":"d2c180271db16f3cbd34e53ed51123a5","headers":{"title":"シャーロック・シェリンフォードのテーマwithえかたん","artist":"サケとカワボとえかたん","genre":"探偵オペラ","playlevel":"4","base_bpm":180.0},"mode":"SP","scope":"playable_only","scaling_mode":"p99_linear","params":{"stream_window_ticks":48,"stream_density_threshold_per_beat":4.0,"peak_window_ticks":192,"peak_min_window_notes":4,"peak_min_window_sec":0.05,"felt_bpm_trigger_eff_bpm":500.0,"felt_bpm_trigger_peak_per_sec":200.0,"felt_bpm_target_peak_per_sec":100.0,"felt_bpm_floor":30.0,"jack_window_ticks":24,"soft_burst_ref":8.0,"soft_freq_ref":0.1,"soft_burst_exp":1.5,"soft_freq_exp":1.5,"chord_time_threshold_ms":16.67,"sp_distraction_min_scratches":3,"sp_distraction_bin_sec":0.25,"sp_distraction_t_key":2,"sp_distraction_gap_bins":2,"dp_distraction_window_sec_min":0.2,"dp_distraction_window_sec_max":0.8,"stream_density_ref_per_sec":40.0,"peak_density_ref_per_sec":70.0,"chord_size_ref":3.5,"ln_simultaneity_ref":0.05,"scratch_density_ref_per_sec":1.5,"scratch_ratio_ref":0.1,"distraction_density_ref":2.0,"distraction_event_ref":0.15},"raw_axes":{"chord":2.5930902111324374,"stream":17.121412741492556,"scratch_per_sec":0.26406513606689647,"scratch_burst_max_per_sec":2.0,"scratch_max_run_sec":0.5,"soft":0.0,"stair":0.21965317919075145,"peak":25.5,"ln_m1_short_rate_rt":0.0,"ln_m2_density_rt":0.0,"ln_m2_burst_max_rt":0.0,"ln_m3_density_rt":0.0,"ln_m_concurrent_rt":0.0,"adv_hand_imb":0.0,"adv_rel_pressure_1beat":0.0,"adv_ln_hold_min_beats":0.0,"adv_ln_chord_big_rate":0.0,"adv_ln_scatter_cv":0.0,"distraction":1.1407613878089928},"x_chord":0.666,"x_stream":0.442,"x_scratch":0.052,"x_soft":0.0,"x_ln":0.0,"x_stair":0.622,"x_peak":0.428,"x_distraction":0.07,"ln_advanced_score":0.0,"submetrics":{"chord":{"chord_rate":0.7428023032629558,"avg_chord_size":3.490956072351421,"chord_positions":387,"total_positions":521},"stream":{"stream_coverage":0.934931506849315,"stream_density_mean":6.104337631887456,"stream_density_mean_per_sec":18.313012895662368,"stream_windows":33,"notes_in_stream":1365,"total_notes":1460,"intervals":[[204,384],[396,576],[588,768],[780,960],[972,1152],[1164,1344],[1356,1536],[1632,3264],[3312,3456],[3468,3624],[3708,3840],[3888,3972],[4080,4224],[4236,4392],[4476,4608],[4620,4680],[4716,4800],[4812,6336],[6348,9792],[9804,10176],[10188,10920],[10956,11328],[11340,11712],[11724,11928],[11964,12048],[12180,12240],[12348,12408],[12420,12504],[12564,12624],[12732,12792],[13116,13176],[13332,13392],[13536,13608]]},"scratch":{"scratch_ratio":0.016835016835016835,"scratch_positions_ratio":0.04798464491362764,"scratch_with_key_chord_rate":0.96,"scratch_per_sec":0.26406513606689647,"scratch_burst_max_per_sec":2.0,"scratch_burst_window_sec":1.0,"scratch_max_run_sec":0.5,"ls_count":0,"ls_per_sec":0.0,"ls_complexity_mean":0.0,"scratch_notes":25,"scratch_positions":25,"total_notes":1485,"total_positions":521,"chart_seconds":94.67361111111111},"soft":{"base_bpm":180.0,"intensity":0.0,"up_intensity":0.0,"down_intensity":0.0,"max_intensity":0.0,"max_up_intensity":0.0,"max_down_intensity":0.0,"step_frequency":0.0,"ramp_frequency":0.0,"continuity_beats":0.0,"off_base_note_ratio":0.0,"gimmick_burst_score":0.0,"max_off_base_density_per_beat":0.0,"base_mean_density_per_beat":5.225352112676056,"base_density_source":"on_base","distinct_off_base_bpm_count":0,"bpm_change_events":0,"measure_count":72},"ln":{"ln_ratio":0.0,"ln_hold_time_mean_beats":0.0,"ln_simultaneity_rate":0.0,"ln_simultaneity_weighted":0.0,"ln_count":0,"ln_count_raw":0,"ln_positions":0,"total_notes":1485,"m1_short_count_rt":0,"m1_short_rate_rt":0.0,"m2_long_count_rt":0,"m2_density_rt":0.0,"m2_burst_max_rt":0.0,"m3_density_rt":0.0,"m_concurrent_rt":0.0,"total_long_sec":0.0,"long_active_sec":0.0,"long_hold_sec_mean":0.0,"long_hold_sec_max":0.0,"adv_hand_imb":0.0,"adv_rel_pressure_1beat":0.0,"adv_ln_hold_min_beats":0.0,"adv_ln_chord_big_rate":0.0,"adv_ln_scatter_cv":0.0},"stair":{"stair_index":0.21965317919075145,"stair_transitions":114,"eligible_transitions":519},"peak":{"peak_local_max_density":8.5,"peak_local_max_density_per_sec":25.5,"peak_max_chord_size":6,"peak_concentration":0.5232876712328767,"total_notes":1460,"intervals":[[1812,2136],[2196,2568],[2652,2904],[2916,3288],[5220,5472],[5556,5856],[5940,6228],[6540,6744],[6924,7128],[7188,7548],[7692,7944],[7956,8316],[8340,8712],[8796,9096],[9180,9480],[9492,9768],[10260,10464],[11028,11304]]},"jack":{"jack_pairs":14,"jack_in_stream_pairs":11,"jack_outside_pairs":3,"pure_jack_per_sec":0.2129127649088222,"flow_break_per_stream_sec":0.13650465356773525,"stream_seconds":80.58333333333334,"non_stream_seconds":14.090277777777771,"chart_seconds":94.67361111111111,"window_ticks":24,"min_region_sec":10.0},"distraction":{"mode_formulation":"SP","v3_score":1.1407613878089928,"qualifying_intervals":1,"qualifying_flow_sec":93.25,"qualifying_scratches":24,"scratch_chord_pair_count":36,"chord_time_threshold_sec":0.01667,"min_scratches":3,"bin_sec":0.25,"t_key":2,"gap_bins":2}},"warnings":[],"axis_intensities":{"chord":"red","stream":"green","peak":"green","scratch":"green","soft":null,"ln":null,"stair":"red","distraction":"green"},"tags":["burst_focused"],"scales":["sl"]}