{"md5":"135443cc431b85603a5f52500e589566","headers":{"title":"Missing Banquet [7KEY ANOTHER]","artist":"U2 Remixed by rider","genre":"MAKINA","playlevel":"12","base_bpm":180.0},"mode":"SP","scope":"playable_only","scaling_mode":"p99_linear","params":{"stream_window_ticks":48,"stream_density_threshold_per_beat":4.0,"peak_window_ticks":192,"peak_min_window_notes":4,"peak_min_window_sec":0.05,"felt_bpm_trigger_eff_bpm":500.0,"felt_bpm_trigger_peak_per_sec":200.0,"felt_bpm_target_peak_per_sec":100.0,"felt_bpm_floor":30.0,"jack_window_ticks":24,"soft_burst_ref":8.0,"soft_freq_ref":0.1,"soft_burst_exp":1.5,"soft_freq_exp":1.5,"chord_time_threshold_ms":16.67,"sp_distraction_min_scratches":3,"sp_distraction_bin_sec":0.25,"sp_distraction_t_key":2,"sp_distraction_gap_bins":2,"dp_distraction_window_sec_min":0.2,"dp_distraction_window_sec_max":0.8,"stream_density_ref_per_sec":40.0,"peak_density_ref_per_sec":70.0,"chord_size_ref":3.5,"ln_simultaneity_ref":0.05,"scratch_density_ref_per_sec":1.5,"scratch_ratio_ref":0.1,"distraction_density_ref":2.0,"distraction_event_ref":0.15},"raw_axes":{"chord":1.5259095920617418,"stream":13.415147376706697,"scratch_per_sec":0.4668119253866185,"scratch_burst_max_per_sec":4.0,"scratch_max_run_sec":1.3333333333333428,"soft":0.0,"stair":0.1591160220994475,"peak":21.0,"ln_m1_short_rate_rt":0.0,"ln_m2_density_rt":49.23529411764705,"ln_m2_burst_max_rt":47.0,"ln_m3_density_rt":49.23529411764705,"ln_m_concurrent_rt":0.0,"adv_hand_imb":1.0,"adv_rel_pressure_1beat":1.0,"adv_ln_hold_min_beats":1.25,"adv_ln_chord_big_rate":0.0,"adv_ln_scatter_cv":1.5747258934695196,"distraction":1.836637083488335},"x_chord":0.392,"x_stream":0.346,"x_scratch":0.103,"x_soft":0.0,"x_ln":0.724,"x_stair":0.451,"x_peak":0.352,"x_distraction":0.113,"ln_advanced_score":0.664,"submetrics":{"chord":{"chord_rate":0.5744211686879823,"avg_chord_size":2.656429942418426,"chord_positions":521,"total_positions":907},"stream":{"stream_coverage":0.8513750731421884,"stream_density_mean":5.25234521575985,"stream_density_mean_per_sec":15.75703564727955,"stream_windows":27,"notes_in_stream":1455,"total_notes":1709,"intervals":[[192,1032],[1116,2616],[2652,3324],[3408,3504],[3804,3888],[3996,4080],[4188,4272],[4572,4656],[4764,4848],[4956,5040],[5340,5424],[5532,5616],[5724,5808],[6108,6192],[6300,6384],[6492,6624],[6636,6696],[6948,7008],[7020,7080],[7332,7392],[7404,7464],[7716,7776],[7788,7848],[8028,8088],[9372,9456],[9480,15552],[15612,18816]]},"scratch":{"scratch_ratio":0.03446327683615819,"scratch_positions_ratio":0.06725468577728776,"scratch_with_key_chord_rate":0.9836065573770492,"scratch_per_sec":0.4668119253866185,"scratch_burst_max_per_sec":4.0,"scratch_burst_window_sec":1.0,"scratch_max_run_sec":1.3333333333333428,"ls_count":1,"ls_per_sec":0.007652654514534729,"ls_complexity_mean":0,"scratch_notes":61,"scratch_positions":61,"total_notes":1770,"total_positions":907,"chart_seconds":130.67361111111111},"soft":{"base_bpm":180.0,"intensity":0.0,"up_intensity":0.0,"down_intensity":0.0,"max_intensity":0.0,"max_up_intensity":0.0,"max_down_intensity":0.0,"step_frequency":0.0,"ramp_frequency":0.0,"continuity_beats":0.0,"off_base_note_ratio":0.0,"gimmick_burst_score":0.0,"max_off_base_density_per_beat":0.0,"base_mean_density_per_beat":4.510204081632653,"base_density_source":"on_base","distinct_off_base_bpm_count":0,"bpm_change_events":0,"measure_count":99},"ln":{"ln_ratio":0.0096045197740113,"ln_hold_time_mean_beats":1.0,"ln_simultaneity_rate":0.01638418079096045,"ln_simultaneity_weighted":0.01638418079096045,"ln_count":17,"ln_count_raw":17,"ln_positions":16,"total_notes":1770,"m1_short_count_rt":0,"m1_short_rate_rt":0.0,"m2_long_count_rt":10,"m2_density_rt":49.23529411764705,"m2_burst_max_rt":47.0,"m3_density_rt":49.23529411764705,"m_concurrent_rt":0.0,"total_long_sec":5.666666666666668,"long_active_sec":5.666666666666668,"long_hold_sec_mean":0.5666666666666668,"long_hold_sec_max":0.9166666666666714,"adv_hand_imb":1.0,"adv_rel_pressure_1beat":1.0,"adv_ln_hold_min_beats":1.25,"adv_ln_chord_big_rate":0.0,"adv_ln_scatter_cv":1.5747258934695196},"stair":{"stair_index":0.1591160220994475,"stair_transitions":144,"eligible_transitions":905},"peak":{"peak_local_max_density":7.0,"peak_local_max_density_per_sec":21.0,"peak_max_chord_size":5,"peak_concentration":0.4014043300175541,"total_notes":1709,"intervals":[[1740,2160],[2292,2544],[2652,3372],[9492,10344],[10452,12264],[12396,12852],[14028,14328],[14748,15072],[17076,17400],[18276,18696]]},"jack":{"jack_pairs":5,"jack_in_stream_pairs":1,"jack_outside_pairs":4,"pure_jack_per_sec":0.11967587783087465,"flow_break_per_stream_sec":0.010282776349614397,"stream_seconds":97.24999999999999,"non_stream_seconds":33.42361111111113,"chart_seconds":130.67361111111111,"window_ticks":24,"min_region_sec":10.0},"distraction":{"mode_formulation":"SP","v3_score":1.836637083488335,"qualifying_intervals":2,"qualifying_flow_sec":128.75,"qualifying_scratches":61,"scratch_chord_pair_count":86,"chord_time_threshold_sec":0.01667,"min_scratches":3,"bin_sec":0.25,"t_key":2,"gap_bins":2}},"warnings":["Unterminated LNOBJ LN on lane P1_KEY3 started at m97 pos0.875; closing at EOF","Unterminated LNOBJ LN on lane P1_SCR started at m98 pos0.0; closing at EOF","Unterminated LNOBJ LN on lane P1_KEY1 started at m98 pos0.0; closing at EOF","Unterminated LNOBJ LN on lane P1_KEY2 started at m97 pos0.25; closing at EOF","Unterminated LNOBJ LN on lane P1_KEY4 started at m96 pos0.875; closing at EOF","Unterminated LNOBJ LN on lane P1_KEY7 started at m97 pos0.5; closing at EOF","Unterminated LNOBJ LN on lane P1_KEY6 started at m97 pos0.75; closing at EOF","Unterminated LNOBJ LN on lane P1_KEY5 started at m97 pos0.875; closing at EOF"],"axis_intensities":{"chord":"yellow","stream":"green","peak":"green","scratch":"yellow","soft":null,"ln":"yellow","stair":"yellow","distraction":"yellow"},"tags":[],"scales":["sl"]}