{"md5":"c31dc2e5b82a97de64cbee84aa67aae2","headers":{"title":"U.N.Owen ～戯れしは狂妹か？～[abolish19]","artist":"team TRIAD / UnK-now/37E","genre":"Arrange(karaoke)","playlevel":"495","base_bpm":199.0},"mode":"SP","scope":"playable_only","scaling_mode":"percentile_rank","params":{"stream_window_ticks":48,"stream_density_threshold_per_beat":4.0,"peak_window_ticks":192,"jack_window_ticks":24,"soft_burst_ref":8.0,"soft_freq_ref":0.1,"soft_burst_exp":1.5,"soft_freq_exp":1.5,"chord_time_threshold_ms":16.67,"sp_distraction_min_scratches":3,"dp_distraction_window_sec_min":0.2,"dp_distraction_window_sec_max":0.8,"stream_density_ref_per_sec":40.0,"peak_density_ref_per_sec":70.0,"chord_size_ref":3.5,"ln_simultaneity_ref":0.05,"scratch_density_ref_per_sec":1.5,"scratch_ratio_ref":0.1,"distraction_density_ref":2.0,"distraction_event_ref":0.15},"raw_axes":{"chord":1.5504047093451068,"stream":24.97257566602848,"scratch":0.005220881608970835,"soft":0.08349076879934716,"ln":0.0,"stair":0.23048600883652431,"peak":39.8,"distraction":0.910173737373737},"x_chord":0.3118701964133219,"x_stream":0.6392826643894107,"x_scratch":0.2862510674637062,"x_soft":0.9807002561912895,"x_ln":0.0,"x_stair":0.9149444918872758,"x_peak":0.6770281810418446,"x_distraction":0.6707087959009393,"submetrics":{"chord":{"chord_rate":0.58719646799117,"avg_chord_size":2.6403508771929824,"chord_positions":798,"total_positions":1359},"stream":{"stream_coverage":0.9902548725637181,"stream_density_mean":7.602610587382161,"stream_density_mean_per_sec":25.21833152042543,"stream_windows":11,"notes_in_stream":2642,"total_notes":2668,"intervals":[[360,3383],[3420,5411],[5724,7295],[10332,16859],[16896,17183],[17280,17627],[17664,17879],[18036,18407],[18420,18743],[18792,19427],[22644,24311]]},"scratch":{"scratch_ratio":0.01686656671664168,"scratch_positions_ratio":0.033112582781456956,"scratch_with_key_chord_rate":1.0,"scratch_per_sec":0.30954026961631526,"scratch_burst_max_per_sec":5.0,"scratch_burst_window_sec":1.0,"scratch_notes":45,"scratch_positions":45,"total_notes":2668,"total_positions":1359,"chart_seconds":145.37688442211055},"soft":{"base_bpm":199.0,"intensity":0.0009370314842578711,"up_intensity":0.0003748125937031484,"down_intensity":0.0005622188905547227,"max_intensity":1.0,"max_up_intensity":1.0,"max_down_intensity":0.75,"step_frequency":0.031007751937984496,"ramp_frequency":0.023255813953488372,"continuity_beats":66.0,"off_base_note_ratio":0.0011244377811094452,"gimmick_burst_score":2.692577293778946,"max_off_base_density_per_beat":6.0,"base_mean_density_per_beat":5.944196428571429,"base_density_source":"on_base","distinct_off_base_bpm_count":2,"bpm_change_events":4,"measure_count":129},"ln":{"ln_ratio":0.0,"ln_hold_time_mean_beats":0.0,"ln_simultaneity_rate":0.0,"ln_simultaneity_weighted":0.0,"ln_count":0,"ln_positions":0,"total_notes":2668},"stair":{"stair_index":0.23048600883652431,"stair_transitions":313,"eligible_transitions":1358},"peak":{"peak_local_max_density":12.0,"peak_local_max_density_per_sec":39.8,"peak_max_chord_size":6,"peak_concentration":0.3568215892053973,"total_notes":2668,"intervals":[[3768,4007],[6864,7079],[10500,11219],[11328,12059],[12216,12455],[12480,12767],[13572,14291],[14400,15131],[15288,15527],[15552,15839],[19176,19463],[24048,24287]]},"jack":{"jack_pairs":0,"jack_in_stream_pairs":0,"jack_outside_pairs":0,"pure_jack_per_sec":0.0,"flow_break_per_stream_sec":0.0,"stream_seconds":106.54522613065329,"non_stream_seconds":38.83165829145726,"chart_seconds":145.37688442211055,"window_ticks":24,"min_region_sec":10.0},"distraction":{"mode_formulation":"SP","qualifying_window_count":4,"qualifying_scratches":41,"qualifying_flow_sec":51.82160804020103,"distract_density":0.7911757575757572,"distract_event_per_sec":0.07718787878787875,"scratch_chord_pair_count":41,"chord_time_threshold_sec":0.01667,"min_scratches":3}},"warnings":[],"tags":["soflan","stair_focused"],"scales":["★"]}