{"md5":"e84111d76822f3e082bf8fbbc5a0f778","headers":{"title":"妖鬼山脈","artist":"かたぎり","genre":"ORIENTAL MUSIC","playlevel":"12","base_bpm":221.0},"mode":"SP","scope":"playable_only","scaling_mode":"p99_linear","params":{"stream_window_ticks":48,"stream_density_threshold_per_beat":4.0,"peak_window_ticks":192,"peak_min_window_notes":4,"felt_bpm_trigger_eff_bpm":500.0,"felt_bpm_trigger_peak_per_sec":200.0,"felt_bpm_target_peak_per_sec":100.0,"felt_bpm_floor":30.0,"jack_window_ticks":24,"soft_burst_ref":8.0,"soft_freq_ref":0.1,"soft_burst_exp":1.5,"soft_freq_exp":1.5,"chord_time_threshold_ms":16.67,"sp_distraction_min_scratches":3,"dp_distraction_window_sec_min":0.2,"dp_distraction_window_sec_max":0.8,"stream_density_ref_per_sec":40.0,"peak_density_ref_per_sec":70.0,"chord_size_ref":3.5,"ln_simultaneity_ref":0.05,"scratch_density_ref_per_sec":1.5,"scratch_ratio_ref":0.1,"distraction_density_ref":2.0,"distraction_event_ref":0.15},"raw_axes":{"chord":1.5280797101449275,"stream":19.056480885857667,"scratch":0.0412185997932409,"soft":0.0,"ln":0.0,"stair":0.1414324569356301,"peak":25.783333333333335,"distraction":1.0768214936247726},"x_chord":0.397,"x_stream":0.472,"x_scratch":0.1,"x_soft":0.0,"x_ln":0.0,"x_stair":0.43,"x_peak":0.293,"x_distraction":0.29,"submetrics":{"chord":{"chord_rate":0.6068840579710145,"avg_chord_size":2.517910447761194,"chord_positions":670,"total_positions":1104},"stream":{"stream_coverage":0.9632248939179632,"stream_density_mean":5.3712328767123285,"stream_density_mean_per_sec":19.784041095890412,"stream_windows":20,"notes_in_stream":2043,"total_notes":2121,"intervals":[[348,407],[444,503],[828,887],[1404,1463],[1500,1559],[1680,3311],[3324,4175],[4188,7103],[7116,7727],[7848,11039],[11052,11183],[11388,11447],[11508,12887],[12912,14615],[15888,15983],[15996,17327],[17436,17519],[17544,20783],[20796,20855],[20976,22319]]},"scratch":{"scratch_ratio":0.04950495049504951,"scratch_positions_ratio":0.09510869565217392,"scratch_with_key_chord_rate":0.9238095238095239,"scratch_per_sec":0.832615715823466,"scratch_burst_max_per_sec":4.0,"scratch_burst_window_sec":1.0,"scratch_notes":105,"scratch_positions":105,"total_notes":2121,"total_positions":1104,"chart_seconds":126.10859728506787},"soft":{"base_bpm":221.0,"intensity":0.0,"up_intensity":0.0,"down_intensity":0.0,"max_intensity":0.0,"max_up_intensity":0.0,"max_down_intensity":0.0,"step_frequency":0.0,"ramp_frequency":0.0,"continuity_beats":0.0,"off_base_note_ratio":0.0,"gimmick_burst_score":0.0,"max_off_base_density_per_beat":0.0,"base_mean_density_per_beat":4.566200215285253,"base_density_source":"on_base","distinct_off_base_bpm_count":0,"bpm_change_events":0,"measure_count":117},"ln":{"ln_ratio":0.003771805752003772,"ln_hold_time_mean_beats":0.17708333333333331,"ln_simultaneity_rate":0.0,"ln_simultaneity_weighted":0.0,"ln_count":8,"ln_positions":2,"total_notes":2121},"stair":{"stair_index":0.1414324569356301,"stair_transitions":156,"eligible_transitions":1103},"peak":{"peak_local_max_density":7.0,"peak_local_max_density_per_sec":25.783333333333335,"peak_max_chord_size":6,"peak_concentration":0.44035832154644033,"total_notes":2121,"intervals":[[2544,2831],[2844,3299],[5544,5807],[5964,6179],[6348,6611],[8268,8519],[9252,9587],[9840,10043],[10188,10451],[13332,14255],[15996,16211],[16728,16979],[17100,17303],[17772,17963],[18288,18479],[18492,19139],[19248,19751],[19920,20375],[20508,20759],[21012,21299],[21324,22307]]},"jack":{"jack_pairs":1,"jack_in_stream_pairs":1,"jack_outside_pairs":0,"pure_jack_per_sec":0.0,"flow_break_per_stream_sec":0.009348561759729273,"stream_seconds":106.9683257918552,"non_stream_seconds":19.14027149321268,"chart_seconds":126.10859728506787,"window_ticks":24,"min_region_sec":10.0},"distraction":{"mode_formulation":"SP","qualifying_window_count":9,"qualifying_scratches":94,"qualifying_flow_sec":99.36651583710405,"distract_density":0.9459927140255011,"distract_event_per_sec":0.0905737704918033,"scratch_chord_pair_count":128,"chord_time_threshold_sec":0.01667,"min_scratches":3}},"warnings":["Unterminated LNOBJ LN on lane P1_KEY2 started at m115 pos0.625; closing at EOF","Unterminated LNOBJ LN on lane P1_SCR started at m116 pos0.0; closing at EOF","Unterminated LNOBJ LN on lane P1_KEY6 started at m115 pos0.625; closing at EOF"],"tags":["fast_chart"],"scales":["sl"]}