{"md5":"aad5ec4218a33048c3cd18eb9e182ac5","headers":{"title":"Artemis　-SABOTHER-","artist":"MONO/さ","genre":"INTELLIGENCE CORE","playlevel":"12","base_bpm":188.0},"mode":"SP","scope":"playable_only","scaling_mode":"p99_linear","params":{"stream_window_ticks":48,"stream_density_threshold_per_beat":4.0,"peak_window_ticks":192,"peak_min_window_notes":4,"peak_min_window_sec":0.05,"felt_bpm_trigger_eff_bpm":500.0,"felt_bpm_trigger_peak_per_sec":200.0,"felt_bpm_target_peak_per_sec":100.0,"felt_bpm_floor":30.0,"jack_window_ticks":24,"soft_burst_ref":8.0,"soft_freq_ref":0.1,"soft_burst_exp":1.5,"soft_freq_exp":1.5,"chord_time_threshold_ms":16.67,"sp_distraction_min_scratches":3,"dp_distraction_window_sec_min":0.2,"dp_distraction_window_sec_max":0.8,"stream_density_ref_per_sec":40.0,"peak_density_ref_per_sec":70.0,"chord_size_ref":3.5,"ln_simultaneity_ref":0.05,"scratch_density_ref_per_sec":1.5,"scratch_ratio_ref":0.1,"distraction_density_ref":2.0,"distraction_event_ref":0.15},"raw_axes":{"chord":1.746742671009772,"stream":22.32723303072623,"scratch":0.0037554008043265857,"soft":0.00605840212371359,"ln":0.0,"stair":0.16136919315403422,"peak":32.9,"distraction":0.2904152608907845},"x_chord":0.454,"x_stream":0.574,"x_scratch":0.009,"x_soft":0.026,"x_ln":0.0,"x_stair":0.49,"x_peak":0.547,"x_distraction":0.077,"submetrics":{"chord":{"chord_rate":0.5952768729641694,"avg_chord_size":2.9343365253077973,"chord_positions":731,"total_positions":1228},"stream":{"stream_coverage":0.9454958364875095,"stream_density_mean":7.587557603686636,"stream_density_mean_per_sec":23.61431131592422,"stream_windows":8,"notes_in_stream":2498,"total_notes":2642,"intervals":[[3420,9624],[10368,10416],[10428,10488],[10524,10584],[10596,10776],[10812,10872],[10884,10968],[11004,20400]]},"scratch":{"scratch_ratio":0.014383043149129448,"scratch_positions_ratio":0.030944625407166124,"scratch_with_key_chord_rate":1.0,"scratch_per_sec":0.26109918223765366,"scratch_burst_max_per_sec":6.0,"scratch_burst_window_sec":1.0,"scratch_notes":38,"scratch_positions":38,"total_notes":2642,"total_positions":1228,"chart_seconds":145.53856382978722},"soft":{"base_bpm":188.0,"intensity":0.012869038607115822,"up_intensity":0.0,"down_intensity":0.012869038607115822,"max_intensity":0.5,"max_up_intensity":0.0,"max_down_intensity":0.5,"step_frequency":0.018691588785046728,"ramp_frequency":0.018691588785046728,"continuity_beats":32.0,"off_base_note_ratio":0.025738077214231644,"gimmick_burst_score":0.32412451361867706,"max_off_base_density_per_beat":2.125,"base_mean_density_per_beat":6.5561224489795915,"base_density_source":"on_base","distinct_off_base_bpm_count":1,"bpm_change_events":2,"measure_count":107},"ln":{"ln_ratio":0.0,"ln_hold_time_mean_beats":0.0,"ln_simultaneity_rate":0.0,"ln_simultaneity_weighted":0.0,"ln_count":0,"ln_positions":0,"total_notes":2642},"stair":{"stair_index":0.16136919315403422,"stair_transitions":198,"eligible_transitions":1227},"peak":{"peak_local_max_density":10.5,"peak_local_max_density_per_sec":32.9,"peak_max_chord_size":5,"peak_concentration":0.39931869795609387,"total_notes":2642,"intervals":[[6348,6696],[7800,8244],[8340,8544],[9336,9600],[13380,13872],[14004,14376],[14964,15408],[15552,15912],[17052,17496],[17664,18480],[18576,20388]]},"jack":{"jack_pairs":2,"jack_in_stream_pairs":2,"jack_outside_pairs":0,"pure_jack_per_sec":0.0,"flow_break_per_stream_sec":0.018019529143952558,"stream_seconds":110.9906914893617,"non_stream_seconds":34.54787234042553,"chart_seconds":145.53856382978722,"window_ticks":24,"min_region_sec":10.0},"distraction":{"mode_formulation":"SP","qualifying_window_count":2,"qualifying_scratches":34,"qualifying_flow_sec":104.44813829787233,"distract_density":0.3255204023171431,"distract_event_per_sec":0.019148258959831944,"scratch_chord_pair_count":56,"chord_time_threshold_sec":0.01667,"min_scratches":3}},"warnings":[],"tags":[],"scales":["sl"]}