{"md5":"ad6d4631747d7aa03530a5db4b9120c7","headers":{"title":"Bloody Scarlet Nightmare","artist":"ZUN remixed by翡乃イスカ","genre":"Midnight HARDCORE","playlevel":"16","base_bpm":194.0},"mode":"SP","scope":"playable_only","scaling_mode":"p99_linear","params":{"stream_window_ticks":48,"stream_density_threshold_per_beat":4.0,"peak_window_ticks":192,"peak_min_window_notes":4,"peak_min_window_sec":0.05,"felt_bpm_trigger_eff_bpm":500.0,"felt_bpm_trigger_peak_per_sec":200.0,"felt_bpm_target_peak_per_sec":100.0,"felt_bpm_floor":30.0,"jack_window_ticks":24,"soft_burst_ref":8.0,"soft_freq_ref":0.1,"soft_burst_exp":1.5,"soft_freq_exp":1.5,"chord_time_threshold_ms":16.67,"sp_distraction_min_scratches":3,"dp_distraction_window_sec_min":0.2,"dp_distraction_window_sec_max":0.8,"stream_density_ref_per_sec":40.0,"peak_density_ref_per_sec":70.0,"chord_size_ref":3.5,"ln_simultaneity_ref":0.05,"scratch_density_ref_per_sec":1.5,"scratch_ratio_ref":0.1,"distraction_density_ref":2.0,"distraction_event_ref":0.15},"raw_axes":{"chord":1.3320867614061331,"stream":19.82271926167529,"scratch":0.04042628662032583,"soft":0.0,"ln":0.0,"stair":0.15793413173652696,"peak":33.949999999999996,"distraction":1.1105768129880242,"pure_jack_raw":0.032742616033755244,"flow_break_raw":0.14009590973201694},"x_chord":0.336,"x_stream":0.494,"x_scratch":0.097,"x_soft":0.0,"x_ln":0.0,"x_stair":0.465,"x_peak":0.548,"x_distraction":0.293,"jack_signal":0.152,"noise_budget":0.542,"submetrics":{"chord":{"chord_rate":0.5220643231114436,"avg_chord_size":2.5515759312320916,"chord_positions":698,"total_positions":1337},"stream":{"stream_coverage":0.9429752066115702,"stream_density_mean":6.501483679525222,"stream_density_mean_per_sec":21.02146389713155,"stream_windows":25,"notes_in_stream":2282,"total_notes":2420,"intervals":[[2028,3588],[3612,6828],[6972,7032],[7068,7128],[7212,7320],[7356,7416],[7452,7536],[7596,7704],[7788,7896],[7980,8088],[8124,8184],[8220,8280],[8340,9084],[9096,13296],[14832,14988],[15000,15600],[15684,15744],[15768,16176],[16188,16236],[16284,16512],[16620,16728],[16740,16968],[16992,17280],[17388,18816],[18828,22500]]},"scratch":{"scratch_ratio":0.049173553719008264,"scratch_positions_ratio":0.08900523560209424,"scratch_with_key_chord_rate":0.9747899159663865,"scratch_per_sec":0.8221144001780547,"scratch_burst_max_per_sec":6.0,"scratch_burst_window_sec":1.0,"scratch_notes":119,"scratch_positions":119,"total_notes":2420,"total_positions":1337,"chart_seconds":144.7487113402062},"soft":{"base_bpm":194.0,"intensity":0.0,"up_intensity":0.0,"down_intensity":0.0,"max_intensity":0.0,"max_up_intensity":0.0,"max_down_intensity":0.0,"step_frequency":0.0,"ramp_frequency":0.0,"continuity_beats":0.0,"off_base_note_ratio":0.0,"gimmick_burst_score":0.0,"max_off_base_density_per_beat":0.0,"base_mean_density_per_beat":5.166666666666667,"base_density_source":"on_base","distinct_off_base_bpm_count":0,"bpm_change_events":0,"measure_count":118},"ln":{"ln_ratio":0.0,"ln_hold_time_mean_beats":0.0,"ln_simultaneity_rate":0.0,"ln_simultaneity_weighted":0.0,"ln_count":0,"ln_positions":0,"total_notes":2420},"stair":{"stair_index":0.15793413173652696,"stair_transitions":211,"eligible_transitions":1336},"peak":{"peak_local_max_density":10.5,"peak_local_max_density_per_sec":33.949999999999996,"peak_max_chord_size":5,"peak_concentration":0.39008264462809916,"total_notes":2420,"intervals":[[3336,3552],[4224,4428],[4596,5040],[5748,5988],[9936,10428],[10596,11184],[11712,12060],[12672,12948],[18900,19176],[19896,20232],[20364,22524]]},"jack":{"jack_pairs":17,"jack_in_stream_pairs":16,"jack_outside_pairs":1,"pure_jack_per_sec":0.032742616033755244,"flow_break_per_stream_sec":0.14009590973201694,"stream_seconds":114.20747422680411,"non_stream_seconds":30.54123711340209,"chart_seconds":144.7487113402062,"window_ticks":24,"min_region_sec":10.0},"distraction":{"mode_formulation":"SP","qualifying_window_count":7,"qualifying_scratches":115,"qualifying_flow_sec":93.79510309278349,"distract_density":1.2260768015387788,"distract_event_per_sec":0.07463076183279523,"scratch_chord_pair_count":128,"chord_time_threshold_sec":0.01667,"min_scratches":3}},"warnings":[],"tags":[],"scales":["sl"]}