{"md5":"390c99405cad2c49f91eeaa8153ba8c1","headers":{"title":"MOBILYS","artist":"Dachs / И","genre":"Aesthetic Trance","playlevel":"0","base_bpm":144.0},"mode":"SP","scope":"playable_only","scaling_mode":"p99_linear","params":{"stream_window_ticks":48,"stream_density_threshold_per_beat":4.0,"peak_window_ticks":192,"peak_min_window_notes":4,"peak_min_window_sec":0.05,"felt_bpm_trigger_eff_bpm":500.0,"felt_bpm_trigger_peak_per_sec":200.0,"felt_bpm_target_peak_per_sec":100.0,"felt_bpm_floor":30.0,"jack_window_ticks":24,"soft_burst_ref":8.0,"soft_freq_ref":0.1,"soft_burst_exp":1.5,"soft_freq_exp":1.5,"chord_time_threshold_ms":16.67,"sp_distraction_min_scratches":3,"dp_distraction_window_sec_min":0.2,"dp_distraction_window_sec_max":0.8,"stream_density_ref_per_sec":40.0,"peak_density_ref_per_sec":70.0,"chord_size_ref":3.5,"ln_simultaneity_ref":0.05,"scratch_density_ref_per_sec":1.5,"scratch_ratio_ref":0.1,"distraction_density_ref":2.0,"distraction_event_ref":0.15},"raw_axes":{"chord":2.480651731160896,"stream":25.65147848614745,"scratch":0.015866394953704104,"soft":0.0,"ln":0.0018450184501845018,"stair":0.2161060142711519,"peak":48.0,"distraction":0.9403756355712358},"x_chord":0.644,"x_stream":0.636,"x_scratch":0.038,"x_soft":0.0,"x_ln":0.029,"x_stair":0.657,"x_peak":0.57,"x_distraction":0.253,"submetrics":{"chord":{"chord_rate":0.7209775967413442,"avg_chord_size":3.440677966101695,"chord_positions":708,"total_positions":982},"stream":{"stream_coverage":0.9313653136531366,"stream_density_mean":11.475750577367206,"stream_density_mean_per_sec":27.541801385681293,"stream_windows":28,"notes_in_stream":2524,"total_notes":2710,"intervals":[[924,1007],[1140,1199],[1308,1583],[2388,4847],[4860,5603],[5640,5723],[5832,5915],[6024,6107],[6192,8735],[8796,8975],[8988,9071],[9084,9167],[9180,9263],[9372,9455],[9636,9695],[9756,9839],[9852,9935],[9948,10031],[10332,10391],[10524,10583],[12828,12899],[13020,13079],[13116,13199],[13212,13295],[13788,15263],[15288,16223],[16296,17375],[18060,18503]]},"scratch":{"scratch_ratio":0.030627306273062732,"scratch_positions_ratio":0.0845213849287169,"scratch_with_key_chord_rate":0.8554216867469879,"scratch_per_sec":0.5180473533076881,"scratch_burst_max_per_sec":8.0,"scratch_burst_window_sec":1.0,"scratch_notes":83,"scratch_positions":83,"total_notes":2710,"total_positions":982,"chart_seconds":160.21701388888889},"soft":{"base_bpm":144.0,"intensity":0.0,"up_intensity":0.0,"down_intensity":0.0,"max_intensity":0.0,"max_up_intensity":0.0,"max_down_intensity":0.0,"step_frequency":0.0,"ramp_frequency":0.0,"continuity_beats":0.0,"off_base_note_ratio":0.0,"gimmick_burst_score":0.0,"max_off_base_density_per_beat":0.0,"base_mean_density_per_beat":7.027308192457737,"base_density_source":"on_base","distinct_off_base_bpm_count":0,"bpm_change_events":0,"measure_count":97},"ln":{"ln_ratio":0.021402214022140223,"ln_hold_time_mean_beats":2.0129310344827585,"ln_simultaneity_rate":0.0018450184501845018,"ln_simultaneity_weighted":0.0018450184501845018,"ln_count":58,"ln_positions":34,"total_notes":2710},"stair":{"stair_index":0.2161060142711519,"stair_transitions":212,"eligible_transitions":981},"peak":{"peak_local_max_density":20.0,"peak_local_max_density_per_sec":48.0,"peak_max_chord_size":8,"peak_concentration":0.5472324723247233,"total_notes":2710,"intervals":[[4620,4811],[4884,5399],[7056,8207],[8316,8639],[13824,14759],[15588,16079],[16560,17351],[18084,18515]]},"jack":{"jack_pairs":10,"jack_in_stream_pairs":10,"jack_outside_pairs":0,"pure_jack_per_sec":0.0,"flow_break_per_stream_sec":0.09967984771134374,"stream_seconds":100.3211805555556,"non_stream_seconds":59.895833333333286,"chart_seconds":160.21701388888889,"window_ticks":24,"min_region_sec":10.0},"distraction":{"mode_formulation":"SP","qualifying_window_count":7,"qualifying_scratches":64,"qualifying_flow_sec":83.65451388888889,"distract_density":0.7650513645325309,"distract_event_per_sec":0.08367749299574556,"scratch_chord_pair_count":110,"chord_time_threshold_sec":0.01667,"min_scratches":3}},"warnings":[],"tags":["chord_heavy","stair_focused","peak_intense","big_chord_burst","burst_focused"],"scales":["st"]}