{"md5":"9d83e138af3a57ddec987019707558de","headers":{"title":"月と狼と砂糖菓子(和三盆)","artist":"campanellina / obj:alt","genre":"スペランツァ","playlevel":"23","base_bpm":180.0},"mode":"SP","scope":"playable_only","scaling_mode":"p99_linear","params":{"stream_window_ticks":48,"stream_density_threshold_per_beat":4.0,"peak_window_ticks":192,"peak_min_window_notes":4,"peak_min_window_sec":0.05,"felt_bpm_trigger_eff_bpm":500.0,"felt_bpm_trigger_peak_per_sec":200.0,"felt_bpm_target_peak_per_sec":100.0,"felt_bpm_floor":30.0,"jack_window_ticks":24,"soft_burst_ref":8.0,"soft_freq_ref":0.1,"soft_burst_exp":1.5,"soft_freq_exp":1.5,"chord_time_threshold_ms":16.67,"sp_distraction_min_scratches":3,"sp_distraction_bin_sec":0.25,"sp_distraction_t_key":2,"sp_distraction_gap_bins":2,"dp_distraction_window_sec_min":0.2,"dp_distraction_window_sec_max":0.8,"stream_density_ref_per_sec":40.0,"peak_density_ref_per_sec":70.0,"chord_size_ref":3.5,"ln_simultaneity_ref":0.05,"scratch_density_ref_per_sec":1.5,"scratch_ratio_ref":0.1,"distraction_density_ref":2.0,"distraction_event_ref":0.15},"raw_axes":{"chord":0.7493606138107418,"stream":22.477054572284498,"scratch_per_sec":0.29250552870832996,"scratch_burst_max_per_sec":3.0,"scratch_max_run_sec":2.0000000000000018,"soft":0.0,"stair":0.2345890410958904,"peak":48.0,"ln_m1_short_rate_rt":0.0,"ln_m2_density_rt":0.0,"ln_m2_burst_max_rt":0.0,"ln_m3_density_rt":0.0,"ln_m_concurrent_rt":0.0,"adv_hand_imb":0.0,"adv_rel_pressure_1beat":0.0,"adv_ln_hold_min_beats":0.0,"adv_ln_chord_big_rate":0.0,"adv_ln_scatter_cv":0.0,"distraction":0.7642886395282169},"x_chord":0.192,"x_stream":0.58,"x_scratch":0.08,"x_soft":0.0,"x_ln":0.0,"x_stair":0.665,"x_peak":0.805,"x_distraction":0.047,"ln_advanced_score":0.0,"submetrics":{"chord":{"chord_rate":0.2915601023017903,"avg_chord_size":2.5701754385964914,"chord_positions":342,"total_positions":1173},"stream":{"stream_coverage":0.8820726622989875,"stream_density_mean":8.49402985074627,"stream_density_mean_per_sec":25.482089552238804,"stream_windows":34,"notes_in_stream":1481,"total_notes":1679,"intervals":[[132,840],[852,948],[972,1524],[1548,1668],[1692,1812],[1836,1956],[1980,2100],[2124,2352],[2412,2904],[2988,3480],[3516,4056],[4140,4632],[4668,4788],[4836,4920],[6012,6072],[6156,6240],[6300,6384],[6444,6672],[6732,6816],[6876,6960],[7020,7440],[7452,8016],[8028,8592],[8628,8736],[8748,8880],[8892,9024],[9036,9168],[9180,9924],[10044,10536],[10572,11076],[11196,11688],[11724,11844],[14640,14712],[15180,15300]]},"scratch":{"scratch_ratio":0.018128654970760234,"scratch_positions_ratio":0.026427962489343565,"scratch_with_key_chord_rate":0.8709677419354839,"scratch_per_sec":0.29250552870832996,"scratch_burst_max_per_sec":3.0,"scratch_burst_window_sec":1.0,"scratch_max_run_sec":2.0000000000000018,"ls_count":0,"ls_per_sec":0.0,"ls_complexity_mean":0.0,"scratch_notes":31,"scratch_positions":31,"total_notes":1710,"total_positions":1173,"chart_seconds":105.98090277777777},"soft":{"base_bpm":180.0,"intensity":0.0,"up_intensity":0.0,"down_intensity":0.0,"max_intensity":0.0,"max_up_intensity":0.0,"max_down_intensity":0.0,"step_frequency":0.0,"ramp_frequency":0.0,"continuity_beats":0.0,"off_base_note_ratio":0.0,"gimmick_burst_score":0.0,"max_off_base_density_per_beat":0.0,"base_mean_density_per_beat":5.372389049982798,"base_density_source":"on_base","distinct_off_base_bpm_count":0,"bpm_change_events":1,"measure_count":106},"ln":{"ln_ratio":0.0,"ln_hold_time_mean_beats":0.0,"ln_simultaneity_rate":0.0,"ln_simultaneity_weighted":0.0,"ln_count":0,"ln_count_raw":0,"ln_positions":0,"total_notes":1710,"m1_short_count_rt":0,"m1_short_rate_rt":0.0,"m2_long_count_rt":0,"m2_density_rt":0.0,"m2_burst_max_rt":0.0,"m3_density_rt":0.0,"m_concurrent_rt":0.0,"total_long_sec":0.0,"long_active_sec":0.0,"long_hold_sec_mean":0.0,"long_hold_sec_max":0.0,"adv_hand_imb":0.0,"adv_rel_pressure_1beat":0.0,"adv_ln_hold_min_beats":0.0,"adv_ln_chord_big_rate":0.0,"adv_ln_scatter_cv":0.0},"stair":{"stair_index":0.2345890410958904,"stair_transitions":274,"eligible_transitions":1168},"peak":{"peak_local_max_density":16.0,"peak_local_max_density_per_sec":48.0,"peak_max_chord_size":6,"peak_concentration":0.4949374627754616,"total_notes":1679,"intervals":[[2448,2832],[3024,3264],[3744,3984],[4176,4560],[9360,9900],[10068,10488],[10524,11076],[11136,11712]]},"jack":{"jack_pairs":4,"jack_in_stream_pairs":4,"jack_outside_pairs":0,"pure_jack_per_sec":0.0,"flow_break_per_stream_sec":0.0608541771215763,"stream_seconds":65.73090277777777,"non_stream_seconds":40.25,"chart_seconds":105.98090277777777,"window_ticks":24,"min_region_sec":10.0},"distraction":{"mode_formulation":"SP","v3_score":0.7642886395282169,"qualifying_intervals":1,"qualifying_flow_sec":33.5,"qualifying_scratches":19,"scratch_chord_pair_count":32,"chord_time_threshold_sec":0.01667,"min_scratches":3,"bin_sec":0.25,"t_key":2,"gap_bins":2}},"warnings":[],"axis_intensities":{"chord":"green","stream":"yellow","peak":"red","scratch":"green","soft":null,"ln":null,"stair":"red","distraction":"green"},"tags":["burst_focused"],"scales":["★★"]}