{"md5":"66dbfa4421a9e1ca88aecc9d7de015f6","headers":{"title":"ecstatic ghost party as Nightmare","artist":"cybermiso (mov:siratama) obj.berimetros","genre":"ELECTRO/RAVE/DUBSTEP","playlevel":"12","base_bpm":130.0},"mode":"SP","scope":"playable_only","scaling_mode":"p99_linear","params":{"stream_window_ticks":48,"stream_density_threshold_per_beat":4.0,"peak_window_ticks":192,"peak_min_window_notes":4,"peak_min_window_sec":0.05,"felt_bpm_trigger_eff_bpm":500.0,"felt_bpm_trigger_peak_per_sec":200.0,"felt_bpm_target_peak_per_sec":100.0,"felt_bpm_floor":30.0,"jack_window_ticks":24,"soft_burst_ref":8.0,"soft_freq_ref":0.1,"soft_burst_exp":1.5,"soft_freq_exp":1.5,"chord_time_threshold_ms":16.67,"sp_distraction_min_scratches":3,"sp_distraction_bin_sec":0.25,"sp_distraction_t_key":2,"sp_distraction_gap_bins":2,"dp_distraction_window_sec_min":0.2,"dp_distraction_window_sec_max":0.8,"stream_density_ref_per_sec":40.0,"peak_density_ref_per_sec":70.0,"chord_size_ref":3.5,"ln_simultaneity_ref":0.05,"scratch_density_ref_per_sec":1.5,"scratch_ratio_ref":0.1,"distraction_density_ref":2.0,"distraction_event_ref":0.15},"raw_axes":{"chord":2.093484419263456,"stream":16.059280849896904,"scratch_per_sec":1.5705078046222725,"scratch_burst_max_per_sec":13.0,"scratch_max_run_sec":5.07692307692308,"soft":0.2709949190284136,"stair":0.14930015552099535,"peak":34.666666666666664,"ln_m1_short_rate_rt":0.0011507479861910242,"ln_m2_density_rt":5.540275848046363,"ln_m2_burst_max_rt":100.0,"ln_m3_density_rt":5.540275848046363,"ln_m_concurrent_rt":1.1748968160377327,"adv_hand_imb":0.28888888888888886,"adv_rel_pressure_1beat":0.7111111111111111,"adv_ln_hold_min_beats":0.125,"adv_ln_chord_big_rate":0.23076923076923078,"adv_ln_scatter_cv":1.3885627850704614,"distraction":4.775954503287219},"x_chord":0.538,"x_stream":0.414,"x_scratch":0.341,"x_soft":0.813,"x_ln":0.886,"x_stair":0.423,"x_peak":0.581,"x_distraction":0.293,"ln_advanced_score":0.754,"submetrics":{"chord":{"chord_rate":0.6317280453257791,"avg_chord_size":3.31390134529148,"chord_positions":446,"total_positions":706},"stream":{"stream_coverage":0.9604666234607907,"stream_density_mean":8.389458272327964,"stream_density_mean_per_sec":16.720290385553927,"stream_windows":20,"notes_in_stream":1482,"total_notes":1543,"intervals":[[156,2328],[2352,2436],[2448,3072],[3372,3528],[3540,3792],[3816,3900],[3912,4644],[4680,4908],[4944,5508],[5520,5664],[5700,5796],[5940,6024],[6072,6636],[7872,7920],[8028,8208],[8220,9000],[9012,9240],[9252,11244],[11256,11328],[11436,11520]]},"scratch":{"scratch_ratio":0.11219792865362485,"scratch_positions_ratio":0.2762039660056657,"scratch_with_key_chord_rate":0.6820512820512821,"scratch_per_sec":1.5705078046222725,"scratch_burst_max_per_sec":13.0,"scratch_burst_window_sec":1.0,"scratch_max_run_sec":5.07692307692308,"ls_count":25,"ls_per_sec":0.2013471544387529,"ls_complexity_mean":0.08,"scratch_notes":195,"scratch_positions":195,"total_notes":1738,"total_positions":706,"chart_seconds":124.16366185897435},"soft":{"base_bpm":130.0,"intensity":0.08213463751438435,"up_intensity":0.0,"down_intensity":0.08213463751438435,"max_intensity":0.75,"max_up_intensity":0.0,"max_down_intensity":0.75,"step_frequency":0.19047619047619047,"ramp_frequency":0.16666666666666666,"continuity_beats":30.997395833333332,"off_base_note_ratio":0.167433831990794,"gimmick_burst_score":1.4227233248991715,"max_off_base_density_per_beat":12.0,"base_mean_density_per_beat":6.938688741887482,"base_density_source":"on_base","distinct_off_base_bpm_count":3,"bpm_change_events":16,"measure_count":84},"ln":{"ln_ratio":0.02819332566168009,"ln_hold_time_mean_beats":1.000265731292517,"ln_simultaneity_rate":0.005753739930955121,"ln_simultaneity_weighted":0.01668584579976985,"ln_count":49,"ln_count_raw":49,"ln_positions":29,"total_notes":1738,"m1_short_count_rt":2,"m1_short_rate_rt":0.0011507479861910242,"m2_long_count_rt":43,"m2_density_rt":5.540275848046363,"m2_burst_max_rt":100.0,"m3_density_rt":5.540275848046363,"m_concurrent_rt":1.1748968160377327,"total_long_sec":23.645032051282033,"long_active_sec":10.87179487179488,"long_hold_sec_mean":0.5498844663088845,"long_hold_sec_max":1.8461538461538396,"adv_hand_imb":0.28888888888888886,"adv_rel_pressure_1beat":0.7111111111111111,"adv_ln_hold_min_beats":0.125,"adv_ln_chord_big_rate":0.23076923076923078,"adv_ln_scatter_cv":1.3885627850704614},"stair":{"stair_index":0.14930015552099535,"stair_transitions":96,"eligible_transitions":643},"peak":{"peak_local_max_density":16.0,"peak_local_max_density_per_sec":34.666666666666664,"peak_max_chord_size":7,"peak_concentration":0.3849643551523007,"total_notes":1543,"intervals":[[3924,4344],[4980,5496],[6192,6456],[9360,9816],[9996,10452],[10644,11208]]},"jack":{"jack_pairs":30,"jack_in_stream_pairs":27,"jack_outside_pairs":3,"pure_jack_per_sec":0.12682926829268296,"flow_break_per_stream_sec":0.2686304796261049,"stream_seconds":100.5098157051282,"non_stream_seconds":23.653846153846146,"chart_seconds":124.16366185897435,"window_ticks":24,"min_region_sec":10.0},"distraction":{"mode_formulation":"SP","v3_score":4.775954503287219,"qualifying_intervals":7,"qualifying_flow_sec":97.25,"qualifying_scratches":145,"scratch_chord_pair_count":178,"chord_time_threshold_sec":0.01667,"min_scratches":3,"bin_sec":0.25,"t_key":2,"gap_bins":2}},"warnings":["Unterminated LNOBJ LN on lane P1_SCR started at m82 pos0.75; closing at EOF","Unterminated LNOBJ LN on lane P1_KEY1 started at m83 pos0.5; closing at EOF","Unterminated LNOBJ LN on lane P1_KEY7 started at m83 pos0.5; closing at EOF","Unterminated LNOBJ LN on lane P1_KEY3 started at m83 pos0.4375; closing at EOF","Unterminated LNOBJ LN on lane P1_KEY5 started at m83 pos0.46875; closing at EOF"],"axis_intensities":{"chord":"red","stream":"green","peak":"yellow","scratch":"red","soft":"red","ln":"red","stair":"yellow","distraction":"red"},"tags":["advanced_ln","scratch_burst","long_scratch","extreme_burst"],"scales":["so"]}