{"md5":"f5ba65cc6c12701860ed358419879e12","headers":{"title":"End Time [TechnoBreak]","artist":"Cres / air","genre":"ReQuiEm tRanCe","playlevel":"999","base_bpm":180.0},"mode":"SP","scope":"playable_only","scaling_mode":"reference","params":{"stream_window_ticks":48,"stream_density_threshold_per_beat":4.0,"peak_window_ticks":192,"jack_window_ticks":24,"soft_burst_ref":8.0,"soft_freq_ref":0.1,"soft_burst_exp":1.5,"soft_freq_exp":1.5,"stream_density_ref_per_sec":40.0,"peak_density_ref_per_sec":70.0,"chord_size_ref":3.5,"ln_simultaneity_ref":0.05},"x_chord":0.16387419165196945,"x_stream":0.7418624604164007,"x_scratch":0.0072685539403213465,"x_soft":1.708275825362127e-05,"x_ln":0.0,"x_stair":0.3278435409161091,"x_peak":0.9535714285714286,"x_jack":0.002058672156459084,"submetrics":{"chord":{"chord_rate":0.22890946502057613,"avg_chord_size":2.50561797752809,"chord_positions":445,"total_positions":1944},"stream":{"stream_coverage":0.9770466717674062,"stream_density_mean":10.123876123876125,"stream_density_mean_per_sec":30.371628371628372,"stream_windows":6,"notes_in_stream":2554,"total_notes":2614},"scratch":{"scratch_ratio":0.0072685539403213465,"scratch_positions_ratio":0.00977366255144033,"scratch_with_key_chord_rate":0.8947368421052632,"scratch_notes":19,"scratch_positions":19,"total_notes":2614,"total_positions":1944},"soft":{"base_bpm":180.0,"intensity":0.0004463147156337669,"up_intensity":0.0,"down_intensity":0.0004463147156337669,"max_intensity":0.3333333333333333,"max_up_intensity":0.0,"max_down_intensity":0.3333333333333333,"step_frequency":0.07216494845360824,"ramp_frequency":0.030927835051546393,"continuity_beats":12.0,"off_base_note_ratio":0.00306044376434583,"gimmick_burst_score":0.007353075263093777,"max_off_base_density_per_beat":1.5,"base_mean_density_per_beat":7.002688172043011,"base_density_source":"on_base","distinct_off_base_bpm_count":6,"bpm_change_events":8,"measure_count":97},"ln":{"ln_ratio":0.0,"ln_hold_time_mean_beats":0.0,"ln_simultaneity_rate":0.0,"ln_simultaneity_weighted":0.0,"ln_count":0,"ln_positions":0,"total_notes":2614},"stair":{"stair_index":0.3278435409161091,"stair_transitions":637,"eligible_transitions":1943},"peak":{"peak_local_max_density":22.25,"peak_local_max_density_per_sec":66.75,"peak_max_chord_size":6,"peak_concentration":0.35845447589900536,"total_notes":2614},"jack":{"jack_ratio":0.002058672156459084,"jack_transitions":4,"all_transitions":1943}},"warnings":[],"tags":["stair_focused","peak_intense","dense_chart"],"scales":["★★"]}