{"md5":"2862dde3b93058a27d2ac03d9a79a31f","headers":{"title":"Triumphal Return","artist":"TamaDo","genre":"Epilogue","playlevel":"11","base_bpm":260.0},"mode":"SP","scope":"playable_only","scaling_mode":"p99_linear","params":{"stream_window_ticks":48,"stream_density_threshold_per_beat":4.0,"peak_window_ticks":192,"peak_min_window_notes":4,"peak_min_window_sec":0.05,"felt_bpm_trigger_eff_bpm":500.0,"felt_bpm_trigger_peak_per_sec":200.0,"felt_bpm_target_peak_per_sec":100.0,"felt_bpm_floor":30.0,"jack_window_ticks":24,"soft_burst_ref":8.0,"soft_freq_ref":0.1,"soft_burst_exp":1.5,"soft_freq_exp":1.5,"chord_time_threshold_ms":16.67,"sp_distraction_min_scratches":3,"sp_distraction_bin_sec":0.25,"sp_distraction_t_key":2,"sp_distraction_gap_bins":2,"dp_distraction_window_sec_min":0.2,"dp_distraction_window_sec_max":0.8,"stream_density_ref_per_sec":40.0,"peak_density_ref_per_sec":70.0,"chord_size_ref":3.5,"ln_simultaneity_ref":0.05,"scratch_density_ref_per_sec":1.5,"scratch_ratio_ref":0.1,"distraction_density_ref":2.0,"distraction_event_ref":0.15},"raw_axes":{"chord":1.8678899082568807,"stream":19.368872647941096,"scratch_per_sec":0.35182436397528394,"scratch_burst_max_per_sec":4.0,"scratch_max_run_sec":12.461538461538453,"soft":0.0,"stair":0.12580943570767808,"peak":29.25,"ln_m1_short_rate_rt":0.0,"ln_m2_density_rt":142.24054982817842,"ln_m2_burst_max_rt":143.0,"ln_m3_density_rt":142.24054982817842,"ln_m_concurrent_rt":0.0,"adv_hand_imb":0.14285714285714285,"adv_rel_pressure_1beat":1.0,"adv_ln_hold_min_beats":0.75,"adv_ln_chord_big_rate":0.0,"adv_ln_scatter_cv":1.0350410220640398,"distraction":1.0985536262901723},"x_chord":0.48,"x_stream":0.5,"x_scratch":0.153,"x_soft":0.0,"x_ln":0.752,"x_stair":0.356,"x_peak":0.49,"x_distraction":0.067,"ln_advanced_score":0.622,"submetrics":{"chord":{"chord_rate":0.6440366972477064,"avg_chord_size":2.9002849002849005,"chord_positions":702,"total_positions":1090},"stream":{"stream_coverage":0.8909473684210526,"stream_density_mean":5.016839378238342,"stream_density_mean_per_sec":21.739637305699482,"stream_windows":49,"notes_in_stream":2116,"total_notes":2375,"intervals":[[396,456],[852,984],[1164,1224],[1620,1752],[1932,1992],[2388,2520],[2700,2760],[2820,2880],[3036,3120],[3156,3216],[3228,3864],[3924,4440],[4572,5400],[5460,6000],[6108,6288],[6300,9456],[9564,9840],[9948,10224],[10332,10608],[10716,10992],[11100,11376],[11484,11760],[11772,11856],[11868,11952],[11964,12048],[12060,12144],[12252,12336],[12420,12528],[12564,12720],[12756,13104],[13140,14064],[14100,14256],[14292,14640],[14676,15240],[15252,16752],[16812,18336],[18348,18648],[20124,20184],[20892,20952],[20964,21024],[21228,21672],[21708,22344],[22356,22872],[23004,23880],[23892,25032],[25044,25560],[25692,26568],[26580,26976],[26988,28992]]},"scratch":{"scratch_ratio":0.020214521452145213,"scratch_positions_ratio":0.044954128440366975,"scratch_with_key_chord_rate":0.8367346938775511,"scratch_per_sec":0.35182436397528394,"scratch_burst_max_per_sec":4.0,"scratch_burst_window_sec":1.0,"scratch_max_run_sec":12.461538461538453,"ls_count":0,"ls_per_sec":0.0,"ls_complexity_mean":0.0,"scratch_notes":49,"scratch_positions":49,"total_notes":2424,"total_positions":1090,"chart_seconds":139.27403846153845},"soft":{"base_bpm":260.0,"intensity":0.0,"up_intensity":0.0,"down_intensity":0.0,"max_intensity":0.0,"max_up_intensity":0.0,"max_down_intensity":0.0,"step_frequency":0.0,"ramp_frequency":0.0,"continuity_beats":0.0,"off_base_note_ratio":0.0,"gimmick_burst_score":0.0,"max_off_base_density_per_beat":0.0,"base_mean_density_per_beat":4.011599005799503,"base_density_source":"on_base","distinct_off_base_bpm_count":0,"bpm_change_events":0,"measure_count":151},"ln":{"ln_ratio":0.0028877887788778876,"ln_hold_time_mean_beats":3.4642857142857144,"ln_simultaneity_rate":0.021864686468646866,"ln_simultaneity_weighted":0.021864686468646866,"ln_count":7,"ln_count_raw":7,"ln_positions":7,"total_notes":2424,"m1_short_count_rt":0,"m1_short_rate_rt":0.0,"m2_long_count_rt":7,"m2_density_rt":142.24054982817842,"m2_burst_max_rt":143.0,"m3_density_rt":142.24054982817842,"m_concurrent_rt":0.0,"total_long_sec":5.596153846153857,"long_active_sec":5.596153846153857,"long_hold_sec_mean":0.799450549450551,"long_hold_sec_max":0.9230769230769234,"adv_hand_imb":0.14285714285714285,"adv_rel_pressure_1beat":1.0,"adv_ln_hold_min_beats":0.75,"adv_ln_chord_big_rate":0.0,"adv_ln_scatter_cv":1.0350410220640398},"stair":{"stair_index":0.12580943570767808,"stair_transitions":136,"eligible_transitions":1081},"peak":{"peak_local_max_density":6.75,"peak_local_max_density_per_sec":29.25,"peak_max_chord_size":6,"peak_concentration":0.49726315789473685,"total_notes":2375,"intervals":[[3324,3672],[3852,4344],[4572,5208],[5388,5976],[7644,8040],[8160,8352],[9012,9312],[13812,14064],[15324,16344],[16356,16728],[16884,17196],[17556,17904],[18036,18240],[18432,18636],[21432,21696],[21732,22104],[22236,22776],[23004,23640],[23772,24792],[24924,25560],[25692,26328],[26460,27624],[28692,28992]]},"jack":{"jack_pairs":25,"jack_in_stream_pairs":22,"jack_outside_pairs":3,"pure_jack_per_sec":0.09302325581395349,"flow_break_per_stream_sec":0.20556129553928396,"stream_seconds":107.02403846153845,"non_stream_seconds":32.25,"chart_seconds":139.27403846153845,"window_ticks":24,"min_region_sec":10.0},"distraction":{"mode_formulation":"SP","v3_score":1.0985536262901723,"qualifying_intervals":2,"qualifying_flow_sec":118.5,"qualifying_scratches":36,"scratch_chord_pair_count":54,"chord_time_threshold_sec":0.01667,"min_scratches":3,"bin_sec":0.25,"t_key":2,"gap_bins":2}},"warnings":[],"axis_intensities":{"chord":"yellow","stream":"yellow","peak":"yellow","scratch":"yellow","soft":null,"ln":"yellow","stair":"green","distraction":"green"},"tags":["burst_focused"],"scales":["sl"]}