{"md5":"e12a108e03802e85d0246c18c3a2433b","headers":{"title":"Surfacing Ship -SpeedRush RMX- [yumether]","artist":"DJ.Deplorer with DJ.EmeralD / obj:夢瑠","genre":"SPEED TRANCE","playlevel":"7","base_bpm":170.0},"mode":"SP","scope":"playable_only","scaling_mode":"reference","params":{"stream_window_ticks":48,"stream_density_threshold_per_beat":4.0,"peak_window_ticks":192,"jack_window_ticks":24,"soft_burst_ref":8.0,"soft_freq_ref":0.1,"soft_burst_exp":1.5,"soft_freq_exp":1.5,"chord_time_threshold_ms":16.67,"sp_distraction_min_scratches":3,"dp_distraction_window_sec_min":0.2,"dp_distraction_window_sec_max":0.8,"stream_density_ref_per_sec":40.0,"peak_density_ref_per_sec":70.0,"chord_size_ref":3.5,"ln_simultaneity_ref":0.05,"scratch_density_ref_per_sec":1.5,"scratch_ratio_ref":0.1,"distraction_density_ref":2.0,"distraction_event_ref":0.15},"x_chord":0.29939837206558917,"x_stream":0.43489880629259814,"x_scratch":0.03506580568272322,"x_soft":0.0,"x_ln":0.0,"x_stair":0.09090909090909091,"x_peak":0.3744047619047619,"x_distraction":0.233783619325788,"submetrics":{"chord":{"chord_rate":0.42857142857142855,"avg_chord_size":2.445086705202312,"chord_positions":519,"total_positions":1211},"stream":{"stream_coverage":0.9260581336053034,"stream_density_mean":6.629981024667932,"stream_density_mean_per_sec":18.78494623655914,"stream_windows":24,"notes_in_stream":1816,"total_notes":1961,"intervals":[[180,6035],[6240,6359],[6888,7127],[7656,10655],[10908,10991],[11088,11171],[11208,11291],[11388,11459],[11484,11759],[11856,12011],[12036,12143],[12156,12227],[12252,12527],[12540,12827],[12924,13295],[13308,14051],[14316,14363],[14544,14591],[14700,14819],[15084,15131],[15312,15359],[15468,16823],[16920,16967],[16980,17111]]},"scratch":{"scratch_ratio":0.018357980622131564,"scratch_positions_ratio":0.02972749793559042,"scratch_with_key_chord_rate":0.9444444444444444,"scratch_per_sec":0.2865168539325843,"scratch_burst_max_per_sec":2.0,"scratch_burst_window_sec":1.0,"scratch_notes":36,"scratch_positions":36,"total_notes":1961,"total_positions":1211,"chart_seconds":125.6470588235294},"soft":{"base_bpm":170.0,"intensity":0.0,"up_intensity":0.0,"down_intensity":0.0,"max_intensity":0.0,"max_up_intensity":0.0,"max_down_intensity":0.0,"step_frequency":0.0,"ramp_frequency":0.0,"continuity_beats":0.0,"off_base_note_ratio":0.0,"gimmick_burst_score":0.0,"max_off_base_density_per_beat":0.0,"base_mean_density_per_beat":5.502808988764045,"base_density_source":"on_base","distinct_off_base_bpm_count":0,"bpm_change_events":0,"measure_count":90},"ln":{"ln_ratio":0.0,"ln_hold_time_mean_beats":0.0,"ln_simultaneity_rate":0.0,"ln_simultaneity_weighted":0.0,"ln_count":0,"ln_positions":0,"total_notes":1961},"stair":{"stair_index":0.09090909090909091,"stair_transitions":110,"eligible_transitions":1210},"peak":{"peak_local_max_density":9.25,"peak_local_max_density_per_sec":26.208333333333332,"peak_max_chord_size":5,"peak_concentration":0.38959714431412545,"total_notes":1961,"intervals":[[3084,3395],[4620,4919],[6888,7115],[7656,8207],[8448,8975],[9204,9743],[9984,10643],[11472,11747],[12240,12515],[12972,13283],[13752,14051],[16056,16799]]},"jack":{"jack_pairs":7,"jack_in_stream_pairs":1,"jack_outside_pairs":6,"pure_jack_per_sec":0.23776223776223723,"flow_break_per_stream_sec":0.009958992384299948,"stream_seconds":100.41176470588229,"non_stream_seconds":25.235294117647115,"chart_seconds":125.6470588235294,"window_ticks":24,"min_region_sec":10.0},"distraction":{"mode_formulation":"SP","qualifying_window_count":4,"qualifying_scratches":22,"qualifying_flow_sec":80.55882352941177,"distract_density":0.27309236947791166,"distract_event_per_sec":0.04965315808689302,"scratch_chord_pair_count":38,"chord_time_threshold_sec":0.01667,"min_scratches":3}},"warnings":[],"tags":[],"scales":["sl"]}