{"md5":"8f0d978c82050ba902d9247792aab764","headers":{"title":"Toki [ClockWise]","artist":"puru / kkkfff2","genre":"ProgressiveTrance","playlevel":"3","base_bpm":130.0},"mode":"SP","scope":"playable_only","scaling_mode":"p99_linear","params":{"stream_window_ticks":48,"stream_density_threshold_per_beat":4.0,"peak_window_ticks":192,"peak_min_window_notes":4,"peak_min_window_sec":0.05,"felt_bpm_trigger_eff_bpm":500.0,"felt_bpm_trigger_peak_per_sec":200.0,"felt_bpm_target_peak_per_sec":100.0,"felt_bpm_floor":30.0,"jack_window_ticks":24,"soft_burst_ref":8.0,"soft_freq_ref":0.1,"soft_burst_exp":1.5,"soft_freq_exp":1.5,"chord_time_threshold_ms":16.67,"sp_distraction_min_scratches":3,"dp_distraction_window_sec_min":0.2,"dp_distraction_window_sec_max":0.8,"stream_density_ref_per_sec":40.0,"peak_density_ref_per_sec":70.0,"chord_size_ref":3.5,"ln_simultaneity_ref":0.05,"scratch_density_ref_per_sec":1.5,"scratch_ratio_ref":0.1,"distraction_density_ref":2.0,"distraction_event_ref":0.15},"raw_axes":{"chord":1.2739174219536757,"stream":14.537850045849833,"scratch":0.0018541301209308103,"soft":0.0,"ln":0.0,"stair":0.15826612903225806,"peak":23.833333333333332,"distraction":0.2927927927927928},"x_chord":0.331,"x_stream":0.36,"x_scratch":0.004,"x_soft":0.0,"x_ln":0.0,"x_stair":0.481,"x_peak":0.283,"x_distraction":0.079,"submetrics":{"chord":{"chord_rate":0.5206445115810675,"avg_chord_size":2.4468085106382977,"chord_positions":517,"total_positions":993},"stream":{"stream_coverage":0.9919586444572085,"stream_density_mean":6.76417004048583,"stream_density_mean_per_sec":14.655701754385964,"stream_windows":22,"notes_in_stream":1727,"total_notes":1741,"intervals":[[180,3431],[3444,3551],[3564,3815],[3828,4199],[4212,4295],[4332,4583],[4596,7931],[7956,8123],[8136,8315],[8340,8507],[8532,8699],[8724,8831],[8844,8891],[8904,9083],[9108,9275],[9372,9455],[9744,9839],[9948,10031],[10104,10223],[10428,10511],[10524,10859],[10884,14039]]},"scratch":{"scratch_ratio":0.012062033314187249,"scratch_positions_ratio":0.021148036253776436,"scratch_with_key_chord_rate":0.9523809523809523,"scratch_per_sec":0.15371621621621623,"scratch_burst_max_per_sec":1.0,"scratch_burst_window_sec":1.0,"scratch_notes":21,"scratch_positions":21,"total_notes":1741,"total_positions":993,"chart_seconds":136.6153846153846},"soft":{"base_bpm":130.0,"intensity":0.0,"up_intensity":0.0,"down_intensity":0.0,"max_intensity":0.0,"max_up_intensity":0.0,"max_down_intensity":0.0,"step_frequency":0.0,"ramp_frequency":0.0,"continuity_beats":0.0,"off_base_note_ratio":0.0,"gimmick_burst_score":0.0,"max_off_base_density_per_beat":0.0,"base_mean_density_per_beat":5.878378378378378,"base_density_source":"on_base","distinct_off_base_bpm_count":0,"bpm_change_events":0,"measure_count":75},"ln":{"ln_ratio":0.0,"ln_hold_time_mean_beats":0.0,"ln_simultaneity_rate":0.0,"ln_simultaneity_weighted":0.0,"ln_count":0,"ln_positions":0,"total_notes":1741},"stair":{"stair_index":0.15826612903225806,"stair_transitions":157,"eligible_transitions":992},"peak":{"peak_local_max_density":11.0,"peak_local_max_density_per_sec":23.833333333333332,"peak_max_chord_size":5,"peak_concentration":0.26421596783457785,"total_notes":1741,"intervals":[[6288,6479],[6888,7223],[11904,12131],[12240,14063]]},"jack":{"jack_pairs":3,"jack_in_stream_pairs":3,"jack_outside_pairs":0,"pure_jack_per_sec":0.0,"flow_break_per_stream_sec":0.02436738519212746,"stream_seconds":123.11538461538461,"non_stream_seconds":13.5,"chart_seconds":136.6153846153846,"window_ticks":24,"min_region_sec":10.0},"distraction":{"mode_formulation":"SP","qualifying_window_count":3,"qualifying_scratches":15,"qualifying_flow_sec":93.92307692307692,"distract_density":0.15970515970515972,"distract_event_per_sec":0.03194103194103194,"scratch_chord_pair_count":28,"chord_time_threshold_sec":0.01667,"min_scratches":3}},"warnings":[],"tags":["sustained"],"scales":["★"]}