{"md5":"eac0898f88ec4e0178a978e63af9754e","headers":{"title":"Chainsaw NINJA vs ALIEN","artist":"kas_0120 vs hard","genre":"(PicoPico) DM","playlevel":"4","base_bpm":170.0},"mode":"SP","scope":"playable_only","scaling_mode":"p99_linear","params":{"stream_window_ticks":48,"stream_density_threshold_per_beat":4.0,"peak_window_ticks":192,"peak_min_window_notes":4,"felt_bpm_trigger_eff_bpm":500.0,"felt_bpm_trigger_peak_per_sec":200.0,"felt_bpm_target_peak_per_sec":100.0,"felt_bpm_floor":30.0,"jack_window_ticks":24,"soft_burst_ref":8.0,"soft_freq_ref":0.1,"soft_burst_exp":1.5,"soft_freq_exp":1.5,"chord_time_threshold_ms":16.67,"sp_distraction_min_scratches":3,"dp_distraction_window_sec_min":0.2,"dp_distraction_window_sec_max":0.8,"stream_density_ref_per_sec":40.0,"peak_density_ref_per_sec":70.0,"chord_size_ref":3.5,"ln_simultaneity_ref":0.05,"scratch_density_ref_per_sec":1.5,"scratch_ratio_ref":0.1,"distraction_density_ref":2.0,"distraction_event_ref":0.15},"raw_axes":{"chord":1.7029045643153526,"stream":22.27719522846531,"scratch":0.08391436104401352,"soft":0.0,"ln":0.016646848989298454,"stair":0.17524916943521596,"peak":33.291666666666664,"distraction":2.243674944619331},"x_chord":0.442,"x_stream":0.552,"x_scratch":0.203,"x_soft":0.0,"x_ln":0.264,"x_stair":0.533,"x_peak":0.378,"x_distraction":0.605,"submetrics":{"chord":{"chord_rate":0.6091286307053941,"avg_chord_size":2.795640326975477,"chord_positions":734,"total_positions":1205},"stream":{"stream_coverage":0.9845422116527943,"stream_density_mean":7.98598516075845,"stream_density_mean_per_sec":22.626957955482276,"stream_windows":18,"notes_in_stream":2484,"total_notes":2523,"intervals":[[372,4355],[4380,4631],[4644,4919],[4932,5219],[5268,5399],[5412,5591],[5604,5987],[6012,6707],[6804,7295],[19728,22487],[22560,22607],[22620,22679],[22716,22883],[24348,25763],[25848,29423],[29436,29495],[29508,29975],[29988,30563]]},"scratch":{"scratch_ratio":0.08640507332540626,"scratch_positions_ratio":0.18091286307053941,"scratch_with_key_chord_rate":0.6467889908256881,"scratch_per_sec":0.9711740041928721,"scratch_burst_max_per_sec":10.0,"scratch_burst_window_sec":1.0,"scratch_notes":218,"scratch_positions":218,"total_notes":2523,"total_positions":1205,"chart_seconds":224.47058823529412},"soft":{"base_bpm":170.0,"intensity":0.0,"up_intensity":0.0,"down_intensity":0.0,"max_intensity":0.0,"max_up_intensity":0.0,"max_down_intensity":0.0,"step_frequency":0.0,"ramp_frequency":0.0,"continuity_beats":0.0,"off_base_note_ratio":0.0,"gimmick_burst_score":0.0,"max_off_base_density_per_beat":0.0,"base_mean_density_per_beat":3.9654088050314464,"base_density_source":"on_base","distinct_off_base_bpm_count":0,"bpm_change_events":0,"measure_count":160},"ln":{"ln_ratio":0.0019817677368212444,"ln_hold_time_mean_beats":48.6,"ln_simultaneity_rate":0.005548949663099485,"ln_simultaneity_weighted":0.016646848989298454,"ln_count":5,"ln_positions":3,"total_notes":2523},"stair":{"stair_index":0.17524916943521596,"stair_transitions":211,"eligible_transitions":1204},"peak":{"peak_local_max_density":11.75,"peak_local_max_density_per_sec":33.291666666666664,"peak_max_chord_size":6,"peak_concentration":0.4451050336900515,"total_notes":2523,"intervals":[[2160,2555],[2736,4331],[21144,21503],[24468,24743],[24960,25199],[25884,26867],[26928,27971],[28044,28607]]},"jack":{"jack_pairs":62,"jack_in_stream_pairs":61,"jack_outside_pairs":1,"pure_jack_per_sec":0.009221589368049907,"flow_break_per_stream_sec":0.5257287705956907,"stream_seconds":116.0294117647059,"non_stream_seconds":108.44117647058822,"chart_seconds":224.47058823529412,"window_ticks":24,"min_region_sec":10.0},"distraction":{"mode_formulation":"SP","qualifying_window_count":13,"qualifying_scratches":204,"qualifying_flow_sec":84.08823529411764,"distract_density":2.4260230849947537,"distract_event_per_sec":0.15459951031829314,"scratch_chord_pair_count":114,"chord_time_threshold_sec":0.01667,"min_scratches":3}},"warnings":[],"tags":["scratch_active","ln_chart","distraction_heavy","flow_break","scratch_burst"],"scales":["so"]}