{"md5":"eda30df9fd5410e25dce7ae76c5a594d","headers":{"title":"Jack-the-Ripper◆ [29Another]","artist":"sasakure.UK / 29","genre":"progressive","playlevel":"12","base_bpm":210.0},"mode":"SP","scope":"playable_only","scaling_mode":"p99_linear","params":{"stream_window_ticks":48,"stream_density_threshold_per_beat":4.0,"peak_window_ticks":192,"peak_min_window_notes":4,"peak_min_window_sec":0.05,"felt_bpm_trigger_eff_bpm":500.0,"felt_bpm_trigger_peak_per_sec":200.0,"felt_bpm_target_peak_per_sec":100.0,"felt_bpm_floor":30.0,"jack_window_ticks":24,"soft_burst_ref":8.0,"soft_freq_ref":0.1,"soft_burst_exp":1.5,"soft_freq_exp":1.5,"chord_time_threshold_ms":16.67,"sp_distraction_min_scratches":3,"sp_distraction_bin_sec":0.25,"sp_distraction_t_key":2,"sp_distraction_gap_bins":2,"dp_distraction_window_sec_min":0.2,"dp_distraction_window_sec_max":0.8,"stream_density_ref_per_sec":40.0,"peak_density_ref_per_sec":70.0,"chord_size_ref":3.5,"ln_simultaneity_ref":0.05,"scratch_density_ref_per_sec":1.5,"scratch_ratio_ref":0.1,"distraction_density_ref":2.0,"distraction_event_ref":0.15},"raw_axes":{"chord":1.836363636363636,"stream":15.607418100696902,"scratch_per_sec":1.8550894418695771,"scratch_burst_max_per_sec":8.0,"scratch_max_run_sec":13.973684210526315,"soft":0.00120506569081595,"stair":0.22322435174746336,"peak":32.0,"ln_m1_short_rate_rt":0.0,"ln_m2_density_rt":0.0,"ln_m2_burst_max_rt":0.0,"ln_m3_density_rt":0.0,"ln_m_concurrent_rt":0.0,"adv_hand_imb":0.0,"adv_rel_pressure_1beat":0.0,"adv_ln_hold_min_beats":0.0,"adv_ln_chord_big_rate":0.0,"adv_ln_scatter_cv":0.0,"distraction":6.682704091774265},"x_chord":0.472,"x_stream":0.403,"x_scratch":0.302,"x_soft":0.004,"x_ln":0.0,"x_stair":0.633,"x_peak":0.536,"x_distraction":0.411,"ln_advanced_score":0.0,"submetrics":{"chord":{"chord_rate":0.6973262032085561,"avg_chord_size":2.6334355828220857,"chord_positions":652,"total_positions":935},"stream":{"stream_coverage":0.8516609392898052,"stream_density_mean":4.913167938931298,"stream_density_mean_per_sec":18.325858778625953,"stream_windows":54,"notes_in_stream":1487,"total_notes":1746,"intervals":[[2820,5184],[5196,5256],[5268,5328],[5352,5472],[5484,5544],[5556,5616],[5676,5760],[5772,5832],[5844,5904],[5964,6336],[6348,6408],[6420,6480],[6540,6624],[6636,6696],[6708,6768],[6828,6912],[6924,6984],[6996,7056],[7116,7512],[7572,7632],[7716,7776],[7860,7920],[8004,8136],[8148,8424],[8460,8568],[8616,8700],[8796,9600],[9612,9744],[9756,9996],[10008,10236],[10248,10476],[10488,10716],[10728,10956],[10968,11196],[11208,11676],[11688,11856],[12444,12504],[12516,12576],[12636,12720],[12744,12828],[12864,12948],[12984,13104],[14724,14808],[15492,15576],[16620,17256],[17280,17832],[17844,18408],[18432,18984],[18996,19560],[19584,20136],[20160,20712],[20736,21288],[21300,22164],[22596,24396]]},"scratch":{"scratch_ratio":0.127,"scratch_positions_ratio":0.2716577540106952,"scratch_with_key_chord_rate":0.8149606299212598,"scratch_per_sec":1.8550894418695771,"scratch_burst_max_per_sec":8.0,"scratch_burst_window_sec":1.0,"scratch_max_run_sec":13.973684210526315,"ls_count":0,"ls_per_sec":0.0,"ls_complexity_mean":0.0,"scratch_notes":254,"scratch_positions":254,"total_notes":2000,"total_positions":935,"chart_seconds":136.92062186716794},"soft":{"base_bpm":210.0,"intensity":0.0692,"up_intensity":0.0692,"down_intensity":0.0,"max_intensity":0.14285714285714285,"max_up_intensity":0.14285714285714285,"max_down_intensity":0.0,"step_frequency":0.03125,"ramp_frequency":0.0234375,"continuity_beats":254.5,"off_base_note_ratio":0.539,"gimmick_burst_score":0.0385621021061104,"max_off_base_density_per_beat":6.0,"base_mean_density_per_beat":3.633136094674556,"base_density_source":"on_base","distinct_off_base_bpm_count":2,"bpm_change_events":19,"measure_count":128},"ln":{"ln_ratio":0.0,"ln_hold_time_mean_beats":0.0,"ln_simultaneity_rate":0.0,"ln_simultaneity_weighted":0.0,"ln_count":0,"ln_count_raw":0,"ln_positions":0,"total_notes":2000,"m1_short_count_rt":0,"m1_short_rate_rt":0.0,"m2_long_count_rt":0,"m2_density_rt":0.0,"m2_burst_max_rt":0.0,"m3_density_rt":0.0,"m_concurrent_rt":0.0,"total_long_sec":0.0,"long_active_sec":0.0,"long_hold_sec_mean":0.0,"long_hold_sec_max":0.0,"adv_hand_imb":0.0,"adv_rel_pressure_1beat":0.0,"adv_ln_hold_min_beats":0.0,"adv_ln_chord_big_rate":0.0,"adv_ln_scatter_cv":0.0},"stair":{"stair_index":0.22322435174746336,"stair_transitions":198,"eligible_transitions":887},"peak":{"peak_local_max_density":8.5,"peak_local_max_density_per_sec":32.0,"peak_max_chord_size":4,"peak_concentration":0.347651775486827,"total_notes":1746,"intervals":[[4860,5136],[5964,6336],[7116,7488],[8772,9516],[10692,10956],[16572,17088],[19068,19260],[19356,19560],[19596,20136],[20148,20496],[20508,20712],[20748,21288],[21300,21888],[23916,24444]]},"jack":{"jack_pairs":8,"jack_in_stream_pairs":6,"jack_outside_pairs":2,"pure_jack_per_sec":0.04154464878372572,"flow_break_per_stream_sec":0.06758305959612312,"stream_seconds":88.77964442355889,"non_stream_seconds":48.140977443609046,"chart_seconds":136.92062186716794,"window_ticks":24,"min_region_sec":10.0},"distraction":{"mode_formulation":"SP","v3_score":6.682704091774265,"qualifying_intervals":3,"qualifying_flow_sec":115.25,"qualifying_scratches":231,"scratch_chord_pair_count":234,"chord_time_threshold_sec":0.01667,"min_scratches":3,"bin_sec":0.25,"t_key":2,"gap_bins":2}},"warnings":[],"axis_intensities":{"chord":"yellow","stream":"green","peak":"yellow","scratch":"red","soft":"green","ln":null,"stair":"red","distraction":"red"},"tags":[],"scales":["★"]}