{"md5":"023415328aa43c6557e0b6ee6656d16f","headers":{"title":"orbitalgazer","artist":"qfeileadh","genre":"REFLUX","playlevel":"16","base_bpm":192.0},"mode":"SP","scope":"playable_only","scaling_mode":"p99_linear","params":{"stream_window_ticks":48,"stream_density_threshold_per_beat":4.0,"peak_window_ticks":192,"peak_min_window_notes":4,"peak_min_window_sec":0.05,"felt_bpm_trigger_eff_bpm":500.0,"felt_bpm_trigger_peak_per_sec":200.0,"felt_bpm_target_peak_per_sec":100.0,"felt_bpm_floor":30.0,"jack_window_ticks":24,"soft_burst_ref":8.0,"soft_freq_ref":0.1,"soft_burst_exp":1.5,"soft_freq_exp":1.5,"chord_time_threshold_ms":16.67,"sp_distraction_min_scratches":3,"dp_distraction_window_sec_min":0.2,"dp_distraction_window_sec_max":0.8,"stream_density_ref_per_sec":40.0,"peak_density_ref_per_sec":70.0,"chord_size_ref":3.5,"ln_simultaneity_ref":0.05,"scratch_density_ref_per_sec":1.5,"scratch_ratio_ref":0.1,"distraction_density_ref":2.0,"distraction_event_ref":0.15},"raw_axes":{"chord":2.081526452732003,"stream":23.949937797707243,"scratch":0.05873105492275941,"soft":0.0002653865568766173,"ln":0.0,"stair":0.1484375,"peak":36.8,"distraction":1.0053038725753531},"x_chord":0.541,"x_stream":0.614,"x_scratch":0.141,"x_soft":0.002,"x_ln":0.0,"x_stair":0.451,"x_peak":0.454,"x_distraction":0.27,"submetrics":{"chord":{"chord_rate":0.6461405030355594,"avg_chord_size":3.221476510067114,"chord_positions":745,"total_positions":1153},"stream":{"stream_coverage":0.9761396011396012,"stream_density_mean":7.941697416974169,"stream_density_mean_per_sec":24.535361304619457,"stream_windows":12,"notes_in_stream":2741,"total_notes":2808,"intervals":[[504,587],[708,827],[924,1151],[1164,2615],[4176,5759],[5772,5843],[5892,5951],[6060,17663],[17784,17867],[17988,18107],[18204,18431],[18444,19895]]},"scratch":{"scratch_ratio":0.051994301994301995,"scratch_positions_ratio":0.1266261925411969,"scratch_with_key_chord_rate":0.9657534246575342,"scratch_per_sec":1.1295671385144412,"scratch_burst_max_per_sec":7.0,"scratch_burst_window_sec":1.0,"scratch_notes":146,"scratch_positions":146,"total_notes":2808,"total_positions":1153,"chart_seconds":129.25305191864294},"soft":{"base_bpm":192.0,"intensity":0.0002522554605887939,"up_intensity":0.0,"down_intensity":0.0002522554605887939,"max_intensity":0.08333333333333333,"max_up_intensity":0.0,"max_down_intensity":0.08333333333333333,"step_frequency":0.028846153846153848,"ramp_frequency":0.019230769230769232,"continuity_beats":1.5,"off_base_note_ratio":0.004629629629629629,"gimmick_burst_score":0.009200067305056066,"max_off_base_density_per_beat":9.0,"base_mean_density_per_beat":6.769417475728155,"base_density_source":"on_base","distinct_off_base_bpm_count":2,"bpm_change_events":3,"measure_count":104},"ln":{"ln_ratio":0.004629629629629629,"ln_hold_time_mean_beats":2.121794871794872,"ln_simultaneity_rate":0.0,"ln_simultaneity_weighted":0.0,"ln_count":13,"ln_positions":13,"total_notes":2808},"stair":{"stair_index":0.1484375,"stair_transitions":171,"eligible_transitions":1152},"peak":{"peak_local_max_density":18.0,"peak_local_max_density_per_sec":36.8,"peak_max_chord_size":7,"peak_concentration":0.34116809116809116,"total_notes":2808,"intervals":[[1716,1919],[1944,2303],[6084,6395],[7920,8171],[8208,8495],[8724,9335],[10488,10739],[11208,11519],[12816,13055],[14076,14351],[15492,16019],[17328,17663],[18936,19655]]},"jack":{"jack_pairs":6,"jack_in_stream_pairs":6,"jack_outside_pairs":0,"pure_jack_per_sec":0.0,"flow_break_per_stream_sec":0.05406778926054382,"stream_seconds":110.97180191864297,"non_stream_seconds":18.28124999999997,"chart_seconds":129.25305191864294,"window_ticks":24,"min_region_sec":10.0},"distraction":{"mode_formulation":"SP","qualifying_window_count":4,"qualifying_scratches":139,"qualifying_flow_sec":95.65930191864295,"distract_density":1.4530735350569228,"distract_event_per_sec":0.041815065757033754,"scratch_chord_pair_count":240,"chord_time_threshold_sec":0.01667,"min_scratches":3}},"warnings":[],"tags":["scratch_active","dense_chart"],"scales":["sl"]}