{"md5":"5a4b0662a93e962f0548642d1a254fa3","headers":{"title":"Crystalline Calla","artist":"loz","genre":"TRANCECORE","playlevel":"12","base_bpm":188.0},"mode":"SP","scope":"playable_only","scaling_mode":"percentile_rank","params":{"stream_window_ticks":48,"stream_density_threshold_per_beat":4.0,"peak_window_ticks":192,"jack_window_ticks":24,"soft_burst_ref":8.0,"soft_freq_ref":0.1,"soft_burst_exp":1.5,"soft_freq_exp":1.5,"chord_time_threshold_ms":16.67,"sp_distraction_min_scratches":3,"dp_distraction_window_sec_min":0.2,"dp_distraction_window_sec_max":0.8,"stream_density_ref_per_sec":40.0,"peak_density_ref_per_sec":70.0,"chord_size_ref":3.5,"ln_simultaneity_ref":0.05,"scratch_density_ref_per_sec":1.5,"scratch_ratio_ref":0.1,"distraction_density_ref":2.0,"distraction_event_ref":0.15},"raw_axes":{"chord":2.3309982486865146,"stream":28.41812511649581,"scratch":0.013081808163775377,"soft":0.0,"ln":0.0,"stair":0.1761612620508326,"peak":39.166666666666664,"distraction":0.7145239480318015},"x_chord":0.7735269000853972,"x_stream":0.8039282664389411,"x_scratch":0.4901793339026473,"x_soft":0.0,"x_ln":0.0,"x_stair":0.6807856532877882,"x_peak":0.651067463706234,"x_distraction":0.5308283518360376,"submetrics":{"chord":{"chord_rate":0.7390542907180385,"avg_chord_size":3.154028436018957,"chord_positions":844,"total_positions":1142},"stream":{"stream_coverage":0.9466216216216217,"stream_density_mean":9.581034482758621,"stream_density_mean_per_sec":30.02057471264368,"stream_windows":12,"notes_in_stream":2802,"total_notes":2960,"intervals":[[348,431],[1140,1199],[1428,1559],[1800,4823],[4908,8087],[9396,9527],[9540,9599],[9756,9839],[11292,12731],[12744,12827],[12876,15791],[15840,19043]]},"scratch":{"scratch_ratio":0.02364864864864865,"scratch_positions_ratio":0.06129597197898424,"scratch_with_key_chord_rate":0.8142857142857143,"scratch_per_sec":0.5531736023539302,"scratch_burst_max_per_sec":7.0,"scratch_burst_window_sec":1.0,"scratch_notes":70,"scratch_positions":70,"total_notes":2960,"total_positions":1142,"chart_seconds":126.54255319148936},"soft":{"base_bpm":188.0,"intensity":0.0,"up_intensity":0.0,"down_intensity":0.0,"max_intensity":0.0,"max_up_intensity":0.0,"max_down_intensity":0.0,"step_frequency":0.0,"ramp_frequency":0.0,"continuity_beats":0.0,"off_base_note_ratio":0.0,"gimmick_burst_score":0.0,"max_off_base_density_per_beat":0.0,"base_mean_density_per_beat":7.462799495586381,"base_density_source":"on_base","distinct_off_base_bpm_count":0,"bpm_change_events":0,"measure_count":100},"ln":{"ln_ratio":0.0,"ln_hold_time_mean_beats":0.0,"ln_simultaneity_rate":0.0,"ln_simultaneity_weighted":0.0,"ln_count":0,"ln_positions":0,"total_notes":2960},"stair":{"stair_index":0.1761612620508326,"stair_transitions":201,"eligible_transitions":1141},"peak":{"peak_local_max_density":12.5,"peak_local_max_density_per_sec":39.166666666666664,"peak_max_chord_size":6,"peak_concentration":0.3679054054054054,"total_notes":2960,"intervals":[[4416,4799],[7260,7595],[7632,7883],[11316,11903],[11916,12479],[14220,14423],[14988,15779],[17292,19031]]},"jack":{"jack_pairs":11,"jack_in_stream_pairs":9,"jack_outside_pairs":2,"pure_jack_per_sec":0.0647717484926787,"flow_break_per_stream_sec":0.09407839866555465,"stream_seconds":95.66489361702126,"non_stream_seconds":30.877659574468098,"chart_seconds":126.54255319148936,"window_ticks":24,"min_region_sec":10.0},"distraction":{"mode_formulation":"SP","qualifying_window_count":5,"qualifying_scratches":64,"qualifying_flow_sec":91.43617021276594,"distract_density":0.6999418266433974,"distract_event_per_sec":0.05468295520651542,"scratch_chord_pair_count":109,"chord_time_threshold_sec":0.01667,"min_scratches":3}},"warnings":[],"tags":["chord_heavy","stream_heavy","dense_chart","chord_stream"],"scales":["st"]}