{"md5":"17feecd94600b5eb6e6c30e90cc48353","headers":{"title":"Schwerkraft [Dioga Gravidon]","artist":"ROKINA","genre":"ASTRALCORE","playlevel":"6","base_bpm":999.0},"mode":"SP","scope":"playable_only","scaling_mode":"p99_linear","params":{"stream_window_ticks":48,"stream_density_threshold_per_beat":4.0,"peak_window_ticks":192,"peak_min_window_notes":4,"peak_min_window_sec":0.05,"felt_bpm_trigger_eff_bpm":500.0,"felt_bpm_trigger_peak_per_sec":200.0,"felt_bpm_target_peak_per_sec":100.0,"felt_bpm_floor":30.0,"jack_window_ticks":24,"soft_burst_ref":8.0,"soft_freq_ref":0.1,"soft_burst_exp":1.5,"soft_freq_exp":1.5,"chord_time_threshold_ms":16.67,"sp_distraction_min_scratches":3,"sp_distraction_bin_sec":0.25,"sp_distraction_t_key":2,"sp_distraction_gap_bins":2,"dp_distraction_window_sec_min":0.2,"dp_distraction_window_sec_max":0.8,"stream_density_ref_per_sec":40.0,"peak_density_ref_per_sec":70.0,"chord_size_ref":3.5,"ln_simultaneity_ref":0.05,"scratch_density_ref_per_sec":1.5,"scratch_ratio_ref":0.1,"distraction_density_ref":2.0,"distraction_event_ref":0.15},"raw_axes":{"chord":1.4815327793167128,"stream":32.02995791430994,"scratch_per_sec":1.6110012347893998,"scratch_burst_max_per_sec":9.0,"scratch_max_run_sec":7.447447447447452,"soft":0.0,"stair":0.25903614457831325,"peak":83.25,"ln_m1_short_rate_rt":0.0,"ln_m2_density_rt":0.0,"ln_m2_burst_max_rt":0.0,"ln_m3_density_rt":0.0,"ln_m_concurrent_rt":0.0,"adv_hand_imb":0.0,"adv_rel_pressure_1beat":0.0,"adv_ln_hold_min_beats":0.0,"adv_ln_chord_big_rate":0.0,"adv_ln_scatter_cv":0.0,"distraction":15.182210589638323},"x_chord":0.38,"x_stream":0.826,"x_scratch":0.278,"x_soft":0.0,"x_ln":0.0,"x_stair":0.734,"x_peak":0.975,"x_distraction":0.933,"ln_advanced_score":0.0,"submetrics":{"chord":{"chord_rate":0.523084025854109,"avg_chord_size":2.8323036187113857,"chord_positions":1133,"total_positions":2166},"stream":{"stream_coverage":0.45717106887188347,"stream_density_mean":4.207880434782608,"stream_density_mean_per_sec":70.06120923913043,"stream_windows":290,"notes_in_stream":1852,"total_notes":4051,"intervals":[[768,1164],[1500,1584],[6876,6960],[7644,7728],[9180,9264],[10428,10512],[10716,10800],[11484,11568],[11772,11832],[11868,11952],[12156,12240],[12660,13032],[13044,13656],[13788,13872],[14940,15024],[15036,15120],[15324,15384],[16788,16848],[17844,18072],[18420,18816],[21372,21456],[21468,21528],[22356,22488],[22548,22680],[22740,22872],[22932,23064],[24540,24600],[25308,25368],[26268,26352],[26652,26736],[27036,27120],[27420,27504],[27804,27888],[28188,28272],[28572,28656],[28956,29040],[29052,29112],[29340,29424],[29724,29808],[30108,30192],[30492,30576],[30876,30960],[31092,31152],[31176,31320],[31452,31536],[31548,31632],[31644,31728],[31740,31824],[31836,31920],[32028,32112],[32220,32304],[32412,32496],[32796,32880],[33180,33264],[33564,33648],[33972,34104],[34332,34416],[34716,34800],[34836,34968],[35124,35352],[36252,36336],[36468,36600],[36648,36804],[36828,36888],[37044,37152],[37164,37272],[37440,37656],[37788,37872],[38208,38448],[38556,38640],[38748,38832],[38940,39024],[39036,39120],[39132,39192],[39540,39600],[39648,39948],[40380,40464],[40476,40560],[40572,40656],[40668,40752],[40788,40848],[40860,40944],[40980,41040],[41052,41136],[41172,41232],[41244,41328],[41364,41424],[41628,41712],[41820,41880],[42012,42096],[42204,42288],[42300,42384],[42492,42576],[42588,42672],[42780,42864],[42972,43056],[43068,43152],[43164,43248],[43260,43344],[43356,43440],[43452,43536],[43548,43632],[43644,43728],[43740,43800],[43836,43920],[43932,44016],[44028,44088],[44196,44580],[56796,56880],[57180,57264],[57564,57648],[57948,58032],[58164,58224],[58332,58416],[58716,58800],[59100,59184],[59484,59568],[59700,59760],[59868,59952],[60252,60336],[60636,60720],[61020,61104],[61236,61296],[61404,61488],[61788,61872],[62172,62256],[62556,62640],[62748,62832],[62940,63024],[64284,64368],[64380,64464],[64476,64560],[65724,65808],[65844,65904],[66012,66072],[66300,66384],[66588,66672],[66876,66960],[67164,67248],[67356,67440],[67548,67632],[67956,68328],[68352,68436],[68448,68532],[68544,68628],[68640,68724],[68736,68820],[68832,68916],[68928,69012],[69024,69108],[69120,69204],[69216,69300],[69312,69396],[69408,69492],[69504,69588],[69600,69684],[69696,69780],[69792,69876],[70620,70704],[71004,71088],[71388,71472],[71772,71856],[72156,72240],[72276,72336],[72348,72408],[72540,72624],[72852,72912],[72924,73008],[73044,73104],[73116,73176],[73308,73392],[73620,73764],[73884,73968],[73980,74064],[74076,74160],[74460,74544],[74844,74928],[75612,75696],[76188,76272],[76380,76464],[76500,76560],[76572,76656],[76692,76752],[76764,76848],[76884,77004],[77148,77232],[77244,77328],[77436,77520],[77532,77616],[77652,77712],[77724,77808],[77916,78000],[78012,78096],[78132,78192],[78204,78288],[78300,78384],[78420,78480],[78492,78576],[78684,78768],[78780,78864],[78972,79056],[79080,79236],[79260,79344],[79356,79440],[79452,79536],[79548,79632],[79644,79728],[79860,79992],[80028,80112],[80220,80304],[80316,80400],[80508,80592],[80604,80688],[80724,80784],[80796,80880],[80988,81072],[81084,81168],[81180,81240],[81276,81360],[81372,81456],[81492,81648],[81756,81840],[81852,81936],[81972,82152],[82164,82608],[82620,82668],[82680,82800],[82908,82992],[83004,83088],[83100,83184],[83196,83280],[83292,83376],[83388,83472],[83484,83568],[83580,83664],[83676,83760],[83772,83856],[83868,83952],[84252,84336],[84348,84432],[84636,84720],[84732,84816],[84828,84912],[84924,85008],[85020,85104],[85116,85200],[85212,85296],[85308,85392],[85404,85488],[85524,85584],[85596,85680],[85716,85776],[85788,85872],[85908,85968],[85980,86064],[86100,86160],[86364,86448],[86556,86616],[86940,87000],[87036,87120],[87228,87312],[87420,87504],[87540,87600],[87612,87696],[87708,87792],[87804,87888],[87900,87984],[87996,88080],[88092,88176],[88188,88272],[88284,88368],[88380,88464],[88476,88560],[88572,88656],[88668,88752],[88764,88848],[88860,88944],[88956,89040],[89052,89136],[89280,89880],[90612,90744],[91188,91248],[91260,91320],[91392,91536],[91572,91632],[91644,91728],[91740,91800],[92124,92208],[92604,92688],[93108,93924]]},"scratch":{"scratch_ratio":0.04502593116454503,"scratch_positions_ratio":0.08818097876269622,"scratch_with_key_chord_rate":0.9633507853403142,"scratch_per_sec":1.6110012347893998,"scratch_burst_max_per_sec":9.0,"scratch_burst_window_sec":1.0,"scratch_max_run_sec":7.447447447447452,"ls_count":0,"ls_per_sec":0.0,"ls_complexity_mean":0.0,"scratch_notes":191,"scratch_positions":191,"total_notes":4242,"total_positions":2166,"chart_seconds":118.5598098098098},"soft":{"base_bpm":999.0,"intensity":0.0,"up_intensity":0.0,"down_intensity":0.0,"max_intensity":0.0,"max_up_intensity":0.0,"max_down_intensity":0.0,"step_frequency":0.0,"ramp_frequency":0.0,"continuity_beats":0.0,"off_base_note_ratio":0.0,"gimmick_burst_score":0.0,"max_off_base_density_per_beat":0.0,"base_mean_density_per_beat":2.148429584599797,"base_density_source":"on_base","distinct_off_base_bpm_count":0,"bpm_change_events":0,"measure_count":491},"ln":{"ln_ratio":0.0,"ln_hold_time_mean_beats":0.0,"ln_simultaneity_rate":0.0,"ln_simultaneity_weighted":0.0,"ln_count":0,"ln_count_raw":0,"ln_positions":0,"total_notes":4242,"m1_short_count_rt":0,"m1_short_rate_rt":0.0,"m2_long_count_rt":0,"m2_density_rt":0.0,"m2_burst_max_rt":0.0,"m3_density_rt":0.0,"m_concurrent_rt":0.0,"total_long_sec":0.0,"long_active_sec":0.0,"long_hold_sec_mean":0.0,"long_hold_sec_max":0.0,"adv_hand_imb":0.0,"adv_rel_pressure_1beat":0.0,"adv_ln_hold_min_beats":0.0,"adv_ln_chord_big_rate":0.0,"adv_ln_scatter_cv":0.0},"stair":{"stair_index":0.25903614457831325,"stair_transitions":559,"eligible_transitions":2158},"peak":{"peak_local_max_density":5.0,"peak_local_max_density_per_sec":83.25,"peak_max_chord_size":6,"peak_concentration":0.364848185633177,"total_notes":4051,