{"md5":"b9450a30141bb6669f289147d6f003aa","headers":{"title":"tinnitus -Madness-","artist":"SP-# / obj : LindBlum","genre":"hardcore techno","playlevel":"22","base_bpm":208.0},"mode":"SP","scope":"playable_only","scaling_mode":"percentile_rank","params":{"stream_window_ticks":48,"stream_density_threshold_per_beat":4.0,"peak_window_ticks":192,"jack_window_ticks":24,"soft_burst_ref":8.0,"soft_freq_ref":0.1,"soft_burst_exp":1.5,"soft_freq_exp":1.5,"chord_time_threshold_ms":16.67,"sp_distraction_min_scratches":3,"dp_distraction_window_sec_min":0.2,"dp_distraction_window_sec_max":0.8,"stream_density_ref_per_sec":40.0,"peak_density_ref_per_sec":70.0,"chord_size_ref":3.5,"ln_simultaneity_ref":0.05,"scratch_density_ref_per_sec":1.5,"scratch_ratio_ref":0.1,"distraction_density_ref":2.0,"distraction_event_ref":0.15},"raw_axes":{"chord":2.719929245283019,"stream":32.59075251197803,"scratch":0.0025462201247470144,"soft":0.0,"ln":0.0,"stair":0.20294985250737463,"peak":43.333333333333336,"distraction":0.263831374743518},"x_chord":0.9017933390264731,"x_stream":0.9219470538001708,"x_scratch":0.17950469684030743,"x_soft":0.0,"x_ln":0.0,"x_stair":0.8336464560204953,"x_peak":0.7888983774551666,"x_distraction":0.10657557643040137,"submetrics":{"chord":{"chord_rate":0.9168632075471698,"avg_chord_size":2.9665594855305466,"chord_positions":1555,"total_positions":1696},"stream":{"stream_coverage":0.9627681952040387,"stream_density_mean":9.764737406216506,"stream_density_mean_per_sec":33.85108967488389,"stream_windows":12,"notes_in_stream":4577,"total_notes":4754,"intervals":[[1524,4439],[4572,13655],[13788,13847],[16860,26303],[26316,26495],[26508,26687],[26700,26879],[26892,27071],[27084,27263],[27276,27455],[27468,27647],[29052,29111]]},"scratch":{"scratch_ratio":0.009676062263357174,"scratch_positions_ratio":0.027122641509433963,"scratch_with_key_chord_rate":0.9565217391304348,"scratch_per_sec":0.26314631463146315,"scratch_burst_max_per_sec":2.0,"scratch_burst_window_sec":1.0,"scratch_notes":46,"scratch_positions":46,"total_notes":4754,"total_positions":1696,"chart_seconds":174.80769230769232},"soft":{"base_bpm":208.0,"intensity":0.0,"up_intensity":0.0,"down_intensity":0.0,"max_intensity":0.0,"max_up_intensity":0.0,"max_down_intensity":0.0,"step_frequency":0.0,"ramp_frequency":0.0,"continuity_beats":0.0,"off_base_note_ratio":0.0,"gimmick_burst_score":0.0,"max_off_base_density_per_beat":0.0,"base_mean_density_per_beat":7.843234323432343,"base_density_source":"on_base","distinct_off_base_bpm_count":0,"bpm_change_events":0,"measure_count":152},"ln":{"ln_ratio":0.0,"ln_hold_time_mean_beats":0.0,"ln_simultaneity_rate":0.0,"ln_simultaneity_weighted":0.0,"ln_count":0,"ln_positions":0,"total_notes":4754},"stair":{"stair_index":0.20294985250737463,"stair_transitions":344,"eligible_transitions":1695},"peak":{"peak_local_max_density":12.5,"peak_local_max_density_per_sec":43.333333333333336,"peak_max_chord_size":6,"peak_concentration":0.47854438367690366,"total_notes":4754,"intervals":[[4596,4883],[4896,5327],[5376,6083],[7668,7859],[8184,8387],[8496,9323],[9780,9971],[10572,10931],[11040,12047],[12096,12299],[12360,12587],[12720,12923],[19920,20255],[20268,23195],[24408,26135]]},"jack":{"jack_pairs":0,"jack_in_stream_pairs":0,"jack_outside_pairs":0,"pure_jack_per_sec":0.0,"flow_break_per_stream_sec":0.0,"stream_seconds":137.01923076923083,"non_stream_seconds":37.78846153846149,"chart_seconds":174.80769230769232,"window_ticks":24,"min_region_sec":10.0},"distraction":{"mode_formulation":"SP","qualifying_window_count":3,"qualifying_scratches":28,"qualifying_flow_sec":128.87019230769232,"distract_density":0.21727289684760304,"distract_event_per_sec":0.023279238947957467,"scratch_chord_pair_count":51,"chord_time_threshold_sec":0.01667,"min_scratches":3}},"warnings":[],"tags":["chord_heavy","stream_heavy","stair_focused","burst_focused","dense_chart","fast_chart","chord_stream"],"scales":["st"]}