{"md5":"0cc8abd2a1d29fac01876bae6b519729","headers":{"title":"Missing Banquet [HG]","artist":"U2 Remixed by rider / 奈那樹","genre":"MAKINA","playlevel":"14","base_bpm":180.0},"mode":"SP","scope":"playable_only","scaling_mode":"p99_linear","params":{"stream_window_ticks":48,"stream_density_threshold_per_beat":4.0,"peak_window_ticks":192,"peak_min_window_notes":4,"peak_min_window_sec":0.05,"felt_bpm_trigger_eff_bpm":500.0,"felt_bpm_trigger_peak_per_sec":200.0,"felt_bpm_target_peak_per_sec":100.0,"felt_bpm_floor":30.0,"jack_window_ticks":24,"soft_burst_ref":8.0,"soft_freq_ref":0.1,"soft_burst_exp":1.5,"soft_freq_exp":1.5,"chord_time_threshold_ms":16.67,"sp_distraction_min_scratches":3,"dp_distraction_window_sec_min":0.2,"dp_distraction_window_sec_max":0.8,"stream_density_ref_per_sec":40.0,"peak_density_ref_per_sec":70.0,"chord_size_ref":3.5,"ln_simultaneity_ref":0.05,"scratch_density_ref_per_sec":1.5,"scratch_ratio_ref":0.1,"distraction_density_ref":2.0,"distraction_event_ref":0.15},"raw_axes":{"chord":1.355721393034826,"stream":14.966386087729532,"scratch":0.03140053703169707,"soft":0.0,"stair":0.07970112079701121,"peak":27.0,"ln_m1_short_rate_rt":0.07758053911900066,"ln_m2_density_rt":28.96306068601579,"ln_m2_burst_max_rt":862.0,"ln_m3_density_rt":29.734828496042173,"ln_m_concurrent_rt":2.0970377936670097,"adv_hand_imb":0.42412451361867703,"adv_rel_pressure_1beat":0.8015564202334631,"adv_ln_hold_min_beats":0.25,"adv_ln_chord_big_rate":0.016666666666666666,"adv_ln_scatter_cv":3.1917789874253994,"distraction":0.783641160949868},"x_chord":0.346,"x_stream":0.375,"x_scratch":0.077,"x_soft":0.0,"x_ln":0.952,"x_stair":0.231,"x_peak":0.436,"x_distraction":0.183,"ln_advanced_score":0.762,"submetrics":{"chord":{"chord_rate":0.4639303482587065,"avg_chord_size":2.9222520107238608,"chord_positions":373,"total_positions":804},"stream":{"stream_coverage":0.8441814595660749,"stream_density_mean":5.90962441314554,"stream_density_mean_per_sec":17.72887323943662,"stream_windows":24,"notes_in_stream":1284,"total_notes":1521,"intervals":[[348,1104],[1116,2616],[2652,3324],[3408,3504],[8988,9072],[9180,9264],[9276,9360],[9372,9456],[9468,15576],[15708,15792],[15900,15984],[16068,16176],[16284,16368],[16452,16560],[16668,16752],[16788,16944],[16956,17136],[17244,17328],[17436,17520],[17604,17712],[17988,18096],[18204,18288],[18396,18672],[18684,18816]]},"scratch":{"scratch_ratio":0.05193951347797501,"scratch_positions_ratio":0.09825870646766169,"scratch_with_key_chord_rate":0.9240506329113924,"scratch_per_sec":0.6045597066482435,"scratch_burst_max_per_sec":4.0,"scratch_burst_window_sec":1.0,"scratch_notes":79,"scratch_positions":79,"total_notes":1521,"total_positions":804,"chart_seconds":130.67361111111111},"soft":{"base_bpm":180.0,"intensity":0.0,"up_intensity":0.0,"down_intensity":0.0,"max_intensity":0.0,"max_up_intensity":0.0,"max_down_intensity":0.0,"step_frequency":0.0,"ramp_frequency":0.0,"continuity_beats":0.0,"off_base_note_ratio":0.0,"gimmick_burst_score":0.0,"max_off_base_density_per_beat":0.0,"base_mean_density_per_beat":3.875,"base_density_source":"on_base","distinct_off_base_bpm_count":0,"bpm_change_events":0,"measure_count":99},"ln":{"ln_ratio":0.3418803418803419,"ln_hold_time_mean_beats":1.5144230769230769,"ln_simultaneity_rate":0.2577251808021039,"ln_simultaneity_weighted":0.40828402366863903,"ln_count":520,"ln_count_raw":520,"ln_positions":365,"total_notes":1521,"m1_short_count_rt":118,"m1_short_rate_rt":0.07758053911900066,"m2_long_count_rt":396,"m2_density_rt":28.96306068601579,"m2_burst_max_rt":862.0,"m3_density_rt":29.734828496042173,"m_concurrent_rt":2.0970377936670097,"total_long_sec":252.66666666666703,"long_active_sec":81.58333333333339,"long_hold_sec_mean":0.638047138047139,"long_hold_sec_max":10.583333333333343,"adv_hand_imb":0.42412451361867703,"adv_rel_pressure_1beat":0.8015564202334631,"adv_ln_hold_min_beats":0.25,"adv_ln_chord_big_rate":0.016666666666666666,"adv_ln_scatter_cv":3.1917789874253994},"stair":{"stair_index":0.07970112079701121,"stair_transitions":64,"eligible_transitions":803},"peak":{"peak_local_max_density":9.0,"peak_local_max_density_per_sec":27.0,"peak_max_chord_size":8,"peak_concentration":0.3938198553583169,"total_notes":1521,"intervals":[[348,2100],[3000,3372],[9492,9744],[10860,11256],[11796,12000],[12492,12864],[13836,14184],[14748,15576]]},"jack":{"jack_pairs":15,"jack_in_stream_pairs":8,"jack_outside_pairs":7,"pure_jack_per_sec":0.13289386947923532,"flow_break_per_stream_sec":0.10256410256410256,"stream_seconds":78.0,"non_stream_seconds":52.673611111111114,"chart_seconds":130.67361111111111,"window_ticks":24,"min_region_sec":10.0},"distraction":{"mode_formulation":"SP","qualifying_window_count":3,"qualifying_scratches":59,"qualifying_flow_sec":63.16666666666667,"distract_density":0.9340369393139841,"distract_event_per_sec":0.047493403693931395,"scratch_chord_pair_count":97,"chord_time_threshold_sec":0.01667,"min_scratches":3}},"warnings":["Unterminated LNOBJ LN on lane P1_SCR started at m98 pos0.0; closing at EOF","Unterminated LNOBJ LN on lane P1_KEY6 started at m97 pos0.75; closing at EOF","Unterminated LNOBJ LN on lane P1_KEY7 started at m97 pos0.5; closing at EOF","Unterminated LNOBJ LN on lane P1_KEY5 started at m97 pos0.875; closing at EOF","Unterminated LNOBJ LN on lane P1_KEY2 started at m97 pos0.25; closing at EOF","Unterminated LNOBJ LN on lane P1_KEY1 started at m98 pos0.0; closing at EOF"],"tags":["ln_chart","advanced_ln","big_chord_burst"],"scales":[]}