{"md5":"c7f384d33fd08da0fda97112354a834c","headers":{"title":"ドキッ！けふぃーとひ・み・つｖのサッカータイム☆☆ニャホニャホしても、いいんですよ･･･？　～KEFIFAワールドカップ編 We love 汚滝健太郎～","artist":"11.Soccer Team","genre":"SOCCORE","playlevel":"13","base_bpm":250.0},"mode":"SP","scope":"playable_only","scaling_mode":"p99_linear","params":{"stream_window_ticks":48,"stream_density_threshold_per_beat":4.0,"peak_window_ticks":192,"peak_min_window_notes":4,"peak_min_window_sec":0.05,"felt_bpm_trigger_eff_bpm":500.0,"felt_bpm_trigger_peak_per_sec":200.0,"felt_bpm_target_peak_per_sec":100.0,"felt_bpm_floor":30.0,"jack_window_ticks":24,"soft_burst_ref":8.0,"soft_freq_ref":0.1,"soft_burst_exp":1.5,"soft_freq_exp":1.5,"chord_time_threshold_ms":16.67,"sp_distraction_min_scratches":3,"dp_distraction_window_sec_min":0.2,"dp_distraction_window_sec_max":0.8,"stream_density_ref_per_sec":40.0,"peak_density_ref_per_sec":70.0,"chord_size_ref":3.5,"ln_simultaneity_ref":0.05,"scratch_density_ref_per_sec":1.5,"scratch_ratio_ref":0.1,"distraction_density_ref":2.0,"distraction_event_ref":0.15},"raw_axes":{"chord":1.305084745762712,"stream":22.967039350458176,"scratch":0.026196020976798805,"soft":0.0,"stair":0.18303886925795054,"peak":43.75,"ln_m1_short_rate_rt":0.0,"ln_m2_density_rt":0.0,"ln_m2_burst_max_rt":0.0,"ln_m3_density_rt":0.0,"ln_m_concurrent_rt":0.0,"adv_hand_imb":0.0,"adv_rel_pressure_1beat":0.0,"adv_ln_hold_min_beats":0.0,"adv_ln_chord_big_rate":0.0,"adv_ln_scatter_cv":0.0,"distraction":0.8279112445779114},"x_chord":0.333,"x_stream":0.576,"x_scratch":0.064,"x_soft":0.0,"x_ln":0.0,"x_stair":0.532,"x_peak":0.707,"x_distraction":0.193,"ln_advanced_score":0.0,"submetrics":{"chord":{"chord_rate":0.5515536723163842,"avg_chord_size":2.3661971830985915,"chord_positions":781,"total_positions":1416},"stream":{"stream_coverage":0.882803060813532,"stream_density_mean":6.243849493487699,"stream_density_mean_per_sec":26.016039556198745,"stream_windows":21,"notes_in_stream":2192,"total_notes":2483,"intervals":[[936,7332],[10716,10800],[10836,10944],[11220,11328],[11604,11712],[11988,12096],[12228,12336],[12372,12504],[12636,12720],[12756,12888],[13020,13104],[13140,13272],[13308,13392],[13404,13488],[13608,13836],[13848,17124],[18348,18420],[18480,18564],[18588,18660],[19908,23280],[23796,26328]]},"scratch":{"scratch_ratio":0.037857430527587596,"scratch_positions_ratio":0.06638418079096045,"scratch_with_key_chord_rate":0.9787234042553191,"scratch_per_sec":0.6919651072913983,"scratch_burst_max_per_sec":5.0,"scratch_burst_window_sec":1.0,"scratch_notes":94,"scratch_positions":94,"total_notes":2483,"total_positions":1416,"chart_seconds":135.845},"soft":{"base_bpm":250.0,"intensity":0.0,"up_intensity":0.0,"down_intensity":0.0,"max_intensity":0.0,"max_up_intensity":0.0,"max_down_intensity":0.0,"step_frequency":0.0,"ramp_frequency":0.0,"continuity_beats":0.0,"off_base_note_ratio":0.0,"gimmick_burst_score":0.0,"max_off_base_density_per_beat":0.0,"base_mean_density_per_beat":4.385159010600707,"base_density_source":"on_base","distinct_off_base_bpm_count":0,"bpm_change_events":0,"measure_count":143},"ln":{"ln_ratio":0.0,"ln_hold_time_mean_beats":0.0,"ln_simultaneity_rate":0.0,"ln_simultaneity_weighted":0.0,"ln_count":0,"ln_count_raw":0,"ln_positions":0,"total_notes":2483,"m1_short_count_rt":0,"m1_short_rate_rt":0.0,"m2_long_count_rt":0,"m2_density_rt":0.0,"m2_burst_max_rt":0.0,"m3_density_rt":0.0,"m_concurrent_rt":0.0,"total_long_sec":0.0,"long_active_sec":0.0,"long_hold_sec_mean":0.0,"long_hold_sec_max":0.0,"adv_hand_imb":0.0,"adv_rel_pressure_1beat":0.0,"adv_ln_hold_min_beats":0.0,"adv_ln_chord_big_rate":0.0,"adv_ln_scatter_cv":0.0},"stair":{"stair_index":0.18303886925795054,"stair_transitions":259,"eligible_transitions":1415},"peak":{"peak_local_max_density":10.5,"peak_local_max_density_per_sec":43.75,"peak_max_chord_size":4,"peak_concentration":0.3503826016915022,"total_notes":2483,"intervals":[[924,1308],[2400,2868],[3792,4368],[5604,5820],[6924,7368],[13776,14124],[15300,15720],[16716,17160],[19920,20244],[21408,21864],[22860,23316],[23796,24132],[24516,24936],[25380,25704],[25836,26376]]},"jack":{"jack_pairs":0,"jack_in_stream_pairs":0,"jack_outside_pairs":0,"pure_jack_per_sec":0.0,"flow_break_per_stream_sec":0.0,"stream_seconds":86.94,"non_stream_seconds":48.905,"chart_seconds":135.845,"window_ticks":24,"min_region_sec":10.0},"distraction":{"mode_formulation":"SP","qualifying_window_count":4,"qualifying_scratches":79,"qualifying_flow_sec":79.91999999999999,"distract_density":0.9884884884884887,"distract_event_per_sec":0.05005005005005006,"scratch_chord_pair_count":97,"chord_time_threshold_sec":0.01667,"min_scratches":3}},"warnings":[],"tags":["fast_chart"],"scales":["sl"]}