{"md5":"a94b904f6e3cc39c107867801001727d","headers":{"title":"虎柄の毘沙門天 [LUNATIC]","artist":"ZUN","genre":"東方星蓮船","playlevel":"21","base_bpm":149.0},"mode":"SP","scope":"playable_only","scaling_mode":"p99_linear","params":{"stream_window_ticks":48,"stream_density_threshold_per_beat":4.0,"peak_window_ticks":192,"peak_min_window_notes":4,"peak_min_window_sec":0.05,"felt_bpm_trigger_eff_bpm":500.0,"felt_bpm_trigger_peak_per_sec":200.0,"felt_bpm_target_peak_per_sec":100.0,"felt_bpm_floor":30.0,"jack_window_ticks":24,"soft_burst_ref":8.0,"soft_freq_ref":0.1,"soft_burst_exp":1.5,"soft_freq_exp":1.5,"chord_time_threshold_ms":16.67,"sp_distraction_min_scratches":3,"dp_distraction_window_sec_min":0.2,"dp_distraction_window_sec_max":0.8,"stream_density_ref_per_sec":40.0,"peak_density_ref_per_sec":70.0,"chord_size_ref":3.5,"ln_simultaneity_ref":0.05,"scratch_density_ref_per_sec":1.5,"scratch_ratio_ref":0.1,"distraction_density_ref":2.0,"distraction_event_ref":0.15},"raw_axes":{"chord":2.5965217391304347,"stream":24.53182245258602,"scratch":0.002774815168466936,"soft":5.429100393629499e-05,"ln":0.0,"stair":0.2010443864229765,"peak":37.87083333333334,"distraction":0.3788993823279425},"x_chord":0.654,"x_stream":0.611,"x_scratch":0.007,"x_soft":0.0,"x_ln":0.0,"x_stair":0.593,"x_peak":0.611,"x_distraction":0.1,"submetrics":{"chord":{"chord_rate":0.8008695652173913,"avg_chord_size":3.242128121606949,"chord_positions":921,"total_positions":1150},"stream":{"stream_coverage":0.977293934681182,"stream_density_mean":10.139820114472608,"stream_density_mean_per_sec":25.10178522758245,"stream_windows":19,"notes_in_stream":3142,"total_notes":3215,"intervals":[[156,240],[252,312],[384,504],[636,696],[768,888],[912,1680],[2076,2148],[2448,2532],[2556,2808],[2820,6288],[6300,7896],[8988,9072],[9180,11088],[11100,11280],[11292,11472],[11484,17136],[17796,17844],[18552,19428],[19920,20184]]},"scratch":{"scratch_ratio":0.012130637636080872,"scratch_positions_ratio":0.03391304347826087,"scratch_with_key_chord_rate":1.0,"scratch_per_sec":0.2287443786313128,"scratch_burst_max_per_sec":2.0,"scratch_burst_window_sec":1.0,"scratch_notes":39,"scratch_positions":39,"total_notes":3215,"total_positions":1150,"chart_seconds":170.49599309655468},"soft":{"base_bpm":149.0,"intensity":0.0036406525619213626,"up_intensity":0.0,"down_intensity":0.0036406525619213626,"max_intensity":0.053691275167785234,"max_up_intensity":0.0,"max_down_intensity":0.053691275167785234,"step_frequency":0.02830188679245283,"ramp_frequency":0.018867924528301886,"continuity_beats":67.75,"off_base_note_ratio":0.0864696734059098,"gimmick_burst_score":0.0019182821390824228,"max_off_base_density_per_beat":7.5,"base_mean_density_per_beat":8.335227272727273,"base_density_source":"on_base","distinct_off_base_bpm_count":2,"bpm_change_events":3,"measure_count":106},"ln":{"ln_ratio":0.0,"ln_hold_time_mean_beats":0.0,"ln_simultaneity_rate":0.0,"ln_simultaneity_weighted":0.0,"ln_count":0,"ln_positions":0,"total_notes":3215},"stair":{"stair_index":0.2010443864229765,"stair_transitions":231,"eligible_transitions":1149},"peak":{"peak_local_max_density":15.25,"peak_local_max_density_per_sec":37.87083333333334,"peak_max_chord_size":8,"peak_concentration":0.415552099533437,"total_notes":3215,"intervals":[[3108,3684],[3840,4032],[4848,5592],[9384,10956],[12684,12900],[14220,14568],[15528,16356],[16788,17124],[19188,19416]]},"jack":{"jack_pairs":36,"jack_in_stream_pairs":26,"jack_outside_pairs":10,"pure_jack_per_sec":0.27249732885877764,"flow_break_per_stream_sec":0.19432222496813462,"stream_seconds":133.79838566722637,"non_stream_seconds":36.697607429328315,"chart_seconds":170.49599309655468,"window_ticks":24,"min_region_sec":10.0},"distraction":{"mode_formulation":"SP","qualifying_window_count":4,"qualifying_scratches":27,"qualifying_flow_sec":106.00879426058783,"distract_density":0.25469585036152154,"distract_event_per_sec":0.03773271857207726,"scratch_chord_pair_count":74,"chord_time_threshold_sec":0.01667,"min_scratches":3}},"warnings":[],"tags":["chord_heavy","stair_focused","big_chord_burst"],"scales":["st"]}