{"md5":"b80186ff8eca822332ca318073ff373f","headers":{"title":"High-Priestess[EXTRA]","artist":"Luxion / obj:チャチャ","genre":"OVERKILL","playlevel":"13","base_bpm":196.0},"mode":"SP","scope":"playable_only","scaling_mode":"p99_linear","params":{"stream_window_ticks":48,"stream_density_threshold_per_beat":4.0,"peak_window_ticks":192,"jack_window_ticks":24,"soft_burst_ref":8.0,"soft_freq_ref":0.1,"soft_burst_exp":1.5,"soft_freq_exp":1.5,"chord_time_threshold_ms":16.67,"sp_distraction_min_scratches":3,"dp_distraction_window_sec_min":0.2,"dp_distraction_window_sec_max":0.8,"stream_density_ref_per_sec":40.0,"peak_density_ref_per_sec":70.0,"chord_size_ref":3.5,"ln_simultaneity_ref":0.05,"scratch_density_ref_per_sec":1.5,"scratch_ratio_ref":0.1,"distraction_density_ref":2.0,"distraction_event_ref":0.15},"raw_axes":{"chord":1.667699457784663,"stream":20.874045582135995,"scratch":0.03282967090626705,"soft":0.04444043633398552,"ln":0.0,"stair":0.2651162790697674,"peak":33.483333333333334,"distraction":0.7444130038357543},"x_chord":0.433,"x_stream":0.511,"x_scratch":0.079,"x_soft":0.263,"x_ln":0.0,"x_stair":0.806,"x_peak":0.342,"x_distraction":0.199,"submetrics":{"chord":{"chord_rate":0.6173508907823393,"avg_chord_size":2.7013801756587204,"chord_positions":797,"total_positions":1291},"stream":{"stream_coverage":0.9905553456743483,"stream_density_mean":6.958333333333333,"stream_density_mean_per_sec":21.073073476702508,"stream_windows":11,"notes_in_stream":2622,"total_notes":2647,"intervals":[[180,1739],[2076,2159],[2220,2543],[2604,2927],[2988,3311],[3372,9815],[9948,15983],[16092,16175],[16284,16367],[16476,16559],[16668,19823]]},"scratch":{"scratch_ratio":0.0426898375519456,"scratch_positions_ratio":0.08752904725019364,"scratch_with_key_chord_rate":0.9823008849557522,"scratch_per_sec":0.7690277777777778,"scratch_burst_max_per_sec":5.0,"scratch_burst_window_sec":1.0,"scratch_notes":113,"scratch_positions":113,"total_notes":2647,"total_positions":1291,"chart_seconds":146.9387755102041},"soft":{"base_bpm":196.0,"intensity":0.07140158670192671,"up_intensity":0.0,"down_intensity":0.07140158670192671,"max_intensity":0.5,"max_up_intensity":0.0,"max_down_intensity":0.5,"step_frequency":0.04807692307692308,"ramp_frequency":0.04807692307692308,"continuity_beats":68.0,"off_base_note_ratio":0.14280317340385343,"gimmick_burst_score":0.9243610757468987,"max_off_base_density_per_beat":7.375,"base_mean_density_per_beat":6.584302325581396,"base_density_source":"on_base","distinct_off_base_bpm_count":1,"bpm_change_events":5,"measure_count":104},"ln":{"ln_ratio":0.0,"ln_hold_time_mean_beats":0.0,"ln_simultaneity_rate":0.0,"ln_simultaneity_weighted":0.0,"ln_count":0,"ln_positions":0,"total_notes":2647},"stair":{"stair_index":0.2651162790697674,"stair_transitions":342,"eligible_transitions":1290},"peak":{"peak_local_max_density":10.5,"peak_local_max_density_per_sec":33.483333333333334,"peak_max_chord_size":5,"peak_concentration":0.3218738194182093,"total_notes":2647,"intervals":[[5664,6815],[7452,8171],[9264,9815],[12996,13187],[13524,13835],[14316,14675],[15312,15743],[16704,16895],[17928,18287],[19308,19799]]},"jack":{"jack_pairs":34,"jack_in_stream_pairs":34,"jack_outside_pairs":0,"pure_jack_per_sec":0.0,"flow_break_per_stream_sec":0.24750232126276694,"stream_seconds":137.37244897959184,"non_stream_seconds":9.566326530612258,"chart_seconds":146.9387755102041,"window_ticks":24,"min_region_sec":10.0},"distraction":{"mode_formulation":"SP","qualifying_window_count":7,"qualifying_scratches":108,"qualifying_flow_sec":135.2295918367347,"distract_density":0.798641765704584,"distract_event_per_sec":0.05176381814751933,"scratch_chord_pair_count":133,"chord_time_threshold_sec":0.01667,"min_scratches":3}},"warnings":[],"tags":["soflan","stair_focused","dense_chart"],"scales":["★"]}