{"md5":"0b3382d2bc20ab4ae70514a89c8d8ba0","headers":{"title":"God Morning [Maryther]","artist":"矢立肇 / obj: Mary_Sue","genre":"Opening Theme","playlevel":"23","base_bpm":175.0},"mode":"SP","scope":"playable_only","scaling_mode":"p99_linear","params":{"stream_window_ticks":48,"stream_density_threshold_per_beat":4.0,"peak_window_ticks":192,"jack_window_ticks":24,"soft_burst_ref":8.0,"soft_freq_ref":0.1,"soft_burst_exp":1.5,"soft_freq_exp":1.5,"chord_time_threshold_ms":16.67,"sp_distraction_min_scratches":3,"dp_distraction_window_sec_min":0.2,"dp_distraction_window_sec_max":0.8,"stream_density_ref_per_sec":40.0,"peak_density_ref_per_sec":70.0,"chord_size_ref":3.5,"ln_simultaneity_ref":0.05,"scratch_density_ref_per_sec":1.5,"scratch_ratio_ref":0.1,"distraction_density_ref":2.0,"distraction_event_ref":0.15},"raw_axes":{"chord":2.573689416419387,"stream":26.44440305567381,"scratch":0.024172750508900012,"soft":0.0,"ln":0.0,"stair":0.19900990099009902,"peak":38.645833333333336,"distraction":0.6896429079527671},"x_chord":0.668,"x_stream":0.647,"x_scratch":0.058,"x_soft":0.0,"x_ln":0.0,"x_stair":0.605,"x_peak":0.394,"x_distraction":0.185,"submetrics":{"chord":{"chord_rate":0.705242334322453,"avg_chord_size":3.6493688639551194,"chord_positions":713,"total_positions":1011},"stream":{"stream_coverage":0.9813793103448276,"stream_density_mean":9.238683127572017,"stream_density_mean_per_sec":26.94615912208505,"stream_windows":25,"notes_in_stream":2846,"total_notes":2900,"intervals":[[156,239],[636,719],[732,815],[828,911],[924,10295],[10308,10367],[10380,10463],[10524,10583],[10596,10799],[10884,11063],[11124,11255],[11268,11447],[11460,11891],[11940,12047],[12132,12287],[12300,12383],[12468,12623],[12660,12767],[12816,13295],[13692,13775],[13788,13871],[13884,13967],[13980,14063],[14748,17891],[17964,18059]]},"scratch":{"scratch_ratio":0.032758620689655175,"scratch_positions_ratio":0.09396636993076163,"scratch_with_key_chord_rate":0.8,"scratch_per_sec":0.7379050155348424,"scratch_burst_max_per_sec":7.0,"scratch_burst_window_sec":1.0,"scratch_notes":95,"scratch_positions":95,"total_notes":2900,"total_positions":1011,"chart_seconds":128.74285714285713},"soft":{"base_bpm":175.0,"intensity":0.0,"up_intensity":0.0,"down_intensity":0.0,"max_intensity":0.0,"max_up_intensity":0.0,"max_down_intensity":0.0,"step_frequency":0.0,"ramp_frequency":0.0,"continuity_beats":0.0,"off_base_note_ratio":0.0,"gimmick_burst_score":0.0,"max_off_base_density_per_beat":0.0,"base_mean_density_per_beat":7.717709720372836,"base_density_source":"on_base","distinct_off_base_bpm_count":0,"bpm_change_events":0,"measure_count":94},"ln":{"ln_ratio":0.004137931034482759,"ln_hold_time_mean_beats":0.4583333333333333,"ln_simultaneity_rate":0.0,"ln_simultaneity_weighted":0.0,"ln_count":12,"ln_positions":7,"total_notes":2900},"stair":{"stair_index":0.19900990099009902,"stair_transitions":201,"eligible_transitions":1010},"peak":{"peak_local_max_density":13.25,"peak_local_max_density_per_sec":38.645833333333336,"peak_max_chord_size":6,"peak_concentration":0.47758620689655173,"total_notes":2900,"intervals":[[2220,2591],[2652,2975],[3012,3515],[3744,4067],[7056,8267],[8280,8987],[9060,9371],[9516,10211],[11496,11687],[12864,13103],[16476,16787],[16812,17387],[17496,17891]]},"jack":{"jack_pairs":47,"jack_in_stream_pairs":47,"jack_outside_pairs":0,"pure_jack_per_sec":0.0,"flow_break_per_stream_sec":0.41985706993363947,"stream_seconds":111.94285714285718,"non_stream_seconds":16.799999999999955,"chart_seconds":128.74285714285713,"window_ticks":24,"min_region_sec":10.0},"distraction":{"mode_formulation":"SP","qualifying_window_count":1,"qualifying_scratches":79,"qualifying_flow_sec":66.94285714285715,"distract_density":1.180110968843363,"distract_event_per_sec":0.014938113529662823,"scratch_chord_pair_count":109,"chord_time_threshold_sec":0.01667,"min_scratches":3}},"warnings":["Unterminated LNOBJ LN on lane P1_KEY1 started at m92 pos0.9375; closing at EOF","Unterminated LNOBJ LN on lane P1_KEY3 started at m92 pos0.9375; closing at EOF","Unterminated LNOBJ LN on lane P1_KEY4 started at m93 pos0.0; closing at EOF","Unterminated LNOBJ LN on lane P1_KEY5 started at m92 pos0.9375; closing at EOF","Unterminated LNOBJ LN on lane P1_KEY7 started at m92 pos0.9375; closing at EOF","Unterminated LNOBJ LN on lane P1_SCR started at m85 pos0.0; closing at EOF","Unterminated LNOBJ LN on lane P1_KEY2 started at m93 pos0.875; closing at EOF","Unterminated LNOBJ LN on lane P1_KEY6 started at m93 pos0.875; closing at EOF"],"tags":["chord_heavy","stair_focused","burst_focused","dense_chart"],"scales":["st"]}