{"md5":"95358b9fd98898732c02f64fb6a76312","headers":{"title":"彼岸帰航-idling mix-","artist":"ZUN(Arr.sun3)","genre":"MYSTIC SEQUENCER","playlevel":"0","base_bpm":200.0},"mode":"SP","scope":"playable_only","scaling_mode":"percentile_rank","params":{"stream_window_ticks":48,"stream_density_threshold_per_beat":4.0,"peak_window_ticks":192,"jack_window_ticks":24,"soft_burst_ref":8.0,"soft_freq_ref":0.1,"soft_burst_exp":1.5,"soft_freq_exp":1.5,"chord_time_threshold_ms":16.67,"sp_distraction_min_scratches":3,"dp_distraction_window_sec_min":0.2,"dp_distraction_window_sec_max":0.8,"stream_density_ref_per_sec":40.0,"peak_density_ref_per_sec":70.0,"chord_size_ref":3.5,"ln_simultaneity_ref":0.05,"scratch_density_ref_per_sec":1.5,"scratch_ratio_ref":0.1,"distraction_density_ref":2.0,"distraction_event_ref":0.15},"raw_axes":{"chord":1.2124670763827918,"stream":19.508427837633274,"scratch":0.015041611714948383,"soft":0.0,"ln":0.0,"stair":0.15202108963093147,"peak":30.0,"distraction":0.7971996386630532},"x_chord":0.1371477369769428,"x_stream":0.33441502988898375,"x_scratch":0.5286080273270709,"x_soft":0.0,"x_ln":0.0,"x_stair":0.4893253629376601,"x_peak":0.30828351836037576,"x_distraction":0.5960717335610589,"submetrics":{"chord":{"chord_rate":0.45741878841088673,"avg_chord_size":2.650671785028791,"chord_positions":521,"total_positions":1139},"stream":{"stream_coverage":0.92096048024012,"stream_density_mean":6.35480943738657,"stream_density_mean_per_sec":21.1826981246219,"stream_windows":29,"notes_in_stream":1841,"total_notes":1999,"intervals":[[1800,1859],[1872,1931],[1992,2051],[2064,2123],[2184,2243],[2256,2507],[2568,2627],[2640,2699],[2760,2819],[2832,2891],[2952,3011],[3024,3239],[4788,9791],[9828,11183],[12336,12407],[12432,12503],[13404,13487],[13500,13679],[13692,13871],[13884,14255],[14268,14447],[14460,14639],[14652,18095],[18204,18263],[18348,18671],[18732,18863],[18972,19031],[19116,19223],[19332,21143]]},"scratch":{"scratch_ratio":0.03151575787893947,"scratch_positions_ratio":0.0553116769095698,"scratch_with_key_chord_rate":0.9206349206349206,"scratch_per_sec":0.4772727272727273,"scratch_burst_max_per_sec":4.0,"scratch_burst_window_sec":1.0,"scratch_notes":63,"scratch_positions":63,"total_notes":1999,"total_positions":1139,"chart_seconds":132.0},"soft":{"base_bpm":200.0,"intensity":0.0,"up_intensity":0.0,"down_intensity":0.0,"max_intensity":0.0,"max_up_intensity":0.0,"max_down_intensity":0.0,"step_frequency":0.0,"ramp_frequency":0.0,"continuity_beats":0.0,"off_base_note_ratio":0.0,"gimmick_burst_score":0.0,"max_off_base_density_per_beat":0.0,"base_mean_density_per_beat":4.540909090909091,"base_density_source":"on_base","distinct_off_base_bpm_count":0,"bpm_change_events":0,"measure_count":111},"ln":{"ln_ratio":0.0,"ln_hold_time_mean_beats":0.0,"ln_simultaneity_rate":0.0,"ln_simultaneity_weighted":0.0,"ln_count":0,"ln_positions":0,"total_notes":1999},"stair":{"stair_index":0.15202108963093147,"stair_transitions":173,"eligible_transitions":1138},"peak":{"peak_local_max_density":9.0,"peak_local_max_density_per_sec":30.0,"peak_max_chord_size":5,"peak_concentration":0.3616808404202101,"total_notes":1999,"intervals":[[6276,6659],[6948,7319],[7476,7967],[8568,8759],[9288,9527],[10248,11159],[14748,15071],[15228,15719],[16764,17255],[19836,20315],[20892,21119]]},"jack":{"jack_pairs":10,"jack_in_stream_pairs":2,"jack_outside_pairs":8,"pure_jack_per_sec":0.19826517967781912,"flow_break_per_stream_sec":0.021822149481723948,"stream_seconds":91.65,"non_stream_seconds":40.349999999999994,"chart_seconds":132.0,"window_ticks":24,"min_region_sec":10.0},"distraction":{"mode_formulation":"SP","qualifying_window_count":5,"qualifying_scratches":51,"qualifying_flow_sec":73.80000000000001,"distract_density":0.6910569105691056,"distract_event_per_sec":0.06775067750677506,"scratch_chord_pair_count":86,"chord_time_threshold_sec":0.01667,"min_scratches":3}},"warnings":[],"tags":["fast_chart"],"scales":["★"]}