{"md5":"3599e8ee8015f43b843cb71300147f4c","headers":{"title":"Memory of Rootage[ANOTHER]","artist":"みーに feat. 初音ミク","genre":"FutureCore Ballade","playlevel":"11","base_bpm":178.0},"mode":"SP","scope":"playable_only","scaling_mode":"p99_linear","params":{"stream_window_ticks":48,"stream_density_threshold_per_beat":4.0,"peak_window_ticks":192,"peak_min_window_notes":4,"peak_min_window_sec":0.05,"felt_bpm_trigger_eff_bpm":500.0,"felt_bpm_trigger_peak_per_sec":200.0,"felt_bpm_target_peak_per_sec":100.0,"felt_bpm_floor":30.0,"jack_window_ticks":24,"soft_burst_ref":8.0,"soft_freq_ref":0.1,"soft_burst_exp":1.5,"soft_freq_exp":1.5,"chord_time_threshold_ms":16.67,"sp_distraction_min_scratches":3,"dp_distraction_window_sec_min":0.2,"dp_distraction_window_sec_max":0.8,"stream_density_ref_per_sec":40.0,"peak_density_ref_per_sec":70.0,"chord_size_ref":3.5,"ln_simultaneity_ref":0.05,"scratch_density_ref_per_sec":1.5,"scratch_ratio_ref":0.1,"distraction_density_ref":2.0,"distraction_event_ref":0.15},"raw_axes":{"chord":1.3882783882783885,"stream":12.178164929945751,"scratch":0.0900682609492395,"soft":0.0,"ln":0.00065359477124183,"stair":0.0550122249388753,"peak":19.283333333333335,"distraction":2.572324471710975},"x_chord":0.361,"x_stream":0.302,"x_scratch":0.218,"x_soft":0.0,"x_ln":0.01,"x_stair":0.167,"x_peak":0.229,"x_distraction":0.693,"submetrics":{"chord":{"chord_rate":0.5201465201465202,"avg_chord_size":2.6690140845070425,"chord_positions":426,"total_positions":819},"stream":{"stream_coverage":0.842483660130719,"stream_density_mean":4.872497365648051,"stream_density_mean_per_sec":14.455075518089217,"stream_windows":73,"notes_in_stream":1289,"total_notes":1530,"intervals":[[540,623],[924,1007],[1308,1391],[1692,1775],[2076,2159],[2220,2303],[2388,2447],[2460,2543],[2604,2687],[2748,2831],[2844,2927],[2988,3071],[3156,3215],[3228,3311],[3324,3587],[3612,3695],[3972,4079],[4092,4151],[4164,4223],[4284,4367],[4380,4439],[4740,4991],[5052,5231],[5244,5303],[5316,5375],[5484,5759],[5820,6071],[6084,6647],[6660,6767],[6792,6911],[6924,7295],[7308,7415],[7452,7535],[7572,7679],[7704,8399],[8460,8831],[8844,8963],[8988,9071],[9108,9215],[9240,9647],[9660,9839],[9852,9935],[9972,10223],[10236,10319],[10356,10439],[10620,10703],[10740,10991],[11004,11183],[11268,11471],[11484,11855],[11868,12911],[12972,13439],[13452,13823],[13836,14591],[14604,14975],[14988,15743],[15792,15983],[15996,16127],[16140,16511],[16524,16631],[16668,16751],[16764,16895],[16920,17027],[17052,17615],[17676,18047],[18060,18179],[18204,18287],[18300,18431],[18456,18863],[18876,19055],[19356,19439],[19740,19799],[20124,20207]]},"scratch":{"scratch_ratio":0.09215686274509804,"scratch_positions_ratio":0.17216117216117216,"scratch_with_key_chord_rate":0.9078014184397163,"scratch_per_sec":0.9773364485981307,"scratch_burst_max_per_sec":7.0,"scratch_burst_window_sec":1.0,"scratch_notes":141,"scratch_positions":141,"total_notes":1530,"total_positions":819,"chart_seconds":144.26966292134833},"soft":{"base_bpm":178.0,"intensity":0.0,"up_intensity":0.0,"down_intensity":0.0,"max_intensity":0.0,"max_up_intensity":0.0,"max_down_intensity":0.0,"step_frequency":0.0,"ramp_frequency":0.0,"continuity_beats":0.0,"off_base_note_ratio":0.0,"gimmick_burst_score":0.0,"max_off_base_density_per_beat":0.0,"base_mean_density_per_beat":3.572429906542056,"base_density_source":"on_base","distinct_off_base_bpm_count":0,"bpm_change_events":0,"measure_count":108},"ln":{"ln_ratio":0.00065359477124183,"ln_hold_time_mean_beats":3.75,"ln_simultaneity_rate":0.00065359477124183,"ln_simultaneity_weighted":0.00065359477124183,"ln_count":1,"ln_positions":1,"total_notes":1530},"stair":{"stair_index":0.0550122249388753,"stair_transitions":45,"eligible_transitions":818},"peak":{"peak_local_max_density":6.5,"peak_local_max_density_per_sec":19.283333333333335,"peak_max_chord_size":5,"peak_concentration":0.38300653594771245,"total_notes":1530,"intervals":[[6216,6599],[6924,7127],[7308,7511],[7764,8135],[8172,8375],[9300,9575],[11268,11471],[11532,11879],[11904,12851],[14040,14375],[15084,15671],[16140,16487],[16524,16727],[17160,17639],[17676,17939],[18516,18863]]},"jack":{"jack_pairs":12,"jack_in_stream_pairs":12,"jack_outside_pairs":0,"pure_jack_per_sec":0.0,"flow_break_per_stream_sec":0.1143775100401607,"stream_seconds":104.9157303370786,"non_stream_seconds":39.35393258426973,"chart_seconds":144.26966292134833,"window_ticks":24,"min_region_sec":10.0},"distraction":{"mode_formulation":"SP","qualifying_window_count":14,"qualifying_scratches":96,"qualifying_flow_sec":54.9438202247191,"distract_density":1.747239263803681,"distract_event_per_sec":0.25480572597137013,"scratch_chord_pair_count":169,"chord_time_threshold_sec":0.01667,"min_scratches":3}},"warnings":[],"tags":["scratch_active","distraction_heavy"],"scales":["sl"]}