{"md5":"fb35fdadfba4ac0ee9f3b33a70846e92","headers":{"title":"introspect","artist":"Lokan","genre":"","playlevel":"0","base_bpm":140.0},"mode":"SP","scope":"playable_only","scaling_mode":"p99_linear","params":{"stream_window_ticks":48,"stream_density_threshold_per_beat":4.0,"peak_window_ticks":192,"peak_min_window_notes":4,"peak_min_window_sec":0.05,"felt_bpm_trigger_eff_bpm":500.0,"felt_bpm_trigger_peak_per_sec":200.0,"felt_bpm_target_peak_per_sec":100.0,"felt_bpm_floor":30.0,"jack_window_ticks":24,"soft_burst_ref":8.0,"soft_freq_ref":0.1,"soft_burst_exp":1.5,"soft_freq_exp":1.5,"chord_time_threshold_ms":16.67,"sp_distraction_min_scratches":3,"dp_distraction_window_sec_min":0.2,"dp_distraction_window_sec_max":0.8,"stream_density_ref_per_sec":40.0,"peak_density_ref_per_sec":70.0,"chord_size_ref":3.5,"ln_simultaneity_ref":0.05,"scratch_density_ref_per_sec":1.5,"scratch_ratio_ref":0.1,"distraction_density_ref":2.0,"distraction_event_ref":0.15},"raw_axes":{"chord":2.1424914675767917,"stream":29.211068122082303,"scratch":0.02237960264303323,"soft":6.300996860542438e-05,"ln":0.0,"stair":0.20324508966695132,"peak":39.270833333333336,"distraction":0.7525216812003821,"pure_jack_raw":0.0,"flow_break_raw":0.12727148358870408},"x_chord":0.54,"x_stream":0.728,"x_scratch":0.053,"x_soft":0.0,"x_ln":0.0,"x_stair":0.599,"x_peak":0.634,"x_distraction":0.199,"jack_signal":0.119,"noise_budget":0.371,"submetrics":{"chord":{"chord_rate":0.6424914675767918,"avg_chord_size":3.3346613545816735,"chord_positions":753,"total_positions":1172},"stream":{"stream_coverage":0.9863481228668942,"stream_density_mean":12.327586206896552,"stream_density_mean_per_sec":29.61537356321839,"stream_windows":13,"notes_in_stream":2890,"total_notes":2930,"intervals":[[348,624],[708,756],[936,1200],[1344,1392],[1416,1500],[2136,7476],[7776,7860],[7968,8028],[8160,8220],[8544,8616],[8868,10956],[10992,11112],[11136,14316]]},"scratch":{"scratch_ratio":0.0310580204778157,"scratch_positions_ratio":0.07764505119453925,"scratch_with_key_chord_rate":0.8901098901098901,"scratch_per_sec":0.7205740191657952,"scratch_burst_max_per_sec":4.0,"scratch_burst_window_sec":1.0,"scratch_notes":91,"scratch_positions":91,"total_notes":2930,"total_positions":1172,"chart_seconds":126.28820576316397},"soft":{"base_bpm":145.0,"intensity":0.00731552312580911,"up_intensity":0.0,"down_intensity":0.00731552312580911,"max_intensity":0.12413793103448276,"max_up_intensity":0.0,"max_down_intensity":0.12413793103448276,"step_frequency":0.1111111111111111,"ramp_frequency":0.05555555555555555,"continuity_beats":156.0,"off_base_note_ratio":0.3361774744027304,"gimmick_burst_score":0.0005670897174488194,"max_off_base_density_per_beat":13.25,"base_mean_density_per_beat":13.702202643171805,"base_density_source":"on_base","distinct_off_base_bpm_count":5,"bpm_change_events":8,"measure_count":72},"ln":{"ln_ratio":0.0,"ln_hold_time_mean_beats":0.0,"ln_simultaneity_rate":0.0,"ln_simultaneity_weighted":0.0,"ln_count":0,"ln_positions":0,"total_notes":2930},"stair":{"stair_index":0.20324508966695132,"stair_transitions":238,"eligible_transitions":1171},"peak":{"peak_local_max_density":16.25,"peak_local_max_density_per_sec":39.270833333333336,"peak_max_chord_size":8,"peak_concentration":0.5040955631399318,"total_notes":2930,"intervals":[[4212,4908],[5112,5616],[5760,6516],[6888,7320],[10692,10896],[11316,11616],[11928,12384],[12408,12612],[12732,13368],[13620,14184]]},"jack":{"jack_pairs":13,"jack_in_stream_pairs":13,"jack_outside_pairs":0,"pure_jack_per_sec":0.0,"flow_break_per_stream_sec":0.12727148358870408,"stream_seconds":102.14385527249254,"non_stream_seconds":24.144350490671428,"chart_seconds":126.28820576316397,"window_ticks":24,"min_region_sec":10.0},"distraction":{"mode_formulation":"SP","qualifying_window_count":5,"qualifying_scratches":79,"qualifying_flow_sec":96.78569422365814,"distract_density":0.8162363315537325,"distract_event_per_sec":0.051660527313527375,"scratch_chord_pair_count":159,"chord_time_threshold_sec":0.01667,"min_scratches":3}},"warnings":[],"tags":["stream_heavy","stair_focused","extreme_burst","big_chord_burst","burst_focused","dense_chart","pure_stream"],"scales":["st"]}