{"md5":"f66ff668ce313ff9117dd0fcdc0cac94","headers":{"title":"円環の理 [EXPIATION]","artist":"鹿目まどか / 佐倉杏子 / Note:薄杏","genre":"ENTROPY","playlevel":"13","base_bpm":180.0},"mode":"SP","scope":"playable_only","scaling_mode":"p99_linear","params":{"stream_window_ticks":48,"stream_density_threshold_per_beat":4.0,"peak_window_ticks":192,"peak_min_window_notes":4,"peak_min_window_sec":0.05,"felt_bpm_trigger_eff_bpm":500.0,"felt_bpm_trigger_peak_per_sec":200.0,"felt_bpm_target_peak_per_sec":100.0,"felt_bpm_floor":30.0,"jack_window_ticks":24,"soft_burst_ref":8.0,"soft_freq_ref":0.1,"soft_burst_exp":1.5,"soft_freq_exp":1.5,"chord_time_threshold_ms":16.67,"sp_distraction_min_scratches":3,"dp_distraction_window_sec_min":0.2,"dp_distraction_window_sec_max":0.8,"stream_density_ref_per_sec":40.0,"peak_density_ref_per_sec":70.0,"chord_size_ref":3.5,"ln_simultaneity_ref":0.05,"scratch_density_ref_per_sec":1.5,"scratch_ratio_ref":0.1,"distraction_density_ref":2.0,"distraction_event_ref":0.15},"raw_axes":{"chord":0.7007874015748032,"stream":12.21453893839597,"scratch":0.001120552030965971,"soft":0.0,"stair":0.3083743842364532,"peak":21.75,"ln_m1_short_rate_rt":0.009831460674157303,"ln_m2_density_rt":43.64416024073721,"ln_m2_burst_max_rt":474.0,"ln_m3_density_rt":44.93962760955421,"ln_m_concurrent_rt":1.7442580645161305,"adv_hand_imb":0.2191780821917808,"adv_rel_pressure_1beat":0.4863013698630137,"adv_ln_hold_min_beats":0.25,"adv_ln_chord_big_rate":0.023346303501945526,"adv_ln_scatter_cv":3.861635851458143,"distraction":0.3767123287671232},"x_chord":0.179,"x_stream":0.306,"x_scratch":0.003,"x_soft":0.0,"x_ln":0.949,"x_stair":0.895,"x_peak":0.352,"x_distraction":0.088,"ln_advanced_score":0.732,"submetrics":{"chord":{"chord_rate":0.2992125984251969,"avg_chord_size":2.3421052631578947,"chord_positions":304,"total_positions":1016},"stream":{"stream_coverage":0.8188202247191011,"stream_density_mean":4.972413793103448,"stream_density_mean_per_sec":14.917241379310346,"stream_windows":26,"notes_in_stream":1166,"total_notes":1424,"intervals":[[228,336],[468,528],[612,720],[972,1104],[1380,1464],[1476,1536],[1620,1704],[1740,1896],[1908,1968],[2028,2280],[2292,2664],[2676,2760],[2796,6300],[7104,7164],[7692,7752],[7872,7932],[9036,9120],[9228,9288],[10956,11112],[11124,11184],[11196,11496],[11508,15612],[15756,15816],[16020,16080],[16680,16788],[17184,18888]]},"scratch":{"scratch_ratio":0.010533707865168539,"scratch_positions_ratio":0.014763779527559055,"scratch_with_key_chord_rate":0.8,"scratch_per_sec":0.10637773947303619,"scratch_burst_max_per_sec":3.0,"scratch_burst_window_sec":1.0,"scratch_notes":15,"scratch_positions":15,"total_notes":1424,"total_positions":1016,"chart_seconds":141.00694444444446},"soft":{"base_bpm":180.0,"intensity":0.0,"up_intensity":0.0,"down_intensity":0.0,"max_intensity":0.0,"max_up_intensity":0.0,"max_down_intensity":0.0,"step_frequency":0.0,"ramp_frequency":0.0,"continuity_beats":0.0,"off_base_note_ratio":0.0,"gimmick_burst_score":0.0,"max_off_base_density_per_beat":0.0,"base_mean_density_per_beat":3.3640661938534278,"base_density_source":"on_base","distinct_off_base_bpm_count":0,"bpm_change_events":0,"measure_count":106},"ln":{"ln_ratio":0.21067415730337077,"ln_hold_time_mean_beats":2.227708333333333,"ln_simultaneity_rate":0.324438202247191,"ln_simultaneity_weighted":0.5681179775280899,"ln_count":300,"ln_count_raw":300,"ln_positions":265,"total_notes":1424,"m1_short_count_rt":14,"m1_short_rate_rt":0.009831460674157303,"m2_long_count_rt":278,"m2_density_rt":43.64416024073721,"m2_burst_max_rt":474.0,"m3_density_rt":44.93962760955421,"m_concurrent_rt":1.7442580645161305,"total_long_sec":221.5416666666669,"long_active_sec":80.72916666666671,"long_hold_sec_mean":0.7969124700239817,"long_hold_sec_max":7.666666666666671,"adv_hand_imb":0.2191780821917808,"adv_rel_pressure_1beat":0.4863013698630137,"adv_ln_hold_min_beats":0.25,"adv_ln_chord_big_rate":0.023346303501945526,"adv_ln_scatter_cv":3.861635851458143},"stair":{"stair_index":0.3083743842364532,"stair_transitions":313,"eligible_transitions":1015},"peak":{"peak_local_max_density":7.25,"peak_local_max_density_per_sec":21.75,"peak_max_chord_size":5,"peak_concentration":0.31390449438202245,"total_notes":1424,"intervals":[[3132,3492],[3900,4920],[12696,13032],[13080,13416],[13464,13800],[13848,14196],[14400,14772],[17388,17664],[17844,18312]]},"jack":{"jack_pairs":0,"jack_in_stream_pairs":0,"jack_outside_pairs":0,"pure_jack_per_sec":0.0,"flow_break_per_stream_sec":0.0,"stream_seconds":82.91666666666666,"non_stream_seconds":58.0902777777778,"chart_seconds":141.00694444444446,"window_ticks":24,"min_region_sec":10.0},"distraction":{"mode_formulation":"SP","qualifying_window_count":1,"qualifying_scratches":5,"qualifying_flow_sec":24.33333333333334,"distract_density":0.20547945205479448,"distract_event_per_sec":0.041095890410958895,"scratch_chord_pair_count":14,"chord_time_threshold_sec":0.01667,"min_scratches":3}},"warnings":["Unterminated LNOBJ LN on lane P1_SCR started at m101 pos0.9375; closing at EOF","Unterminated LNOBJ LN on lane P1_KEY2 started at m105 pos0.25; closing at EOF","Unterminated LNOBJ LN on lane P1_KEY3 started at m103 pos0.0; closing at EOF","Unterminated LNOBJ LN on lane P1_KEY4 started at m105 pos0.5; closing at EOF","Unterminated LNOBJ LN on lane P1_KEY7 started at m104 pos0.5; closing at EOF","Unterminated LNOBJ LN on lane P1_KEY6 started at m99 pos0.0; closing at EOF","Unterminated LNOBJ LN on lane P1_KEY5 started at m104 pos0.0; closing at EOF","Unterminated LNOBJ LN on lane P1_KEY1 started at m102 pos0.75; closing at EOF"],"tags":["ln_chart","stair_focused"],"scales":[]}