{"md5":"1d006915f1ecd17968d95b963728f78f","headers":{"title":"Stand Up!! Stand Up!![ANOTHER]","artist":"69 de 74 feat.小宮真央","genre":"EUROBEAT","playlevel":"11","base_bpm":161.0},"mode":"SP","scope":"playable_only","scaling_mode":"p99_linear","params":{"stream_window_ticks":48,"stream_density_threshold_per_beat":4.0,"peak_window_ticks":192,"peak_min_window_notes":4,"peak_min_window_sec":0.05,"felt_bpm_trigger_eff_bpm":500.0,"felt_bpm_trigger_peak_per_sec":200.0,"felt_bpm_target_peak_per_sec":100.0,"felt_bpm_floor":30.0,"jack_window_ticks":24,"soft_burst_ref":8.0,"soft_freq_ref":0.1,"soft_burst_exp":1.5,"soft_freq_exp":1.5,"chord_time_threshold_ms":16.67,"sp_distraction_min_scratches":3,"dp_distraction_window_sec_min":0.2,"dp_distraction_window_sec_max":0.8,"stream_density_ref_per_sec":40.0,"peak_density_ref_per_sec":70.0,"chord_size_ref":3.5,"ln_simultaneity_ref":0.05,"scratch_density_ref_per_sec":1.5,"scratch_ratio_ref":0.1,"distraction_density_ref":2.0,"distraction_event_ref":0.15},"raw_axes":{"chord":1.0569767441860465,"stream":13.89849241583426,"scratch":0.03554163762010964,"soft":0.0,"ln":0.0,"stair":0.13736903376018628,"peak":22.137500000000003,"distraction":0.7266572637517632},"x_chord":0.274,"x_stream":0.357,"x_scratch":0.085,"x_soft":0.0,"x_ln":0.0,"x_stair":0.417,"x_peak":0.368,"x_distraction":0.192,"submetrics":{"chord":{"chord_rate":0.45465116279069767,"avg_chord_size":2.3248081841432224,"chord_positions":391,"total_positions":860},"stream":{"stream_coverage":0.909288824383164,"stream_density_mean":5.696278511404562,"stream_density_mean_per_sec":15.285014005602243,"stream_windows":22,"notes_in_stream":1253,"total_notes":1378,"intervals":[[156,240],[516,576],[900,960],[1068,1152],[1260,1344],[1680,1752],[2052,2112],[2436,2496],[2628,2688],[3240,3312],[3564,5124],[5172,5280],[5292,5376],[5388,5664],[5676,5760],[5772,6048],[6060,6144],[6156,6360],[6372,6468],[6540,6624],[6708,11244],[11304,14448]]},"scratch":{"scratch_ratio":0.05370101596516691,"scratch_positions_ratio":0.08604651162790698,"scratch_with_key_chord_rate":0.8648648648648649,"scratch_per_sec":0.661842927574474,"scratch_burst_max_per_sec":3.0,"scratch_burst_window_sec":1.0,"scratch_notes":74,"scratch_positions":74,"total_notes":1378,"total_positions":860,"chart_seconds":111.80900621118012},"soft":{"base_bpm":161.0,"intensity":0.0,"up_intensity":0.0,"down_intensity":0.0,"max_intensity":0.0,"max_up_intensity":0.0,"max_down_intensity":0.0,"step_frequency":0.0,"ramp_frequency":0.0,"continuity_beats":0.0,"off_base_note_ratio":0.0,"gimmick_burst_score":0.0,"max_off_base_density_per_beat":0.0,"base_mean_density_per_beat":4.576666666666667,"base_density_source":"on_base","distinct_off_base_bpm_count":0,"bpm_change_events":0,"measure_count":76},"ln":{"ln_ratio":0.0,"ln_hold_time_mean_beats":0.0,"ln_simultaneity_rate":0.0,"ln_simultaneity_weighted":0.0,"ln_count":0,"ln_positions":0,"total_notes":1378},"stair":{"stair_index":0.13736903376018628,"stair_transitions":118,"eligible_transitions":859},"peak":{"peak_local_max_density":8.25,"peak_local_max_density_per_sec":22.137500000000003,"peak_max_chord_size":5,"peak_concentration":0.5094339622641509,"total_notes":1378,"intervals":[[4188,4500],[4884,5148],[6900,7188],[7308,8232],[8892,9204],[9348,9588],[9612,9972],[10428,10752],[10776,11232],[11868,12180],[12564,12900],[13044,13308],[13320,14460]]},"jack":{"jack_pairs":6,"jack_in_stream_pairs":6,"jack_outside_pairs":0,"pure_jack_per_sec":0.0,"flow_break_per_stream_sec":0.06909253464461336,"stream_seconds":86.8400621118012,"non_stream_seconds":24.968944099378916,"chart_seconds":111.80900621118012,"window_ticks":24,"min_region_sec":10.0},"distraction":{"mode_formulation":"SP","qualifying_window_count":3,"qualifying_scratches":64,"qualifying_flow_sec":71.56055900621116,"distract_density":0.8943474015406316,"distract_event_per_sec":0.04192253444721711,"scratch_chord_pair_count":75,"chord_time_threshold_sec":0.01667,"min_scratches":3}},"warnings":[],"tags":["burst_focused"],"scales":["sl"]}