{"md5":"56b38da7cbbf93202f5f72f2a6dd0fd0","headers":{"title":"GASOLiNE BURST","artist":"tkqn14","genre":"HYPER KANSEi-DRiFT","playlevel":"24","base_bpm":165.0},"mode":"SP","scope":"playable_only","scaling_mode":"percentile_rank","params":{"stream_window_ticks":48,"stream_density_threshold_per_beat":4.0,"peak_window_ticks":192,"jack_window_ticks":24,"soft_burst_ref":8.0,"soft_freq_ref":0.1,"soft_burst_exp":1.5,"soft_freq_exp":1.5,"chord_time_threshold_ms":16.67,"sp_distraction_min_scratches":3,"dp_distraction_window_sec_min":0.2,"dp_distraction_window_sec_max":0.8,"stream_density_ref_per_sec":40.0,"peak_density_ref_per_sec":70.0,"chord_size_ref":3.5,"ln_simultaneity_ref":0.05,"scratch_density_ref_per_sec":1.5,"scratch_ratio_ref":0.1,"distraction_density_ref":2.0,"distraction_event_ref":0.15},"raw_axes":{"chord":1.2380952380952381,"stream":25.799970356497827,"scratch":0.039590348487181376,"soft":0.0,"ln":0.0,"stair":0.1918142944410507,"peak":39.875,"distraction":1.1580756013745708},"x_chord":0.14893253629376602,"x_stream":0.683859948761742,"x_scratch":0.7779675491033304,"x_soft":0.0,"x_ln":0.0,"x_stair":0.7815542271562766,"x_peak":0.6785653287788215,"x_distraction":0.8078565328778822,"submetrics":{"chord":{"chord_rate":0.44993894993894995,"avg_chord_size":2.751696065128901,"chord_positions":737,"total_positions":1638},"stream":{"stream_coverage":0.9583475588938204,"stream_density_mean":9.796640141467728,"stream_density_mean_per_sec":26.92130857648099,"stream_windows":17,"notes_in_stream":2807,"total_notes":2929,"intervals":[[912,995],[1476,1559],[1584,1655],[3228,3395],[3420,6575],[6960,7391],[7404,8927],[9036,9455],[9468,10307],[10344,15023],[15036,15131],[15228,15299],[15324,15575],[15612,16715],[16728,16823],[16872,17399],[17532,18407]]},"scratch":{"scratch_ratio":0.04335950836462957,"scratch_positions_ratio":0.07753357753357754,"scratch_with_key_chord_rate":1.0,"scratch_per_sec":0.9130718954248366,"scratch_burst_max_per_sec":5.0,"scratch_burst_window_sec":1.0,"scratch_notes":127,"scratch_positions":127,"total_notes":2929,"total_positions":1638,"chart_seconds":139.0909090909091},"soft":{"base_bpm":165.0,"intensity":0.0,"up_intensity":0.0,"down_intensity":0.0,"max_intensity":0.0,"max_up_intensity":0.0,"max_down_intensity":0.0,"step_frequency":0.0,"ramp_frequency":0.0,"continuity_beats":0.0,"off_base_note_ratio":0.0,"gimmick_burst_score":0.0,"max_off_base_density_per_beat":0.0,"base_mean_density_per_beat":7.636601307189543,"base_density_source":"on_base","distinct_off_base_bpm_count":0,"bpm_change_events":0,"measure_count":96},"ln":{"ln_ratio":0.0,"ln_hold_time_mean_beats":0.0,"ln_simultaneity_rate":0.0,"ln_simultaneity_weighted":0.0,"ln_count":0,"ln_positions":0,"total_notes":2929},"stair":{"stair_index":0.1918142944410507,"stair_transitions":314,"eligible_transitions":1637},"peak":{"peak_local_max_density":14.5,"peak_local_max_density_per_sec":39.875,"peak_max_chord_size":8,"peak_concentration":0.4301809491293957,"total_notes":2929,"intervals":[[3780,4043],[4164,4415],[4560,5183],[5328,5579],[6300,6563],[8088,8387],[9192,9383],[9936,10295],[10944,11207],[11520,11999],[12156,12707],[12984,13451],[14496,14783],[16428,16715]]},"jack":{"jack_pairs":8,"jack_in_stream_pairs":7,"jack_outside_pairs":1,"pure_jack_per_sec":0.03363914373088679,"flow_break_per_stream_sec":0.0640066500415628,"stream_seconds":109.36363636363632,"non_stream_seconds":29.727272727272776,"chart_seconds":139.0909090909091,"window_ticks":24,"min_region_sec":10.0},"distraction":{"mode_formulation":"SP","qualifying_window_count":8,"qualifying_scratches":118,"qualifying_flow_sec":96.99999999999997,"distract_density":1.216494845360825,"distract_event_per_sec":0.08247422680412374,"scratch_chord_pair_count":208,"chord_time_threshold_sec":0.01667,"min_scratches":3}},"warnings":[],"tags":["big_chord_burst","dense_chart"],"scales":["st"]}