{"md5":"ba0d98716f87a29e2eb364272f34cfc6","headers":{"title":"アドバンス・シグナル","artist":"みーに feat. はらもりよしな","genre":"PSYCORE","playlevel":"16","base_bpm":192.0},"mode":"SP","scope":"playable_only","scaling_mode":"reference","params":{"stream_window_ticks":48,"stream_density_threshold_per_beat":4.0,"peak_window_ticks":192,"jack_window_ticks":24,"soft_burst_ref":8.0,"soft_freq_ref":0.1,"soft_burst_exp":1.5,"soft_freq_exp":1.5,"chord_time_threshold_ms":16.67,"sp_distraction_min_scratches":3,"dp_distraction_window_sec_min":0.2,"dp_distraction_window_sec_max":0.8,"stream_density_ref_per_sec":40.0,"peak_density_ref_per_sec":70.0,"chord_size_ref":3.5,"ln_simultaneity_ref":0.05,"scratch_density_ref_per_sec":1.5,"scratch_ratio_ref":0.1,"distraction_density_ref":2.0,"distraction_event_ref":0.15},"x_chord":0.5871239645400379,"x_stream":0.9629310344827586,"x_scratch":0.15675648566245326,"x_soft":0.07446073662153474,"x_ln":0.008620689655172414,"x_stair":0.15071283095723015,"x_peak":1.0,"x_distraction":0.5469601674075898,"submetrics":{"chord":{"chord_rate":0.6948118006103764,"avg_chord_size":2.957540263543192,"chord_positions":683,"total_positions":983},"stream":{"stream_coverage":0.9629310344827586,"stream_density_mean":7.53832902670112,"stream_density_mean_per_sec":77.95555555555555,"stream_windows":21,"notes_in_stream":2234,"total_notes":2320,"intervals":[[528,1847],[1920,2159],[2496,2543],[3228,3311],[3444,3503],[3612,4919],[4932,5039],[5052,5135],[5148,7127],[10332,11903],[11916,12887],[13020,14831],[14880,14939],[14964,16847],[16860,16943],[17256,19415],[19548,19955],[20004,20099],[20160,20243],[20352,20435],[20604,21239]]},"scratch":{"scratch_ratio":0.0375,"scratch_positions_ratio":0.08850457782299084,"scratch_with_key_chord_rate":0.9425287356321839,"scratch_per_sec":0.6270259426498132,"scratch_burst_max_per_sec":5.0,"scratch_burst_window_sec":1.0,"scratch_notes":87,"scratch_positions":87,"total_notes":2320,"total_positions":983,"chart_seconds":138.75023995392885},"soft":{"base_bpm":192.0,"intensity":6.734913793103448,"up_intensity":6.734913793103448,"down_intensity":0.0,"max_intensity":5208.333333333333,"max_up_intensity":5208.333333333333,"max_down_intensity":0.0,"step_frequency":0.017699115044247787,"ramp_frequency":0.017699115044247787,"continuity_beats":4.0,"off_base_note_ratio":0.001293103448275862,"gimmick_burst_score":21.91898032086601,"max_off_base_density_per_beat":0.75,"base_mean_density_per_beat":5.216216216216216,"base_density_source":"on_base","distinct_off_base_bpm_count":1,"bpm_change_events":2,"measure_count":113},"ln":{"ln_ratio":0.005172413793103448,"ln_hold_time_mean_beats":0.3854166666666667,"ln_simultaneity_rate":0.0004310344827586207,"ln_simultaneity_weighted":0.0004310344827586207,"ln_count":12,"ln_positions":12,"total_notes":2320},"stair":{"stair_index":0.15071283095723015,"stair_transitions":148,"eligible_transitions":982},"peak":{"peak_local_max_density":12.0,"peak_local_max_density_per_sec":27093.733333333334,"peak_max_chord_size":8,"peak_concentration":0.40905172413793106,"total_notes":2320,"intervals":[[10908,11255],[12180,12467],[12564,12863],[13056,13247],[14976,16307],[16368,16847],[17700,18035],[18708,18995],[19032,19391],[19572,19955],[20700,21095]]},"jack":{"jack_pairs":8,"jack_in_stream_pairs":8,"jack_outside_pairs":0,"pure_jack_per_sec":0.0,"flow_break_per_stream_sec":0.08159360053710915,"stream_seconds":98.04690499424109,"non_stream_seconds":40.703334959687766,"chart_seconds":138.75023995392885,"window_ticks":24,"min_region_sec":10.0},"distraction":{"mode_formulation":"SP","qualifying_window_count":9,"qualifying_scratches":74,"qualifying_flow_sec":88.67190499424109,"distract_density":0.8345371626425081,"distract_event_per_sec":0.10149776302408882,"scratch_chord_pair_count":139,"chord_time_threshold_sec":0.01667,"min_scratches":3}},"warnings":["Unterminated LNOBJ LN on lane P1_KEY3 started at m111 pos0.625; closing at EOF","Unterminated LNOBJ LN on lane P1_KEY5 started at m111 pos0.75; closing at EOF","Unterminated LNOBJ LN on lane P1_KEY6 started at m111 pos0.5; closing at EOF","Unterminated LNOBJ LN on lane P1_KEY1 started at m111 pos0.125; closing at EOF","Unterminated LNOBJ LN on lane P1_KEY7 started at m111 pos0.875; closing at EOF","Unterminated LNOBJ LN on lane P1_KEY2 started at m111 pos0.25; closing at EOF","Unterminated LNOBJ LN on lane P1_SCR started at m112 pos0.0; closing at EOF","Unterminated LNOBJ LN on lane P1_KEY4 started at m111 pos0.375; closing at EOF"],"tags":["stream_heavy","peak_intense","visual_gimmick","big_chord_burst","pure_stream"],"scales":["sl"]}