{"md5":"fcf3e2771f51cc8accd98076603dbb6e","headers":{"title":"stay glitter","artist":"kooridori","genre":"Playable J-Happycore","playlevel":"22","base_bpm":200.0},"mode":"SP","scope":"playable_only","scaling_mode":"p99_linear","params":{"stream_window_ticks":48,"stream_density_threshold_per_beat":4.0,"peak_window_ticks":192,"peak_min_window_notes":4,"peak_min_window_sec":0.05,"felt_bpm_trigger_eff_bpm":500.0,"felt_bpm_trigger_peak_per_sec":200.0,"felt_bpm_target_peak_per_sec":100.0,"felt_bpm_floor":30.0,"jack_window_ticks":24,"soft_burst_ref":8.0,"soft_freq_ref":0.1,"soft_burst_exp":1.5,"soft_freq_exp":1.5,"chord_time_threshold_ms":16.67,"sp_distraction_min_scratches":3,"sp_distraction_bin_sec":0.25,"sp_distraction_t_key":2,"sp_distraction_gap_bins":2,"dp_distraction_window_sec_min":0.2,"dp_distraction_window_sec_max":0.8,"stream_density_ref_per_sec":40.0,"peak_density_ref_per_sec":70.0,"chord_size_ref":3.5,"ln_simultaneity_ref":0.05,"scratch_density_ref_per_sec":1.5,"scratch_ratio_ref":0.1,"distraction_density_ref":2.0,"distraction_event_ref":0.15},"raw_axes":{"chord":1.8223999999999998,"stream":28.382858517300814,"scratch_per_sec":0.46209933241797263,"scratch_burst_max_per_sec":3.0,"scratch_max_run_sec":4.499999999999993,"soft":0.0,"stair":0.1619887730553328,"peak":41.66666666666667,"ln_m1_short_rate_rt":0.0,"ln_m2_density_rt":29.999999999998863,"ln_m2_burst_max_rt":39.0,"ln_m3_density_rt":29.999999999998863,"ln_m_concurrent_rt":0.14285714285715317,"adv_hand_imb":0.6666666666666666,"adv_rel_pressure_1beat":1.0,"adv_ln_hold_min_beats":0.5,"adv_ln_chord_big_rate":0.0,"adv_ln_scatter_cv":0.774050731359489,"distraction":4.143743193977558},"x_chord":0.468,"x_stream":0.732,"x_scratch":0.099,"x_soft":0.0,"x_ln":0.794,"x_stair":0.459,"x_peak":0.699,"x_distraction":0.255,"ln_advanced_score":0.661,"submetrics":{"chord":{"chord_rate":0.5728,"avg_chord_size":3.1815642458100557,"chord_positions":716,"total_positions":1250},"stream":{"stream_coverage":0.9283896764812796,"stream_density_mean":9.171641791044776,"stream_density_mean_per_sec":30.57213930348259,"stream_windows":28,"notes_in_stream":2554,"total_notes":2751,"intervals":[[2628,2724],[3828,3936],[4068,4128],[4152,4236],[4260,4320],[4332,4416],[4464,4704],[4764,4920],[4944,6936],[7452,7536],[7644,7728],[7836,7920],[8028,8112],[8160,8304],[8400,10404],[10416,10464],[10476,13848],[13932,14136],[14376,14448],[14460,14544],[14844,14904],[14976,15024],[15036,15288],[15312,15372],[15936,17316],[17328,17376],[17388,17700],[17892,21084]]},"scratch":{"scratch_ratio":0.021692745376955903,"scratch_positions_ratio":0.0488,"scratch_with_key_chord_rate":0.9672131147540983,"scratch_per_sec":0.46209933241797263,"scratch_burst_max_per_sec":3.0,"scratch_burst_window_sec":1.0,"scratch_max_run_sec":4.499999999999993,"ls_count":1,"ls_per_sec":0.007575398892097913,"ls_complexity_mean":0,"scratch_notes":61,"scratch_positions":61,"total_notes":2812,"total_positions":1250,"chart_seconds":132.00625},"soft":{"base_bpm":200.0,"intensity":0.0,"up_intensity":0.0,"down_intensity":0.0,"max_intensity":0.0,"max_up_intensity":0.0,"max_down_intensity":0.0,"step_frequency":0.0,"ramp_frequency":0.0,"continuity_beats":0.0,"off_base_note_ratio":0.0,"gimmick_burst_score":0.0,"max_off_base_density_per_beat":0.0,"base_mean_density_per_beat":6.388636363636364,"base_density_source":"on_base","distinct_off_base_bpm_count":0,"bpm_change_events":0,"measure_count":111},"ln":{"ln_ratio":0.0021337126600284497,"ln_hold_time_mean_beats":1.0,"ln_simultaneity_rate":0.0017780938833570413,"ln_simultaneity_weighted":0.0017780938833570413,"ln_count":6,"ln_count_raw":6,"ln_positions":5,"total_notes":2812,"m1_short_count_rt":0,"m1_short_rate_rt":0.0,"m2_long_count_rt":6,"m2_density_rt":29.999999999998863,"m2_burst_max_rt":39.0,"m3_density_rt":29.999999999998863,"m_concurrent_rt":0.14285714285715317,"total_long_sec":1.8000000000000682,"long_active_sec":1.5750000000000455,"long_hold_sec_mean":0.30000000000001137,"long_hold_sec_max":0.8250000000000028,"adv_hand_imb":0.6666666666666666,"adv_rel_pressure_1beat":1.0,"adv_ln_hold_min_beats":0.5,"adv_ln_chord_big_rate":0.0,"adv_ln_scatter_cv":0.774050731359489},"stair":{"stair_index":0.1619887730553328,"stair_transitions":202,"eligible_transitions":1247},"peak":{"peak_local_max_density":12.5,"peak_local_max_density_per_sec":41.66666666666667,"peak_max_chord_size":6,"peak_concentration":0.5536168665939658,"total_notes":2751,"intervals":[[5268,5460],[5724,5916],[6000,6900],[10548,13428],[17460,17688],[18036,18528],[18576,20340]]},"jack":{"jack_pairs":7,"jack_in_stream_pairs":5,"jack_outside_pairs":2,"pure_jack_per_sec":0.04830188679245285,"flow_break_per_stream_sec":0.05518763796909492,"stream_seconds":90.60000000000001,"non_stream_seconds":41.406249999999986,"chart_seconds":132.00625,"window_ticks":24,"min_region_sec":10.0},"distraction":{"mode_formulation":"SP","v3_score":4.143743193977558,"qualifying_intervals":2,"qualifying_flow_sec":104.5,"qualifying_scratches":59,"scratch_chord_pair_count":121,"chord_time_threshold_sec":0.01667,"min_scratches":3,"bin_sec":0.25,"t_key":2,"gap_bins":2}},"warnings":[],"axis_intensities":{"chord":"yellow","stream":"red","peak":"red","scratch":"green","soft":null,"ln":"yellow","stair":"yellow","distraction":"red"},"tags":["burst_focused","dense_chart"],"scales":["st"]}