{"md5":"0169686bd3883f1196f4dd7a4af48f36","headers":{"title":"愛と煩悩と輪廻と常識の極彩世界 [SP ANOTHER]","artist":"sound piercer feat.Ritsu","genre":"Progressive Fantasia","playlevel":"12","base_bpm":274.0},"mode":"SP","scope":"playable_only","scaling_mode":"p99_linear","params":{"stream_window_ticks":48,"stream_density_threshold_per_beat":4.0,"peak_window_ticks":192,"peak_min_window_notes":4,"peak_min_window_sec":0.05,"felt_bpm_trigger_eff_bpm":500.0,"felt_bpm_trigger_peak_per_sec":200.0,"felt_bpm_target_peak_per_sec":100.0,"felt_bpm_floor":30.0,"jack_window_ticks":24,"soft_burst_ref":8.0,"soft_freq_ref":0.1,"soft_burst_exp":1.5,"soft_freq_exp":1.5,"chord_time_threshold_ms":16.67,"sp_distraction_min_scratches":3,"dp_distraction_window_sec_min":0.2,"dp_distraction_window_sec_max":0.8,"stream_density_ref_per_sec":40.0,"peak_density_ref_per_sec":70.0,"chord_size_ref":3.5,"ln_simultaneity_ref":0.05,"scratch_density_ref_per_sec":1.5,"scratch_ratio_ref":0.1,"distraction_density_ref":2.0,"distraction_event_ref":0.15},"raw_axes":{"chord":1.2899408284023668,"stream":17.978454603062556,"scratch":0.054464453011164565,"soft":0.0,"ln":0.011358258400378608,"stair":0.16412859560067683,"peak":31.966666666666665,"distraction":3.292510288065843},"x_chord":0.325,"x_stream":0.448,"x_scratch":0.13,"x_soft":0.0,"x_ln":0.18,"x_stair":0.484,"x_peak":0.516,"x_distraction":0.87,"submetrics":{"chord":{"chord_rate":0.503803888419273,"avg_chord_size":2.5604026845637584,"chord_positions":596,"total_positions":1183},"stream":{"stream_coverage":0.8329389493610979,"stream_density_mean":4.7265023112480735,"stream_density_mean_per_sec":21.584360554699536,"stream_windows":93,"notes_in_stream":1760,"total_notes":2113,"intervals":[[1656,2040],[2052,2784],[2820,3360],[3384,3456],[3468,3552],[3804,3888],[3924,3984],[4440,4572],[4632,5232],[5724,5976],[6684,6768],[7068,7152],[7176,7344],[7356,7440],[7476,7776],[7836,8064],[8076,8424],[8604,9072],[9084,9264],[9288,9840],[9852,9984],[9996,10368],[10380,10944],[10956,11040],[11676,11832],[11892,11976],[12036,12192],[12204,12312],[12468,12624],[12636,12720],[12732,12816],[12828,12912],[12924,13008],[13020,13272],[13596,13896],[13980,14112],[14124,14208],[14220,14304],[14316,14496],[14508,14592],[14604,15504],[15564,15936],[16068,16152],[16176,16368],[16500,16560],[16692,16752],[16764,17184],[17388,17496],[17652,17808],[17820,17904],[17916,18000],[18108,18264],[18300,19056],[19068,19128],[19260,19416],[19548,20376],[20388,20904],[20916,21144],[21276,21432],[21492,21576],[21588,21648],[21660,21744],[21852,22680],[22716,22884],[22980,23064],[23196,23280],[23340,23448],[23580,23664],[23676,23760],[23772,23832],[23868,23940],[24084,24168],[24228,24816],[24828,24912],[24924,25008],[25020,25248],[25356,25440],[25452,25728],[25956,26112],[26124,26664],[26676,26832],[26844,26904],[27036,27192],[27228,27312],[27324,27696],[27804,27888],[27924,28248],[28308,28656],[28668,28752],[28764,28848],[28860,29568],[29724,29808],[30684,30768]]},"scratch":{"scratch_ratio":0.060104117368670135,"scratch_positions_ratio":0.1073541842772612,"scratch_with_key_chord_rate":0.9606299212598425,"scratch_per_sec":0.9061684189967774,"scratch_burst_max_per_sec":4.0,"scratch_burst_window_sec":1.0,"scratch_notes":127,"scratch_positions":127,"total_notes":2113,"total_positions":1183,"chart_seconds":140.15054744525548},"soft":{"base_bpm":274.0,"intensity":0.0,"up_intensity":0.0,"down_intensity":0.0,"max_intensity":0.0,"max_up_intensity":0.0,"max_down_intensity":0.0,"step_frequency":0.0,"ramp_frequency":0.0,"continuity_beats":0.0,"off_base_note_ratio":0.0,"gimmick_burst_score":0.0,"max_off_base_density_per_beat":0.0,"base_mean_density_per_beat":3.2953125,"base_density_source":"on_base","distinct_off_base_bpm_count":0,"bpm_change_events":0,"measure_count":161},"ln":{"ln_ratio":0.00473260766682442,"ln_hold_time_mean_beats":1.55,"ln_simultaneity_rate":0.011358258400378608,"ln_simultaneity_weighted":0.011358258400378608,"ln_count":10,"ln_positions":5,"total_notes":2113},"stair":{"stair_index":0.16412859560067683,"stair_transitions":194,"eligible_transitions":1182},"peak":{"peak_local_max_density":7.0,"peak_local_max_density_per_sec":31.966666666666665,"peak_max_chord_size":7,"peak_concentration":0.4349266445811642,"total_notes":2113,"intervals":[[1644,2040],[2508,2712],[2844,3336],[4596,5208],[7104,7344],[7860,8064],[8628,9036],[9540,9768],[9996,10368],[10380,10944],[12984,13344],[13668,13872],[15084,15504],[15564,15936],[16884,17088],[18636,19128],[19524,20220],[20328,20724],[21276,21504],[22356,22704],[24252,24624],[27468,27696],[28032,28248],[28296,28740],[28884,29568]]},"jack":{"jack_pairs":9,"jack_in_stream_pairs":5,"jack_outside_pairs":4,"pure_jack_per_sec":0.08646942800788972,"flow_break_per_stream_sec":0.05325300034011947,"stream_seconds":93.89142335766434,"non_stream_seconds":46.25912408759115,"chart_seconds":140.15054744525548,"window_ticks":24,"min_region_sec":10.0},"distraction":{"mode_formulation":"SP","qualifying_window_count":11,"qualifying_scratches":48,"qualifying_flow_sec":29.562043795620447,"distract_density":1.6237037037037032,"distract_event_per_sec":0.37209876543209863,"scratch_chord_pair_count":131,"chord_time_threshold_sec":0.01667,"min_scratches":3}},"warnings":["Unterminated LNOBJ LN on lane P1_SCR started at m160 pos0.0; closing at EOF","Unterminated LNOBJ LN on lane P1_KEY4 started at m153 pos0.875; closing at EOF","Unterminated LNOBJ LN on lane P1_KEY1 started at m160 pos0.0; closing at EOF","Unterminated LNOBJ LN on lane P1_KEY2 started at m155 pos0.0; closing at EOF","Unterminated LNOBJ LN on lane P1_KEY3 started at m160 pos0.0; closing at EOF","Unterminated LNOBJ LN on lane P1_KEY5 started at m155 pos0.0; closing at EOF","Unterminated LNOBJ LN on lane P1_KEY6 started at m155 pos0.0; closing at EOF","Unterminated LNOBJ LN on lane P1_KEY7 started at m160 pos0.0; closing at EOF"],"tags":["ln_chart","distraction_heavy","fast_chart"],"scales":["sl"]}