{"md5":"495cd76f0ebb8ec91a1a4932f6ae082e","headers":{"title":"Scylla","artist":"Muhiyh","genre":"ARTCORE","playlevel":"21","base_bpm":213.0},"mode":"SP","scope":"playable_only","scaling_mode":"p99_linear","params":{"stream_window_ticks":48,"stream_density_threshold_per_beat":4.0,"peak_window_ticks":192,"peak_min_window_notes":4,"peak_min_window_sec":0.05,"felt_bpm_trigger_eff_bpm":500.0,"felt_bpm_trigger_peak_per_sec":200.0,"felt_bpm_target_peak_per_sec":100.0,"felt_bpm_floor":30.0,"jack_window_ticks":24,"soft_burst_ref":8.0,"soft_freq_ref":0.1,"soft_burst_exp":1.5,"soft_freq_exp":1.5,"chord_time_threshold_ms":16.67,"sp_distraction_min_scratches":3,"dp_distraction_window_sec_min":0.2,"dp_distraction_window_sec_max":0.8,"stream_density_ref_per_sec":40.0,"peak_density_ref_per_sec":70.0,"chord_size_ref":3.5,"ln_simultaneity_ref":0.05,"scratch_density_ref_per_sec":1.5,"scratch_ratio_ref":0.1,"distraction_density_ref":2.0,"distraction_event_ref":0.15},"raw_axes":{"chord":1.454371410338226,"stream":26.3411989747095,"scratch":0.04194817106768956,"soft":0.0,"stair":0.13090676883780333,"peak":44.375,"ln_m1_short_rate_rt":0.0,"ln_m2_density_rt":0.0,"ln_m2_burst_max_rt":0.0,"ln_m3_density_rt":0.0,"ln_m_concurrent_rt":0.0,"adv_hand_imb":1.0,"adv_rel_pressure_1beat":1.0,"adv_ln_hold_min_beats":0.5,"adv_ln_chord_big_rate":0.0,"adv_ln_scatter_cv":0.0,"distraction":2.0965070219661497},"x_chord":0.372,"x_stream":0.66,"x_scratch":0.102,"x_soft":0.0,"x_ln":0.0,"x_stair":0.38,"x_peak":0.717,"x_distraction":0.489,"ln_advanced_score":0.0,"submetrics":{"chord":{"chord_rate":0.5398851308232291,"avg_chord_size":2.693853427895981,"chord_positions":846,"total_positions":1567},"stream":{"stream_coverage":0.967,"stream_density_mean":7.673274094326726,"stream_density_mean_per_sec":27.240123034859877,"stream_windows":35,"notes_in_stream":2901,"total_notes":3000,"intervals":[[684,744],[1068,1128],[1224,1380],[1452,1512],[1836,1896],[1932,2400],[2460,2712],[2724,3096],[3144,3876],[3900,4728],[4764,5028],[5052,5616],[5712,5796],[6012,6096],[6108,7536],[7572,7632],[7656,9072],[9108,9456],[9468,9744],[9756,10200],[10212,10992],[11028,11304],[11412,12048],[12060,12528],[13548,14040],[14388,14496],[14508,14592],[14724,17316],[17400,19200],[19212,20592],[20628,20904],[21012,21336],[21348,21648],[21660,21936],[21948,23640]]},"scratch":{"scratch_ratio":0.044,"scratch_positions_ratio":0.08423739629865985,"scratch_with_key_chord_rate":0.8863636363636364,"scratch_per_sec":0.953367524265672,"scratch_burst_max_per_sec":7.0,"scratch_burst_window_sec":1.0,"scratch_notes":132,"scratch_positions":132,"total_notes":3000,"total_positions":1567,"chart_seconds":138.45657276995306},"soft":{"base_bpm":213.0,"intensity":0.0,"up_intensity":0.0,"down_intensity":0.0,"max_intensity":0.0,"max_up_intensity":0.0,"max_down_intensity":0.0,"step_frequency":0.0,"ramp_frequency":0.0,"continuity_beats":0.0,"off_base_note_ratio":0.0,"gimmick_burst_score":0.0,"max_off_base_density_per_beat":0.0,"base_mean_density_per_beat":6.087487283825025,"base_density_source":"on_base","distinct_off_base_bpm_count":0,"bpm_change_events":0,"measure_count":123},"ln":{"ln_ratio":0.003,"ln_hold_time_mean_beats":0.05555555555555555,"ln_simultaneity_rate":0.0,"ln_simultaneity_weighted":0.0,"ln_count":9,"ln_count_raw":9,"ln_positions":2,"total_notes":3000,"m1_short_count_rt":0,"m1_short_rate_rt":0.0,"m2_long_count_rt":1,"m2_density_rt":0.0,"m2_burst_max_rt":0.0,"m3_density_rt":0.0,"m_concurrent_rt":0.0,"total_long_sec":0.1408450704225288,"long_active_sec":0.1408450704225288,"long_hold_sec_mean":0.1408450704225288,"long_hold_sec_max":0.1408450704225288,"adv_hand_imb":1.0,"adv_rel_pressure_1beat":1.0,"adv_ln_hold_min_beats":0.5,"adv_ln_chord_big_rate":0.0,"adv_ln_scatter_cv":0.0},"stair":{"stair_index":0.13090676883780333,"stair_transitions":205,"eligible_transitions":1566},"peak":{"peak_local_max_density":12.5,"peak_local_max_density_per_sec":44.375,"peak_max_chord_size":8,"peak_concentration":0.39866666666666667,"total_notes":3000,"intervals":[[5088,5616],[6096,6492],[6516,6828],[7188,7512],[8844,9036],[11820,12012],[15636,15996],[16044,16656],[16908,17328],[17424,18192],[18888,19188],[19296,19500],[19536,19872],[19884,20400],[23220,23640]]},"jack":{"jack_pairs":24,"jack_in_stream_pairs":20,"jack_outside_pairs":4,"pure_jack_per_sec":0.16463768115942065,"flow_break_per_stream_sec":0.17519148717421468,"stream_seconds":114.16079812206578,"non_stream_seconds":24.29577464788727,"chart_seconds":138.45657276995306,"window_ticks":24,"min_region_sec":10.0},"distraction":{"mode_formulation":"SP","qualifying_window_count":17,"qualifying_scratches":115,"qualifying_flow_sec":81.4847417840376,"distract_density":1.411307166006481,"distract_event_per_sec":0.20862801584443635,"scratch_chord_pair_count":149,"chord_time_threshold_sec":0.01667,"min_scratches":3}},"warnings":["Unterminated LNOBJ LN on lane P1_KEY4 started at m122 pos0.875; closing at EOF","Unterminated LNOBJ LN on lane P1_KEY3 started at m122 pos0.875; closing at EOF","Unterminated LNOBJ LN on lane P1_KEY5 started at m122 pos0.875; closing at EOF","Unterminated LNOBJ LN on lane P1_KEY6 started at m122 pos0.875; closing at EOF","Unterminated LNOBJ LN on lane P1_KEY7 started at m122 pos0.875; closing at EOF","Unterminated LNOBJ LN on lane P1_KEY1 started at m122 pos0.875; closing at EOF","Unterminated LNOBJ LN on lane P1_KEY2 started at m122 pos0.875; closing at EOF","Unterminated LNOBJ LN on lane P1_SCR started at m122 pos0.875; closing at EOF"],"tags":["distraction_heavy","big_chord_burst","dense_chart","fast_chart"],"scales":["st"]}