{"md5":"442d9026f218255ba6ec41661364ce8f","headers":{"title":"Fatal Function (ANOTHER)","artist":"corok-Bb","genre":"illegular Fusion Trance","playlevel":"11","base_bpm":160.0},"mode":"SP","scope":"playable_only","scaling_mode":"p99_linear","params":{"stream_window_ticks":48,"stream_density_threshold_per_beat":4.0,"peak_window_ticks":192,"peak_min_window_notes":4,"peak_min_window_sec":0.05,"felt_bpm_trigger_eff_bpm":500.0,"felt_bpm_trigger_peak_per_sec":200.0,"felt_bpm_target_peak_per_sec":100.0,"felt_bpm_floor":30.0,"jack_window_ticks":24,"soft_burst_ref":8.0,"soft_freq_ref":0.1,"soft_burst_exp":1.5,"soft_freq_exp":1.5,"chord_time_threshold_ms":16.67,"sp_distraction_min_scratches":3,"dp_distraction_window_sec_min":0.2,"dp_distraction_window_sec_max":0.8,"stream_density_ref_per_sec":40.0,"peak_density_ref_per_sec":70.0,"chord_size_ref":3.5,"ln_simultaneity_ref":0.05,"scratch_density_ref_per_sec":1.5,"scratch_ratio_ref":0.1,"distraction_density_ref":2.0,"distraction_event_ref":0.15},"raw_axes":{"chord":0.8817407757805108,"stream":12.961308232247044,"scratch":0.09006518917336674,"soft":0.0,"ln":0.048046124279308135,"stair":0.10606060606060606,"peak":19.333333333333332,"distraction":1.6},"x_chord":0.229,"x_stream":0.321,"x_scratch":0.218,"x_soft":0.0,"x_ln":0.761,"x_stair":0.322,"x_peak":0.229,"x_distraction":0.431,"submetrics":{"chord":{"chord_rate":0.40491958372753073,"avg_chord_size":2.177570093457944,"chord_positions":428,"total_positions":1057},"stream":{"stream_coverage":0.9762972453555413,"stream_density_mean":4.978494623655914,"stream_density_mean_per_sec":13.275985663082437,"stream_windows":37,"notes_in_stream":1524,"total_notes":1561,"intervals":[[120,227],[240,287],[336,383],[432,491],[528,587],[636,695],[816,887],[912,983],[1008,1079],[1104,1187],[1200,1283],[1404,1463],[1572,1655],[1680,1943],[1956,2399],[2460,2903],[2916,3023],[3036,3599],[3672,3791],[3804,4019],[4044,5531],[5556,7031],[7044,7127],[7152,7199],[7248,7307],[7344,7403],[7452,7895],[7920,7991],[8016,8099],[8124,8171],[8220,10019],[10044,11807],[11832,12455],[12468,13175],[13236,14699],[14760,16247],[16356,17111]]},"scratch":{"scratch_ratio":0.0877642536835362,"scratch_positions_ratio":0.12961210974456008,"scratch_with_key_chord_rate":0.7226277372262774,"scratch_per_sec":1.0262172284644195,"scratch_burst_max_per_sec":8.0,"scratch_burst_window_sec":1.0,"scratch_notes":137,"scratch_positions":137,"total_notes":1561,"total_positions":1057,"chart_seconds":133.5},"soft":{"base_bpm":160.0,"intensity":0.0,"up_intensity":0.0,"down_intensity":0.0,"max_intensity":0.0,"max_up_intensity":0.0,"max_down_intensity":0.0,"step_frequency":0.0,"ramp_frequency":0.0,"continuity_beats":0.0,"off_base_note_ratio":0.0,"gimmick_burst_score":0.0,"max_off_base_density_per_beat":0.0,"base_mean_density_per_beat":4.379213483146067,"base_density_source":"on_base","distinct_off_base_bpm_count":0,"bpm_change_events":0,"measure_count":90},"ln":{"ln_ratio":0.010890454836643177,"ln_hold_time_mean_beats":1.5294117647058822,"ln_simultaneity_rate":0.048046124279308135,"ln_simultaneity_weighted":0.048046124279308135,"ln_count":17,"ln_positions":15,"total_notes":1561},"stair":{"stair_index":0.10606060606060606,"stair_transitions":112,"eligible_transitions":1056},"peak":{"peak_local_max_density":7.25,"peak_local_max_density_per_sec":19.333333333333332,"peak_max_chord_size":4,"peak_concentration":0.38949391415759127,"total_notes":1561,"intervals":[[3792,4019],[4080,5315],[6600,7115],[9768,10007],[10152,11183],[13836,14039],[14124,14315],[14760,15599],[15756,15983],[16008,16235],[16356,16691]]},"jack":{"jack_pairs":39,"jack_in_stream_pairs":37,"jack_outside_pairs":2,"pure_jack_per_sec":0.1628498727735369,"flow_break_per_stream_sec":0.30523330755349315,"stream_seconds":121.21875,"non_stream_seconds":12.28125,"chart_seconds":133.5,"window_ticks":24,"min_region_sec":10.0},"distraction":{"mode_formulation":"SP","qualifying_window_count":9,"qualifying_scratches":126,"qualifying_flow_sec":76.875,"distract_density":1.6390243902439023,"distract_event_per_sec":0.11707317073170732,"scratch_chord_pair_count":65,"chord_time_threshold_sec":0.01667,"min_scratches":3}},"warnings":["Unterminated LNOBJ LN on lane P1_KEY2 started at m88 pos0.875; closing at EOF","Unterminated LNOBJ LN on lane P1_KEY3 started at m88 pos0.625; closing at EOF","Unterminated LNOBJ LN on lane P1_KEY6 started at m88 pos0.8125; closing at EOF","Unterminated LNOBJ LN on lane P1_KEY4 started at m88 pos0.9375; closing at EOF","Unterminated LNOBJ LN on lane P1_SCR started at m89 pos0.0; closing at EOF","Unterminated LNOBJ LN on lane P1_KEY1 started at m88 pos0.5; closing at EOF","Unterminated LNOBJ LN on lane P1_KEY5 started at m88 pos0.875; closing at EOF","Unterminated LNOBJ LN on lane P1_KEY7 started at m89 pos0.0; closing at EOF"],"tags":["scratch_active","ln_chart","distraction_heavy"],"scales":["sl"]}