{"md5":"dc26f6797122191ba9c5353f7b15c719","headers":{"title":"Whole World Simulator [7KEYS SATELLITE]","artist":"BACO","genre":"Metaverse","playlevel":"16","base_bpm":160.0},"mode":"SP","scope":"playable_only","scaling_mode":"p99_linear","params":{"stream_window_ticks":48,"stream_density_threshold_per_beat":4.0,"peak_window_ticks":192,"peak_min_window_notes":4,"peak_min_window_sec":0.05,"felt_bpm_trigger_eff_bpm":500.0,"felt_bpm_trigger_peak_per_sec":200.0,"felt_bpm_target_peak_per_sec":100.0,"felt_bpm_floor":30.0,"jack_window_ticks":24,"soft_burst_ref":8.0,"soft_freq_ref":0.1,"soft_burst_exp":1.5,"soft_freq_exp":1.5,"chord_time_threshold_ms":16.67,"sp_distraction_min_scratches":3,"sp_distraction_bin_sec":0.25,"sp_distraction_t_key":2,"sp_distraction_gap_bins":2,"dp_distraction_window_sec_min":0.2,"dp_distraction_window_sec_max":0.8,"stream_density_ref_per_sec":40.0,"peak_density_ref_per_sec":70.0,"chord_size_ref":3.5,"ln_simultaneity_ref":0.05,"scratch_density_ref_per_sec":1.5,"scratch_ratio_ref":0.1,"distraction_density_ref":2.0,"distraction_event_ref":0.15},"raw_axes":{"chord":1.7116564417177915,"stream":21.024034274426544,"scratch_per_sec":0.8888327757086043,"scratch_burst_max_per_sec":10.0,"scratch_max_run_sec":10.359375,"soft":0.0,"stair":0.13587921847246892,"peak":32.0,"ln_m1_short_rate_rt":0.0,"ln_m2_density_rt":122.58784893267654,"ln_m2_burst_max_rt":447.0,"ln_m3_density_rt":122.58784893267654,"ln_m_concurrent_rt":0.07407407407407408,"adv_hand_imb":0.5333333333333333,"adv_rel_pressure_1beat":0.9333333333333333,"adv_ln_hold_min_beats":0.75,"adv_ln_chord_big_rate":0.0,"adv_ln_scatter_cv":2.3375605774236097,"distraction":4.759295499021526},"x_chord":0.44,"x_stream":0.542,"x_scratch":0.28,"x_soft":0.0,"x_ln":0.843,"x_stair":0.385,"x_peak":0.536,"x_distraction":0.292,"ln_advanced_score":0.664,"submetrics":{"chord":{"chord_rate":0.684487291849255,"avg_chord_size":2.500640204865557,"chord_positions":781,"total_positions":1141},"stream":{"stream_coverage":0.9636858828869723,"stream_density_mean":8.181102362204724,"stream_density_mean_per_sec":21.816272965879264,"stream_windows":16,"notes_in_stream":2123,"total_notes":2203,"intervals":[[924,1032],[1044,1152],[1200,1320],[1332,1416],[1428,1536],[1584,1944],[1956,2328],[2352,6000],[6132,6192],[6612,6696],[6708,6768],[6876,6972],[7068,7416],[7476,7632],[7644,14808],[15108,15204]]},"scratch":{"scratch_ratio":0.04755728491137051,"scratch_positions_ratio":0.09640666082383874,"scratch_with_key_chord_rate":0.8727272727272727,"scratch_per_sec":0.8888327757086043,"scratch_burst_max_per_sec":10.0,"scratch_burst_window_sec":1.0,"scratch_max_run_sec":10.359375,"ls_count":0,"ls_per_sec":0.0,"ls_complexity_mean":0.0,"scratch_notes":110,"scratch_positions":110,"total_notes":2313,"total_positions":1141,"chart_seconds":123.7578125},"soft":{"base_bpm":160.0,"intensity":0.0,"up_intensity":0.0,"down_intensity":0.0,"max_intensity":0.0,"max_up_intensity":0.0,"max_down_intensity":0.0,"step_frequency":0.0,"ramp_frequency":0.0,"continuity_beats":0.0,"off_base_note_ratio":0.0,"gimmick_burst_score":0.0,"max_off_base_density_per_beat":0.0,"base_mean_density_per_beat":7.006060606060606,"base_density_source":"on_base","distinct_off_base_bpm_count":0,"bpm_change_events":0,"measure_count":171},"ln":{"ln_ratio":0.01297016861219196,"ln_hold_time_mean_beats":1.6916666666666667,"ln_simultaneity_rate":0.061392131431041934,"ln_simultaneity_weighted":0.06312148724600086,"ln_count":30,"ln_count_raw":30,"ln_positions":27,"total_notes":2313,"m1_short_count_rt":0,"m1_short_rate_rt":0.0,"m2_long_count_rt":30,"m2_density_rt":122.58784893267654,"m2_burst_max_rt":447.0,"m3_density_rt":122.58784893267654,"m_concurrent_rt":0.07407407407407408,"total_long_sec":19.031249999999996,"long_active_sec":17.718749999999996,"long_hold_sec_mean":0.6343749999999999,"long_hold_sec_max":4.687500000000007,"adv_hand_imb":0.5333333333333333,"adv_rel_pressure_1beat":0.9333333333333333,"adv_ln_hold_min_beats":0.75,"adv_ln_chord_big_rate":0.0,"adv_ln_scatter_cv":2.3375605774236097},"stair":{"stair_index":0.13587921847246892,"stair_transitions":153,"eligible_transitions":1126},"peak":{"peak_local_max_density":12.0,"peak_local_max_density_per_sec":32.0,"peak_max_chord_size":4,"peak_concentration":0.27008624602814346,"total_notes":2203,"intervals":[[4788,5172],[5184,5496],[8640,10116],[13236,13668]]},"jack":{"jack_pairs":8,"jack_in_stream_pairs":8,"jack_outside_pairs":0,"pure_jack_per_sec":0.0,"flow_break_per_stream_sec":0.07893925377736663,"stream_seconds":101.34375,"non_stream_seconds":22.4140625,"chart_seconds":123.7578125,"window_ticks":24,"min_region_sec":10.0},"distraction":{"mode_formulation":"SP","v3_score":4.759295499021526,"qualifying_intervals":2,"qualifying_flow_sec":107.75,"qualifying_scratches":101,"scratch_chord_pair_count":119,"chord_time_threshold_sec":0.01667,"min_scratches":3,"bin_sec":0.25,"t_key":2,"gap_bins":2}},"warnings":[],"axis_intensities":{"chord":"yellow","stream":"yellow","peak":"yellow","scratch":"red","soft":null,"ln":"red","stair":"yellow","distraction":"red"},"tags":["scratch_burst","sustained"],"scales":["sl"]}