{"md5":"a35d01bf77358e15ec980ac5dc5c891e","headers":{"title":"Another Day","artist":"GUANA / LuCenT","genre":"Electronic","playlevel":"12","base_bpm":150.0},"mode":"SP","scope":"playable_only","scaling_mode":"p99_linear","params":{"stream_window_ticks":48,"stream_density_threshold_per_beat":4.0,"peak_window_ticks":192,"peak_min_window_notes":4,"peak_min_window_sec":0.05,"felt_bpm_trigger_eff_bpm":500.0,"felt_bpm_trigger_peak_per_sec":200.0,"felt_bpm_target_peak_per_sec":100.0,"felt_bpm_floor":30.0,"jack_window_ticks":24,"soft_burst_ref":8.0,"soft_freq_ref":0.1,"soft_burst_exp":1.5,"soft_freq_exp":1.5,"chord_time_threshold_ms":16.67,"sp_distraction_min_scratches":3,"dp_distraction_window_sec_min":0.2,"dp_distraction_window_sec_max":0.8,"stream_density_ref_per_sec":40.0,"peak_density_ref_per_sec":70.0,"chord_size_ref":3.5,"ln_simultaneity_ref":0.05,"scratch_density_ref_per_sec":1.5,"scratch_ratio_ref":0.1,"distraction_density_ref":2.0,"distraction_event_ref":0.15},"raw_axes":{"chord":1.1818181818181819,"stream":15.348178540491185,"scratch":0.027271005618332178,"soft":0.0,"stair":0.11560693641618497,"peak":23.125,"ln_m1_short_rate_rt":0.0,"ln_m2_density_rt":0.0,"ln_m2_burst_max_rt":0.0,"ln_m3_density_rt":0.0,"ln_m_concurrent_rt":0.0,"adv_hand_imb":0.0,"adv_rel_pressure_1beat":0.0,"adv_ln_hold_min_beats":0.0,"adv_ln_chord_big_rate":0.0,"adv_ln_scatter_cv":0.0,"distraction":0.9498207885304658},"x_chord":0.302,"x_stream":0.385,"x_scratch":0.067,"x_soft":0.0,"x_ln":0.0,"x_stair":0.336,"x_peak":0.374,"x_distraction":0.222,"ln_advanced_score":0.0,"submetrics":{"chord":{"chord_rate":0.4357864357864358,"avg_chord_size":2.7119205298013247,"chord_positions":302,"total_positions":693},"stream":{"stream_coverage":0.9768595041322314,"stream_density_mean":6.284702549575071,"stream_density_mean_per_sec":15.711756373937677,"stream_windows":33,"notes_in_stream":1182,"total_notes":1210,"intervals":[[540,624],[744,816],[936,1008],[1128,1200],[1308,1392],[1500,1584],[1704,1776],[2076,3960],[3996,4344],[4380,5112],[5148,5496],[5532,5880],[5916,6648],[7548,7632],[7752,7824],[7944,8016],[8136,8208],[8316,8400],[8508,8592],[8712,8784],[9084,10968],[11004,11352],[11388,12120],[12156,12504],[12540,12888],[12924,13656],[13692,13776],[13896,13968],[14088,14160],[14280,14352],[14460,14544],[14652,14736],[14856,14928]]},"scratch":{"scratch_ratio":0.05454545454545454,"scratch_positions_ratio":0.09523809523809523,"scratch_with_key_chord_rate":0.3333333333333333,"scratch_per_sec":0.49996843633608995,"scratch_burst_max_per_sec":3.0,"scratch_burst_window_sec":1.0,"scratch_notes":66,"scratch_positions":66,"total_notes":1210,"total_positions":693,"chart_seconds":132.00833333333333},"soft":{"base_bpm":150.0,"intensity":0.0,"up_intensity":0.0,"down_intensity":0.0,"max_intensity":0.5,"max_up_intensity":0.0,"max_down_intensity":0.5,"step_frequency":0.024096385542168676,"ramp_frequency":0.024096385542168676,"continuity_beats":14.0,"off_base_note_ratio":0.0,"gimmick_burst_score":0.0,"max_off_base_density_per_beat":0.0,"base_mean_density_per_beat":4.003311258278146,"base_density_source":"on_base","distinct_off_base_bpm_count":1,"bpm_change_events":2,"measure_count":83},"ln":{"ln_ratio":0.0,"ln_hold_time_mean_beats":0.0,"ln_simultaneity_rate":0.0,"ln_simultaneity_weighted":0.0,"ln_count":0,"ln_count_raw":0,"ln_positions":0,"total_notes":1210,"m1_short_count_rt":0,"m1_short_rate_rt":0.0,"m2_long_count_rt":0,"m2_density_rt":0.0,"m2_burst_max_rt":0.0,"m3_density_rt":0.0,"m_concurrent_rt":0.0,"total_long_sec":0.0,"long_active_sec":0.0,"long_hold_sec_mean":0.0,"long_hold_sec_max":0.0,"adv_hand_imb":0.0,"adv_rel_pressure_1beat":0.0,"adv_ln_hold_min_beats":0.0,"adv_ln_chord_big_rate":0.0,"adv_ln_scatter_cv":0.0},"stair":{"stair_index":0.11560693641618497,"stair_transitions":80,"eligible_transitions":692},"peak":{"peak_local_max_density":9.25,"peak_local_max_density_per_sec":23.125,"peak_max_chord_size":5,"peak_concentration":0.40578512396694216,"total_notes":1210,"intervals":[[4008,4320],[4764,5088],[5544,5856],[6300,6624],[11016,11328],[11424,12096],[12552,12864],[12960,13632]]},"jack":{"jack_pairs":0,"jack_in_stream_pairs":0,"jack_outside_pairs":0,"pure_jack_per_sec":0.0,"flow_break_per_stream_sec":0.0,"stream_seconds":86.7,"non_stream_seconds":45.30833333333332,"chart_seconds":132.00833333333333,"window_ticks":24,"min_region_sec":10.0},"distraction":{"mode_formulation":"SP","qualifying_window_count":6,"qualifying_scratches":26,"qualifying_flow_sec":55.80000000000001,"distract_density":0.46594982078853037,"distract_event_per_sec":0.10752688172043008,"scratch_chord_pair_count":22,"chord_time_threshold_sec":0.01667,"min_scratches":3}},"warnings":[],"tags":[],"scales":["sl"]}