{"md5":"5bec55352a1e9c1ae777c8fd43a17fde","headers":{"title":"玉響サーチライト","artist":"otoshi.b × みゅい & tolz × はしたかさん & BAECON","genre":"GIRLS HAPPY J-POPCORE","playlevel":"24","base_bpm":210.0},"mode":"SP","scope":"playable_only","scaling_mode":"p99_linear","params":{"stream_window_ticks":48,"stream_density_threshold_per_beat":4.0,"peak_window_ticks":192,"peak_min_window_notes":4,"peak_min_window_sec":0.05,"felt_bpm_trigger_eff_bpm":500.0,"felt_bpm_trigger_peak_per_sec":200.0,"felt_bpm_target_peak_per_sec":100.0,"felt_bpm_floor":30.0,"jack_window_ticks":24,"soft_burst_ref":8.0,"soft_freq_ref":0.1,"soft_burst_exp":1.5,"soft_freq_exp":1.5,"chord_time_threshold_ms":16.67,"sp_distraction_min_scratches":3,"dp_distraction_window_sec_min":0.2,"dp_distraction_window_sec_max":0.8,"stream_density_ref_per_sec":40.0,"peak_density_ref_per_sec":70.0,"chord_size_ref":3.5,"ln_simultaneity_ref":0.05,"scratch_density_ref_per_sec":1.5,"scratch_ratio_ref":0.1,"distraction_density_ref":2.0,"distraction_event_ref":0.15},"raw_axes":{"chord":1.9407313997477933,"stream":31.77626966303981,"scratch":0.02880072079122085,"soft":0.0,"ln":0.0008012820512820513,"stair":0.14384858044164037,"peak":46.375,"distraction":1.1831720029784063,"pure_jack_raw":0.09756097560975636,"flow_break_raw":0.042319512318000865},"x_chord":0.489,"x_stream":0.792,"x_scratch":0.069,"x_soft":0.0,"x_ln":0.013,"x_stair":0.424,"x_peak":0.748,"x_distraction":0.313,"jack_signal":0.102,"noise_budget":0.497,"submetrics":{"chord":{"chord_rate":0.5800756620428752,"avg_chord_size":3.3456521739130434,"chord_positions":920,"total_positions":1586},"stream":{"stream_coverage":0.968215811965812,"stream_density_mean":9.376973684210526,"stream_density_mean_per_sec":32.81940789473684,"stream_windows":33,"notes_in_stream":3625,"total_notes":3744,"intervals":[[348,600],[732,984],[1020,1368],[1380,1752],[1932,3288],[3564,3624],[3636,3744],[3756,3816],[3876,3936],[4020,4080],[4332,4392],[4428,4488],[4716,4776],[4812,4896],[4908,5472],[5484,5952],[5964,6360],[6396,6576],[6600,6732],[7368,7500],[8028,8088],[8748,10272],[10380,13656],[13776,17100],[17124,17208],[17436,17532],[17832,17916],[18216,18300],[18984,19068],[19800,21492],[21900,24792],[24972,26520],[26700,26784]]},"scratch":{"scratch_ratio":0.03498931623931624,"scratch_positions_ratio":0.08259773013871374,"scratch_with_key_chord_rate":0.9389312977099237,"scratch_per_sec":0.8231289972697012,"scratch_burst_max_per_sec":5.0,"scratch_burst_window_sec":1.0,"scratch_notes":131,"scratch_positions":131,"total_notes":3744,"total_positions":1586,"chart_seconds":159.14880952380952},"soft":{"base_bpm":210.0,"intensity":0.0,"up_intensity":0.0,"down_intensity":0.0,"max_intensity":0.0,"max_up_intensity":0.0,"max_down_intensity":0.0,"step_frequency":0.0,"ramp_frequency":0.0,"continuity_beats":0.0,"off_base_note_ratio":0.0,"gimmick_burst_score":0.0,"max_off_base_density_per_beat":0.0,"base_mean_density_per_beat":6.712746858168761,"base_density_source":"on_base","distinct_off_base_bpm_count":0,"bpm_change_events":0,"measure_count":140},"ln":{"ln_ratio":0.007745726495726496,"ln_hold_time_mean_beats":1.081896551724138,"ln_simultaneity_rate":0.0008012820512820513,"ln_simultaneity_weighted":0.0008012820512820513,"ln_count":29,"ln_positions":25,"total_notes":3744},"stair":{"stair_index":0.14384858044164037,"stair_transitions":228,"eligible_transitions":1585},"peak":{"peak_local_max_density":13.25,"peak_local_max_density_per_sec":46.375,"peak_max_chord_size":7,"peak_concentration":0.422008547008547,"total_notes":3744,"intervals":[[2436,2688],[2832,3264],[9192,9552],[9744,9984],[11316,11916],[12132,12360],[12384,12696],[13188,13632],[14844,15048],[15324,15708],[16272,16536],[16716,16920],[20124,20580],[20676,20940],[22740,23040],[23268,23856],[24276,24768],[25476,25716],[26028,26508]]},"jack":{"jack_pairs":9,"jack_in_stream_pairs":5,"jack_outside_pairs":4,"pure_jack_per_sec":0.09756097560975636,"flow_break_per_stream_sec":0.042319512318000865,"stream_seconds":118.14880952380963,"non_stream_seconds":40.999999999999886,"chart_seconds":159.14880952380952,"window_ticks":24,"min_region_sec":10.0},"distraction":{"mode_formulation":"SP","qualifying_window_count":9,"qualifying_scratches":107,"qualifying_flow_sec":95.92857142857146,"distract_density":1.1154132539091584,"distract_event_per_sec":0.09381980640357405,"scratch_chord_pair_count":212,"chord_time_threshold_sec":0.01667,"min_scratches":3}},"warnings":["Unterminated LNOBJ LN on lane P1_KEY2 started at m137 pos0.75; closing at EOF","Unterminated LNOBJ LN on lane P1_KEY1 started at m139 pos0.25; closing at EOF","Unterminated LNOBJ LN on lane P1_KEY7 started at m139 pos0.25; closing at EOF","Unterminated LNOBJ LN on lane P1_KEY5 started at m139 pos0.25; closing at EOF","Unterminated LNOBJ LN on lane P1_KEY4 started at m138 pos0.625; closing at EOF","Unterminated LNOBJ LN on lane P1_KEY6 started at m137 pos0.8125; closing at EOF","Unterminated LNOBJ LN on lane P1_KEY3 started at m139 pos0.25; closing at EOF","Unterminated LNOBJ LN on lane P1_SCR started at m139 pos0.25; closing at EOF"],"tags":["stream_heavy","peak_intense","dense_chart","fast_chart","pure_stream"],"scales":["st"]}