{"md5":"b2c9699bd2683ef2d4d31e5a2f6f807a","headers":{"title":"SOLROS [DELAY]","artist":"Grand Thaw /差分　赤い人","genre":"R'n'Balkan","playlevel":"14","base_bpm":188.0},"mode":"SP","scope":"playable_only","scaling_mode":"p99_linear","params":{"stream_window_ticks":48,"stream_density_threshold_per_beat":4.0,"peak_window_ticks":192,"peak_min_window_notes":4,"peak_min_window_sec":0.05,"felt_bpm_trigger_eff_bpm":500.0,"felt_bpm_trigger_peak_per_sec":200.0,"felt_bpm_target_peak_per_sec":100.0,"felt_bpm_floor":30.0,"jack_window_ticks":24,"soft_burst_ref":8.0,"soft_freq_ref":0.1,"soft_burst_exp":1.5,"soft_freq_exp":1.5,"chord_time_threshold_ms":16.67,"sp_distraction_min_scratches":3,"dp_distraction_window_sec_min":0.2,"dp_distraction_window_sec_max":0.8,"stream_density_ref_per_sec":40.0,"peak_density_ref_per_sec":70.0,"chord_size_ref":3.5,"ln_simultaneity_ref":0.05,"scratch_density_ref_per_sec":1.5,"scratch_ratio_ref":0.1,"distraction_density_ref":2.0,"distraction_event_ref":0.15},"raw_axes":{"chord":1.2690615835777126,"stream":21.072498307336502,"scratch":0.0047292356359146534,"soft":0.0,"ln":0.0,"stair":0.1966250917094644,"peak":36.03333333333333,"distraction":0.5385252321808214},"x_chord":0.33,"x_stream":0.541,"x_scratch":0.011,"x_soft":0.0,"x_ln":0.0,"x_stair":0.597,"x_peak":0.599,"x_distraction":0.142,"submetrics":{"chord":{"chord_rate":0.4340175953079179,"avg_chord_size":2.9239864864864864,"chord_positions":592,"total_positions":1364},"stream":{"stream_coverage":0.9724330803036356,"stream_density_mean":6.915915915915916,"stream_density_mean_per_sec":21.66986986986987,"stream_windows":31,"notes_in_stream":2434,"total_notes":2503,"intervals":[[252,312],[516,672],[684,756],[780,960],[972,1044],[1056,1248],[1260,1536],[1548,1824],[1836,4800],[5148,5232],[5364,5520],[5532,5664],[5748,5820],[5940,6096],[6108,6240],[6300,6396],[6564,6888],[6912,6960],[7020,8592],[8604,9468],[9504,9576],[9636,9744],[9756,10320],[10332,11040],[11052,11280],[11304,11472],[11484,15612],[15636,16512],[16524,19776],[19836,20064],[20220,20352]]},"scratch":{"scratch_ratio":0.015980823012385136,"scratch_positions_ratio":0.02932551319648094,"scratch_with_key_chord_rate":1.0,"scratch_per_sec":0.29593191991735945,"scratch_burst_max_per_sec":3.0,"scratch_burst_window_sec":1.0,"scratch_notes":40,"scratch_positions":40,"total_notes":2503,"total_positions":1364,"chart_seconds":135.1662234042553},"soft":{"base_bpm":188.0,"intensity":0.0,"up_intensity":0.0,"down_intensity":0.0,"max_intensity":0.0,"max_up_intensity":0.0,"max_down_intensity":0.0,"step_frequency":0.0,"ramp_frequency":0.0,"continuity_beats":0.0,"off_base_note_ratio":0.0,"gimmick_burst_score":0.0,"max_off_base_density_per_beat":0.0,"base_mean_density_per_beat":5.907910271546635,"base_density_source":"on_base","distinct_off_base_bpm_count":0,"bpm_change_events":0,"measure_count":142},"ln":{"ln_ratio":0.0,"ln_hold_time_mean_beats":0.0,"ln_simultaneity_rate":0.0,"ln_simultaneity_weighted":0.0,"ln_count":0,"ln_positions":0,"total_notes":2503},"stair":{"stair_index":0.1966250917094644,"stair_transitions":268,"eligible_transitions":1363},"peak":{"peak_local_max_density":11.5,"peak_local_max_density_per_sec":36.03333333333333,"peak_max_chord_size":6,"peak_concentration":0.32401118657610867,"total_notes":2503,"intervals":[[3288,3552],[8316,8520],[9180,9396],[11964,12264],[13200,13488],[14220,14592],[15684,16044],[16068,16296],[16644,16944],[17808,19476],[19512,19776]]},"jack":{"jack_pairs":9,"jack_in_stream_pairs":5,"jack_outside_pairs":4,"pure_jack_per_sec":0.30019960079840335,"flow_break_per_stream_sec":0.0410368349249659,"stream_seconds":121.84175531914893,"non_stream_seconds":13.324468085106375,"chart_seconds":135.1662234042553,"window_ticks":24,"min_region_sec":10.0},"distraction":{"mode_formulation":"SP","qualifying_window_count":4,"qualifying_scratches":32,"qualifying_flow_sec":79.2287234042553,"distract_density":0.40389392413561603,"distract_event_per_sec":0.050486740516952004,"scratch_chord_pair_count":73,"chord_time_threshold_sec":0.01667,"min_scratches":3}},"warnings":[],"tags":["stair_focused"],"scales":["so"]}