{"md5":"413d2785ba57673a12c38f6a2508d48b","headers":{"title":"Dstorv","artist":"Feryquitous","genre":"fake out","playlevel":"23","base_bpm":191.0},"mode":"SP","scope":"playable_only","scaling_mode":"p99_linear","params":{"stream_window_ticks":48,"stream_density_threshold_per_beat":4.0,"peak_window_ticks":192,"peak_min_window_notes":4,"peak_min_window_sec":0.05,"felt_bpm_trigger_eff_bpm":500.0,"felt_bpm_trigger_peak_per_sec":200.0,"felt_bpm_target_peak_per_sec":100.0,"felt_bpm_floor":30.0,"jack_window_ticks":24,"soft_burst_ref":8.0,"soft_freq_ref":0.1,"soft_burst_exp":1.5,"soft_freq_exp":1.5,"chord_time_threshold_ms":16.67,"sp_distraction_min_scratches":3,"dp_distraction_window_sec_min":0.2,"dp_distraction_window_sec_max":0.8,"stream_density_ref_per_sec":40.0,"peak_density_ref_per_sec":70.0,"chord_size_ref":3.5,"ln_simultaneity_ref":0.05,"scratch_density_ref_per_sec":1.5,"scratch_ratio_ref":0.1,"distraction_density_ref":2.0,"distraction_event_ref":0.15},"raw_axes":{"chord":2.2206776715899217,"stream":29.789074791730645,"scratch":0.023092257491418296,"soft":0.0,"ln":0.0,"stair":0.16782608695652174,"peak":39.791666666666664,"distraction":1.566402116402117},"x_chord":0.577,"x_stream":0.765,"x_scratch":0.055,"x_soft":0.0,"x_ln":0.0,"x_stair":0.51,"x_peak":0.662,"x_distraction":0.414,"submetrics":{"chord":{"chord_rate":0.6576889661164205,"avg_chord_size":3.3764861294583883,"chord_positions":757,"total_positions":1151},"stream":{"stream_coverage":0.964406779661017,"stream_density_mean":9.703192407247627,"stream_density_mean_per_sec":30.88849582973828,"stream_windows":23,"notes_in_stream":2845,"total_notes":2950,"intervals":[[1884,3732],[3804,5304],[5340,6756],[6876,6960],[7428,7572],[7644,7716],[8196,8364],[8412,9900],[9912,10080],[10188,10308],[10320,10776],[10788,10848],[10956,11076],[11088,11328],[11376,13080],[13212,14832],[14916,15000],[15012,15096],[15132,15960],[16272,17904],[17988,18072],[18084,18168],[18204,19032]]},"scratch":{"scratch_ratio":0.031186440677966103,"scratch_positions_ratio":0.07993049522154648,"scratch_with_key_chord_rate":0.6521739130434783,"scratch_per_sec":0.740458256518304,"scratch_burst_max_per_sec":10.0,"scratch_burst_window_sec":1.0,"scratch_notes":92,"scratch_positions":92,"total_notes":2950,"total_positions":1151,"chart_seconds":124.24738219895288},"soft":{"base_bpm":191.0,"intensity":0.0,"up_intensity":0.0,"down_intensity":0.0,"max_intensity":0.0,"max_up_intensity":0.0,"max_down_intensity":0.0,"step_frequency":0.0,"ramp_frequency":0.0,"continuity_beats":0.0,"off_base_note_ratio":0.0,"gimmick_burst_score":0.0,"max_off_base_density_per_beat":0.0,"base_mean_density_per_beat":7.446270543615676,"base_density_source":"on_base","distinct_off_base_bpm_count":0,"bpm_change_events":0,"measure_count":99},"ln":{"ln_ratio":0.0,"ln_hold_time_mean_beats":0.0,"ln_simultaneity_rate":0.0,"ln_simultaneity_weighted":0.0,"ln_count":0,"ln_positions":0,"total_notes":2950},"stair":{"stair_index":0.16782608695652174,"stair_transitions":193,"eligible_transitions":1150},"peak":{"peak_local_max_density":12.5,"peak_local_max_density_per_sec":39.791666666666664,"peak_max_chord_size":8,"peak_concentration":0.49389830508474575,"total_notes":2950,"intervals":[[2184,2412],[4332,4668],[4836,5280],[5376,6156],[8880,9228],[11880,12216],[13248,13728],[14244,14448],[14520,14808],[15312,15936],[16308,16728],[16764,17100],[17196,17880],[18228,18648],[18696,18996]]},"jack":{"jack_pairs":22,"jack_in_stream_pairs":22,"jack_outside_pairs":0,"pure_jack_per_sec":0.0,"flow_break_per_stream_sec":0.22736557321609738,"stream_seconds":96.76047120418849,"non_stream_seconds":27.486910994764386,"chart_seconds":124.24738219895288,"window_ticks":24,"min_region_sec":10.0},"distraction":{"mode_formulation":"SP","qualifying_window_count":8,"qualifying_scratches":69,"qualifying_flow_sec":56.07329842931935,"distract_density":1.2305322128851546,"distract_event_per_sec":0.14267040149393095,"scratch_chord_pair_count":87,"chord_time_threshold_sec":0.01667,"min_scratches":3}},"warnings":[],"tags":["stream_heavy","distraction_heavy","scratch_burst","big_chord_burst","burst_focused","dense_chart","pure_stream"],"scales":["st"]}