{"md5":"ba0a6178b2d9d621a216bc544081a8b2","headers":{"title":"EXORCIST","artist":"DOMINATOR VS SHREDDER","genre":"Darkstep","playlevel":"25","base_bpm":95.0},"mode":"SP","scope":"playable_only","scaling_mode":"percentile_rank","params":{"stream_window_ticks":48,"stream_density_threshold_per_beat":4.0,"peak_window_ticks":192,"jack_window_ticks":24,"soft_burst_ref":8.0,"soft_freq_ref":0.1,"soft_burst_exp":1.5,"soft_freq_exp":1.5,"chord_time_threshold_ms":16.67,"sp_distraction_min_scratches":3,"dp_distraction_window_sec_min":0.2,"dp_distraction_window_sec_max":0.8,"stream_density_ref_per_sec":40.0,"peak_density_ref_per_sec":70.0,"chord_size_ref":3.5,"ln_simultaneity_ref":0.05,"scratch_density_ref_per_sec":1.5,"scratch_ratio_ref":0.1,"distraction_density_ref":2.0,"distraction_event_ref":0.15},"raw_axes":{"chord":2.5189530685920576,"stream":31.882704737833283,"scratch":0.0029141254100353334,"soft":0.07089053043649048,"ln":0.0,"stair":0.15537488708220415,"peak":41.958333333333336,"distraction":0.4715826050728371},"x_chord":0.8503842869342443,"x_stream":0.9099914602903502,"x_scratch":0.1964133219470538,"x_soft":0.9783091374893254,"x_ln":0.0,"x_stair":0.520068317677199,"x_peak":0.7472245943637916,"x_distraction":0.3031596925704526,"submetrics":{"chord":{"chord_rate":0.8113718411552346,"avg_chord_size":3.104560622914349,"chord_positions":899,"total_positions":1108},"stream":{"stream_coverage":0.9826666666666667,"stream_density_mean":10.420160570918823,"stream_density_mean_per_sec":32.44508623253048,"stream_windows":11,"notes_in_stream":2948,"total_notes":3000,"intervals":[[948,1715],[3996,10211],[11892,12023],[12276,12407],[12516,12599],[12612,12863],[12900,12983],[12996,13091],[13116,13175],[13260,15575],[17052,20963]]},"scratch":{"scratch_ratio":0.015666666666666666,"scratch_positions_ratio":0.042418772563176894,"scratch_with_key_chord_rate":0.8723404255319149,"scratch_per_sec":0.18600800489587235,"scratch_burst_max_per_sec":3.0,"scratch_burst_window_sec":1.0,"scratch_notes":47,"scratch_positions":47,"total_notes":3000,"total_positions":1108,"chart_seconds":252.67729755131072},"soft":{"base_bpm":190.0,"intensity":0.019317543859649122,"up_intensity":0.0,"down_intensity":0.019317543859649122,"max_intensity":5.815789473684211,"max_up_intensity":5.815789473684211,"max_down_intensity":0.9578947368421052,"step_frequency":0.16363636363636364,"ramp_frequency":0.05454545454545454,"continuity_beats":340.0,"off_base_note_ratio":0.03766666666666667,"gimmick_burst_score":0.4332199082229974,"max_off_base_density_per_beat":3.1142857142857143,"base_mean_density_per_beat":8.201704545454545,"base_density_source":"on_base","distinct_off_base_bpm_count":11,"bpm_change_events":18,"measure_count":110},"ln":{"ln_ratio":0.0003333333333333333,"ln_hold_time_mean_beats":256.0,"ln_simultaneity_rate":0.0,"ln_simultaneity_weighted":0.0,"ln_count":1,"ln_positions":1,"total_notes":3000},"stair":{"stair_index":0.15537488708220415,"stair_transitions":172,"eligible_transitions":1107},"peak":{"peak_local_max_density":13.25,"peak_local_max_density_per_sec":41.958333333333336,"peak_max_chord_size":6,"peak_concentration":0.6173333333333333,"total_notes":3000,"intervals":[[4836,5087],[5388,5579],[6372,6623],[6864,7235],[7704,8243],[8328,8519],[8616,8975],[9024,9779],[9864,10187],[13440,13643],[13812,14003],[14064,14435],[14544,14783],[14916,15179],[15192,15539],[17268,17507],[17676,17915],[18408,18647],[18804,20159],[20196,20951]]},"jack":{"jack_pairs":4,"jack_in_stream_pairs":4,"jack_outside_pairs":0,"pure_jack_per_sec":0.0,"flow_break_per_stream_sec":0.038283416920892495,"stream_seconds":104.48388157894733,"non_stream_seconds":148.19341597236337,"chart_seconds":252.67729755131072,"window_ticks":24,"min_region_sec":10.0},"distraction":{"mode_formulation":"SP","qualifying_window_count":4,"qualifying_scratches":40,"qualifying_flow_sec":98.95756578947369,"distract_density":0.40421366149100324,"distract_event_per_sec":0.04042136614910032,"scratch_chord_pair_count":57,"chord_time_threshold_sec":0.01667,"min_scratches":3}},"warnings":[],"tags":["chord_heavy","stream_heavy","soflan","visual_gimmick","burst_focused","dense_chart","chord_stream","gimmick_soflan"],"scales":["st"]}