{"md5":"f9e68106c11b80a66ca4fe24e2e1d2e1","headers":{"title":"reveL","artist":"Orange Vox+ ft.AKA","genre":"PHANTASIA","playlevel":"14","base_bpm":140.0},"mode":"SP","scope":"playable_only","scaling_mode":"p99_linear","params":{"stream_window_ticks":48,"stream_density_threshold_per_beat":4.0,"peak_window_ticks":192,"peak_min_window_notes":4,"peak_min_window_sec":0.05,"felt_bpm_trigger_eff_bpm":500.0,"felt_bpm_trigger_peak_per_sec":200.0,"felt_bpm_target_peak_per_sec":100.0,"felt_bpm_floor":30.0,"jack_window_ticks":24,"soft_burst_ref":8.0,"soft_freq_ref":0.1,"soft_burst_exp":1.5,"soft_freq_exp":1.5,"chord_time_threshold_ms":16.67,"sp_distraction_min_scratches":3,"dp_distraction_window_sec_min":0.2,"dp_distraction_window_sec_max":0.8,"stream_density_ref_per_sec":40.0,"peak_density_ref_per_sec":70.0,"chord_size_ref":3.5,"ln_simultaneity_ref":0.05,"scratch_density_ref_per_sec":1.5,"scratch_ratio_ref":0.1,"distraction_density_ref":2.0,"distraction_event_ref":0.15},"raw_axes":{"chord":1.3968253968253967,"stream":20.57961894073005,"scratch":0.007357476109970324,"soft":0.0,"ln":0.0,"stair":0.163135593220339,"peak":29.166666666666668,"distraction":0.6845388635980442,"pure_jack_raw":0.18760469011725284,"flow_break_raw":0.2871511685238143},"x_chord":0.352,"x_stream":0.513,"x_scratch":0.018,"x_soft":0.0,"x_ln":0.0,"x_stair":0.481,"x_peak":0.471,"x_distraction":0.181,"jack_signal":0.388,"noise_budget":0.587,"submetrics":{"chord":{"chord_rate":0.44126984126984126,"avg_chord_size":3.1654676258992804,"chord_positions":417,"total_positions":945},"stream":{"stream_coverage":0.9653679653679653,"stream_density_mean":9.136243386243386,"stream_density_mean_per_sec":21.317901234567902,"stream_windows":19,"notes_in_stream":1784,"total_notes":1848,"intervals":[[324,384],[780,852],[1188,1248],[1260,1368],[1752,1800],[1824,1992],[2004,2184],[2208,3288],[3420,3960],[3996,5616],[5664,5712],[5724,6744],[6768,6864],[6936,7308],[7488,7776],[7944,11952],[11964,12120],[12144,12324],[12492,12576]]},"scratch":{"scratch_ratio":0.021103896103896104,"scratch_positions_ratio":0.04126984126984127,"scratch_with_key_chord_rate":0.5128205128205128,"scratch_per_sec":0.34863117567243995,"scratch_burst_max_per_sec":6.0,"scratch_burst_window_sec":1.0,"scratch_notes":39,"scratch_positions":39,"total_notes":1848,"total_positions":945,"chart_seconds":111.86607142857142},"soft":{"base_bpm":140.0,"intensity":0.0,"up_intensity":0.0,"down_intensity":0.0,"max_intensity":0.0,"max_up_intensity":0.0,"max_down_intensity":0.0,"step_frequency":0.0,"ramp_frequency":0.0,"continuity_beats":0.0,"off_base_note_ratio":0.0,"gimmick_burst_score":0.0,"max_off_base_density_per_beat":0.0,"base_mean_density_per_beat":7.057471264367816,"base_density_source":"on_base","distinct_off_base_bpm_count":0,"bpm_change_events":0,"measure_count":66},"ln":{"ln_ratio":0.0016233766233766235,"ln_hold_time_mean_beats":0.08333333333333333,"ln_simultaneity_rate":0.0,"ln_simultaneity_weighted":0.0,"ln_count":3,"ln_positions":3,"total_notes":1848},"stair":{"stair_index":0.163135593220339,"stair_transitions":154,"eligible_transitions":944},"peak":{"peak_local_max_density":12.5,"peak_local_max_density_per_sec":29.166666666666668,"peak_max_chord_size":7,"peak_concentration":0.46320346320346323,"total_notes":1848,"intervals":[[2688,3072],[6456,6720],[8028,8256],[8292,9216],[9288,9936],[10440,10728],[10752,10944],[11016,11340],[11352,11712]]},"jack":{"jack_pairs":30,"jack_in_stream_pairs":26,"jack_outside_pairs":4,"pure_jack_per_sec":0.18760469011725284,"flow_break_per_stream_sec":0.2871511685238143,"stream_seconds":90.54464285714283,"non_stream_seconds":21.321428571428584,"chart_seconds":111.86607142857142,"window_ticks":24,"min_region_sec":10.0},"distraction":{"mode_formulation":"SP","qualifying_window_count":5,"qualifying_scratches":30,"qualifying_flow_sec":70.60714285714286,"distract_density":0.424886191198786,"distract_event_per_sec":0.07081436519979767,"scratch_chord_pair_count":30,"chord_time_threshold_sec":0.01667,"min_scratches":3}},"warnings":[],"tags":["burst_focused"],"scales":["sl"]}