{"md5":"14ac44cc7af1ecd7984b4ef46a15c632","headers":{"title":"EVERLASTING HAPPiNESS↑","artist":"psi","genre":"HAPPY HARDCORE","playlevel":"22","base_bpm":242.42},"mode":"SP","scope":"playable_only","scaling_mode":"p99_linear","params":{"stream_window_ticks":48,"stream_density_threshold_per_beat":4.0,"peak_window_ticks":192,"peak_min_window_notes":4,"peak_min_window_sec":0.05,"felt_bpm_trigger_eff_bpm":500.0,"felt_bpm_trigger_peak_per_sec":200.0,"felt_bpm_target_peak_per_sec":100.0,"felt_bpm_floor":30.0,"jack_window_ticks":24,"soft_burst_ref":8.0,"soft_freq_ref":0.1,"soft_burst_exp":1.5,"soft_freq_exp":1.5,"chord_time_threshold_ms":16.67,"sp_distraction_min_scratches":3,"dp_distraction_window_sec_min":0.2,"dp_distraction_window_sec_max":0.8,"stream_density_ref_per_sec":40.0,"peak_density_ref_per_sec":70.0,"chord_size_ref":3.5,"ln_simultaneity_ref":0.05,"scratch_density_ref_per_sec":1.5,"scratch_ratio_ref":0.1,"distraction_density_ref":2.0,"distraction_event_ref":0.15},"raw_axes":{"chord":1.821553533939818,"stream":27.35161316769859,"scratch":0.03066170680489345,"soft":0.0,"ln":0.0,"stair":0.1568627450980392,"peak":44.443666666666665,"distraction":0.7885217511920242},"x_chord":0.473,"x_stream":0.703,"x_scratch":0.073,"x_soft":0.0,"x_ln":0.0,"x_stair":0.477,"x_peak":0.739,"x_distraction":0.208,"submetrics":{"chord":{"chord_rate":0.642407277816655,"avg_chord_size":2.835511982570806,"chord_positions":918,"total_positions":1429},"stream":{"stream_coverage":0.9666024405908799,"stream_density_mean":7.00354400472534,"stream_density_mean_per_sec":28.296652293758612,"stream_windows":19,"notes_in_stream":3010,"total_notes":3114,"intervals":[[732,792],[1092,1140],[1500,1560],[1620,2112],[2124,2880],[2892,11952],[12036,12120],[12228,12312],[12396,12480],[12588,12696],[12804,12864],[12996,13080],[13164,13272],[13308,13368],[13380,21528],[22656,22848],[22860,22944],[22956,23040],[23052,24612]]},"scratch":{"scratch_ratio":0.035324341682723186,"scratch_positions_ratio":0.07697690692792163,"scratch_with_key_chord_rate":0.9727272727272728,"scratch_per_sec":0.86800504536762,"scratch_burst_max_per_sec":6.0,"scratch_burst_window_sec":1.0,"scratch_notes":110,"scratch_positions":110,"total_notes":3114,"total_positions":1429,"chart_seconds":126.72737397904466},"soft":{"base_bpm":242.42,"intensity":0.0,"up_intensity":0.0,"down_intensity":0.0,"max_intensity":0.0,"max_up_intensity":0.0,"max_down_intensity":0.0,"step_frequency":0.0,"ramp_frequency":0.0,"continuity_beats":0.0,"off_base_note_ratio":0.0,"gimmick_burst_score":0.0,"max_off_base_density_per_beat":0.0,"base_mean_density_per_beat":6.076171875,"base_density_source":"on_base","distinct_off_base_bpm_count":0,"bpm_change_events":0,"measure_count":144},"ln":{"ln_ratio":0.002890173410404624,"ln_hold_time_mean_beats":0.09027777777777778,"ln_simultaneity_rate":0.0,"ln_simultaneity_weighted":0.0,"ln_count":9,"ln_positions":7,"total_notes":3114},"stair":{"stair_index":0.1568627450980392,"stair_transitions":224,"eligible_transitions":1428},"peak":{"peak_local_max_density":11.0,"peak_local_max_density_per_sec":44.443666666666665,"peak_max_chord_size":7,"peak_concentration":0.32947976878612717,"total_notes":3114,"intervals":[[4452,4800],[7056,7368],[8388,8904],[10176,10548],[10980,11232],[11724,11928],[13932,14136],[14580,14772],[16272,16572],[17604,18108],[19572,19776],[20556,21528],[23076,23988],[24108,24624]]},"jack":{"jack_pairs":4,"jack_in_stream_pairs":3,"jack_outside_pairs":1,"pure_jack_per_sec":0.057107184923439275,"flow_break_per_stream_sec":0.027468391482932817,"stream_seconds":109.21644253774441,"non_stream_seconds":17.510931441300244,"chart_seconds":126.72737397904466,"window_ticks":24,"min_region_sec":10.0},"distraction":{"mode_formulation":"SP","qualifying_window_count":4,"qualifying_scratches":103,"qualifying_flow_sec":99.13064103621815,"distract_density":1.039032925877763,"distract_event_per_sec":0.04035079323797138,"scratch_chord_pair_count":145,"chord_time_threshold_sec":0.01667,"min_scratches":3}},"warnings":["Unterminated LNOBJ LN on lane P1_KEY1 started at m143 pos0.75; closing at EOF","Unterminated LNOBJ LN on lane P1_KEY3 started at m143 pos0.66666667; closing at EOF","Unterminated LNOBJ LN on lane P1_KEY5 started at m143 pos0.5625; closing at EOF","Unterminated LNOBJ LN on lane P1_KEY4 started at m143 pos0.625; closing at EOF","Unterminated LNOBJ LN on lane P1_KEY6 started at m143 pos0.6875; closing at EOF","Unterminated LNOBJ LN on lane P1_KEY2 started at m143 pos0.70833333; closing at EOF","Unterminated LNOBJ LN on lane P1_KEY7 started at m143 pos0.75; closing at EOF","Unterminated LNOBJ LN on lane P1_SCR started at m143 pos0.75; closing at EOF"],"tags":["stream_heavy","dense_chart","fast_chart","pure_stream"],"scales":["st"]}