{"md5":"e32057fe514ece7c2ad029da6f398c45","headers":{"title":"Next star!","artist":"LLRK feat. AIきりたん","genre":"HAPPY HARDCORE / YELL","playlevel":"12","base_bpm":178.0},"mode":"SP","scope":"playable_only","scaling_mode":"p99_linear","params":{"stream_window_ticks":48,"stream_density_threshold_per_beat":4.0,"peak_window_ticks":192,"peak_min_window_notes":4,"peak_min_window_sec":0.05,"felt_bpm_trigger_eff_bpm":500.0,"felt_bpm_trigger_peak_per_sec":200.0,"felt_bpm_target_peak_per_sec":100.0,"felt_bpm_floor":30.0,"jack_window_ticks":24,"soft_burst_ref":8.0,"soft_freq_ref":0.1,"soft_burst_exp":1.5,"soft_freq_exp":1.5,"chord_time_threshold_ms":16.67,"sp_distraction_min_scratches":3,"dp_distraction_window_sec_min":0.2,"dp_distraction_window_sec_max":0.8,"stream_density_ref_per_sec":40.0,"peak_density_ref_per_sec":70.0,"chord_size_ref":3.5,"ln_simultaneity_ref":0.05,"scratch_density_ref_per_sec":1.5,"scratch_ratio_ref":0.1,"distraction_density_ref":2.0,"distraction_event_ref":0.15},"raw_axes":{"chord":1.3699788583509513,"stream":14.512848644084782,"scratch":0.017642015231647483,"soft":0.0,"stair":0.1439153439153439,"peak":24.475,"ln_m1_short_rate_rt":0.0,"ln_m2_density_rt":28.96271186440669,"ln_m2_burst_max_rt":70.0,"ln_m3_density_rt":28.96271186440669,"ln_m_concurrent_rt":0.05357142857142915,"adv_hand_imb":0.09090909090909091,"adv_rel_pressure_1beat":0.8181818181818182,"adv_ln_hold_min_beats":1.5,"adv_ln_chord_big_rate":0.0,"adv_ln_scatter_cv":3.6151626577052745,"distraction":0.9023971493359243},"x_chord":0.35,"x_stream":0.364,"x_scratch":0.043,"x_soft":0.0,"x_ln":0.788,"x_stair":0.418,"x_peak":0.396,"x_distraction":0.211,"ln_advanced_score":0.601,"submetrics":{"chord":{"chord_rate":0.5179704016913319,"avg_chord_size":2.6448979591836737,"chord_positions":490,"total_positions":946},"stream":{"stream_coverage":0.9081050228310502,"stream_density_mean":5.387010676156583,"stream_density_mean_per_sec":15.981465005931199,"stream_windows":27,"notes_in_stream":1591,"total_notes":1752,"intervals":[[1488,1584],[1596,5304],[5340,5688],[5724,6072],[6108,6384],[6396,6480],[6492,8280],[8292,8352],[8412,8664],[8676,8736],[8796,9144],[9180,9456],[9564,12528],[12552,12720],[12756,12816],[12828,12984],[13020,13104],[13140,13200],[13212,13296],[13404,13488],[13788,13872],[14172,14256],[14544,14640],[14928,15588],[15732,18096],[18132,18288],[18324,18672]]},"scratch":{"scratch_ratio":0.037100456621004564,"scratch_positions_ratio":0.06871035940803383,"scratch_with_key_chord_rate":0.9692307692307692,"scratch_per_sec":0.4755201643976368,"scratch_burst_max_per_sec":6.0,"scratch_burst_window_sec":1.0,"scratch_notes":65,"scratch_positions":65,"total_notes":1752,"total_positions":946,"chart_seconds":136.69241573033707},"soft":{"base_bpm":178.0,"intensity":0.0,"up_intensity":0.0,"down_intensity":0.0,"max_intensity":0.0,"max_up_intensity":0.0,"max_down_intensity":0.0,"step_frequency":0.0,"ramp_frequency":0.0,"continuity_beats":0.0,"off_base_note_ratio":0.0,"gimmick_burst_score":0.0,"max_off_base_density_per_beat":0.0,"base_mean_density_per_beat":4.315659679408138,"base_density_source":"on_base","distinct_off_base_bpm_count":0,"bpm_change_events":0,"measure_count":102},"ln":{"ln_ratio":0.012557077625570776,"ln_hold_time_mean_beats":2.6818181818181817,"ln_simultaneity_rate":0.04908675799086758,"ln_simultaneity_weighted":0.04908675799086758,"ln_count":22,"ln_count_raw":22,"ln_positions":22,"total_notes":1752,"m1_short_count_rt":0,"m1_short_rate_rt":0.0,"m2_long_count_rt":22,"m2_density_rt":28.96271186440669,"m2_burst_max_rt":70.0,"m3_density_rt":28.96271186440669,"m_concurrent_rt":0.05357142857142915,"total_long_sec":19.887640449438265,"long_active_sec":18.876404494382072,"long_hold_sec_mean":0.9039836567926485,"long_hold_sec_max":2.528089887640462,"adv_hand_imb":0.09090909090909091,"adv_rel_pressure_1beat":0.8181818181818182,"adv_ln_hold_min_beats":1.5,"adv_ln_chord_big_rate":0.0,"adv_ln_scatter_cv":3.6151626577052745},"stair":{"stair_index":0.1439153439153439,"stair_transitions":136,"eligible_transitions":945},"peak":{"peak_local_max_density":8.25,"peak_local_max_density_per_sec":24.475,"peak_max_chord_size":6,"peak_concentration":0.2785388127853881,"total_notes":1752,"intervals":[[4452,4968],[8820,9024],[9180,9456],[9588,9792],[14964,15156],[15204,15624],[15924,17328],[17772,18096],[18360,18696]]},"jack":{"jack_pairs":56,"jack_in_stream_pairs":44,"jack_outside_pairs":12,"pure_jack_per_sec":0.39111924925612274,"flow_break_per_stream_sec":0.41505034446210914,"stream_seconds":106.01123595505618,"non_stream_seconds":30.681179775280896,"chart_seconds":136.69241573033707,"window_ticks":24,"min_region_sec":10.0},"distraction":{"mode_formulation":"SP","qualifying_window_count":4,"qualifying_scratches":51,"qualifying_flow_sec":57.80898876404498,"distract_density":0.8822157434402327,"distract_event_per_sec":0.06919339164237119,"scratch_chord_pair_count":77,"chord_time_threshold_sec":0.01667,"min_scratches":3}},"warnings":[],"tags":["sustained"],"scales":["so"]}