{"md5":"eeaf633352d810a14b9e8fae3fb486ca","headers":{"title":"覚醒フィールド-DEATHER-","artist":"cosMo / nmk / ドフォーレ商会","genre":"DTX STARTER PACK_Extra","playlevel":"24","base_bpm":300.0},"mode":"SP","scope":"playable_only","scaling_mode":"p99_linear","params":{"stream_window_ticks":48,"stream_density_threshold_per_beat":4.0,"peak_window_ticks":192,"peak_min_window_notes":4,"peak_min_window_sec":0.05,"felt_bpm_trigger_eff_bpm":500.0,"felt_bpm_trigger_peak_per_sec":200.0,"felt_bpm_target_peak_per_sec":100.0,"felt_bpm_floor":30.0,"jack_window_ticks":24,"soft_burst_ref":8.0,"soft_freq_ref":0.1,"soft_burst_exp":1.5,"soft_freq_exp":1.5,"chord_time_threshold_ms":16.67,"sp_distraction_min_scratches":3,"dp_distraction_window_sec_min":0.2,"dp_distraction_window_sec_max":0.8,"stream_density_ref_per_sec":40.0,"peak_density_ref_per_sec":70.0,"chord_size_ref":3.5,"ln_simultaneity_ref":0.05,"scratch_density_ref_per_sec":1.5,"scratch_ratio_ref":0.1,"distraction_density_ref":2.0,"distraction_event_ref":0.15},"raw_axes":{"chord":1.9994678020223524,"stream":37.53966724918162,"scratch":0.014431105908091593,"soft":0.0,"ln":0.0,"stair":0.251863684771033,"peak":50.0,"distraction":0.7246376811594204},"x_chord":0.504,"x_stream":0.936,"x_scratch":0.034,"x_soft":0.0,"x_ln":0.0,"x_stair":0.742,"x_peak":0.807,"x_distraction":0.191,"submetrics":{"chord":{"chord_rate":0.7136774880255455,"avg_chord_size":2.801640566741238,"chord_positions":1341,"total_positions":1879},"stream":{"stream_coverage":0.9862630966239814,"stream_density_mean":7.612505705157463,"stream_density_mean_per_sec":38.062528525787314,"stream_windows":26,"notes_in_stream":4236,"total_notes":4295,"intervals":[[156,240],[540,624],[924,1008],[1668,1776],[2076,2160],[2460,2544],[2844,2928],[3048,11760],[11784,11832],[11856,11928],[11976,12240],[12252,18768],[18780,19440],[19452,19728],[19740,20016],[20064,20208],[20220,20304],[20316,20976],[21072,21156],[21204,21360],[21468,24048],[24072,24120],[24144,24240],[24252,24528],[24540,30960],[31260,31320]]},"scratch":{"scratch_ratio":0.021187427240977882,"scratch_positions_ratio":0.04843001596593933,"scratch_with_key_chord_rate":0.978021978021978,"scratch_per_sec":0.6811164821456417,"scratch_burst_max_per_sec":5.0,"scratch_burst_window_sec":1.0,"scratch_notes":91,"scratch_positions":91,"total_notes":4295,"total_positions":1879,"chart_seconds":133.60416666666666},"soft":{"base_bpm":300.0,"intensity":0.0,"up_intensity":0.0,"down_intensity":0.0,"max_intensity":0.0,"max_up_intensity":0.0,"max_down_intensity":0.0,"step_frequency":0.0,"ramp_frequency":0.0,"continuity_beats":0.0,"off_base_note_ratio":0.0,"gimmick_burst_score":0.0,"max_off_base_density_per_beat":0.0,"base_mean_density_per_beat":6.426646706586826,"base_density_source":"on_base","distinct_off_base_bpm_count":0,"bpm_change_events":0,"measure_count":168},"ln":{"ln_ratio":0.0,"ln_hold_time_mean_beats":0.0,"ln_simultaneity_rate":0.0,"ln_simultaneity_weighted":0.0,"ln_count":0,"ln_positions":0,"total_notes":4295},"stair":{"stair_index":0.251863684771033,"stair_transitions":473,"eligible_transitions":1878},"peak":{"peak_local_max_density":10.0,"peak_local_max_density_per_sec":50.0,"peak_max_chord_size":7,"peak_concentration":0.47264260768335276,"total_notes":4295,"intervals":[[3084,3516],[3600,3900],[3972,4212],[4548,4884],[5328,5976],[6312,6516],[6528,6960],[7848,8040],[8064,8328],[9228,9816],[9828,10188],[10212,10800],[10908,11352],[11412,11724],[13428,13740],[17484,17676],[18036,18432],[21744,22104],[22128,22860],[22884,23532],[23700,24012],[26316,26808],[27024,27372],[27888,28776],[29652,30024],[30144,30936]]},"jack":{"jack_pairs":5,"jack_in_stream_pairs":5,"jack_outside_pairs":0,"pure_jack_per_sec":0.0,"flow_break_per_stream_sec":0.04278990158322639,"stream_seconds":116.84999999999992,"non_stream_seconds":16.754166666666734,"chart_seconds":133.60416666666666,"window_ticks":24,"min_region_sec":10.0},"distraction":{"mode_formulation":"SP","qualifying_window_count":5,"qualifying_scratches":80,"qualifying_flow_sec":101.19999999999999,"distract_density":0.790513833992095,"distract_event_per_sec":0.049407114624505935,"scratch_chord_pair_count":161,"chord_time_threshold_sec":0.01667,"min_scratches":3}},"warnings":[],"tags":["stream_heavy","stair_focused","peak_intense","burst_focused","dense_chart","fast_chart","pure_stream"],"scales":["st"]}