{"md5":"59ad85dc93073756f3d59bc5bf530898","headers":{"title":"おどれフルファイアー","artist":"kagerow / obj:MOK2","genre":"Super Bombeat","playlevel":"0","base_bpm":180.0},"mode":"SP","scope":"playable_only","scaling_mode":"p99_linear","params":{"stream_window_ticks":48,"stream_density_threshold_per_beat":4.0,"peak_window_ticks":192,"peak_min_window_notes":4,"peak_min_window_sec":0.05,"felt_bpm_trigger_eff_bpm":500.0,"felt_bpm_trigger_peak_per_sec":200.0,"felt_bpm_target_peak_per_sec":100.0,"felt_bpm_floor":30.0,"jack_window_ticks":24,"soft_burst_ref":8.0,"soft_freq_ref":0.1,"soft_burst_exp":1.5,"soft_freq_exp":1.5,"chord_time_threshold_ms":16.67,"sp_distraction_min_scratches":3,"sp_distraction_bin_sec":0.25,"sp_distraction_t_key":2,"sp_distraction_gap_bins":2,"dp_distraction_window_sec_min":0.2,"dp_distraction_window_sec_max":0.8,"stream_density_ref_per_sec":40.0,"peak_density_ref_per_sec":70.0,"chord_size_ref":3.5,"ln_simultaneity_ref":0.05,"scratch_density_ref_per_sec":1.5,"scratch_ratio_ref":0.1,"distraction_density_ref":2.0,"distraction_event_ref":0.15},"raw_axes":{"chord":1.1618773946360152,"stream":13.78292802350253,"scratch_per_sec":0.3740454049561016,"scratch_burst_max_per_sec":8.0,"scratch_max_run_sec":1.1666666666666714,"soft":0.0,"stair":0.2981783317353787,"peak":21.0,"ln_m1_short_rate_rt":0.11446833236490413,"ln_m2_density_rt":8.723948811700186,"ln_m2_burst_max_rt":192.0,"ln_m3_density_rt":11.91590493601463,"ln_m_concurrent_rt":2.308467741935484,"adv_hand_imb":0.1794871794871795,"adv_rel_pressure_1beat":0.4041025641025641,"adv_ln_hold_min_beats":0.25,"adv_ln_chord_big_rate":0.14177978883861236,"adv_ln_scatter_cv":1.9287669007410706,"distraction":1.3690061821393318},"x_chord":0.298,"x_stream":0.355,"x_scratch":0.174,"x_soft":0.0,"x_ln":0.925,"x_stair":0.845,"x_peak":0.352,"x_distraction":0.084,"ln_advanced_score":0.724,"submetrics":{"chord":{"chord_rate":0.5134099616858238,"avg_chord_size":2.263059701492537,"chord_positions":536,"total_positions":1044},"stream":{"stream_coverage":0.9024536205864752,"stream_density_mean":5.090909090909091,"stream_density_mean_per_sec":15.272727272727273,"stream_windows":41,"notes_in_stream":1508,"total_notes":1671,"intervals":[[216,300],[312,492],[564,996],[1056,1140],[1248,1380],[1536,1740],[1824,1908],[2016,2148],[2304,2532],[2724,2856],[3108,3192],[3240,3480],[3492,3864],[3876,3960],[4020,5748],[5760,7764],[7776,8148],[8160,9300],[9312,9684],[9696,12120],[12204,12288],[12396,12480],[12672,12864],[12972,13056],[13164,13248],[13440,13632],[13740,13824],[13932,14016],[14124,14208],[14316,15096],[15396,15528],[15780,15864],[15912,16152],[16164,16536],[16548,16632],[16932,17064],[17316,17400],[17448,17688],[17700,18072],[18084,18168],[18252,19296]]},"scratch":{"scratch_ratio":0.02905287623474724,"scratch_positions_ratio":0.04789272030651341,"scratch_with_key_chord_rate":1.0,"scratch_per_sec":0.3740454049561016,"scratch_burst_max_per_sec":8.0,"scratch_burst_window_sec":1.0,"scratch_max_run_sec":1.1666666666666714,"ls_count":1,"ls_per_sec":0.007480908099122032,"ls_complexity_mean":0,"scratch_notes":50,"scratch_positions":50,"total_notes":1721,"total_positions":1044,"chart_seconds":133.67361111111111},"soft":{"base_bpm":180.0,"intensity":0.0,"up_intensity":0.0,"down_intensity":0.0,"max_intensity":0.0,"max_up_intensity":0.0,"max_down_intensity":0.0,"step_frequency":0.0,"ramp_frequency":0.0,"continuity_beats":0.0,"off_base_note_ratio":0.0,"gimmick_burst_score":0.0,"max_off_base_density_per_beat":0.0,"base_mean_density_per_beat":4.279301745635911,"base_density_source":"on_base","distinct_off_base_bpm_count":0,"bpm_change_events":0,"measure_count":101},"ln":{"ln_ratio":0.5705984892504358,"ln_hold_time_mean_beats":0.8856924643584522,"ln_simultaneity_rate":0.09238814642649622,"ln_simultaneity_weighted":0.17547937245787332,"ln_count":982,"ln_count_raw":982,"ln_positions":666,"total_notes":1721,"m1_short_count_rt":197,"m1_short_rate_rt":0.11446833236490413,"m2_long_count_rt":778,"m2_density_rt":8.723948811700186,"m2_burst_max_rt":192.0,"m3_density_rt":11.91590493601463,"m_concurrent_rt":2.308467741935484,"total_long_sec":273.4999999999999,"long_active_sec":82.66666666666663,"long_hold_sec_mean":0.351542416452442,"long_hold_sec_max":1.5833333333333428,"adv_hand_imb":0.1794871794871795,"adv_rel_pressure_1beat":0.4041025641025641,"adv_ln_hold_min_beats":0.25,"adv_ln_chord_big_rate":0.14177978883861236,"adv_ln_scatter_cv":1.9287669007410706},"stair":{"stair_index":0.2981783317353787,"stair_transitions":311,"eligible_transitions":1043},"peak":{"peak_local_max_density":7.0,"peak_local_max_density_per_sec":21.0,"peak_max_chord_size":4,"peak_concentration":0.3147815679233992,"total_notes":1671,"intervals":[[528,1056],[6660,6852],[7320,7644],[7836,8028],[8220,9180],[9372,9564],[9960,10332],[10344,10644],[11904,12096],[17448,17676],[17736,18060],[18696,19260]]},"jack":{"jack_pairs":14,"jack_in_stream_pairs":14,"jack_outside_pairs":0,"pure_jack_per_sec":0.0,"flow_break_per_stream_sec":0.13364269141531324,"stream_seconds":104.75694444444444,"non_stream_seconds":28.91666666666667,"chart_seconds":133.67361111111111,"window_ticks":24,"min_region_sec":10.0},"distraction":{"mode_formulation":"SP","v3_score":1.3690061821393318,"qualifying_intervals":2,"qualifying_flow_sec":93.5,"qualifying_scratches":49,"scratch_chord_pair_count":36,"chord_time_threshold_sec":0.01667,"min_scratches":3,"bin_sec":0.25,"t_key":2,"gap_bins":2}},"warnings":["Unterminated LNOBJ LN on lane P1_SCR started at m100 pos0.25; closing at EOF","Unterminated LNOBJ LN on lane P1_KEY1 started at m100 pos0.25; closing at EOF","Unterminated LNOBJ LN on lane P1_KEY7 started at m100 pos0.25; closing at EOF","Unterminated LNOBJ LN on lane P1_KEY2 started at m99 pos0.875; closing at EOF","Unterminated LNOBJ LN on lane P1_KEY6 started at m99 pos0.875; closing at EOF","Unterminated LNOBJ LN on lane P1_KEY3 started at m100 pos0.25; closing at EOF","Unterminated LNOBJ LN on lane P1_KEY5 started at m100 pos0.25; closing at EOF","Unterminated LNOBJ LN on lane P1_KEY4 started at m100 pos0.0; closing at EOF"],"axis_intensities":{"chord":"green","stream":"green","peak":"green","scratch":"red","soft":null,"ln":"red","stair":"red","distraction":"green"},"tags":[],"scales":[]}