{"md5":"0030e052e7271ff136d9d6ccaebd3659","headers":{"title":"爽昧夢想ラバーズ [SP INSANE]","artist":"qfeileadh feat.りこりす・らぢあーた","genre":"Dreaming FutureCore Pop","playlevel":"12","base_bpm":160.0},"mode":"SP","scope":"playable_only","scaling_mode":"percentile_rank","params":{"stream_window_ticks":48,"stream_density_threshold_per_beat":4.0,"peak_window_ticks":192,"jack_window_ticks":24,"soft_burst_ref":8.0,"soft_freq_ref":0.1,"soft_burst_exp":1.5,"soft_freq_exp":1.5,"chord_time_threshold_ms":16.67,"sp_distraction_min_scratches":3,"dp_distraction_window_sec_min":0.2,"dp_distraction_window_sec_max":0.8,"stream_density_ref_per_sec":40.0,"peak_density_ref_per_sec":70.0,"chord_size_ref":3.5,"ln_simultaneity_ref":0.05,"scratch_density_ref_per_sec":1.5,"scratch_ratio_ref":0.1,"distraction_density_ref":2.0,"distraction_event_ref":0.15},"raw_axes":{"chord":1.6532663316582916,"stream":17.663012690475068,"scratch":0.025758265582655825,"soft":0.0,"ln":0.0014634146341463415,"stair":0.22132796780684105,"peak":36.666666666666664,"distraction":1.3885750156936598},"x_chord":0.37455166524338174,"x_stream":0.2341588385994876,"x_scratch":0.6795900939368061,"x_soft":0.0,"x_ln":0.8638770281810418,"x_stair":0.8934244235695986,"x_peak":0.5555935098206661,"x_distraction":0.8787361229718189,"submetrics":{"chord":{"chord_rate":0.592964824120603,"avg_chord_size":2.788135593220339,"chord_positions":590,"total_positions":995},"stream":{"stream_coverage":0.9351219512195122,"stream_density_mean":7.088974854932302,"stream_density_mean_per_sec":18.888459058671824,"stream_windows":38,"notes_in_stream":1917,"total_notes":2050,"intervals":[[1452,1535],[1560,1751],[1836,1943],[2004,2231],[2244,2327],[2352,3371],[3420,3575],[3804,3959],[3972,4055],[4140,4391],[4500,5111],[5292,5591],[5652,6167],[6180,6575],[6588,6671],[6684,6767],[6780,6863],[6876,6959],[6972,7055],[7068,7151],[7164,7247],[7260,7343],[7356,7439],[7452,7535],[7548,7631],[7644,7727],[7836,7919],[7932,8015],[8028,8687],[11508,13043],[19164,22271],[22296,22403],[22428,22655],[22668,23255],[23340,23447],[23484,23663],[23676,24383],[27036,28847]]},"scratch":{"scratch_ratio":0.05317073170731707,"scratch_positions_ratio":0.10954773869346733,"scratch_with_key_chord_rate":0.8807339449541285,"scratch_per_sec":0.48444444444444446,"scratch_burst_max_per_sec":10.0,"scratch_burst_window_sec":1.0,"scratch_notes":109,"scratch_positions":109,"total_notes":2050,"total_positions":995,"chart_seconds":225.0},"soft":{"base_bpm":160.0,"intensity":0.0,"up_intensity":0.0,"down_intensity":0.0,"max_intensity":0.0,"max_up_intensity":0.0,"max_down_intensity":0.0,"step_frequency":0.0,"ramp_frequency":0.0,"continuity_beats":0.0,"off_base_note_ratio":0.0,"gimmick_burst_score":0.0,"max_off_base_density_per_beat":0.0,"base_mean_density_per_beat":3.4066666666666667,"base_density_source":"on_base","distinct_off_base_bpm_count":0,"bpm_change_events":0,"measure_count":151},"ln":{"ln_ratio":0.005365853658536586,"ln_hold_time_mean_beats":10.181818181818182,"ln_simultaneity_rate":0.0014634146341463415,"ln_simultaneity_weighted":0.0014634146341463415,"ln_count":11,"ln_positions":7,"total_notes":2050},"stair":{"stair_index":0.22132796780684105,"stair_transitions":220,"eligible_transitions":994},"peak":{"peak_local_max_density":13.75,"peak_local_max_density_per_sec":36.666666666666664,"peak_max_chord_size":6,"peak_concentration":0.48829268292682926,"total_notes":2050,"intervals":[[2484,3047],[6276,6563],[8136,8639],[12624,12863],[19188,20399],[20448,21359],[21396,21695],[24072,24431],[27228,27923],[28176,28415],[28440,28883]]},"jack":{"jack_pairs":39,"jack_in_stream_pairs":37,"jack_outside_pairs":2,"pure_jack_per_sec":0.017718715393134,"flow_break_per_stream_sec":0.32998885172798215,"stream_seconds":112.12500000000001,"non_stream_seconds":112.87499999999999,"chart_seconds":225.0,"window_ticks":24,"min_region_sec":10.0},"distraction":{"mode_formulation":"SP","qualifying_window_count":7,"qualifying_scratches":91,"qualifying_flow_sec":66.375,"distract_density":1.3709981167608287,"distract_event_per_sec":0.10546139359698682,"scratch_chord_pair_count":128,"chord_time_threshold_sec":0.01667,"min_scratches":3}},"warnings":[],"tags":["stair_focused","scratch_burst","burst_focused"],"scales":["sl"]}