{"md5":"ded1c8b0ebe574a443670e768d4912c5","headers":{"title":"R.I.P My Pudding!","artist":"MiKaDo feat.GUMI obj:EGRET.","genre":"EUROBEAT","playlevel":"21","base_bpm":166.0},"mode":"SP","scope":"playable_only","scaling_mode":"percentile_rank","params":{"stream_window_ticks":48,"stream_density_threshold_per_beat":4.0,"peak_window_ticks":192,"jack_window_ticks":24,"soft_burst_ref":8.0,"soft_freq_ref":0.1,"soft_burst_exp":1.5,"soft_freq_exp":1.5,"chord_time_threshold_ms":16.67,"sp_distraction_min_scratches":3,"dp_distraction_window_sec_min":0.2,"dp_distraction_window_sec_max":0.8,"stream_density_ref_per_sec":40.0,"peak_density_ref_per_sec":70.0,"chord_size_ref":3.5,"ln_simultaneity_ref":0.05,"scratch_density_ref_per_sec":1.5,"scratch_ratio_ref":0.1,"distraction_density_ref":2.0,"distraction_event_ref":0.15},"raw_axes":{"chord":2.3583643122676583,"stream":30.73495691330097,"scratch":0.0032487998025321108,"soft":0.0,"ln":0.0007982969664715274,"stair":0.19122023809523808,"peak":35.275,"distraction":0.5018218218218218},"x_chord":0.7858240819812127,"x_stream":0.8836891545687446,"x_scratch":0.21161400512382578,"x_soft":0.0,"x_ln":0.8519214346712212,"x_stair":0.7784799316823228,"x_peak":0.5040136635354397,"x_distraction":0.330999146029035,"submetrics":{"chord":{"chord_rate":0.5643122676579926,"avg_chord_size":4.179183135704875,"chord_positions":759,"total_positions":1345},"stream":{"stream_coverage":0.9827035657264502,"stream_density_mean":11.30994602929838,"stream_density_mean_per_sec":31.27591878694423,"stream_windows":21,"notes_in_stream":3693,"total_notes":3758,"intervals":[[480,6767],[6780,6863],[6876,6959],[6972,7055],[7068,7151],[7164,7247],[7260,7343],[7356,7439],[7452,7535],[7548,7631],[7644,7727],[7740,7823],[7836,7919],[7932,8015],[8028,8111],[8124,9851],[9924,13079],[14376,16163],[17640,17855],[17868,19799],[20076,20159]]},"scratch":{"scratch_ratio":0.011442256519425226,"scratch_positions_ratio":0.03197026022304833,"scratch_with_key_chord_rate":0.4186046511627907,"scratch_per_sec":0.2839299920445505,"scratch_burst_max_per_sec":9.0,"scratch_burst_window_sec":1.0,"scratch_notes":43,"scratch_positions":43,"total_notes":3758,"total_positions":1345,"chart_seconds":151.44578313253012},"soft":{"base_bpm":166.0,"intensity":0.0,"up_intensity":0.0,"down_intensity":0.0,"max_intensity":0.0,"max_up_intensity":0.0,"max_down_intensity":0.0,"step_frequency":0.0,"ramp_frequency":0.0,"continuity_beats":0.0,"off_base_note_ratio":0.0,"gimmick_burst_score":0.0,"max_off_base_density_per_beat":0.0,"base_mean_density_per_beat":8.952267303102625,"base_density_source":"on_base","distinct_off_base_bpm_count":0,"bpm_change_events":0,"measure_count":105},"ln":{"ln_ratio":0.005055880787653007,"ln_hold_time_mean_beats":1.3421052631578947,"ln_simultaneity_rate":0.0007982969664715274,"ln_simultaneity_weighted":0.0007982969664715274,"ln_count":19,"ln_positions":19,"total_notes":3758},"stair":{"stair_index":0.19122023809523808,"stair_transitions":257,"eligible_transitions":1344},"peak":{"peak_local_max_density":12.75,"peak_local_max_density_per_sec":35.275,"peak_max_chord_size":8,"peak_concentration":0.7517296434273549,"total_notes":3758,"intervals":[[564,1919],[2256,2543],[2640,3791],[5148,5711],[5916,6719],[8172,8435],[9576,9791],[9984,13055],[14400,16127],[17892,19775]]},"jack":{"jack_pairs":23,"jack_in_stream_pairs":16,"jack_outside_pairs":7,"pure_jack_per_sec":0.2451476793248943,"flow_break_per_stream_sec":0.13019607843137257,"stream_seconds":122.89156626506022,"non_stream_seconds":28.554216867469904,"chart_seconds":151.44578313253012,"window_ticks":24,"min_region_sec":10.0},"distraction":{"mode_formulation":"SP","qualifying_window_count":5,"qualifying_scratches":34,"qualifying_flow_sec":100.3012048192771,"distract_density":0.338978978978979,"distract_event_per_sec":0.04984984984984985,"scratch_chord_pair_count":24,"chord_time_threshold_sec":0.01667,"min_scratches":3}},"warnings":[],"tags":["chord_heavy","stream_heavy","big_chord_burst","burst_focused","dense_chart","chord_stream"],"scales":["st"]}