{"md5":"0ab22f8cc36b18e6cce19f5f0906d71e","headers":{"title":"MooN -SP ANOTHER-","artist":"Is-m","genre":"INFINITY","playlevel":"12","base_bpm":40.0},"mode":"SP","scope":"playable_only","scaling_mode":"p99_linear","params":{"stream_window_ticks":48,"stream_density_threshold_per_beat":4.0,"peak_window_ticks":192,"peak_min_window_notes":4,"peak_min_window_sec":0.05,"felt_bpm_trigger_eff_bpm":500.0,"felt_bpm_trigger_peak_per_sec":200.0,"felt_bpm_target_peak_per_sec":100.0,"felt_bpm_floor":30.0,"jack_window_ticks":24,"soft_burst_ref":8.0,"soft_freq_ref":0.1,"soft_burst_exp":1.5,"soft_freq_exp":1.5,"chord_time_threshold_ms":16.67,"sp_distraction_min_scratches":3,"dp_distraction_window_sec_min":0.2,"dp_distraction_window_sec_max":0.8,"stream_density_ref_per_sec":40.0,"peak_density_ref_per_sec":70.0,"chord_size_ref":3.5,"ln_simultaneity_ref":0.05,"scratch_density_ref_per_sec":1.5,"scratch_ratio_ref":0.1,"distraction_density_ref":2.0,"distraction_event_ref":0.15},"raw_axes":{"chord":1.2669362992922144,"stream":17.988482701088323,"scratch":0.04637937989628351,"soft":0.00037588758737291895,"stair":0.13663967611336034,"peak":38.645833333333336,"ln_m1_short_rate_rt":0.0,"ln_m2_density_rt":0.0,"ln_m2_burst_max_rt":0.0,"ln_m3_density_rt":0.0,"ln_m_concurrent_rt":0.0,"adv_hand_imb":0.0,"adv_rel_pressure_1beat":0.0,"adv_ln_hold_min_beats":0.0,"adv_ln_chord_big_rate":0.0,"adv_ln_scatter_cv":0.0,"distraction":1.0542032005313091},"x_chord":0.324,"x_stream":0.451,"x_scratch":0.113,"x_soft":0.001,"x_ln":0.0,"x_stair":0.397,"x_peak":0.625,"x_distraction":0.246,"ln_advanced_score":0.0,"submetrics":{"chord":{"chord_rate":0.4691607684529828,"avg_chord_size":2.7004310344827585,"chord_positions":464,"total_positions":989},"stream":{"stream_coverage":0.9898762654668166,"stream_density_mean":6.160877513711152,"stream_density_mean_per_sec":18.172455819622183,"stream_windows":21,"notes_in_stream":1760,"total_notes":1778,"intervals":[[756,2160],[2220,3888],[3948,4080],[4752,7320],[7332,7512],[7524,7704],[7716,7896],[7908,8088],[8100,8280],[8292,8856],[8892,9060],[9072,9240],[9276,9444],[9456,9624],[9660,9828],[9840,10008],[10032,10116],[10164,13296],[13332,15024],[15060,15960],[15972,16548]]},"scratch":{"scratch_ratio":0.06017997750281215,"scratch_positions_ratio":0.10819009100101112,"scratch_with_key_chord_rate":0.9065420560747663,"scratch_per_sec":0.7706779201457205,"scratch_burst_max_per_sec":9.0,"scratch_burst_window_sec":1.0,"scratch_notes":107,"scratch_positions":107,"total_notes":1778,"total_positions":989,"chart_seconds":138.8388030888031},"soft":{"base_bpm":175.0,"intensity":0.01502490760083561,"up_intensity":0.011120038566607746,"down_intensity":0.0039048690342278645,"max_intensity":0.05714285714285714,"max_up_intensity":0.05714285714285714,"max_down_intensity":0.0,"step_frequency":0.02247191011235955,"ramp_frequency":0.02247191011235955,"continuity_beats":96.0,"off_base_note_ratio":0.19966254218222723,"gimmick_burst_score":0.016726997638094893,"max_off_base_density_per_beat":4.325,"base_mean_density_per_beat":5.485053037608486,"base_density_source":"on_base","distinct_off_base_bpm_count":2,"bpm_change_events":2,"measure_count":89},"ln":{"ln_ratio":0.0,"ln_hold_time_mean_beats":0.0,"ln_simultaneity_rate":0.0,"ln_simultaneity_weighted":0.0,"ln_count":0,"ln_count_raw":0,"ln_positions":0,"total_notes":1778,"m1_short_count_rt":0,"m1_short_rate_rt":0.0,"m2_long_count_rt":0,"m2_density_rt":0.0,"m2_burst_max_rt":0.0,"m3_density_rt":0.0,"m_concurrent_rt":0.0,"total_long_sec":0.0,"long_active_sec":0.0,"long_hold_sec_mean":0.0,"long_hold_sec_max":0.0,"adv_hand_imb":0.0,"adv_rel_pressure_1beat":0.0,"adv_ln_hold_min_beats":0.0,"adv_ln_chord_big_rate":0.0,"adv_ln_scatter_cv":0.0},"stair":{"stair_index":0.13663967611336034,"stair_transitions":135,"eligible_transitions":988},"peak":{"peak_local_max_density":13.25,"peak_local_max_density_per_sec":38.645833333333336,"peak_max_chord_size":7,"peak_concentration":0.3312710911136108,"total_notes":1778,"intervals":[[1932,2136],[3600,3888],[5748,6096],[8424,8772],[10716,11064],[11352,11796],[12252,12600],[12900,13356],[13380,13584],[15300,15756],[16176,16572]]},"jack":{"jack_pairs":6,"jack_in_stream_pairs":6,"jack_outside_pairs":0,"pure_jack_per_sec":0.0,"flow_break_per_stream_sec":0.05794718192674378,"stream_seconds":103.5425675675676,"non_stream_seconds":35.2962355212355,"chart_seconds":138.8388030888031,"window_ticks":24,"min_region_sec":10.0},"distraction":{"mode_formulation":"SP","qualifying_window_count":7,"qualifying_scratches":94,"qualifying_flow_sec":88.85067567567572,"distract_density":1.0579548133445877,"distract_event_per_sec":0.07878386907885228,"scratch_chord_pair_count":107,"chord_time_threshold_sec":0.01667,"min_scratches":3}},"warnings":[],"tags":[],"scales":["★"]}