{"md5":"3c9e6197ca0dbf5bba3cd1b83603643d","headers":{"title":"HAELEQUIN","artist":"orangentle / deadblue238","genre":"Dissociative Identity Disorder","playlevel":"13","base_bpm":167.0},"mode":"SP","scope":"playable_only","scaling_mode":"p99_linear","params":{"stream_window_ticks":48,"stream_density_threshold_per_beat":4.0,"peak_window_ticks":192,"jack_window_ticks":24,"soft_burst_ref":8.0,"soft_freq_ref":0.1,"soft_burst_exp":1.5,"soft_freq_exp":1.5,"chord_time_threshold_ms":16.67,"sp_distraction_min_scratches":3,"dp_distraction_window_sec_min":0.2,"dp_distraction_window_sec_max":0.8,"stream_density_ref_per_sec":40.0,"peak_density_ref_per_sec":70.0,"chord_size_ref":3.5,"ln_simultaneity_ref":0.05,"scratch_density_ref_per_sec":1.5,"scratch_ratio_ref":0.1,"distraction_density_ref":2.0,"distraction_event_ref":0.15},"raw_axes":{"chord":0.6923606331727461,"stream":16.77648667396289,"scratch":0.02359491114673568,"soft":0.03410131217577052,"ln":0.010125361620057859,"stair":0.25757575757575757,"peak":32.00833333333333,"distraction":1.217708333333333},"x_chord":0.18,"x_stream":0.41,"x_scratch":0.057,"x_soft":0.202,"x_ln":0.16,"x_stair":0.783,"x_peak":0.327,"x_distraction":0.326,"submetrics":{"chord":{"chord_rate":0.2649690295939436,"avg_chord_size":2.612987012987013,"chord_positions":385,"total_positions":1453},"stream":{"stream_coverage":0.9623915139826422,"stream_density_mean":6.437233134073441,"stream_density_mean_per_sec":17.432080842584686,"stream_windows":30,"notes_in_stream":1996,"total_notes":2074,"intervals":[[132,2579],[2628,2723],[2736,2903],[2976,3155],[3204,3359],[3384,3491],[3552,4115],[4140,4271],[4284,4367],[4380,4463],[4476,4883],[4944,5039],[5052,6503],[6516,9839],[10068,10223],[10308,10415],[10428,10607],[11280,12503],[12516,12887],[12900,12983],[12996,13079],[13092,13271],[16668,16751],[16860,16943],[17052,17135],[17256,17879],[17892,20063],[20148,20255],[20316,20447],[20484,21599]]},"scratch":{"scratch_ratio":0.04387656702025072,"scratch_positions_ratio":0.06262904335856848,"scratch_with_key_chord_rate":0.9230769230769231,"scratch_per_sec":0.5377565463552725,"scratch_burst_max_per_sec":7.0,"scratch_burst_window_sec":1.0,"scratch_notes":91,"scratch_positions":91,"total_notes":2074,"total_positions":1453,"chart_seconds":169.22155688622755},"soft":{"base_bpm":167.0,"intensity":0.024590163934426226,"up_intensity":0.0,"down_intensity":0.024590163934426226,"max_intensity":0.5,"max_up_intensity":0.0,"max_down_intensity":0.5,"step_frequency":0.017699115044247787,"ramp_frequency":0.017699115044247787,"continuity_beats":12.0,"off_base_note_ratio":0.04918032786885246,"gimmick_burst_score":1.9267241379310345,"max_off_base_density_per_beat":8.5,"base_mean_density_per_beat":4.411633109619687,"base_density_source":"on_base","distinct_off_base_bpm_count":1,"bpm_change_events":2,"measure_count":113},"ln":{"ln_ratio":0.0057859209257473485,"ln_hold_time_mean_beats":5.208333333333333,"ln_simultaneity_rate":0.010125361620057859,"ln_simultaneity_weighted":0.010125361620057859,"ln_count":12,"ln_positions":8,"total_notes":2074},"stair":{"stair_index":0.25757575757575757,"stair_transitions":374,"eligible_transitions":1452},"peak":{"peak_local_max_density":11.5,"peak_local_max_density_per_sec":32.00833333333333,"peak_max_chord_size":6,"peak_concentration":0.31485053037608485,"total_notes":2074,"intervals":[[1728,2003],[6900,7535],[7644,7967],[11292,12131],[19416,20051],[20652,21575]]},"jack":{"jack_pairs":15,"jack_in_stream_pairs":15,"jack_outside_pairs":0,"pure_jack_per_sec":0.0,"flow_break_per_stream_sec":0.12023038156947438,"stream_seconds":124.76047904191623,"non_stream_seconds":44.46107784431132,"chart_seconds":169.22155688622755,"window_ticks":24,"min_region_sec":10.0},"distraction":{"mode_formulation":"SP","qualifying_window_count":9,"qualifying_scratches":76,"qualifying_flow_sec":80.47904191616769,"distract_density":0.9443452380952378,"distract_event_per_sec":0.1118303571428571,"scratch_chord_pair_count":102,"chord_time_threshold_sec":0.01667,"min_scratches":3}},"warnings":["Unterminated LNOBJ LN on lane P1_KEY3 started at m111 pos0.875; closing at EOF","Unterminated LNOBJ LN on lane P1_KEY5 started at m111 pos0.95833333; closing at EOF","Unterminated LNOBJ LN on lane P1_SCR started at m112 pos0.0; closing at EOF"],"tags":["soflan","ln_chart","stair_focused"],"scales":["★"]}