{"md5":"42b8aae291c69e28bdebfcfbc31a0797","headers":{"title":"Amnehilesie[AbNormal]","artist":"MisomyL","genre":"La soletude","playlevel":"7","base_bpm":230.0},"mode":"SP","scope":"playable_only","scaling_mode":"reference","params":{"stream_window_ticks":48,"stream_density_threshold_per_beat":4.0,"peak_window_ticks":192,"jack_window_ticks":24,"soft_burst_ref":8.0,"soft_freq_ref":0.1,"soft_burst_exp":1.5,"soft_freq_exp":1.5,"chord_time_threshold_ms":16.67,"sp_distraction_min_scratches":3,"dp_distraction_window_sec_min":0.2,"dp_distraction_window_sec_max":0.8,"stream_density_ref_per_sec":40.0,"peak_density_ref_per_sec":70.0,"chord_size_ref":3.5,"ln_simultaneity_ref":0.05,"scratch_density_ref_per_sec":1.5,"scratch_ratio_ref":0.1,"distraction_density_ref":2.0,"distraction_event_ref":0.15},"x_chord":0.3515791839946049,"x_stream":0.3912883718650749,"x_scratch":0.06642837899647791,"x_soft":0.0,"x_ln":0.0,"x_stair":0.19055118110236222,"x_peak":0.4244047619047619,"x_distraction":0.48365472910927465,"submetrics":{"chord":{"chord_rate":0.4822974036191975,"avg_chord_size":2.5513866231647633,"chord_positions":613,"total_positions":1271},"stream":{"stream_coverage":0.828082808280828,"stream_density_mean":4.930677290836654,"stream_density_mean_per_sec":18.90092961487384,"stream_windows":56,"notes_in_stream":1840,"total_notes":2222,"intervals":[[1512,3695],[3708,3791],[3804,3887],[3996,4055],[7068,7151],[7188,7367],[7380,7535],[7572,7919],[7956,8135],[8148,8303],[8316,8495],[8508,8687],[8700,8783],[8796,8879],[8892,8975],[8988,9071],[9084,9611],[9780,9839],[9876,10223],[10236,10319],[10332,10415],[10428,10511],[10524,10607],[10620,10703],[10716,10799],[10812,10895],[10932,11759],[11772,11951],[11964,12143],[12156,12239],[12252,13307],[13344,13691],[13728,13871],[13908,14255],[14328,14411],[14748,14951],[14964,15755],[19452,19631],[19932,20015],[20316,20399],[20700,21143],[21660,21719],[22836,23015],[23028,23399],[23412,24047],[24156,24647],[24732,25031],[25116,27503],[27636,27695],[27816,28463],[28476,28559],[28572,28655],[28668,28751],[28764,29039],[29052,30575],[30684,33839]]},"scratch":{"scratch_ratio":0.029252925292529253,"scratch_positions_ratio":0.05114083398898505,"scratch_with_key_chord_rate":0.9692307692307692,"scratch_per_sec":0.34062428799270905,"scratch_burst_max_per_sec":3.0,"scratch_burst_window_sec":1.0,"scratch_notes":65,"scratch_positions":65,"total_notes":2222,"total_positions":1271,"chart_seconds":190.82608695652175},"soft":{"base_bpm":230.0,"intensity":0.0,"up_intensity":0.0,"down_intensity":0.0,"max_intensity":0.0,"max_up_intensity":0.0,"max_down_intensity":0.0,"step_frequency":0.0,"ramp_frequency":0.0,"continuity_beats":0.0,"off_base_note_ratio":0.0,"gimmick_burst_score":0.0,"max_off_base_density_per_beat":0.0,"base_mean_density_per_beat":3.0362269309637733,"base_density_source":"on_base","distinct_off_base_bpm_count":0,"bpm_change_events":0,"measure_count":183},"ln":{"ln_ratio":0.0,"ln_hold_time_mean_beats":0.0,"ln_simultaneity_rate":0.0,"ln_simultaneity_weighted":0.0,"ln_count":0,"ln_positions":0,"total_notes":2222},"stair":{"stair_index":0.19055118110236222,"stair_transitions":242,"eligible_transitions":1270},"peak":{"peak_local_max_density":7.75,"peak_local_max_density_per_sec":29.708333333333332,"peak_max_chord_size":6,"peak_concentration":0.38793879387938796,"total_notes":2222,"intervals":[[2124,3779],[9324,9599],[11340,11735],[12792,13835],[13980,14255],[15300,15767],[20916,21143],[23700,24011],[25368,25559],[25704,25931],[27228,27479],[28236,28439],[28788,28991],[29256,29723],[29772,30119],[30348,30551],[31332,31547],[32088,32459],[32652,32843],[32892,33815]]},"jack":{"jack_pairs":0,"jack_in_stream_pairs":0,"jack_outside_pairs":0,"pure_jack_per_sec":0.0,"flow_break_per_stream_sec":0.0,"stream_seconds":114.78260869565213,"non_stream_seconds":76.04347826086962,"chart_seconds":190.82608695652175,"window_ticks":24,"min_region_sec":10.0},"distraction":{"mode_formulation":"SP","qualifying_window_count":4,"qualifying_scratches":23,"qualifying_flow_sec":39.45652173913043,"distract_density":0.5829201101928375,"distract_event_per_sec":0.10137741046831956,"scratch_chord_pair_count":88,"chord_time_threshold_sec":0.01667,"min_scratches":3}},"warnings":[],"tags":["fast_chart"],"scales":["sl"]}