{"md5":"c28163c1ebf96db393842dccf998de92","headers":{"title":"World See Night[blissful]","artist":"CYLTIE.","genre":"J-Core","playlevel":"14","base_bpm":215.0},"mode":"SP","scope":"playable_only","scaling_mode":"p99_linear","params":{"stream_window_ticks":48,"stream_density_threshold_per_beat":4.0,"peak_window_ticks":192,"peak_min_window_notes":4,"peak_min_window_sec":0.05,"felt_bpm_trigger_eff_bpm":500.0,"felt_bpm_trigger_peak_per_sec":200.0,"felt_bpm_target_peak_per_sec":100.0,"felt_bpm_floor":30.0,"jack_window_ticks":24,"soft_burst_ref":8.0,"soft_freq_ref":0.1,"soft_burst_exp":1.5,"soft_freq_exp":1.5,"chord_time_threshold_ms":16.67,"sp_distraction_min_scratches":3,"sp_distraction_bin_sec":0.25,"sp_distraction_t_key":2,"sp_distraction_gap_bins":2,"dp_distraction_window_sec_min":0.2,"dp_distraction_window_sec_max":0.8,"stream_density_ref_per_sec":40.0,"peak_density_ref_per_sec":70.0,"chord_size_ref":3.5,"ln_simultaneity_ref":0.05,"scratch_density_ref_per_sec":1.5,"scratch_ratio_ref":0.1,"distraction_density_ref":2.0,"distraction_event_ref":0.15},"raw_axes":{"chord":1.598962834917891,"stream":20.509336873118233,"scratch_per_sec":0.6658985113149284,"scratch_burst_max_per_sec":6.0,"scratch_max_run_sec":1.3953488372092977,"soft":0.0,"stair":0.1923743500866551,"peak":33.145833333333336,"ln_m1_short_rate_rt":0.0,"ln_m2_density_rt":8.053264604811025,"ln_m2_burst_max_rt":45.0,"ln_m3_density_rt":8.053264604811025,"ln_m_concurrent_rt":0.23566878980891612,"adv_hand_imb":0.2727272727272727,"adv_rel_pressure_1beat":0.7272727272727273,"adv_ln_hold_min_beats":1.75,"adv_ln_chord_big_rate":0.0,"adv_ln_scatter_cv":1.913553140121547,"distraction":3.266073650735125},"x_chord":0.411,"x_stream":0.529,"x_scratch":0.15,"x_soft":0.0,"x_ln":0.771,"x_stair":0.545,"x_peak":0.556,"x_distraction":0.201,"ln_advanced_score":0.618,"submetrics":{"chord":{"chord_rate":0.6456352636127917,"avg_chord_size":2.4765729585006695,"chord_positions":747,"total_positions":1157},"stream":{"stream_coverage":0.9540441176470589,"stream_density_mean":5.999236058059587,"stream_density_mean_per_sec":21.497262541380188,"stream_windows":27,"notes_in_stream":2076,"total_notes":2176,"intervals":[[888,972],[1680,3084],[3096,3156],[3168,3228],[3264,3744],[3828,3936],[4032,4512],[4524,4704],[4716,5280],[5292,5472],[5484,6240],[6252,7140],[7284,7716],[7728,8352],[8364,9120],[9132,9888],[9900,10848],[10860,10968],[11664,11760],[12432,13848],[13872,14496],[14508,15264],[15276,16992],[17004,18048],[18060,18144],[18156,20184],[20856,21720]]},"scratch":{"scratch_ratio":0.03716814159292035,"scratch_positions_ratio":0.07260155574762317,"scratch_with_key_chord_rate":0.9761904761904762,"scratch_per_sec":0.6658985113149284,"scratch_burst_max_per_sec":6.0,"scratch_burst_window_sec":1.0,"scratch_max_run_sec":1.3953488372092977,"ls_count":0,"ls_per_sec":0.0,"ls_complexity_mean":0.0,"scratch_notes":84,"scratch_positions":84,"total_notes":2260,"total_positions":1157,"chart_seconds":126.1453488372093},"soft":{"base_bpm":215.0,"intensity":0.0,"up_intensity":0.0,"down_intensity":0.0,"max_intensity":0.0,"max_up_intensity":0.0,"max_down_intensity":0.0,"step_frequency":0.0,"ramp_frequency":0.0,"continuity_beats":0.0,"off_base_note_ratio":0.0,"gimmick_burst_score":0.0,"max_off_base_density_per_beat":0.0,"base_mean_density_per_beat":4.997787610619469,"base_density_source":"on_base","distinct_off_base_bpm_count":0,"bpm_change_events":0,"measure_count":114},"ln":{"ln_ratio":0.0048672566371681415,"ln_hold_time_mean_beats":4.409090909090909,"ln_simultaneity_rate":0.010176991150442478,"ln_simultaneity_weighted":0.010176991150442478,"ln_count":11,"ln_count_raw":11,"ln_positions":11,"total_notes":2260,"m1_short_count_rt":0,"m1_short_rate_rt":0.0,"m2_long_count_rt":11,"m2_density_rt":8.053264604811025,"m2_burst_max_rt":45.0,"m3_density_rt":8.053264604811025,"m_concurrent_rt":0.23566878980891612,"total_long_sec":13.534883720930186,"long_active_sec":10.953488372092995,"long_hold_sec_mean":1.2304439746300169,"long_hold_sec_max":3.2093023255813904,"adv_hand_imb":0.2727272727272727,"adv_rel_pressure_1beat":0.7272727272727273,"adv_ln_hold_min_beats":1.75,"adv_ln_chord_big_rate":0.0,"adv_ln_scatter_cv":1.913553140121547},"stair":{"stair_index":0.1923743500866551,"stair_transitions":222,"eligible_transitions":1154},"peak":{"peak_local_max_density":9.25,"peak_local_max_density_per_sec":33.145833333333336,"peak_max_chord_size":4,"peak_concentration":0.4306066176470588,"total_notes":2176,"intervals":[[2148,2520],[7440,7728],[7740,7980],[8004,8316],[8772,9084],[9660,9852],[10032,10224],[10572,10764],[13044,13428],[13464,13860],[13896,14100],[15684,15996],[16056,16428],[17388,17964],[18432,18732],[18900,19092],[19116,19344],[19476,20208],[20940,21744]]},"jack":{"jack_pairs":11,"jack_in_stream_pairs":3,"jack_outside_pairs":8,"pure_jack_per_sec":0.3257575757575759,"flow_break_per_stream_sec":0.02953127682710467,"stream_seconds":101.58720930232559,"non_stream_seconds":24.558139534883708,"chart_seconds":126.1453488372093,"window_ticks":24,"min_region_sec":10.0},"distraction":{"mode_formulation":"SP","v3_score":3.266073650735125,"qualifying_intervals":2,"qualifying_flow_sec":101.5,"qualifying_scratches":83,"scratch_chord_pair_count":94,"chord_time_threshold_sec":0.01667,"min_scratches":3,"bin_sec":0.25,"t_key":2,"gap_bins":2}},"warnings":[],"axis_intensities":{"chord":"yellow","stream":"yellow","peak":"yellow","scratch":"yellow","soft":null,"ln":"yellow","stair":"red","distraction":"yellow"},"tags":[],"scales":["sl"]}