{"md5":"8a0a884357263b3403da4fc927a66a63","headers":{"title":"Kiss me, please.","artist":"Yu^ta feat. みずにんじん / obj:七海","genre":"Nitrous Oxide","playlevel":"25","base_bpm":130.0},"mode":"SP","scope":"playable_only","scaling_mode":"p99_linear","params":{"stream_window_ticks":48,"stream_density_threshold_per_beat":4.0,"peak_window_ticks":192,"peak_min_window_notes":4,"peak_min_window_sec":0.05,"felt_bpm_trigger_eff_bpm":500.0,"felt_bpm_trigger_peak_per_sec":200.0,"felt_bpm_target_peak_per_sec":100.0,"felt_bpm_floor":30.0,"jack_window_ticks":24,"soft_burst_ref":8.0,"soft_freq_ref":0.1,"soft_burst_exp":1.5,"soft_freq_exp":1.5,"chord_time_threshold_ms":16.67,"sp_distraction_min_scratches":3,"dp_distraction_window_sec_min":0.2,"dp_distraction_window_sec_max":0.8,"stream_density_ref_per_sec":40.0,"peak_density_ref_per_sec":70.0,"chord_size_ref":3.5,"ln_simultaneity_ref":0.05,"scratch_density_ref_per_sec":1.5,"scratch_ratio_ref":0.1,"distraction_density_ref":2.0,"distraction_event_ref":0.15},"raw_axes":{"chord":3.3692307692307693,"stream":25.874560499363003,"scratch":0.00218508394696737,"soft":0.0012717028862086843,"ln":0.0,"stair":0.2756849315068493,"peak":35.20833333333333,"distraction":0.28831226436016855,"pure_jack_raw":0.0,"flow_break_raw":0.01249666545143565},"x_chord":0.849,"x_stream":0.645,"x_scratch":0.005,"x_soft":0.005,"x_ln":0.0,"x_stair":0.813,"x_peak":0.568,"x_distraction":0.076,"jack_signal":0.012,"noise_budget":0.098,"submetrics":{"chord":{"chord_rate":0.9162393162393162,"avg_chord_size":3.6772388059701493,"chord_positions":536,"total_positions":585},"stream":{"stream_coverage":0.9925742574257426,"stream_density_mean":12.042553191489361,"stream_density_mean_per_sec":26.068135764944273,"stream_windows":11,"notes_in_stream":2005,"total_notes":2020,"intervals":[[348,1752],[1884,7896],[8028,8160],[8220,8328],[8436,8544],[8604,8712],[8820,8928],[8988,9096],[9132,9240],[9252,9312],[9348,9432]]},"scratch":{"scratch_ratio":0.009900990099009901,"scratch_positions_ratio":0.03418803418803419,"scratch_with_key_chord_rate":0.95,"scratch_per_sec":0.22069347864370437,"scratch_burst_max_per_sec":5.0,"scratch_burst_window_sec":1.0,"scratch_notes":20,"scratch_positions":20,"total_notes":2020,"total_positions":585,"chart_seconds":90.6234299396256},"soft":{"base_bpm":130.0,"intensity":0.0007616146230007616,"up_intensity":0.0,"down_intensity":0.0007616146230007616,"max_intensity":0.23076923076923078,"max_up_intensity":0.0,"max_down_intensity":0.23076923076923078,"step_frequency":0.12244897959183673,"ramp_frequency":0.02040816326530612,"continuity_beats":5.5,"off_base_note_ratio":0.006930693069306931,"gimmick_burst_score":0.010385573570704255,"max_off_base_density_per_beat":4.0,"base_mean_density_per_beat":10.536842105263158,"base_density_source":"on_base","distinct_off_base_bpm_count":6,"bpm_change_events":6,"measure_count":49},"ln":{"ln_ratio":0.0,"ln_hold_time_mean_beats":0.0,"ln_simultaneity_rate":0.0,"ln_simultaneity_weighted":0.0,"ln_count":0,"ln_positions":0,"total_notes":2020},"stair":{"stair_index":0.2756849315068493,"stair_transitions":161,"eligible_transitions":584},"peak":{"peak_local_max_density":16.25,"peak_local_max_density_per_sec":35.20833333333333,"peak_max_chord_size":8,"peak_concentration":0.5955445544554455,"total_notes":2020,"intervals":[[2076,2400],[2844,3168],[3444,4152],[4212,4704],[4980,5184],[5364,5856],[5868,6240],[6348,6552],[7176,7872]]},"jack":{"jack_pairs":1,"jack_in_stream_pairs":1,"jack_outside_pairs":0,"pure_jack_per_sec":0.0,"flow_break_per_stream_sec":0.01249666545143565,"stream_seconds":80.02134680536858,"non_stream_seconds":10.602083134257015,"chart_seconds":90.6234299396256,"window_ticks":24,"min_region_sec":10.0},"distraction":{"mode_formulation":"SP","qualifying_window_count":1,"qualifying_scratches":20,"qualifying_flow_sec":57.80769230769231,"distract_density":0.34597471723220224,"distract_event_per_sec":0.017298735861610112,"scratch_chord_pair_count":33,"chord_time_threshold_sec":0.01667,"min_scratches":3}},"warnings":[],"tags":["chord_heavy","stair_focused","big_chord_burst","burst_focused","dense_chart"],"scales":["st"]}