{"md5":"04a3d255faa0debb2c3c22841aaafec8","headers":{"title":"SAKURAnightmare","artist":"ZUN remixed by Tiv / Illustration:雨水","genre":"SPEED HARDCORE","playlevel":"0","base_bpm":205.0},"mode":"SP","scope":"playable_only","scaling_mode":"p99_linear","params":{"stream_window_ticks":48,"stream_density_threshold_per_beat":4.0,"peak_window_ticks":192,"peak_min_window_notes":4,"felt_bpm_trigger_eff_bpm":500.0,"felt_bpm_trigger_peak_per_sec":200.0,"felt_bpm_target_peak_per_sec":100.0,"felt_bpm_floor":30.0,"jack_window_ticks":24,"soft_burst_ref":8.0,"soft_freq_ref":0.1,"soft_burst_exp":1.5,"soft_freq_exp":1.5,"chord_time_threshold_ms":16.67,"sp_distraction_min_scratches":3,"dp_distraction_window_sec_min":0.2,"dp_distraction_window_sec_max":0.8,"stream_density_ref_per_sec":40.0,"peak_density_ref_per_sec":70.0,"chord_size_ref":3.5,"ln_simultaneity_ref":0.05,"scratch_density_ref_per_sec":1.5,"scratch_ratio_ref":0.1,"distraction_density_ref":2.0,"distraction_event_ref":0.15},"raw_axes":{"chord":1.4511363636363634,"stream":24.492942472140133,"scratch":0.027407477075832583,"soft":0.0,"ln":0.0,"stair":0.1267765776009096,"peak":37.583333333333336,"distraction":0.8747575505680243},"x_chord":0.377,"x_stream":0.608,"x_scratch":0.066,"x_soft":0.0,"x_ln":0.0,"x_stair":0.385,"x_peak":0.457,"x_distraction":0.236,"submetrics":{"chord":{"chord_rate":0.5573863636363636,"avg_chord_size":2.603465851172273,"chord_positions":981,"total_positions":1760},"stream":{"stream_coverage":0.9786978697869787,"stream_density_mean":7.324697754749568,"stream_density_mean_per_sec":25.026050662061024,"stream_windows":35,"notes_in_stream":3262,"total_notes":3333,"intervals":[[348,3491],[3612,6743],[6876,10031],[10128,10211],[10272,10403],[10512,10595],[10656,13091],[13104,13175],[13200,13271],[13356,13535],[13548,13631],[13764,13847],[13860,13943],[13956,14015],[14052,14135],[14148,14303],[14340,14399],[14436,14627],[14700,14783],[14820,14879],[14892,15071],[15084,15167],[15216,15287],[15300,15383],[15396,15455],[15492,15551],[15564,15647],[15684,16151],[16296,19439],[19488,19679],[19692,19823],[19908,20063],[20076,20207],[20220,20447],[20460,24227]]},"scratch":{"scratch_ratio":0.0351035103510351,"scratch_positions_ratio":0.06647727272727273,"scratch_with_key_chord_rate":0.9914529914529915,"scratch_per_sec":0.78076171875,"scratch_burst_max_per_sec":4.0,"scratch_burst_window_sec":1.0,"scratch_notes":117,"scratch_positions":117,"total_notes":3333,"total_positions":1760,"chart_seconds":149.85365853658536},"soft":{"base_bpm":205.0,"intensity":0.0,"up_intensity":0.0,"down_intensity":0.0,"max_intensity":0.0,"max_up_intensity":0.0,"max_down_intensity":0.0,"step_frequency":0.0,"ramp_frequency":0.0,"continuity_beats":0.0,"off_base_note_ratio":0.0,"gimmick_burst_score":0.0,"max_off_base_density_per_beat":0.0,"base_mean_density_per_beat":6.505859375,"base_density_source":"on_base","distinct_off_base_bpm_count":0,"bpm_change_events":0,"measure_count":129},"ln":{"ln_ratio":0.0027002700270027003,"ln_hold_time_mean_beats":0.4166666666666667,"ln_simultaneity_rate":0.0,"ln_simultaneity_weighted":0.0,"ln_count":9,"ln_positions":7,"total_notes":3333},"stair":{"stair_index":0.1267765776009096,"stair_transitions":223,"eligible_transitions":1759},"peak":{"peak_local_max_density":11.0,"peak_local_max_density_per_sec":37.583333333333336,"peak_max_chord_size":5,"peak_concentration":0.3234323432343234,"total_notes":3333,"intervals":[[8232,8615],[9036,9395],[9408,9995],[12864,13067],[16656,16847],[16896,17255],[17424,18023],[18192,18383],[18432,19355],[21000,21227],[21780,21983],[22236,22511],[23316,23579],[23592,24215]]},"jack":{"jack_pairs":6,"jack_in_stream_pairs":6,"jack_outside_pairs":0,"pure_jack_per_sec":0.0,"flow_break_per_stream_sec":0.04415724286483576,"stream_seconds":135.8780487804878,"non_stream_seconds":13.975609756097555,"chart_seconds":149.85365853658536,"window_ticks":24,"min_region_sec":10.0},"distraction":{"mode_formulation":"SP","qualifying_window_count":7,"qualifying_scratches":112,"qualifying_flow_sec":117.3658536585366,"distract_density":0.9542809642560265,"distract_event_per_sec":0.059642560266001655,"scratch_chord_pair_count":151,"chord_time_threshold_sec":0.01667,"min_scratches":3}},"warnings":["Unterminated LNOBJ LN on lane P1_KEY1 started at m128 pos0.0; closing at EOF","Unterminated LNOBJ LN on lane P1_KEY5 started at m125 pos0.91666667; closing at EOF","Unterminated LNOBJ LN on lane P1_KEY7 started at m126 pos0.0; closing at EOF","Unterminated LNOBJ LN on lane P1_KEY3 started at m128 pos0.0; closing at EOF","Unterminated LNOBJ LN on lane P1_KEY2 started at m125 pos0.79166667; closing at EOF","Unterminated LNOBJ LN on lane P1_KEY4 started at m125 pos0.875; closing at EOF","Unterminated LNOBJ LN on lane P1_KEY6 started at m125 pos0.95833333; closing at EOF","Unterminated LNOBJ LN on lane P1_SCR started at m126 pos0.0; closing at EOF"],"tags":["dense_chart","fast_chart"],"scales":["st"]}