{"md5":"4ff9273ec8a50883d701f00e0c64504a","headers":{"title":"Memory of Paradise[INSANE]","artist":"69 de 74","genre":"SUMMER FUSION","playlevel":"12","base_bpm":138.0},"mode":"SP","scope":"playable_only","scaling_mode":"p99_linear","params":{"stream_window_ticks":48,"stream_density_threshold_per_beat":4.0,"peak_window_ticks":192,"peak_min_window_notes":4,"peak_min_window_sec":0.05,"felt_bpm_trigger_eff_bpm":500.0,"felt_bpm_trigger_peak_per_sec":200.0,"felt_bpm_target_peak_per_sec":100.0,"felt_bpm_floor":30.0,"jack_window_ticks":24,"soft_burst_ref":8.0,"soft_freq_ref":0.1,"soft_burst_exp":1.5,"soft_freq_exp":1.5,"chord_time_threshold_ms":16.67,"sp_distraction_min_scratches":3,"dp_distraction_window_sec_min":0.2,"dp_distraction_window_sec_max":0.8,"stream_density_ref_per_sec":40.0,"peak_density_ref_per_sec":70.0,"chord_size_ref":3.5,"ln_simultaneity_ref":0.05,"scratch_density_ref_per_sec":1.5,"scratch_ratio_ref":0.1,"distraction_density_ref":2.0,"distraction_event_ref":0.15},"raw_axes":{"chord":1.547144754316069,"stream":13.836041075126493,"scratch":0.0919435332666315,"soft":0.0,"ln":0.02911978821972204,"stair":0.11569148936170212,"peak":20.125,"distraction":1.1149882903981265},"x_chord":0.402,"x_stream":0.343,"x_scratch":0.222,"x_soft":0.0,"x_ln":0.461,"x_stair":0.352,"x_peak":0.239,"x_distraction":0.301,"submetrics":{"chord":{"chord_rate":0.5405046480743692,"avg_chord_size":2.8624078624078626,"chord_positions":407,"total_positions":753},"stream":{"stream_coverage":0.9662475181998676,"stream_density_mean":6.239154616240267,"stream_density_mean_per_sec":14.319354838709678,"stream_windows":20,"notes_in_stream":1460,"total_notes":1511,"intervals":[[156,3395],[3420,3503],[3552,3779],[3804,4163],[4188,4271],[4284,6371],[6468,6515],[6600,6719],[6852,6899],[6948,6995],[7020,7127],[7200,7295],[7392,7907],[8004,8051],[8136,8255],[8388,8435],[8484,8531],[8556,9059],[9204,12899],[13032,13271]]},"scratch":{"scratch_ratio":0.08537392455327597,"scratch_positions_ratio":0.17131474103585656,"scratch_with_key_chord_rate":0.9612403100775194,"scratch_per_sec":1.076950998185118,"scratch_burst_max_per_sec":4.0,"scratch_burst_window_sec":1.0,"scratch_notes":129,"scratch_positions":129,"total_notes":1511,"total_positions":753,"chart_seconds":119.78260869565217},"soft":{"base_bpm":138.0,"intensity":0.0,"up_intensity":0.0,"down_intensity":0.0,"max_intensity":0.0,"max_up_intensity":0.0,"max_down_intensity":0.0,"step_frequency":0.0,"ramp_frequency":0.0,"continuity_beats":0.0,"off_base_note_ratio":0.0,"gimmick_burst_score":0.0,"max_off_base_density_per_beat":0.0,"base_mean_density_per_beat":5.462794918330308,"base_density_source":"on_base","distinct_off_base_bpm_count":0,"bpm_change_events":0,"measure_count":69},"ln":{"ln_ratio":0.03309066843150232,"ln_hold_time_mean_beats":0.87,"ln_simultaneity_rate":0.02911978821972204,"ln_simultaneity_weighted":0.02911978821972204,"ln_count":50,"ln_positions":44,"total_notes":1511},"stair":{"stair_index":0.11569148936170212,"stair_transitions":87,"eligible_transitions":752},"peak":{"peak_local_max_density":8.75,"peak_local_max_density_per_sec":20.125,"peak_max_chord_size":6,"peak_concentration":0.6399735274652548,"total_notes":1511,"intervals":[[348,659],[732,1067],[1248,1847],[1884,2195],[2268,2603],[2784,3323],[4596,4919],[5856,6143],[7584,7871],[8616,9035],[9204,9875],[9912,10283],[10464,11411],[11448,11819],[12420,12899],[13020,13283]]},"jack":{"jack_pairs":17,"jack_in_stream_pairs":17,"jack_outside_pairs":0,"pure_jack_per_sec":0.0,"flow_break_per_stream_sec":0.1600818833162743,"stream_seconds":106.19565217391305,"non_stream_seconds":13.586956521739125,"chart_seconds":119.78260869565217,"window_ticks":24,"min_region_sec":10.0},"distraction":{"mode_formulation":"SP","qualifying_window_count":6,"qualifying_scratches":127,"qualifying_flow_sec":92.82608695652173,"distract_density":1.3681498829039813,"distract_event_per_sec":0.06463700234192038,"scratch_chord_pair_count":192,"chord_time_threshold_sec":0.01667,"min_scratches":3}},"warnings":["Unterminated LNOBJ LN on lane P1_KEY1 started at m68 pos0.875; closing at EOF","Unterminated LNOBJ LN on lane P1_SCR started at m68 pos0.875; closing at EOF","Unterminated LNOBJ LN on lane P1_KEY7 started at m68 pos0.875; closing at EOF","Unterminated LNOBJ LN on lane P1_KEY3 started at m68 pos0.75; closing at EOF","Unterminated LNOBJ LN on lane P1_KEY5 started at m68 pos0.75; closing at EOF","Unterminated LNOBJ LN on lane P1_KEY2 started at m68 pos0.875; closing at EOF","Unterminated LNOBJ LN on lane P1_KEY6 started at m68 pos0.875; closing at EOF","Unterminated LNOBJ LN on lane P1_KEY4 started at m68 pos0.875; closing at EOF"],"tags":["scratch_active","ln_chart","burst_focused"],"scales":["sl"]}