{"md5":"92ff773f69e452df0784064d3dd29fb7","headers":{"title":"Paracelestia","artist":"Nego_tiator","genre":"Floor NaN","playlevel":"7","base_bpm":184.0},"mode":"SP","scope":"playable_only","scaling_mode":"p99_linear","params":{"stream_window_ticks":48,"stream_density_threshold_per_beat":4.0,"peak_window_ticks":192,"peak_min_window_notes":4,"peak_min_window_sec":0.05,"felt_bpm_trigger_eff_bpm":500.0,"felt_bpm_trigger_peak_per_sec":200.0,"felt_bpm_target_peak_per_sec":100.0,"felt_bpm_floor":30.0,"jack_window_ticks":24,"soft_burst_ref":8.0,"soft_freq_ref":0.1,"soft_burst_exp":1.5,"soft_freq_exp":1.5,"chord_time_threshold_ms":16.67,"sp_distraction_min_scratches":3,"sp_distraction_bin_sec":0.25,"sp_distraction_t_key":2,"sp_distraction_gap_bins":2,"dp_distraction_window_sec_min":0.2,"dp_distraction_window_sec_max":0.8,"stream_density_ref_per_sec":40.0,"peak_density_ref_per_sec":70.0,"chord_size_ref":3.5,"ln_simultaneity_ref":0.05,"scratch_density_ref_per_sec":1.5,"scratch_ratio_ref":0.1,"distraction_density_ref":2.0,"distraction_event_ref":0.15},"raw_axes":{"chord":2.0519031141868513,"stream":18.4535143878606,"scratch_per_sec":0.8910880665368216,"scratch_burst_max_per_sec":4.0,"scratch_max_run_sec":12.554347826086946,"soft":0.0,"stair":0.21552723059096177,"peak":32.2,"ln_m1_short_rate_rt":0.0,"ln_m2_density_rt":36.477192982456245,"ln_m2_burst_max_rt":78.0,"ln_m3_density_rt":36.477192982456245,"ln_m_concurrent_rt":0.0,"adv_hand_imb":0.7142857142857143,"adv_rel_pressure_1beat":1.0,"adv_ln_hold_min_beats":0.75,"adv_ln_chord_big_rate":0.0,"adv_ln_scatter_cv":2.2113988512871368,"distraction":5.214802337211139},"x_chord":0.527,"x_stream":0.476,"x_scratch":0.177,"x_soft":0.0,"x_ln":0.723,"x_stair":0.611,"x_peak":0.54,"x_distraction":0.32,"ln_advanced_score":0.679,"submetrics":{"chord":{"chord_rate":0.5870818915801614,"avg_chord_size":3.495088408644401,"chord_positions":509,"total_positions":867},"stream":{"stream_coverage":0.9510385756676558,"stream_density_mean":6.327241079199304,"stream_density_mean_per_sec":19.40353930954453,"stream_windows":19,"notes_in_stream":1923,"total_notes":2022,"intervals":[[636,1368],[1476,2304],[2316,3552],[3564,10944],[11208,11376],[11640,11724],[12024,12132],[12408,12492],[12792,13056],[13068,13440],[13452,14616],[14652,15576],[15588,15648],[15660,17520],[17784,17868],[18168,18276],[18552,18660],[18756,18816],[18936,19008]]},"scratch":{"scratch_ratio":0.05381375760411792,"scratch_positions_ratio":0.13264129181084197,"scratch_with_key_chord_rate":0.9739130434782609,"scratch_per_sec":0.8910880665368216,"scratch_burst_max_per_sec":4.0,"scratch_burst_window_sec":1.0,"scratch_max_run_sec":12.554347826086946,"ls_count":0,"ls_per_sec":0.0,"ls_complexity_mean":0.0,"scratch_notes":115,"scratch_positions":115,"total_notes":2137,"total_positions":867,"chart_seconds":129.05570652173913},"soft":{"base_bpm":184.0,"intensity":0.0,"up_intensity":0.0,"down_intensity":0.0,"max_intensity":0.0,"max_up_intensity":0.0,"max_down_intensity":0.0,"step_frequency":0.0,"ramp_frequency":0.0,"continuity_beats":0.0,"off_base_note_ratio":0.0,"gimmick_burst_score":0.0,"max_off_base_density_per_beat":0.0,"base_mean_density_per_beat":5.397346809854707,"base_density_source":"on_base","distinct_off_base_bpm_count":0,"bpm_change_events":0,"measure_count":99},"ln":{"ln_ratio":0.003275620028076743,"ln_hold_time_mean_beats":1.3571428571428572,"ln_simultaneity_rate":0.004211511464670099,"ln_simultaneity_weighted":0.004211511464670099,"ln_count":7,"ln_count_raw":7,"ln_positions":7,"total_notes":2137,"m1_short_count_rt":0,"m1_short_rate_rt":0.0,"m2_long_count_rt":7,"m2_density_rt":36.477192982456245,"m2_burst_max_rt":78.0,"m3_density_rt":36.477192982456245,"m_concurrent_rt":0.0,"total_long_sec":3.0978260869565126,"long_active_sec":3.0978260869565126,"long_hold_sec_mean":0.4425465838509304,"long_hold_sec_max":1.0597826086956523,"adv_hand_imb":0.7142857142857143,"adv_rel_pressure_1beat":1.0,"adv_ln_hold_min_beats":0.75,"adv_ln_chord_big_rate":0.0,"adv_ln_scatter_cv":2.2113988512871368},"stair":{"stair_index":0.21552723059096177,"stair_transitions":186,"eligible_transitions":863},"peak":{"peak_local_max_density":10.5,"peak_local_max_density_per_sec":32.2,"peak_max_chord_size":6,"peak_concentration":0.304648862512364,"total_notes":2022,"intervals":[[1500,1704],[2628,3060],[7368,7560],[7608,7944],[8580,9048],[9156,9360],[14064,14424],[15756,17580]]},"jack":{"jack_pairs":13,"jack_in_stream_pairs":11,"jack_outside_pairs":2,"pure_jack_per_sec":0.08888888888888884,"flow_break_per_stream_sec":0.10323238763149507,"stream_seconds":106.55570652173911,"non_stream_seconds":22.500000000000014,"chart_seconds":129.05570652173913,"window_ticks":24,"min_region_sec":10.0},"distraction":{"mode_formulation":"SP","v3_score":5.214802337211139,"qualifying_intervals":2,"qualifying_flow_sec":115.25,"qualifying_scratches":113,"scratch_chord_pair_count":213,"chord_time_threshold_sec":0.01667,"min_scratches":3,"bin_sec":0.25,"t_key":2,"gap_bins":2}},"warnings":[],"axis_intensities":{"chord":"yellow","stream":"yellow","peak":"yellow","scratch":"red","soft":null,"ln":"yellow","stair":"red","distraction":"red"},"tags":[],"scales":["sl"]}