{"md5":"f2bdcff337e01e741c293a0843684a6c","headers":{"title":"見送る一星、無我のソラ","artist":"Setca. & みーに feat. 初音ミク","genre":"ARTCORE","playlevel":"0","base_bpm":194.0},"mode":"SP","scope":"playable_only","scaling_mode":"p99_linear","params":{"stream_window_ticks":48,"stream_density_threshold_per_beat":4.0,"peak_window_ticks":192,"peak_min_window_notes":4,"peak_min_window_sec":0.05,"felt_bpm_trigger_eff_bpm":500.0,"felt_bpm_trigger_peak_per_sec":200.0,"felt_bpm_target_peak_per_sec":100.0,"felt_bpm_floor":30.0,"jack_window_ticks":24,"soft_burst_ref":8.0,"soft_freq_ref":0.1,"soft_burst_exp":1.5,"soft_freq_exp":1.5,"chord_time_threshold_ms":16.67,"sp_distraction_min_scratches":3,"sp_distraction_bin_sec":0.25,"sp_distraction_t_key":2,"sp_distraction_gap_bins":2,"dp_distraction_window_sec_min":0.2,"dp_distraction_window_sec_max":0.8,"stream_density_ref_per_sec":40.0,"peak_density_ref_per_sec":70.0,"chord_size_ref":3.5,"ln_simultaneity_ref":0.05,"scratch_density_ref_per_sec":1.5,"scratch_ratio_ref":0.1,"distraction_density_ref":2.0,"distraction_event_ref":0.15},"raw_axes":{"chord":2.480682839173405,"stream":31.35404378293544,"scratch_per_sec":0.6907237330248365,"scratch_burst_max_per_sec":5.0,"scratch_max_run_sec":1.8556701030927911,"soft":0.0,"stair":0.12342342342342343,"peak":42.03333333333333,"ln_m1_short_rate_rt":0.0,"ln_m2_density_rt":0.0,"ln_m2_burst_max_rt":0.0,"ln_m3_density_rt":0.0,"ln_m_concurrent_rt":1.5257986757391715,"adv_hand_imb":0.22580645161290322,"adv_rel_pressure_1beat":0.6129032258064516,"adv_ln_hold_min_beats":1.375,"adv_ln_chord_big_rate":0.875,"adv_ln_scatter_cv":2.3098633617597386,"distraction":4.666059260327353},"x_chord":0.637,"x_stream":0.809,"x_scratch":0.134,"x_soft":0.0,"x_ln":0.517,"x_stair":0.35,"x_peak":0.705,"x_distraction":0.287,"ln_advanced_score":0.723,"submetrics":{"chord":{"chord_rate":0.7044025157232704,"avg_chord_size":3.5216836734693877,"chord_positions":784,"total_positions":1113},"stream":{"stream_coverage":0.945260347129506,"stream_density_mean":10.258683729433272,"stream_density_mean_per_sec":33.16974405850091,"stream_windows":18,"notes_in_stream":2832,"total_notes":2996,"intervals":[[336,396],[1692,3432],[3444,3504],[3804,3888],[4176,4272],[4380,4440],[4572,4656],[4740,4872],[4932,6648],[6684,6840],[6876,7032],[7068,7416],[7452,7608],[7644,7800],[7836,8052],[8628,9528],[9564,15672],[17052,18792]]},"scratch":{"scratch_ratio":0.030420711974110032,"scratch_positions_ratio":0.08445642407906559,"scratch_with_key_chord_rate":0.9787234042553191,"scratch_per_sec":0.6907237330248365,"scratch_burst_max_per_sec":5.0,"scratch_burst_window_sec":1.0,"scratch_max_run_sec":1.8556701030927911,"ls_count":0,"ls_per_sec":0.0,"ls_complexity_mean":0.0,"scratch_notes":94,"scratch_positions":94,"total_notes":3090,"total_positions":1113,"chart_seconds":136.08914173015685},"soft":{"base_bpm":194.0,"intensity":0.0,"up_intensity":0.0,"down_intensity":0.0,"max_intensity":10000.0,"max_up_intensity":10000.0,"max_down_intensity":0.99609375,"step_frequency":0.047619047619047616,"ramp_frequency":0.0380952380952381,"continuity_beats":7.3125,"off_base_note_ratio":0.0,"gimmick_burst_score":0.0,"max_off_base_density_per_beat":0.0,"base_mean_density_per_beat":7.287735849056604,"base_density_source":"on_base","distinct_off_base_bpm_count":2,"bpm_change_events":5,"measure_count":105},"ln":{"ln_ratio":0.010032362459546926,"ln_hold_time_mean_beats":2.2983870967741935,"ln_simultaneity_rate":0.0,"ln_simultaneity_weighted":0.0,"ln_count":31,"ln_count_raw":31,"ln_positions":8,"total_notes":3090,"m1_short_count_rt":0,"m1_short_rate_rt":0.0,"m2_long_count_rt":31,"m2_density_rt":0.0,"m2_burst_max_rt":0.0,"m3_density_rt":0.0,"m_concurrent_rt":1.5257986757391715,"total_long_sec":20.799092771135186,"long_active_sec":8.23465978144452,"long_hold_sec_mean":0.6709384764882318,"long_hold_sec_max":3.672680412371136,"adv_hand_imb":0.22580645161290322,"adv_rel_pressure_1beat":0.6129032258064516,"adv_ln_hold_min_beats":1.375,"adv_ln_chord_big_rate":0.875,"adv_ln_scatter_cv":2.3098633617597386},"stair":{"stair_index":0.12342342342342343,"stair_transitions":137,"eligible_transitions":1110},"peak":{"peak_local_max_density":13.0,"peak_local_max_density_per_sec":42.03333333333333,"peak_max_chord_size":7,"peak_concentration":0.5974632843791722,"total_notes":2996,"intervals":[[2220,2484],[2628,2868],[9600,11340],[11388,11580],[11604,12108],[12276,12468],[12504,13476],[13524,13716],[13872,14316],[14820,15156],[15192,15552],[17148,18228],[18240,18768]]},"jack":{"jack_pairs":1,"jack_in_stream_pairs":0,"jack_outside_pairs":1,"pure_jack_per_sec":0.021697084442466062,"flow_break_per_stream_sec":0.0,"stream_seconds":89.99999999999999,"non_stream_seconds":46.08914173015687,"chart_seconds":136.08914173015685,"window_ticks":24,"min_region_sec":10.0},"distraction":{"mode_formulation":"SP","v3_score":4.666059260327353,"qualifying_intervals":2,"qualifying_flow_sec":115.5,"qualifying_scratches":93,"scratch_chord_pair_count":144,"chord_time_threshold_sec":0.01667,"min_scratches":3,"bin_sec":0.25,"t_key":2,"gap_bins":2}},"warnings":[],"axis_intensities":{"chord":"red","stream":"red","peak":"red","scratch":"yellow","soft":null,"ln":"green","stair":"green","distraction":"red"},"tags":["visual_gimmick","burst_focused","dense_chart"],"scales":["st"]}