{"md5":"5bbb54a97723a828dd2bd80759891d1f","headers":{"title":"宮子","artist":"MONOLITH feat.FG75","genre":"BREAKCORE","playlevel":"0","base_bpm":294.0},"mode":"SP","scope":"playable_only","scaling_mode":"p99_linear","params":{"stream_window_ticks":48,"stream_density_threshold_per_beat":4.0,"peak_window_ticks":192,"peak_min_window_notes":4,"peak_min_window_sec":0.05,"felt_bpm_trigger_eff_bpm":500.0,"felt_bpm_trigger_peak_per_sec":200.0,"felt_bpm_target_peak_per_sec":100.0,"felt_bpm_floor":30.0,"jack_window_ticks":24,"soft_burst_ref":8.0,"soft_freq_ref":0.1,"soft_burst_exp":1.5,"soft_freq_exp":1.5,"chord_time_threshold_ms":16.67,"sp_distraction_min_scratches":3,"sp_distraction_bin_sec":0.25,"sp_distraction_t_key":2,"sp_distraction_gap_bins":2,"dp_distraction_window_sec_min":0.2,"dp_distraction_window_sec_max":0.8,"stream_density_ref_per_sec":40.0,"peak_density_ref_per_sec":70.0,"chord_size_ref":3.5,"ln_simultaneity_ref":0.05,"scratch_density_ref_per_sec":1.5,"scratch_ratio_ref":0.1,"distraction_density_ref":2.0,"distraction_event_ref":0.15},"raw_axes":{"chord":2.268348623853211,"stream":39.328952105734764,"scratch_per_sec":0.28057842823474644,"scratch_burst_max_per_sec":4.0,"scratch_max_run_sec":0.3061224489795933,"soft":0.0,"stair":0.1285878300803674,"peak":64.925,"ln_m1_short_rate_rt":0.0,"ln_m2_density_rt":1.9600000000000022,"ln_m2_burst_max_rt":2.0,"ln_m3_density_rt":1.9600000000000022,"ln_m_concurrent_rt":0.0,"adv_hand_imb":0.6,"adv_rel_pressure_1beat":0.6,"adv_ln_hold_min_beats":2.0,"adv_ln_chord_big_rate":0.0,"adv_ln_scatter_cv":0.0,"distraction":1.7655910849893799},"x_chord":0.583,"x_stream":0.975,"x_scratch":0.09,"x_soft":0.0,"x_ln":0.66,"x_stair":0.364,"x_peak":0.972,"x_distraction":0.108,"ln_advanced_score":0.521,"submetrics":{"chord":{"chord_rate":0.6852064220183486,"avg_chord_size":3.3104602510460253,"chord_positions":1195,"total_positions":1744},"stream":{"stream_coverage":0.9525089605734767,"stream_density_mean":8.4265,"stream_density_mean_per_sec":41.28985,"stream_windows":29,"notes_in_stream":4252,"total_notes":4464,"intervals":[[924,1008],[1020,1104],[1572,1680],[1692,1776],[2076,2160],[2268,2352],[2412,2700],[2844,4368],[4380,6672],[6696,7440],[7464,8208],[8232,10464],[10524,11424],[11436,11568],[11628,11760],[11772,11856],[11868,11952],[11964,12096],[14748,14808],[15348,15408],[15708,17520],[17580,18672],[18996,19440],[21276,21432],[21516,21648],[21660,25536],[25860,28032],[28044,31608],[32028,34224]]},"scratch":{"scratch_ratio":0.009100998890122086,"scratch_positions_ratio":0.023509174311926607,"scratch_with_key_chord_rate":0.975609756097561,"scratch_per_sec":0.28057842823474644,"scratch_burst_max_per_sec":4.0,"scratch_burst_window_sec":1.0,"scratch_max_run_sec":0.3061224489795933,"ls_count":1,"ls_per_sec":0.00684337629840845,"ls_complexity_mean":0,"scratch_notes":41,"scratch_positions":41,"total_notes":4505,"total_positions":1744,"chart_seconds":146.1267006802721},"soft":{"base_bpm":294.0,"intensity":0.0,"up_intensity":0.0,"down_intensity":0.0,"max_intensity":0.0,"max_up_intensity":0.0,"max_down_intensity":0.0,"step_frequency":0.0,"ramp_frequency":0.0,"continuity_beats":0.0,"off_base_note_ratio":0.0,"gimmick_burst_score":0.0,"max_off_base_density_per_beat":0.0,"base_mean_density_per_beat":6.290502793296089,"base_density_source":"on_base","distinct_off_base_bpm_count":0,"bpm_change_events":0,"measure_count":186},"ln":{"ln_ratio":0.0026637069922308544,"ln_hold_time_mean_beats":0.8333333333333334,"ln_simultaneity_rate":0.0004439511653718091,"ln_simultaneity_weighted":0.0004439511653718091,"ln_count":12,"ln_count_raw":12,"ln_positions":9,"total_notes":4505,"m1_short_count_rt":0,"m1_short_rate_rt":0.0,"m2_long_count_rt":5,"m2_density_rt":1.9600000000000022,"m2_burst_max_rt":2.0,"m3_density_rt":1.9600000000000022,"m_concurrent_rt":0.0,"total_long_sec":2.04081632653061,"long_active_sec":2.04081632653061,"long_hold_sec_mean":0.408163265306122,"long_hold_sec_max":0.408163265306122,"adv_hand_imb":0.6,"adv_rel_pressure_1beat":0.6,"adv_ln_hold_min_beats":2.0,"adv_ln_chord_big_rate":0.0,"adv_ln_scatter_cv":0.0},"stair":{"stair_index":0.1285878300803674,"stair_transitions":224,"eligible_transitions":1742},"peak":{"peak_local_max_density":13.25,"peak_local_max_density_per_sec":64.925,"peak_max_chord_size":7,"peak_concentration":0.36514336917562723,"total_notes":4464,"intervals":[[8988,9192],[22932,23136],[23820,24036],[24228,25056],[25860,26748],[27132,27432],[27612,28032],[28116,28848],[28884,29088],[29280,29784],[29832,30156],[30204,30900],[31104,31344],[31380,31572],[32052,32676],[32700,33216],[33252,34152]]},"jack":{"jack_pairs":17,"jack_in_stream_pairs":10,"jack_outside_pairs":7,"pure_jack_per_sec":0.1831571921237065,"flow_break_per_stream_sec":0.09267139479905441,"stream_seconds":107.90816326530607,"non_stream_seconds":38.218537414966036,"chart_seconds":146.1267006802721,"window_ticks":24,"min_region_sec":10.0},"distraction":{"mode_formulation":"SP","v3_score":1.7655910849893799,"qualifying_intervals":5,"qualifying_flow_sec":117.75,"qualifying_scratches":35,"scratch_chord_pair_count":55,"chord_time_threshold_sec":0.01667,"min_scratches":3,"bin_sec":0.25,"t_key":2,"gap_bins":2}},"warnings":["Unterminated LNOBJ LN on lane P1_KEY2 started at m184 pos0.0; closing at EOF","Unterminated LNOBJ LN on lane P1_KEY1 started at m184 pos0.0; closing at EOF","Unterminated LNOBJ LN on lane P1_SCR started at m173 pos0.0; closing at EOF","Unterminated LNOBJ LN on lane P1_KEY3 started at m184 pos0.0; closing at EOF","Unterminated LNOBJ LN on lane P1_KEY5 started at m184 pos0.5; closing at EOF","Unterminated LNOBJ LN on lane P1_KEY6 started at m184 pos0.0; closing at EOF","Unterminated LNOBJ LN on lane P1_KEY7 started at m183 pos0.96875; closing at EOF","Unterminated LNOBJ LN on lane P1_KEY4 started at m185 pos0.0; closing at EOF"],"axis_intensities":{"chord":"red","stream":"red","peak":"red","scratch":"green","soft":null,"ln":"green","stair":"green","distraction":"yellow"},"tags":["dense_chart"],"scales":["st"]}