{"md5":"502f2e31b37878df952c8bcd54b4e1b3","headers":{"title":"スーパーイザナギオブジェクト [yumether]","artist":"er / obj:夢瑠","genre":"Neo traditionalism","playlevel":"14","base_bpm":167.0},"mode":"SP","scope":"playable_only","scaling_mode":"p99_linear","params":{"stream_window_ticks":48,"stream_density_threshold_per_beat":4.0,"peak_window_ticks":192,"peak_min_window_notes":4,"peak_min_window_sec":0.05,"felt_bpm_trigger_eff_bpm":500.0,"felt_bpm_trigger_peak_per_sec":200.0,"felt_bpm_target_peak_per_sec":100.0,"felt_bpm_floor":30.0,"jack_window_ticks":24,"soft_burst_ref":8.0,"soft_freq_ref":0.1,"soft_burst_exp":1.5,"soft_freq_exp":1.5,"chord_time_threshold_ms":16.67,"sp_distraction_min_scratches":3,"sp_distraction_bin_sec":0.25,"sp_distraction_t_key":2,"sp_distraction_gap_bins":2,"dp_distraction_window_sec_min":0.2,"dp_distraction_window_sec_max":0.8,"stream_density_ref_per_sec":40.0,"peak_density_ref_per_sec":70.0,"chord_size_ref":3.5,"ln_simultaneity_ref":0.05,"scratch_density_ref_per_sec":1.5,"scratch_ratio_ref":0.1,"distraction_density_ref":2.0,"distraction_event_ref":0.15},"raw_axes":{"chord":1.6753130590339893,"stream":20.611009810182907,"scratch_per_sec":0.7050719404477529,"scratch_burst_max_per_sec":11.0,"scratch_max_run_sec":3.95209580838322,"soft":0.0,"stair":0.1908256880733945,"peak":29.225,"ln_m1_short_rate_rt":0.0,"ln_m2_density_rt":0.0,"ln_m2_burst_max_rt":0.0,"ln_m3_density_rt":0.0,"ln_m_concurrent_rt":0.0,"adv_hand_imb":0.0,"adv_rel_pressure_1beat":0.0,"adv_ln_hold_min_beats":0.0,"adv_ln_chord_big_rate":0.0,"adv_ln_scatter_cv":0.0,"distraction":2.634742514304761},"x_chord":0.43,"x_stream":0.532,"x_scratch":0.259,"x_soft":0.0,"x_ln":0.0,"x_stair":0.541,"x_peak":0.49,"x_distraction":0.162,"ln_advanced_score":0.0,"submetrics":{"chord":{"chord_rate":0.5465116279069767,"avg_chord_size":3.065466448445172,"chord_positions":611,"total_positions":1118},"stream":{"stream_coverage":0.937417943107221,"stream_density_mean":7.899521531100478,"stream_density_mean_per_sec":21.98700159489633,"stream_windows":32,"notes_in_stream":2142,"total_notes":2285,"intervals":[[300,408],[492,600],[684,2520],[2640,2712],[3132,3192],[3396,3480],[4008,5604],[5628,5688],[5724,6168],[6204,6264],[6396,6456],[6492,6936],[6996,8472],[8496,8568],[8592,10212],[10284,10344],[10596,10656],[10668,10728],[10980,11148],[11220,11340],[11676,13392],[13500,13572],[13656,13764],[13812,13896],[14004,14088],[14268,14340],[14400,14616],[14736,14820],[14904,16164],[16236,16452],[16476,17112],[17244,18024]]},"scratch":{"scratch_ratio":0.03991596638655462,"scratch_positions_ratio":0.08497316636851521,"scratch_with_key_chord_rate":0.7157894736842105,"scratch_per_sec":0.7050719404477529,"scratch_burst_max_per_sec":11.0,"scratch_burst_window_sec":1.0,"scratch_max_run_sec":3.95209580838322,"ls_count":0,"ls_per_sec":0.0,"ls_complexity_mean":0.0,"scratch_notes":95,"scratch_positions":95,"total_notes":2380,"total_positions":1118,"chart_seconds":134.7380239520958},"soft":{"base_bpm":167.0,"intensity":0.0,"up_intensity":0.0,"down_intensity":0.0,"max_intensity":0.0,"max_up_intensity":0.0,"max_down_intensity":0.0,"step_frequency":0.0,"ramp_frequency":0.0,"continuity_beats":0.0,"off_base_note_ratio":0.0,"gimmick_burst_score":0.0,"max_off_base_density_per_beat":0.0,"base_mean_density_per_beat":6.338666666666667,"base_density_source":"on_base","distinct_off_base_bpm_count":0,"bpm_change_events":0,"measure_count":94},"ln":{"ln_ratio":0.0,"ln_hold_time_mean_beats":0.0,"ln_simultaneity_rate":0.0,"ln_simultaneity_weighted":0.0,"ln_count":0,"ln_count_raw":0,"ln_positions":0,"total_notes":2380,"m1_short_count_rt":0,"m1_short_rate_rt":0.0,"m2_long_count_rt":0,"m2_density_rt":0.0,"m2_burst_max_rt":0.0,"m3_density_rt":0.0,"m_concurrent_rt":0.0,"total_long_sec":0.0,"long_active_sec":0.0,"long_hold_sec_mean":0.0,"long_hold_sec_max":0.0,"adv_hand_imb":0.0,"adv_rel_pressure_1beat":0.0,"adv_ln_hold_min_beats":0.0,"adv_ln_chord_big_rate":0.0,"adv_ln_scatter_cv":0.0},"stair":{"stair_index":0.1908256880733945,"stair_transitions":208,"eligible_transitions":1090},"peak":{"peak_local_max_density":10.5,"peak_local_max_density_per_sec":29.225,"peak_max_chord_size":5,"peak_concentration":0.3059080962800875,"total_notes":2285,"intervals":[[5160,5520],[7104,7800],[12852,13380],[15180,15420],[15468,15936],[16500,17088],[17268,17880]]},"jack":{"jack_pairs":27,"jack_in_stream_pairs":21,"jack_outside_pairs":6,"pure_jack_per_sec":0.19418604651162782,"flow_break_per_stream_sec":0.20223455633244436,"stream_seconds":103.83982035928142,"non_stream_seconds":30.898203592814383,"chart_seconds":134.7380239520958,"window_ticks":24,"min_region_sec":10.0},"distraction":{"mode_formulation":"SP","v3_score":2.634742514304761,"qualifying_intervals":5,"qualifying_flow_sec":115.75,"qualifying_scratches":87,"scratch_chord_pair_count":83,"chord_time_threshold_sec":0.01667,"min_scratches":3,"bin_sec":0.25,"t_key":2,"gap_bins":2}},"warnings":[],"axis_intensities":{"chord":"yellow","stream":"yellow","peak":"yellow","scratch":"red","soft":null,"ln":null,"stair":"red","distraction":"yellow"},"tags":["scratch_burst"],"scales":["sl"]}