{"md5":"9ae63deb59c4660346d1b47e8cf3c1d9","headers":{"title":"petal","artist":"Fractal Paws","genre":"electronic","playlevel":"23","base_bpm":174.0},"mode":"SP","scope":"playable_only","scaling_mode":"p99_linear","params":{"stream_window_ticks":48,"stream_density_threshold_per_beat":4.0,"peak_window_ticks":192,"peak_min_window_notes":4,"peak_min_window_sec":0.05,"felt_bpm_trigger_eff_bpm":500.0,"felt_bpm_trigger_peak_per_sec":200.0,"felt_bpm_target_peak_per_sec":100.0,"felt_bpm_floor":30.0,"jack_window_ticks":24,"soft_burst_ref":8.0,"soft_freq_ref":0.1,"soft_burst_exp":1.5,"soft_freq_exp":1.5,"chord_time_threshold_ms":16.67,"sp_distraction_min_scratches":3,"sp_distraction_bin_sec":0.25,"sp_distraction_t_key":2,"sp_distraction_gap_bins":2,"dp_distraction_window_sec_min":0.2,"dp_distraction_window_sec_max":0.8,"stream_density_ref_per_sec":40.0,"peak_density_ref_per_sec":70.0,"chord_size_ref":3.5,"ln_simultaneity_ref":0.05,"scratch_density_ref_per_sec":1.5,"scratch_ratio_ref":0.1,"distraction_density_ref":2.0,"distraction_event_ref":0.15},"raw_axes":{"chord":2.0071210579857577,"stream":25.104116526138277,"scratch_per_sec":0.14125606043522382,"scratch_burst_max_per_sec":2.0,"scratch_max_run_sec":0.2586206896551886,"soft":0.0,"stair":0.13136456211812628,"peak":37.699999999999996,"ln_m1_short_rate_rt":0.0008368200836820083,"ln_m2_density_rt":0.0,"ln_m2_burst_max_rt":0.0,"ln_m3_density_rt":5.413333333333307,"ln_m_concurrent_rt":1.0000000000000056,"adv_hand_imb":0.25,"adv_rel_pressure_1beat":0.5,"adv_ln_hold_min_beats":0.25,"adv_ln_chord_big_rate":0.0,"adv_ln_scatter_cv":0.0,"distraction":0.8867741571766828},"x_chord":0.515,"x_stream":0.647,"x_scratch":0.045,"x_soft":0.0,"x_ln":0.694,"x_stair":0.372,"x_peak":0.632,"x_distraction":0.054,"ln_advanced_score":0.534,"submetrics":{"chord":{"chord_rate":0.5757884028484231,"avg_chord_size":3.4858657243816253,"chord_positions":566,"total_positions":983},"stream":{"stream_coverage":0.9620573355817875,"stream_density_mean":8.998,"stream_density_mean_per_sec":26.094199999999997,"stream_windows":22,"notes_in_stream":2282,"total_notes":2372,"intervals":[[348,504],[540,696],[732,888],[924,1080],[1116,1272],[1308,1464],[1500,1656],[1692,1848],[1884,2064],[2076,2448],[2460,2832],[2844,3216],[3228,3384],[5340,6948],[7068,7128],[7428,7488],[7644,7704],[7836,7896],[8196,8256],[8412,11556],[11868,11928],[12264,17784]]},"scratch":{"scratch_ratio":0.007531380753138075,"scratch_positions_ratio":0.018311291963377416,"scratch_with_key_chord_rate":1.0,"scratch_per_sec":0.14125606043522382,"scratch_burst_max_per_sec":2.0,"scratch_burst_window_sec":1.0,"scratch_max_run_sec":0.2586206896551886,"ls_count":0,"ls_per_sec":0.0,"ls_complexity_mean":0.0,"scratch_notes":18,"scratch_positions":18,"total_notes":2390,"total_positions":983,"chart_seconds":127.42816091954023},"soft":{"base_bpm":174.0,"intensity":0.0,"up_intensity":0.0,"down_intensity":0.0,"max_intensity":0.0,"max_up_intensity":0.0,"max_down_intensity":0.0,"step_frequency":0.0,"ramp_frequency":0.0,"continuity_beats":0.0,"off_base_note_ratio":0.0,"gimmick_burst_score":0.0,"max_off_base_density_per_beat":0.0,"base_mean_density_per_beat":6.454304561086993,"base_density_source":"on_base","distinct_off_base_bpm_count":0,"bpm_change_events":0,"measure_count":93},"ln":{"ln_ratio":0.0033472803347280333,"ln_hold_time_mean_beats":1.0,"ln_simultaneity_rate":0.0,"ln_simultaneity_weighted":0.0,"ln_count":8,"ln_count_raw":8,"ln_positions":8,"total_notes":2390,"m1_short_count_rt":2,"m1_short_rate_rt":0.0008368200836820083,"m2_long_count_rt":6,"m2_density_rt":0.0,"m2_burst_max_rt":0.0,"m3_density_rt":5.413333333333307,"m_concurrent_rt":1.0000000000000056,"total_long_sec":2.5862068965517366,"long_active_sec":1.2931034482758648,"long_hold_sec_mean":0.4310344827586228,"long_hold_sec_max":0.5172413793103487,"adv_hand_imb":0.25,"adv_rel_pressure_1beat":0.5,"adv_ln_hold_min_beats":0.25,"adv_ln_chord_big_rate":0.0,"adv_ln_scatter_cv":0.0},"stair":{"stair_index":0.13136456211812628,"stair_transitions":129,"eligible_transitions":982},"peak":{"peak_local_max_density":13.0,"peak_local_max_density_per_sec":37.699999999999996,"peak_max_chord_size":7,"peak_concentration":0.3971332209106239,"total_notes":2372,"intervals":[[6000,6912],[8736,9372],[9504,9936],[10272,10524],[10536,10920],[11280,11544],[15180,15516],[16692,17064],[17076,17448]]},"jack":{"jack_pairs":35,"jack_in_stream_pairs":34,"jack_outside_pairs":1,"pure_jack_per_sec":0.031266846361185985,"flow_break_per_stream_sec":0.3562245973204877,"stream_seconds":95.44540229885058,"non_stream_seconds":31.98275862068965,"chart_seconds":127.42816091954023,"window_ticks":24,"min_region_sec":10.0},"distraction":{"mode_formulation":"SP","v3_score":0.8867741571766828,"qualifying_intervals":3,"qualifying_flow_sec":76.0,"qualifying_scratches":15,"scratch_chord_pair_count":38,"chord_time_threshold_sec":0.01667,"min_scratches":3,"bin_sec":0.25,"t_key":2,"gap_bins":2}},"warnings":[],"axis_intensities":{"chord":"yellow","stream":"red","peak":"red","scratch":"green","soft":null,"ln":"yellow","stair":"green","distraction":"green"},"tags":[],"scales":["st"]}