{"md5":"ff82e0003d07d1933f7a12c87c84218f","headers":{"title":"失望Choco (・ω・)","artist":"LeaF/さ","genre":"HAPPY HARDCORE","playlevel":"12","base_bpm":220.0},"mode":"SP","scope":"playable_only","scaling_mode":"p99_linear","params":{"stream_window_ticks":48,"stream_density_threshold_per_beat":4.0,"peak_window_ticks":192,"peak_min_window_notes":4,"felt_bpm_trigger_eff_bpm":500.0,"felt_bpm_trigger_peak_per_sec":200.0,"felt_bpm_target_peak_per_sec":100.0,"felt_bpm_floor":30.0,"jack_window_ticks":24,"soft_burst_ref":8.0,"soft_freq_ref":0.1,"soft_burst_exp":1.5,"soft_freq_exp":1.5,"chord_time_threshold_ms":16.67,"sp_distraction_min_scratches":3,"dp_distraction_window_sec_min":0.2,"dp_distraction_window_sec_max":0.8,"stream_density_ref_per_sec":40.0,"peak_density_ref_per_sec":70.0,"chord_size_ref":3.5,"ln_simultaneity_ref":0.05,"scratch_density_ref_per_sec":1.5,"scratch_ratio_ref":0.1,"distraction_density_ref":2.0,"distraction_event_ref":0.15},"raw_axes":{"chord":1.8666127728375101,"stream":25.142178839456516,"scratch":0.015925013683634373,"soft":0.0,"ln":0.0,"stair":0.1739482200647249,"peak":36.666666666666664,"distraction":1.2663364000943618},"x_chord":0.485,"x_stream":0.623,"x_scratch":0.039,"x_soft":0.0,"x_ln":0.0,"x_stair":0.529,"x_peak":0.417,"x_distraction":0.341,"submetrics":{"chord":{"chord_rate":0.7566693613581245,"avg_chord_size":2.466880341880342,"chord_positions":936,"total_positions":1237},"stream":{"stream_coverage":0.9747126436781609,"stream_density_mean":7.034850640113798,"stream_density_mean_per_sec":25.794452347083926,"stream_windows":27,"notes_in_stream":2544,"total_notes":2610,"intervals":[[360,467],[564,647],[660,1475],[1500,2243],[2292,2999],[3036,3671],[3804,4439],[4524,5339],[5364,5591],[5604,5783],[5796,5975],[5988,6071],[6108,6359],[6372,6551],[6564,6743],[6756,6839],[6864,7631],[7644,8459],[8508,8591],[8604,11855],[11868,11951],[12660,14279],[14388,14471],[14592,15311],[15324,19091],[19128,19919],[19932,20183]]},"scratch":{"scratch_ratio":0.026436781609195402,"scratch_positions_ratio":0.05578011317704123,"scratch_with_key_chord_rate":0.927536231884058,"scratch_per_sec":0.6023809523809524,"scratch_burst_max_per_sec":9.0,"scratch_burst_window_sec":1.0,"scratch_notes":69,"scratch_positions":69,"total_notes":2610,"total_positions":1237,"chart_seconds":114.54545454545455},"soft":{"base_bpm":220.0,"intensity":0.0,"up_intensity":0.0,"down_intensity":0.0,"max_intensity":0.0,"max_up_intensity":0.0,"max_down_intensity":0.0,"step_frequency":0.0,"ramp_frequency":0.0,"continuity_beats":0.0,"off_base_note_ratio":0.0,"gimmick_burst_score":0.0,"max_off_base_density_per_beat":0.0,"base_mean_density_per_beat":6.20952380952381,"base_density_source":"on_base","distinct_off_base_bpm_count":0,"bpm_change_events":0,"measure_count":106},"ln":{"ln_ratio":0.0,"ln_hold_time_mean_beats":0.0,"ln_simultaneity_rate":0.0,"ln_simultaneity_weighted":0.0,"ln_count":0,"ln_positions":0,"total_notes":2610},"stair":{"stair_index":0.1739482200647249,"stair_transitions":215,"eligible_transitions":1236},"peak":{"peak_local_max_density":10.0,"peak_local_max_density_per_sec":36.666666666666664,"peak_max_chord_size":5,"peak_concentration":0.3681992337164751,"total_notes":2610,"intervals":[[756,1451],[1536,2219],[4548,4787],[8772,9131],[9240,9467],[9624,9851],[9912,10247],[10296,10535],[11544,11771],[14964,15191],[18060,18263],[18372,19079],[19152,19847]]},"jack":{"jack_pairs":29,"jack_in_stream_pairs":27,"jack_outside_pairs":2,"pure_jack_per_sec":0.173570019723866,"flow_break_per_stream_sec":0.2620780939774983,"stream_seconds":103.02272727272728,"non_stream_seconds":11.522727272727266,"chart_seconds":114.54545454545455,"window_ticks":24,"min_region_sec":10.0},"distraction":{"mode_formulation":"SP","qualifying_window_count":8,"qualifying_scratches":56,"qualifying_flow_sec":64.22727272727273,"distract_density":0.8719037508846426,"distract_event_per_sec":0.12455767869780607,"scratch_chord_pair_count":90,"chord_time_threshold_sec":0.01667,"min_scratches":3}},"warnings":[],"tags":["dense_chart","fast_chart"],"scales":["★"]}