{"md5":"1bcf005067e17e5da4c23a08eb19cbdd","headers":{"title":"Altale -Ragnarok-","artist":"削除 / selene.","genre":"fant　asy","playlevel":"25","base_bpm":90.0},"mode":"SP","scope":"playable_only","scaling_mode":"p99_linear","params":{"stream_window_ticks":48,"stream_density_threshold_per_beat":4.0,"peak_window_ticks":192,"peak_min_window_notes":4,"peak_min_window_sec":0.05,"felt_bpm_trigger_eff_bpm":500.0,"felt_bpm_trigger_peak_per_sec":200.0,"felt_bpm_target_peak_per_sec":100.0,"felt_bpm_floor":30.0,"jack_window_ticks":24,"soft_burst_ref":8.0,"soft_freq_ref":0.1,"soft_burst_exp":1.5,"soft_freq_exp":1.5,"chord_time_threshold_ms":16.67,"sp_distraction_min_scratches":3,"dp_distraction_window_sec_min":0.2,"dp_distraction_window_sec_max":0.8,"stream_density_ref_per_sec":40.0,"peak_density_ref_per_sec":70.0,"chord_size_ref":3.5,"ln_simultaneity_ref":0.05,"scratch_density_ref_per_sec":1.5,"scratch_ratio_ref":0.1,"distraction_density_ref":2.0,"distraction_event_ref":0.15},"raw_axes":{"chord":0.7486631016042781,"stream":24.546328969942127,"scratch":0.007621864123637624,"soft":7.511879412174401e-05,"ln":0.0,"stair":0.17121455323702514,"peak":41.625,"distraction":0.3863235595653065},"x_chord":0.194,"x_stream":0.631,"x_scratch":0.018,"x_soft":0.0,"x_ln":0.0,"x_stair":0.52,"x_peak":0.692,"x_distraction":0.102,"submetrics":{"chord":{"chord_rate":0.26737967914438504,"avg_chord_size":2.8,"chord_positions":500,"total_positions":1870},"stream":{"stream_coverage":0.9819494584837545,"stream_density_mean":16.758998435054774,"stream_density_mean_per_sec":24.99754825247783,"stream_windows":14,"notes_in_stream":2720,"total_notes":2770,"intervals":[[156,216],[228,288],[300,432],[552,600],[720,5412],[6048,6192],[6204,6336],[6348,6408],[6708,9060],[9084,9216],[9516,9660],[9792,9948],[10080,10164],[10236,10596]]},"scratch":{"scratch_ratio":0.020216606498194945,"scratch_positions_ratio":0.029946524064171122,"scratch_with_key_chord_rate":0.875,"scratch_per_sec":0.3770100646870754,"scratch_burst_max_per_sec":3.0,"scratch_burst_window_sec":1.0,"scratch_notes":56,"scratch_positions":56,"total_notes":2770,"total_positions":1870,"chart_seconds":148.53714859437753},"soft":{"base_bpm":90.0,"intensity":0.006121139189731247,"up_intensity":0.0,"down_intensity":0.006121139189731247,"max_intensity":0.07777777777777778,"max_up_intensity":0.0,"max_down_intensity":0.07777777777777778,"step_frequency":0.011363636363636364,"ramp_frequency":0.011363636363636364,"continuity_beats":33.0,"off_base_note_ratio":0.07870036101083032,"gimmick_burst_score":0.006610453882713472,"max_off_base_density_per_beat":6.606060606060606,"base_mean_density_per_beat":13.636363636363637,"base_density_source":"on_base","distinct_off_base_bpm_count":1,"bpm_change_events":1,"measure_count":88},"ln":{"ln_ratio":0.0,"ln_hold_time_mean_beats":0.0,"ln_simultaneity_rate":0.0,"ln_simultaneity_weighted":0.0,"ln_count":0,"ln_positions":0,"total_notes":2770},"stair":{"stair_index":0.17121455323702514,"stair_transitions":320,"eligible_transitions":1869},"peak":{"peak_local_max_density":28.0,"peak_local_max_density_per_sec":41.625,"peak_max_chord_size":8,"peak_concentration":0.42707581227436825,"total_notes":2770,"intervals":[[4416,4740],[4824,5376],[7728,8568],[8640,8880],[10272,10584]]},"jack":{"jack_pairs":1,"jack_in_stream_pairs":1,"jack_outside_pairs":0,"pure_jack_per_sec":0.0,"flow_break_per_stream_sec":0.008373054904037726,"stream_seconds":119.43072289156632,"non_stream_seconds":29.106425702811208,"chart_seconds":148.53714859437753,"window_ticks":24,"min_region_sec":10.0},"distraction":{"mode_formulation":"SP","qualifying_window_count":2,"qualifying_scratches":49,"qualifying_flow_sec":97.93172690763053,"distract_density":0.5003485749436128,"distract_event_per_sec":0.020422390814025013,"scratch_chord_pair_count":88,"chord_time_threshold_sec":0.01667,"min_scratches":3}},"warnings":[],"tags":["big_chord_burst","slow_chart"],"scales":["st"]}