{"md5":"e2f79e94416c06323a59ef6440e273f7","headers":{"title":"l'amour d'amour --- 虎のANOTHER","artist":"orangentle / obj: black train","genre":"Lounge Pop","playlevel":"12","base_bpm":158.5},"mode":"SP","scope":"playable_only","scaling_mode":"p99_linear","params":{"stream_window_ticks":48,"stream_density_threshold_per_beat":4.0,"peak_window_ticks":192,"peak_min_window_notes":4,"felt_bpm_trigger_eff_bpm":500.0,"felt_bpm_trigger_peak_per_sec":200.0,"felt_bpm_target_peak_per_sec":100.0,"felt_bpm_floor":30.0,"jack_window_ticks":24,"soft_burst_ref":8.0,"soft_freq_ref":0.1,"soft_burst_exp":1.5,"soft_freq_exp":1.5,"chord_time_threshold_ms":16.67,"sp_distraction_min_scratches":3,"dp_distraction_window_sec_min":0.2,"dp_distraction_window_sec_max":0.8,"stream_density_ref_per_sec":40.0,"peak_density_ref_per_sec":70.0,"chord_size_ref":3.5,"ln_simultaneity_ref":0.05,"scratch_density_ref_per_sec":1.5,"scratch_ratio_ref":0.1,"distraction_density_ref":2.0,"distraction_event_ref":0.15},"raw_axes":{"chord":1.4675019577133905,"stream":17.86076909409779,"scratch":0.015727776255529024,"soft":0.0,"ln":0.0,"stair":0.12695924764890282,"peak":25.095833333333335,"distraction":1.043988251468566},"x_chord":0.381,"x_stream":0.443,"x_scratch":0.038,"x_soft":0.0,"x_ln":0.0,"x_stair":0.386,"x_peak":0.305,"x_distraction":0.281,"submetrics":{"chord":{"chord_rate":0.6194205168363351,"avg_chord_size":2.3691529709228822,"chord_positions":791,"total_positions":1277},"stream":{"stream_coverage":0.9741525423728814,"stream_density_mean":6.956418383518225,"stream_density_mean_per_sec":18.33467379820391,"stream_windows":29,"notes_in_stream":2299,"total_notes":2360,"intervals":[[1884,4055],[4140,4199],[4212,4463],[4560,4643],[4656,4763],[4800,4847],[4908,5411],[5436,6191],[6204,6767],[6792,6959],[6972,7775],[7788,10391],[10464,10559],[10596,10739],[10788,10967],[11076,13559],[13584,13763],[13860,13919],[13968,15995],[16128,16187],[16296,16727],[16788,16835],[16860,17135],[17172,17315],[17388,18863],[19500,20375],[20388,20567],[20652,20711],[20748,20831]]},"scratch":{"scratch_ratio":0.03305084745762712,"scratch_positions_ratio":0.06108065779169929,"scratch_with_key_chord_rate":0.9743589743589743,"scratch_per_sec":0.47586605080831407,"scratch_burst_max_per_sec":4.0,"scratch_burst_window_sec":1.0,"scratch_notes":78,"scratch_positions":78,"total_notes":2360,"total_positions":1277,"chart_seconds":163.91167192429023},"soft":{"base_bpm":158.5,"intensity":0.0,"up_intensity":0.0,"down_intensity":0.0,"max_intensity":0.0,"max_up_intensity":0.0,"max_down_intensity":0.0,"step_frequency":0.0,"ramp_frequency":0.0,"continuity_beats":0.0,"off_base_note_ratio":0.0,"gimmick_burst_score":0.0,"max_off_base_density_per_beat":0.0,"base_mean_density_per_beat":5.438799076212471,"base_density_source":"on_base","distinct_off_base_bpm_count":0,"bpm_change_events":0,"measure_count":109},"ln":{"ln_ratio":0.0,"ln_hold_time_mean_beats":0.0,"ln_simultaneity_rate":0.0,"ln_simultaneity_weighted":0.0,"ln_count":0,"ln_positions":0,"total_notes":2360},"stair":{"stair_index":0.12695924764890282,"stair_transitions":162,"eligible_transitions":1276},"peak":{"peak_local_max_density":9.5,"peak_local_max_density_per_sec":25.095833333333335,"peak_max_chord_size":5,"peak_concentration":0.4961864406779661,"total_notes":2360,"intervals":[[2724,2915],[2952,3227],[3240,3851],[8952,9215],[9396,9635],[9720,10367],[11352,11615],[11700,11891],[12972,13571],[13980,14327],[14424,14615],[14964,15167],[15324,15779],[16320,16643],[17604,18359],[18384,18827],[19572,19991],[20028,20351]]},"jack":{"jack_pairs":17,"jack_in_stream_pairs":16,"jack_outside_pairs":1,"pure_jack_per_sec":0.03251282051282065,"flow_break_per_stream_sec":0.12016109926557675,"stream_seconds":133.15457413249226,"non_stream_seconds":30.757097791797975,"chart_seconds":163.91167192429023,"window_ticks":24,"min_region_sec":10.0},"distraction":{"mode_formulation":"SP","qualifying_window_count":8,"qualifying_scratches":69,"qualifying_flow_sec":84.1324921135647,"distract_density":0.8201349831271089,"distract_event_per_sec":0.09508811398575175,"scratch_chord_pair_count":83,"chord_time_threshold_sec":0.01667,"min_scratches":3}},"warnings":[],"tags":["burst_focused"],"scales":["★"]}