{"md5":"c6fc5f03682ec9692edfdad9d9d0f793","headers":{"title":"Romancing Sa･Ga3 ラストバトル RockArrange (AFOTHER)","artist":"BMS:金ラメタキシード/MIDI:YNG-MK＆ヴァイス君 (7linear.SHOCK.C) / black train","genre":"Hard Rock","playlevel":"13","base_bpm":160.0},"mode":"SP","scope":"playable_only","scaling_mode":"reference","params":{"stream_window_ticks":48,"stream_density_threshold_per_beat":4.0,"peak_window_ticks":192,"jack_window_ticks":24,"soft_burst_ref":8.0,"soft_freq_ref":0.1,"soft_burst_exp":1.5,"soft_freq_exp":1.5,"chord_time_threshold_ms":16.67,"sp_distraction_min_scratches":3,"dp_distraction_window_sec_min":0.2,"dp_distraction_window_sec_max":0.8,"stream_density_ref_per_sec":40.0,"peak_density_ref_per_sec":70.0,"chord_size_ref":3.5,"ln_simultaneity_ref":0.05,"scratch_density_ref_per_sec":1.5,"scratch_ratio_ref":0.1,"distraction_density_ref":2.0,"distraction_event_ref":0.15},"x_chord":0.4355795148247978,"x_stream":0.47496506112606873,"x_scratch":0.058050796989116145,"x_soft":5.788543058833592e-06,"x_ln":0.0,"x_stair":0.1202804746494067,"x_peak":0.4476190476190476,"x_distraction":0.2515632515632516,"submetrics":{"chord":{"chord_rate":0.5881401617250673,"avg_chord_size":2.59211732355637,"chord_positions":1091,"total_positions":1855},"stream":{"stream_coverage":0.982739420935412,"stream_density_mean":7.251697127937337,"stream_density_mean_per_sec":19.332288946910356,"stream_windows":16,"notes_in_stream":3530,"total_notes":3592,"intervals":[[1992,3107],[3120,3299],[3312,3491],[3504,5219],[5232,5399],[5424,5591],[5616,5903],[5916,11591],[11676,15587],[16044,22127],[22164,22295],[22356,22523],[22572,25955],[25992,26075],[26184,26267],[26280,26927]]},"scratch":{"scratch_ratio":0.022828507795100223,"scratch_positions_ratio":0.044204851752021566,"scratch_with_key_chord_rate":1.0,"scratch_per_sec":0.38143621241141196,"scratch_burst_max_per_sec":4.0,"scratch_burst_window_sec":1.0,"scratch_notes":82,"scratch_positions":82,"total_notes":3592,"total_positions":1855,"chart_seconds":214.976966873706},"soft":{"base_bpm":160.0,"intensity":0.0016564587973273942,"up_intensity":0.0,"down_intensity":0.0016564587973273942,"max_intensity":0.7125,"max_up_intensity":0.0,"max_down_intensity":0.7125,"step_frequency":0.02127659574468085,"ramp_frequency":0.014184397163120567,"continuity_beats":41.0,"off_base_note_ratio":0.0077951002227171495,"gimmick_burst_score":0.012121806777918543,"max_off_base_density_per_beat":0.7,"base_mean_density_per_beat":6.859344894026975,"base_density_source":"on_base","distinct_off_base_bpm_count":2,"bpm_change_events":3,"measure_count":141},"ln":{"ln_ratio":0.0,"ln_hold_time_mean_beats":0.0,"ln_simultaneity_rate":0.0,"ln_simultaneity_weighted":0.0,"ln_count":0,"ln_positions":0,"total_notes":3592},"stair":{"stair_index":0.1202804746494067,"stair_transitions":223,"eligible_transitions":1854},"peak":{"peak_local_max_density":11.75,"peak_local_max_density_per_sec":31.333333333333332,"peak_max_chord_size":5,"peak_concentration":0.31597995545657015,"total_notes":3592,"intervals":[[4320,4823],[13140,13871],[14676,15167],[16620,16847],[17220,17483],[18600,19079],[19368,19823],[19836,20147],[20892,21419],[23508,24215],[25044,25655],[26304,26927]]},"jack":{"jack_pairs":15,"jack_in_stream_pairs":12,"jack_outside_pairs":3,"pure_jack_per_sec":0.10735097666514636,"flow_break_per_stream_sec":0.06416040100250626,"stream_seconds":187.03125,"non_stream_seconds":27.945716873706004,"chart_seconds":214.976966873706,"window_ticks":24,"min_region_sec":10.0},"distraction":{"mode_formulation":"SP","qualifying_window_count":7,"qualifying_scratches":81,"qualifying_flow_sec":173.25,"distract_density":0.4675324675324675,"distract_event_per_sec":0.04040404040404041,"scratch_chord_pair_count":106,"chord_time_threshold_sec":0.01667,"min_scratches":3}},"warnings":[],"tags":[],"scales":["★"]}