{"md5":"f51c0d0df34f3bb9894336e031d150dd","headers":{"title":"Romantic Children [SP ANOTHER2]","artist":"ZUN / BMS:average BGA:のりろー","genre":"幺樂団の歴史2・東方怪綺談","playlevel":"13","base_bpm":167.0},"mode":"SP","scope":"playable_only","scaling_mode":"percentile_rank","params":{"stream_window_ticks":48,"stream_density_threshold_per_beat":4.0,"peak_window_ticks":192,"jack_window_ticks":24,"soft_burst_ref":8.0,"soft_freq_ref":0.1,"soft_burst_exp":1.5,"soft_freq_exp":1.5,"chord_time_threshold_ms":16.67,"sp_distraction_min_scratches":3,"dp_distraction_window_sec_min":0.2,"dp_distraction_window_sec_max":0.8,"stream_density_ref_per_sec":40.0,"peak_density_ref_per_sec":70.0,"chord_size_ref":3.5,"ln_simultaneity_ref":0.05,"scratch_density_ref_per_sec":1.5,"scratch_ratio_ref":0.1,"distraction_density_ref":2.0,"distraction_event_ref":0.15},"raw_axes":{"chord":1.7531645569620253,"stream":18.19511112532573,"scratch":0.0008352072798775576,"soft":0.00019227283605907468,"ln":0.0,"stair":0.09954751131221719,"peak":27.833333333333332,"distraction":0.0},"x_chord":0.44150298889837747,"x_stream":0.26712211784799317,"x_scratch":0.07976088812980359,"x_soft":0.8748078565328778,"x_ln":0.0,"x_stair":0.10384286934244236,"x_peak":0.2336464560204953,"x_distraction":0.0,"submetrics":{"chord":{"chord_rate":0.744122965641953,"avg_chord_size":2.356014580801944,"chord_positions":823,"total_positions":1106},"stream":{"stream_coverage":0.8766876687668766,"stream_density_mean":7.456852791878172,"stream_density_mean_per_sec":20.754382402707275,"stream_windows":39,"notes_in_stream":1948,"total_notes":2222,"intervals":[[1908,1991],[2052,2111],[2124,2183],[2196,2255],[2292,2375],[2436,2495],[2508,2567],[2628,2687],[2700,2759],[2820,2879],[2892,2951],[2964,3023],[3036,3143],[3204,3263],[3276,3359],[3372,3431],[3444,6551],[8016,11171],[11856,11939],[11988,12071],[12180,12263],[12372,12455],[12552,12743],[12804,12863],[12876,12935],[12948,13007],[13044,13127],[13188,13247],[13260,13319],[13380,13439],[13452,13511],[13524,13631],[13644,13703],[13716,13775],[13788,13895],[13908,14015],[14160,14207],[14568,17699],[19128,20771]]},"scratch":{"scratch_ratio":0.00765076507650765,"scratch_positions_ratio":0.015370705244122965,"scratch_with_key_chord_rate":1.0,"scratch_per_sec":0.10916650446399606,"scratch_burst_max_per_sec":3.0,"scratch_burst_window_sec":1.0,"scratch_notes":17,"scratch_positions":17,"total_notes":2222,"total_positions":1106,"chart_seconds":155.72542222057433},"soft":{"base_bpm":167.0,"intensity":0.0004096218005034037,"up_intensity":0.0,"down_intensity":0.0004096218005034037,"max_intensity":0.18562874251497005,"max_up_intensity":0.0,"max_down_intensity":0.18562874251497005,"step_frequency":0.027522935779816515,"ramp_frequency":0.01834862385321101,"continuity_beats":8.0,"off_base_note_ratio":0.0036003600360036,"gimmick_burst_score":0.006985913043479713,"max_off_base_density_per_beat":2.0,"base_mean_density_per_beat":5.214622641509434,"base_density_source":"on_base","distinct_off_base_bpm_count":2,"bpm_change_events":4,"measure_count":109},"ln":{"ln_ratio":0.0,"ln_hold_time_mean_beats":0.0,"ln_simultaneity_rate":0.0,"ln_simultaneity_weighted":0.0,"ln_count":0,"ln_positions":0,"total_notes":2222},"stair":{"stair_index":0.09954751131221719,"stair_transitions":110,"eligible_transitions":1105},"peak":{"peak_local_max_density":10.0,"peak_local_max_density_per_sec":27.833333333333332,"peak_max_chord_size":5,"peak_concentration":0.4630963096309631,"total_notes":2222,"intervals":[[8700,8987],[9408,9755],[10176,11159],[14592,16271],[16704,17039],[17472,17675],[19140,20759]]},"jack":{"jack_pairs":6,"jack_in_stream_pairs":2,"jack_outside_pairs":4,"pure_jack_per_sec":0.07428225554665471,"flow_break_per_stream_sec":0.019631562456106217,"stream_seconds":101.8767611835154,"non_stream_seconds":53.84866103705893,"chart_seconds":155.72542222057433,"window_ticks":24,"min_region_sec":10.0},"distraction":{"mode_formulation":"SP","qualifying_window_count":0,"qualifying_scratches":0,"qualifying_flow_sec":0,"distract_density":0.0,"distract_event_per_sec":0.0,"scratch_chord_pair_count":5,"chord_time_threshold_sec":0.01667,"min_scratches":3}},"warnings":[],"tags":["burst_focused"],"scales":["sl"]}