{"md5":"9747e0270b7e1c2e9ce87e3fd2e0c658","headers":{"title":"Welcome To The Electronic World!![SGVsbG8sIHdvcmxkIQ==]","artist":"Laur","genre":"FRENCHCORE","playlevel":"15","base_bpm":195.0},"mode":"SP","scope":"playable_only","scaling_mode":"p99_linear","params":{"stream_window_ticks":48,"stream_density_threshold_per_beat":4.0,"peak_window_ticks":192,"peak_min_window_notes":4,"peak_min_window_sec":0.05,"felt_bpm_trigger_eff_bpm":500.0,"felt_bpm_trigger_peak_per_sec":200.0,"felt_bpm_target_peak_per_sec":100.0,"felt_bpm_floor":30.0,"jack_window_ticks":24,"soft_burst_ref":8.0,"soft_freq_ref":0.1,"soft_burst_exp":1.5,"soft_freq_exp":1.5,"chord_time_threshold_ms":16.67,"sp_distraction_min_scratches":3,"dp_distraction_window_sec_min":0.2,"dp_distraction_window_sec_max":0.8,"stream_density_ref_per_sec":40.0,"peak_density_ref_per_sec":70.0,"chord_size_ref":3.5,"ln_simultaneity_ref":0.05,"scratch_density_ref_per_sec":1.5,"scratch_ratio_ref":0.1,"distraction_density_ref":2.0,"distraction_event_ref":0.15},"raw_axes":{"chord":1.4496197718631179,"stream":22.693154106273415,"scratch":0.05226921344723361,"soft":0.00013115156622090952,"ln":0.0,"stair":0.11893434823977164,"peak":33.916666666666664,"distraction":1.8676365496856504},"x_chord":0.376,"x_stream":0.562,"x_scratch":0.126,"x_soft":0.001,"x_ln":0.0,"x_stair":0.361,"x_peak":0.402,"x_distraction":0.503,"submetrics":{"chord":{"chord_rate":0.5047528517110266,"avg_chord_size":2.871939736346516,"chord_positions":531,"total_positions":1052},"stream":{"stream_coverage":0.9071358748778103,"stream_density_mean":6.920574162679426,"stream_density_mean_per_sec":25.01626794258373,"stream_windows":20,"notes_in_stream":1856,"total_notes":2046,"intervals":[[4572,5399],[7464,7727],[7932,8111],[8268,8495],[8604,8843],[9948,10007],[10320,10391],[10716,11231],[11244,11927],[12252,14987],[15324,15959],[16092,16799],[16860,17495],[17628,18407],[19176,19787],[19824,20759],[21096,21323],[21408,21467],[21480,22979],[22992,24611]]},"scratch":{"scratch_ratio":0.0689149560117302,"scratch_positions_ratio":0.13403041825095058,"scratch_with_key_chord_rate":0.75177304964539,"scratch_per_sec":0.7584596504470921,"scratch_burst_max_per_sec":8.0,"scratch_burst_window_sec":1.0,"scratch_notes":141,"scratch_positions":141,"total_notes":2046,"total_positions":1052,"chart_seconds":185.9030996795732},"soft":{"base_bpm":215.0,"intensity":0.010894769146832161,"up_intensity":0.008445293141467185,"down_intensity":0.0024494760053649775,"max_intensity":0.6511627906976745,"max_up_intensity":0.023255813953488372,"max_down_intensity":0.6511627906976745,"step_frequency":0.058394160583941604,"ramp_frequency":0.014598540145985401,"continuity_beats":248.0,"off_base_note_ratio":0.3670576735092864,"gimmick_burst_score":0.0022459705715330756,"max_off_base_density_per_beat":4.64375,"base_mean_density_per_beat":4.371621621621622,"base_density_source":"on_base","distinct_off_base_bpm_count":7,"bpm_change_events":8,"measure_count":137},"ln":{"ln_ratio":0.011241446725317693,"ln_hold_time_mean_beats":2.948369565217391,"ln_simultaneity_rate":0.0,"ln_simultaneity_weighted":0.0,"ln_count":23,"ln_positions":13,"total_notes":2046},"stair":{"stair_index":0.11893434823977164,"stair_transitions":125,"eligible_transitions":1051},"peak":{"peak_local_max_density":9.25,"peak_local_max_density_per_sec":33.916666666666664,"peak_max_chord_size":6,"peak_concentration":0.555229716520039,"total_notes":2046,"intervals":[[4596,4919],[4980,5303],[8580,8855],[11280,11519],[11676,11903],[12276,12599],[12756,12947],[13020,13343],[13788,14099],[14580,14903],[15360,15935],[16116,16415],[17652,17975],[20088,20399],[20496,20687],[21504,22259],[22356,22955],[23004,23375],[23388,23759],[24372,24575]]},"jack":{"jack_pairs":18,"jack_in_stream_pairs":9,"jack_outside_pairs":9,"pure_jack_per_sec":0.0833873379984434,"flow_break_per_stream_sec":0.1154245043213014,"stream_seconds":77.97304439746306,"non_stream_seconds":107.93005528211013,"chart_seconds":185.9030996795732,"window_ticks":24,"min_region_sec":10.0},"distraction":{"mode_formulation":"SP","qualifying_window_count":11,"qualifying_scratches":90,"qualifying_flow_sec":63.35993657505284,"distract_density":1.4204559673665509,"distract_event_per_sec":0.17361128490035624,"scratch_chord_pair_count":112,"chord_time_threshold_sec":0.01667,"min_scratches":3}},"warnings":["Unterminated LNOBJ LN on lane P1_KEY1 started at m127 pos0.9375; closing at EOF","Unterminated LNOBJ LN on lane P1_KEY5 started at m127 pos0.875; closing at EOF","Unterminated LNOBJ LN on lane P1_KEY3 started at m127 pos0.9375; closing at EOF","Unterminated LNOBJ LN on lane P1_KEY6 started at m127 pos0.8125; closing at EOF","Unterminated LNOBJ LN on lane P1_KEY2 started at m127 pos0.9375; closing at EOF","Unterminated LNOBJ LN on lane P1_KEY7 started at m127 pos0.875; closing at EOF","Unterminated LNOBJ LN on lane P1_KEY4 started at m127 pos0.875; closing at EOF","Unterminated LNOBJ LN on lane P1_SCR started at m136 pos0.0; closing at EOF"],"tags":["distraction_heavy","burst_focused","fast_chart"],"scales":["★"]}