{"md5":"49dae02d73b30e37473ed9c1094a7e33","headers":{"title":"Catalinesie","artist":"MisomyL / obj : Mary_Sue","genre":"La soletude","playlevel":"25","base_bpm":230.0},"mode":"SP","scope":"playable_only","scaling_mode":"p99_linear","params":{"stream_window_ticks":48,"stream_density_threshold_per_beat":4.0,"peak_window_ticks":192,"peak_min_window_notes":4,"peak_min_window_sec":0.05,"felt_bpm_trigger_eff_bpm":500.0,"felt_bpm_trigger_peak_per_sec":200.0,"felt_bpm_target_peak_per_sec":100.0,"felt_bpm_floor":30.0,"jack_window_ticks":24,"soft_burst_ref":8.0,"soft_freq_ref":0.1,"soft_burst_exp":1.5,"soft_freq_exp":1.5,"chord_time_threshold_ms":16.67,"sp_distraction_min_scratches":3,"dp_distraction_window_sec_min":0.2,"dp_distraction_window_sec_max":0.8,"stream_density_ref_per_sec":40.0,"peak_density_ref_per_sec":70.0,"chord_size_ref":3.5,"ln_simultaneity_ref":0.05,"scratch_density_ref_per_sec":1.5,"scratch_ratio_ref":0.1,"distraction_density_ref":2.0,"distraction_event_ref":0.15},"raw_axes":{"chord":2.105815831987076,"stream":32.10726816790692,"scratch":0.04957423233427086,"soft":0.0,"ln":0.002627257799671593,"stair":0.2433306386418755,"peak":51.11111111111111,"distraction":1.4784930853600384},"x_chord":0.547,"x_stream":0.822,"x_scratch":0.119,"x_soft":0.0,"x_ln":0.042,"x_stair":0.739,"x_peak":0.63,"x_distraction":0.397,"submetrics":{"chord":{"chord_rate":0.6462035541195477,"avg_chord_size":3.25875,"chord_positions":800,"total_positions":1238},"stream":{"stream_coverage":0.8778325123152709,"stream_density_mean":8.414971521562245,"stream_density_mean_per_sec":36.575619742340656,"stream_windows":39,"notes_in_stream":2673,"total_notes":3045,"intervals":[[2088,2159],[2856,2927],[3252,3311],[3612,3695],[4008,4079],[4536,4655],[4956,5039],[5340,5423],[5724,7151],[7260,7343],[7452,7535],[8988,9047],[10524,10607],[10908,10991],[11292,11375],[11484,11567],[11676,11759],[12024,12143],[12828,12911],[13212,13931],[13980,14315],[14364,15215],[15516,15599],[15708,17495],[21624,21743],[21972,22127],[22236,22319],[22428,22511],[22620,22703],[22812,22895],[23004,23087],[23196,23279],[23580,23663],[23964,24047],[24156,24791],[25116,31151],[32028,32303],[33012,33227],[33372,35675]]},"scratch":{"scratch_ratio":0.05681444991789819,"scratch_positions_ratio":0.13974151857835218,"scratch_with_key_chord_rate":0.884393063583815,"scratch_per_sec":0.8725638003344206,"scratch_burst_max_per_sec":7.0,"scratch_burst_window_sec":1.0,"scratch_notes":173,"scratch_positions":173,"total_notes":3045,"total_positions":1238,"chart_seconds":198.2663043478261},"soft":{"base_bpm":230.0,"intensity":0.0,"up_intensity":0.0,"down_intensity":0.0,"max_intensity":0.0,"max_up_intensity":0.0,"max_down_intensity":0.0,"step_frequency":0.0,"ramp_frequency":0.0,"continuity_beats":0.0,"off_base_note_ratio":0.0,"gimmick_burst_score":0.0,"max_off_base_density_per_beat":0.0,"base_mean_density_per_beat":4.006578947368421,"base_density_source":"on_base","distinct_off_base_bpm_count":0,"bpm_change_events":0,"measure_count":188},"ln":{"ln_ratio":0.00361247947454844,"ln_hold_time_mean_beats":4.424242424242424,"ln_simultaneity_rate":0.002627257799671593,"ln_simultaneity_weighted":0.002627257799671593,"ln_count":11,"ln_positions":11,"total_notes":3045},"stair":{"stair_index":0.2433306386418755,"stair_transitions":301,"eligible_transitions":1237},"peak":{"peak_local_max_density":14.0,"peak_local_max_density_per_sec":51.11111111111111,"peak_max_chord_size":7,"peak_concentration":0.44203612479474547,"total_notes":3045,"intervals":[[6108,6371],[24564,24767],[25272,27299],[27384,29303],[29568,30083],[30300,31139],[33456,33899]]},"jack":{"jack_pairs":2,"jack_in_stream_pairs":1,"jack_outside_pairs":1,"pure_jack_per_sec":0.009505605207418498,"flow_break_per_stream_sec":0.01074515300163514,"stream_seconds":93.06521739130427,"non_stream_seconds":105.20108695652182,"chart_seconds":198.2663043478261,"window_ticks":24,"min_region_sec":10.0},"distraction":{"mode_formulation":"SP","qualifying_window_count":8,"qualifying_scratches":118,"qualifying_flow_sec":75.9782608695652,"distract_density":1.5530758226037198,"distract_event_per_sec":0.10529327610872677,"scratch_chord_pair_count":233,"chord_time_threshold_sec":0.01667,"min_scratches":3}},"warnings":[],"tags":["stream_heavy","stair_focused","peak_intense","fast_chart","pure_stream"],"scales":["st"]}