{"md5":"df84cff13642ddc8903fccaeb36c92f9","headers":{"title":"fragment of tears [ANOTHER]","artist":"五条下位＆仲村芽衣子 // movie: kagi55x","genre":"HYPER J-POP YUKIATSU","playlevel":"14","base_bpm":175.0},"mode":"SP","scope":"playable_only","scaling_mode":"p99_linear","params":{"stream_window_ticks":48,"stream_density_threshold_per_beat":4.0,"peak_window_ticks":192,"jack_window_ticks":24,"soft_burst_ref":8.0,"soft_freq_ref":0.1,"soft_burst_exp":1.5,"soft_freq_exp":1.5,"chord_time_threshold_ms":16.67,"sp_distraction_min_scratches":3,"dp_distraction_window_sec_min":0.2,"dp_distraction_window_sec_max":0.8,"stream_density_ref_per_sec":40.0,"peak_density_ref_per_sec":70.0,"chord_size_ref":3.5,"ln_simultaneity_ref":0.05,"scratch_density_ref_per_sec":1.5,"scratch_ratio_ref":0.1,"distraction_density_ref":2.0,"distraction_event_ref":0.15},"raw_axes":{"chord":1.6171428571428572,"stream":16.909186114807476,"scratch":0.013202116528300589,"soft":0.0,"ln":0.04310833806012479,"stair":0.12471395881006865,"peak":29.895833333333332,"distraction":0.5478927203065135},"x_chord":0.42,"x_stream":0.414,"x_scratch":0.032,"x_soft":0.0,"x_ln":0.683,"x_stair":0.379,"x_peak":0.305,"x_distraction":0.147,"submetrics":{"chord":{"chord_rate":0.6022857142857143,"avg_chord_size":2.685009487666034,"chord_positions":527,"total_positions":875},"stream":{"stream_coverage":0.9449801474758933,"stream_density_mean":6.138783269961977,"stream_density_mean_per_sec":17.893694550063373,"stream_windows":19,"notes_in_stream":1666,"total_notes":1763,"intervals":[[348,431],[732,815],[1068,1199],[1332,1391],[1440,1967],[2460,2531],[2652,2735],[3180,7151],[7188,7343],[7392,7499],[7644,7727],[7788,7967],[7980,8111],[8172,8279],[8412,8543],[8580,13487],[13788,13871],[14004,14063],[14136,16943]]},"scratch":{"scratch_ratio":0.030062393647192286,"scratch_positions_ratio":0.060571428571428575,"scratch_with_key_chord_rate":0.9622641509433962,"scratch_per_sec":0.43915719696969696,"scratch_burst_max_per_sec":3.0,"scratch_burst_window_sec":1.0,"scratch_notes":53,"scratch_positions":53,"total_notes":1763,"total_positions":875,"chart_seconds":120.68571428571428},"soft":{"base_bpm":175.0,"intensity":0.0,"up_intensity":0.0,"down_intensity":0.0,"max_intensity":0.0,"max_up_intensity":0.0,"max_down_intensity":0.0,"step_frequency":0.0,"ramp_frequency":0.0,"continuity_beats":0.0,"off_base_note_ratio":0.0,"gimmick_burst_score":0.0,"max_off_base_density_per_beat":0.0,"base_mean_density_per_beat":4.997159090909091,"base_density_source":"on_base","distinct_off_base_bpm_count":0,"bpm_change_events":0,"measure_count":89},"ln":{"ln_ratio":0.008508224617129892,"ln_hold_time_mean_beats":1.775,"ln_simultaneity_rate":0.04310833806012479,"ln_simultaneity_weighted":0.04310833806012479,"ln_count":15,"ln_positions":11,"total_notes":1763},"stair":{"stair_index":0.12471395881006865,"stair_transitions":109,"eligible_transitions":874},"peak":{"peak_local_max_density":10.25,"peak_local_max_density_per_sec":29.895833333333332,"peak_max_chord_size":6,"peak_concentration":0.35734543391945545,"total_notes":1763,"intervals":[[4440,5147],[6468,6659],[8568,9023],[9324,9791],[9972,10163],[14148,14783],[14964,15551],[15852,16319],[16500,16943]]},"jack":{"jack_pairs":8,"jack_in_stream_pairs":7,"jack_outside_pairs":1,"pure_jack_per_sec":0.04419191919191924,"flow_break_per_stream_sec":0.07138694638694637,"stream_seconds":98.05714285714288,"non_stream_seconds":22.628571428571405,"chart_seconds":120.68571428571428,"window_ticks":24,"min_region_sec":10.0},"distraction":{"mode_formulation":"SP","qualifying_window_count":4,"qualifying_scratches":42,"qualifying_flow_sec":87.0,"distract_density":0.4827586206896552,"distract_event_per_sec":0.04597701149425287,"scratch_chord_pair_count":81,"chord_time_threshold_sec":0.01667,"min_scratches":3}},"warnings":["Unterminated LNOBJ LN on lane P1_SCR started at m88 pos0.0; closing at EOF","Unterminated LNOBJ LN on lane P1_KEY1 started at m86 pos0.875; closing at EOF","Unterminated LNOBJ LN on lane P1_KEY3 started at m88 pos0.0; closing at EOF","Unterminated LNOBJ LN on lane P1_KEY2 started at m87 pos0.9375; closing at EOF","Unterminated LNOBJ LN on lane P1_KEY7 started at m88 pos0.0; closing at EOF","Unterminated LNOBJ LN on lane P1_KEY6 started at m87 pos0.8125; closing at EOF","Unterminated LNOBJ LN on lane P1_KEY4 started at m87 pos0.9375; closing at EOF","Unterminated LNOBJ LN on lane P1_KEY5 started at m88 pos0.0; closing at EOF"],"tags":["ln_chart"],"scales":["★"]}