{"md5":"b2a1915cbb9954007c6adeea97c12330","headers":{"title":"プナイプナイせんそう","artist":"立秋 feat.ちょこ / И","genre":"プナイプナイWAR","playlevel":"38","base_bpm":271.0},"mode":"SP","scope":"playable_only","scaling_mode":"p99_linear","params":{"stream_window_ticks":48,"stream_density_threshold_per_beat":4.0,"peak_window_ticks":192,"peak_min_window_notes":4,"peak_min_window_sec":0.05,"felt_bpm_trigger_eff_bpm":500.0,"felt_bpm_trigger_peak_per_sec":200.0,"felt_bpm_target_peak_per_sec":100.0,"felt_bpm_floor":30.0,"jack_window_ticks":24,"soft_burst_ref":8.0,"soft_freq_ref":0.1,"soft_burst_exp":1.5,"soft_freq_exp":1.5,"chord_time_threshold_ms":16.67,"sp_distraction_min_scratches":3,"sp_distraction_bin_sec":0.25,"sp_distraction_t_key":2,"sp_distraction_gap_bins":2,"dp_distraction_window_sec_min":0.2,"dp_distraction_window_sec_max":0.8,"stream_density_ref_per_sec":40.0,"peak_density_ref_per_sec":70.0,"chord_size_ref":3.5,"ln_simultaneity_ref":0.05,"scratch_density_ref_per_sec":1.5,"scratch_ratio_ref":0.1,"distraction_density_ref":2.0,"distraction_event_ref":0.15},"raw_axes":{"chord":2.831759656652361,"stream":30.886722592693154,"scratch_per_sec":1.8569593147751606,"scratch_burst_max_per_sec":9.0,"scratch_max_run_sec":9.963099630996311,"soft":0.0,"stair":0.3110338835794961,"peak":53.07083333333333,"ln_m1_short_rate_rt":0.0,"ln_m2_density_rt":0.0,"ln_m2_burst_max_rt":0.0,"ln_m3_density_rt":0.0,"ln_m_concurrent_rt":0.0,"adv_hand_imb":0.0,"adv_rel_pressure_1beat":0.0,"adv_ln_hold_min_beats":0.0,"adv_ln_chord_big_rate":0.0,"adv_ln_scatter_cv":0.0,"distraction":14.761252858127971},"x_chord":0.727,"x_stream":0.797,"x_scratch":0.301,"x_soft":0.0,"x_ln":0.0,"x_stair":0.881,"x_peak":0.89,"x_distraction":0.907,"ln_advanced_score":0.0,"submetrics":{"chord":{"chord_rate":0.7888412017167382,"avg_chord_size":3.5897714907508163,"chord_positions":919,"total_positions":1165},"stream":{"stream_coverage":0.9208220006044122,"stream_density_mean":7.426395939086294,"stream_density_mean_per_sec":33.54255499153976,"stream_windows":63,"notes_in_stream":3047,"total_notes":3309,"intervals":[[0,420],[468,528],[708,792],[852,912],[1236,1296],[1476,1560],[1620,1680],[1884,1968],[2004,2064],[2196,2352],[2388,2448],[2580,2664],[2700,3120],[3156,3216],[3228,4176],[4188,6576],[6588,6672],[6684,6768],[6804,6864],[7044,7128],[7164,7320],[7572,7632],[7740,7800],[7812,7896],[7908,8016],[8028,8088],[8196,8304],[8340,8448],[8460,8568],[8580,9072],[9108,9168],[9228,9456],[9492,9840],[9948,10032],[10140,10224],[10332,10416],[10476,10704],[10716,14448],[14592,14832],[14940,15024],[15132,15216],[15348,15408],[15468,15600],[15708,15792],[15900,15984],[16116,16200],[16236,16320],[16572,16620],[16668,16752],[16884,16944],[17052,17136],[17268,17328],[17436,17520],[17652,17736],[18108,18192],[18204,18576],[18588,20460],[20472,26124],[26304,26520],[26580,26640],[26820,26904],[26964,27024],[27432,27552]]},"scratch":{"scratch_ratio":0.06657263751763047,"scratch_positions_ratio":0.20257510729613734,"scratch_with_key_chord_rate":0.9449152542372882,"scratch_per_sec":1.8569593147751606,"scratch_burst_max_per_sec":9.0,"scratch_burst_window_sec":1.0,"scratch_max_run_sec":9.963099630996311,"ls_count":3,"ls_per_sec":0.023605415018328312,"ls_complexity_mean":0.6666666666666666,"scratch_notes":236,"scratch_positions":236,"total_notes":3545,"total_positions":1165,"chart_seconds":127.08948339483395},"soft":{"base_bpm":271.0,"intensity":0.0,"up_intensity":0.0,"down_intensity":0.0,"max_intensity":0.0,"max_up_intensity":0.0,"max_down_intensity":0.0,"step_frequency":0.0,"ramp_frequency":0.0,"continuity_beats":0.0,"off_base_note_ratio":0.0,"gimmick_burst_score":0.0,"max_off_base_density_per_beat":0.0,"base_mean_density_per_beat":6.174216027874564,"base_density_source":"on_base","distinct_off_base_bpm_count":0,"bpm_change_events":0,"measure_count":144},"ln":{"ln_ratio":0.0019746121297602257,"ln_hold_time_mean_beats":0.0,"ln_simultaneity_rate":0.0,"ln_simultaneity_weighted":0.0,"ln_count":7,"ln_count_raw":7,"ln_positions":5,"total_notes":3545,"m1_short_count_rt":0,"m1_short_rate_rt":0.0,"m2_long_count_rt":0,"m2_density_rt":0.0,"m2_burst_max_rt":0.0,"m3_density_rt":0.0,"m_concurrent_rt":0.0,"total_long_sec":0,"long_active_sec":0.0,"long_hold_sec_mean":0.0,"long_hold_sec_max":0.0,"adv_hand_imb":0.0,"adv_rel_pressure_1beat":0.0,"adv_ln_hold_min_beats":0.0,"adv_ln_chord_big_rate":0.0,"adv_ln_scatter_cv":0.0},"stair":{"stair_index":0.3110338835794961,"stair_transitions":358,"eligible_transitions":1151},"peak":{"peak_local_max_density":11.75,"peak_local_max_density_per_sec":53.07083333333333,"peak_max_chord_size":7,"peak_concentration":0.4315503173164098,"total_notes":3309,"intervals":[[4548,4872],[4932,5124],[5232,5880],[6024,6528],[11580,11844],[11952,12144],[12348,12744],[13212,13440],[13452,13752],[20868,21060],[21132,21384],[21564,21960],[22236,22968],[23112,24288],[24540,24912],[24924,25416],[25560,26112]]},"jack":{"jack_pairs":7,"jack_in_stream_pairs":7,"jack_outside_pairs":0,"pure_jack_per_sec":0.0,"flow_break_per_stream_sec":0.07041573867854489,"stream_seconds":99.40959409594099,"non_stream_seconds":27.67988929889296,"chart_seconds":127.08948339483395,"window_ticks":24,"min_region_sec":10.0},"distraction":{"mode_formulation":"SP","v3_score":14.761252858127971,"qualifying_intervals":3,"qualifying_flow_sec":125.5,"qualifying_scratches":233,"scratch_chord_pair_count":371,"chord_time_threshold_sec":0.01667,"min_scratches":3,"bin_sec":0.25,"t_key":2,"gap_bins":2}},"warnings":["Unterminated LNOBJ LN on lane P1_KEY3 started at m143 pos0.375; closing at EOF","Unterminated LNOBJ LN on lane P1_KEY5 started at m143 pos0.4375; closing at EOF","Unterminated LNOBJ LN on lane P1_KEY1 started at m141 pos0.875; closing at EOF","Unterminated LNOBJ LN on lane P1_KEY7 started at m142 pos0.5; closing at EOF","Unterminated LNOBJ LN on lane P1_KEY2 started at m142 pos0.25; closing at EOF","Unterminated LNOBJ LN on lane P1_KEY4 started at m142 pos0.25; closing at EOF","Unterminated LNOBJ LN on lane P1_KEY6 started at m142 pos0.25; closing at EOF","Unterminated LNOBJ LN on lane P1_SCR started at m143 pos0.5; closing at EOF"],"axis_intensities":{"chord":"red","stream":"red","peak":"red","scratch":"red","soft":null,"ln":null,"stair":"red","distraction":"red"},"tags":["scratch_chord","dense_chart"],"scales":["st"]}