{"md5":"2490ada05c5054e74c62461a948417f1","headers":{"title":"Απομνημονευμαι[HARD]","artist":"Εσοπτρον/差分 赤い人","genre":"αποφθεγμα","playlevel":"3","base_bpm":185.0},"mode":"SP","scope":"playable_only","scaling_mode":"p99_linear","params":{"stream_window_ticks":48,"stream_density_threshold_per_beat":4.0,"peak_window_ticks":192,"peak_min_window_notes":4,"peak_min_window_sec":0.05,"felt_bpm_trigger_eff_bpm":500.0,"felt_bpm_trigger_peak_per_sec":200.0,"felt_bpm_target_peak_per_sec":100.0,"felt_bpm_floor":30.0,"jack_window_ticks":24,"soft_burst_ref":8.0,"soft_freq_ref":0.1,"soft_burst_exp":1.5,"soft_freq_exp":1.5,"chord_time_threshold_ms":16.67,"sp_distraction_min_scratches":3,"dp_distraction_window_sec_min":0.2,"dp_distraction_window_sec_max":0.8,"stream_density_ref_per_sec":40.0,"peak_density_ref_per_sec":70.0,"chord_size_ref":3.5,"ln_simultaneity_ref":0.05,"scratch_density_ref_per_sec":1.5,"scratch_ratio_ref":0.1,"distraction_density_ref":2.0,"distraction_event_ref":0.15},"raw_axes":{"chord":1.547645125958379,"stream":17.227830477435553,"scratch":0.04149794888952194,"soft":0.0,"ln":0.0,"stair":0.21162280701754385,"peak":26.979166666666664,"distraction":1.1298197187958254},"x_chord":0.39,"x_stream":0.429,"x_scratch":0.099,"x_soft":0.0,"x_ln":0.0,"x_stair":0.624,"x_peak":0.435,"x_distraction":0.298,"submetrics":{"chord":{"chord_rate":0.4928806133625411,"avg_chord_size":3.14,"chord_positions":450,"total_positions":913},"stream":{"stream_coverage":0.9392324093816631,"stream_density_mean":5.9489051094890515,"stream_density_mean_per_sec":18.342457420924575,"stream_windows":61,"notes_in_stream":1762,"total_notes":1876,"intervals":[[156,240],[252,336],[348,432],[444,528],[540,624],[636,720],[732,816],[828,912],[924,1008],[1020,1080],[1116,1200],[1212,1272],[1308,1392],[1404,1488],[1500,1584],[1596,1656],[1692,1776],[1788,1848],[1884,1968],[1980,2040],[2076,2160],[2172,2232],[2268,2352],[2364,2448],[2460,2544],[2556,2616],[2652,2736],[2748,2808],[2844,2928],[2940,3024],[3036,3120],[3132,3192],[3228,3312],[3612,3696],[3996,7200],[7308,7392],[7500,7584],[7692,7776],[7788,7872],[7884,7968],[8076,8160],[8268,8352],[8460,8544],[8556,13296],[13404,13488],[13596,13680],[13788,13872],[13980,14064],[14076,14160],[14172,14256],[14268,14352],[14364,14448],[14556,14640],[14748,14832],[14940,15024],[15108,15216],[15324,15408],[15468,15600],[15636,15792],[15828,15984],[16020,19440]]},"scratch":{"scratch_ratio":0.05383795309168443,"scratch_positions_ratio":0.11062431544359255,"scratch_with_key_chord_rate":0.9504950495049505,"scratch_per_sec":0.7707935853142888,"scratch_burst_max_per_sec":4.0,"scratch_burst_window_sec":1.0,"scratch_notes":101,"scratch_positions":101,"total_notes":1876,"total_positions":913,"chart_seconds":131.03378378378378},"soft":{"base_bpm":185.0,"intensity":0.0,"up_intensity":0.0,"down_intensity":0.0,"max_intensity":0.0,"max_up_intensity":0.0,"max_down_intensity":0.0,"step_frequency":0.0,"ramp_frequency":0.0,"continuity_beats":0.0,"off_base_note_ratio":0.0,"gimmick_burst_score":0.0,"max_off_base_density_per_beat":0.0,"base_mean_density_per_beat":4.628712871287129,"base_density_source":"on_base","distinct_off_base_bpm_count":0,"bpm_change_events":0,"measure_count":102},"ln":{"ln_ratio":0.0,"ln_hold_time_mean_beats":0.0,"ln_simultaneity_rate":0.0,"ln_simultaneity_weighted":0.0,"ln_count":0,"ln_positions":0,"total_notes":1876},"stair":{"stair_index":0.21162280701754385,"stair_transitions":193,"eligible_transitions":912},"peak":{"peak_local_max_density":8.75,"peak_local_max_density_per_sec":26.979166666666664,"peak_max_chord_size":6,"peak_concentration":0.35874200426439234,"total_notes":1876,"intervals":[[5820,6120],[6204,6504],[6588,7176],[9732,10272],[11532,11808],[11916,12192],[12300,12576],[12684,12960],[13068,13272],[16116,16416],[16884,17112],[18396,19440]]},"jack":{"jack_pairs":6,"jack_in_stream_pairs":6,"jack_outside_pairs":0,"pure_jack_per_sec":0.0,"flow_break_per_stream_sec":0.054852060040768445,"stream_seconds":109.38513513513509,"non_stream_seconds":21.648648648648688,"chart_seconds":131.03378378378378,"window_ticks":24,"min_region_sec":10.0},"distraction":{"mode_formulation":"SP","qualifying_window_count":6,"qualifying_scratches":97,"qualifying_flow_sec":78.33108108108105,"distract_density":1.2383334770982495,"distract_event_per_sec":0.07659794703700512,"scratch_chord_pair_count":167,"chord_time_threshold_sec":0.01667,"min_scratches":3}},"warnings":[],"tags":["stair_focused"],"scales":["sl"]}