{"md5":"f0feb9654ae044c0e95ebf68e2497c2e","headers":{"title":"Lemuria","artist":"Festa","genre":"LIFE STREAM","playlevel":"20","base_bpm":191.0},"mode":"SP","scope":"playable_only","scaling_mode":"p99_linear","params":{"stream_window_ticks":48,"stream_density_threshold_per_beat":4.0,"peak_window_ticks":192,"peak_min_window_notes":4,"peak_min_window_sec":0.05,"felt_bpm_trigger_eff_bpm":500.0,"felt_bpm_trigger_peak_per_sec":200.0,"felt_bpm_target_peak_per_sec":100.0,"felt_bpm_floor":30.0,"jack_window_ticks":24,"soft_burst_ref":8.0,"soft_freq_ref":0.1,"soft_burst_exp":1.5,"soft_freq_exp":1.5,"chord_time_threshold_ms":16.67,"sp_distraction_min_scratches":3,"dp_distraction_window_sec_min":0.2,"dp_distraction_window_sec_max":0.8,"stream_density_ref_per_sec":40.0,"peak_density_ref_per_sec":70.0,"chord_size_ref":3.5,"ln_simultaneity_ref":0.05,"scratch_density_ref_per_sec":1.5,"scratch_ratio_ref":0.1,"distraction_density_ref":2.0,"distraction_event_ref":0.15},"raw_axes":{"chord":1.951219512195122,"stream":22.996992878571227,"scratch":0.09350342063321665,"soft":0.08117100897914523,"ln":0.0,"stair":0.21212121212121213,"peak":38.99583333333333,"distraction":1.3591323180400938},"x_chord":0.507,"x_stream":0.591,"x_scratch":0.223,"x_soft":0.344,"x_ln":0.0,"x_stair":0.645,"x_peak":0.649,"x_distraction":0.359,"submetrics":{"chord":{"chord_rate":0.68040370058873,"avg_chord_size":2.8677379480840544,"chord_positions":809,"total_positions":1189},"stream":{"stream_coverage":0.9648148148148148,"stream_density_mean":7.535200605601816,"stream_density_mean_per_sec":23.83565480696442,"stream_windows":33,"notes_in_stream":2605,"total_notes":2700,"intervals":[[324,384],[492,624],[780,972],[996,1080],[1188,1344],[1560,1740],[1932,3072],[3084,3144],[3156,3216],[3228,3936],[3948,4008],[4044,4104],[4164,4320],[4332,4392],[4416,4704],[4716,4776],[4788,4872],[4932,5376],[5484,6900],[6984,7068],[7116,7200],[7236,7392],[7404,7536],[8076,10320],[10356,10440],[10500,10584],[10608,11760],[11844,11952],[12036,19416],[19428,19488],[19500,19680],[19692,20448],[20520,20616]]},"scratch":{"scratch_ratio":0.06925925925925926,"scratch_positions_ratio":0.15727502102607233,"scratch_with_key_chord_rate":0.9572192513368984,"scratch_per_sec":1.3500493888218448,"scratch_burst_max_per_sec":6.0,"scratch_burst_window_sec":1.0,"scratch_notes":187,"scratch_positions":187,"total_notes":2700,"total_positions":1189,"chart_seconds":138.51345109914115},"soft":{"base_bpm":191.0,"intensity":0.005455206515415939,"up_intensity":0.0,"down_intensity":0.005455206515415939,"max_intensity":0.75,"max_up_intensity":0.0,"max_down_intensity":0.75,"step_frequency":0.09345794392523364,"ramp_frequency":0.037383177570093455,"continuity_beats":9.489583333333334,"off_base_note_ratio":0.018518518518518517,"gimmick_burst_score":0.8685297960768539,"max_off_base_density_per_beat":9.094736842105263,"base_mean_density_per_beat":6.254863861081732,"base_density_source":"on_base","distinct_off_base_bpm_count":8,"bpm_change_events":10,"measure_count":107},"ln":{"ln_ratio":0.002962962962962963,"ln_hold_time_mean_beats":0.0,"ln_simultaneity_rate":0.0,"ln_simultaneity_weighted":0.0,"ln_count":8,"ln_positions":8,"total_notes":2700},"stair":{"stair_index":0.21212121212121213,"stair_transitions":252,"eligible_transitions":1188},"peak":{"peak_local_max_density":12.25,"peak_local_max_density_per_sec":38.99583333333333,"peak_max_chord_size":7,"peak_concentration":0.40074074074074073,"total_notes":2700,"intervals":[[6252,6480],[9228,9456],[9780,10296],[10872,11640],[12708,12936],[14424,14748],[15252,15444],[15936,16332],[16416,16752],[16764,17064],[17448,17868],[17916,18516],[19032,19344],[19788,20412]]},"jack":{"jack_pairs":2,"jack_in_stream_pairs":2,"jack_outside_pairs":0,"pure_jack_per_sec":0.0,"flow_break_per_stream_sec":0.0166595295556211,"stream_seconds":120.05140921432437,"non_stream_seconds":18.462041884816784,"chart_seconds":138.51345109914115,"window_ticks":24,"min_region_sec":10.0},"distraction":{"mode_formulation":"SP","qualifying_window_count":7,"qualifying_scratches":176,"qualifying_flow_sec":99.08282282688981,"distract_density":1.7762917423890334,"distract_event_per_sec":0.07064796702683655,"scratch_chord_pair_count":266,"chord_time_threshold_sec":0.01667,"min_scratches":3}},"warnings":["Unterminated LNOBJ LN on lane P1_KEY1 started at m106 pos0.25; closing at EOF","Unterminated LNOBJ LN on lane P1_SCR started at m104 pos0.25; closing at EOF","Unterminated LNOBJ LN on lane P1_KEY7 started at m105 pos0.20833333; closing at EOF","Unterminated LNOBJ LN on lane P1_KEY2 started at m106 pos0.08333333; closing at EOF","Unterminated LNOBJ LN on lane P1_KEY3 started at m105 pos0.91666667; closing at EOF","Unterminated LNOBJ LN on lane P1_KEY4 started at m105 pos0.41666667; closing at EOF","Unterminated LNOBJ LN on lane P1_KEY6 started at m105 pos0.27083333; closing at EOF","Unterminated LNOBJ LN on lane P1_KEY5 started at m105 pos0.75; closing at EOF"],"tags":["scratch_active","soflan","stair_focused","scratch_chord","dense_chart"],"scales":["★"]}