{"md5":"68b44bc85a6a75a848b40256fd297908","headers":{"title":"行雲流水 [LN Hyper]","artist":"naotyu- / obj.vese","genre":"break beats","playlevel":"10","base_bpm":160.0},"mode":"SP","scope":"playable_only","scaling_mode":"p99_linear","params":{"stream_window_ticks":48,"stream_density_threshold_per_beat":4.0,"peak_window_ticks":192,"peak_min_window_notes":4,"peak_min_window_sec":0.05,"felt_bpm_trigger_eff_bpm":500.0,"felt_bpm_trigger_peak_per_sec":200.0,"felt_bpm_target_peak_per_sec":100.0,"felt_bpm_floor":30.0,"jack_window_ticks":24,"soft_burst_ref":8.0,"soft_freq_ref":0.1,"soft_burst_exp":1.5,"soft_freq_exp":1.5,"chord_time_threshold_ms":16.67,"sp_distraction_min_scratches":3,"dp_distraction_window_sec_min":0.2,"dp_distraction_window_sec_max":0.8,"stream_density_ref_per_sec":40.0,"peak_density_ref_per_sec":70.0,"chord_size_ref":3.5,"ln_simultaneity_ref":0.05,"scratch_density_ref_per_sec":1.5,"scratch_ratio_ref":0.1,"distraction_density_ref":2.0,"distraction_event_ref":0.15},"raw_axes":{"chord":0.6145833333333333,"stream":6.638899161135873,"scratch":0.006991523127783719,"soft":0.0,"stair":0.04869565217391304,"peak":12.666666666666666,"ln_m1_short_rate_rt":0.01832460732984293,"ln_m2_density_rt":14.735819019689986,"ln_m2_burst_max_rt":63.0,"ln_m3_density_rt":14.735819019689986,"ln_m_concurrent_rt":0.3180563224737716,"adv_hand_imb":0.0967741935483871,"adv_rel_pressure_1beat":0.9193548387096774,"adv_ln_hold_min_beats":0.25,"adv_ln_chord_big_rate":0.0,"adv_ln_scatter_cv":1.957645348121221,"distraction":2.588996763754045},"x_chord":0.157,"x_stream":0.166,"x_scratch":0.017,"x_soft":0.0,"x_ln":0.878,"x_stair":0.141,"x_peak":0.205,"x_distraction":0.604,"ln_advanced_score":0.628,"submetrics":{"chord":{"chord_rate":0.2881944444444444,"avg_chord_size":2.1325301204819276,"chord_positions":166,"total_positions":576},"stream":{"stream_coverage":0.5890052356020943,"stream_density_mean":4.226765799256506,"stream_density_mean_per_sec":11.271375464684015,"stream_windows":57,"notes_in_stream":450,"total_notes":764,"intervals":[[1068,1116],[1236,1308],[1452,1500],[1524,1608],[1620,1752],[1776,1824],[1932,1992],[2028,2112],[2160,2244],[2412,2496],[2604,2688],[2784,2904],[2940,3024],[3228,3312],[3324,3408],[3468,3528],[3708,3792],[3852,3912],[3996,4056],[4188,4272],[4332,4440],[4692,4824],[4980,5040],[5052,5232],[6576,6768],[6924,6984],[7068,7128],[7260,7344],[8220,8340],[8460,8532],[8556,9108],[9144,9492],[9576,9684],[10032,10140],[10188,10248],[10284,10368],[10416,10500],[10800,10848],[10860,10908],[11076,11160],[11196,11280],[11388,11568],[11580,11652],[11976,12036],[12252,12312],[12360,12432],[12444,12528],[12564,12696],[12720,12828],[12936,13080],[13092,13224],[13236,13488],[13764,13848],[14256,14364],[14508,14556],[14640,14748],[14796,14916]]},"scratch":{"scratch_ratio":0.032722513089005235,"scratch_positions_ratio":0.043402777777777776,"scratch_with_key_chord_rate":0.8,"scratch_per_sec":0.21366094678507044,"scratch_burst_max_per_sec":2.0,"scratch_burst_window_sec":1.0,"scratch_notes":25,"scratch_positions":25,"total_notes":764,"total_positions":576,"chart_seconds":117.0078125},"soft":{"base_bpm":160.0,"intensity":0.0,"up_intensity":0.0,"down_intensity":0.0,"max_intensity":0.0,"max_up_intensity":0.0,"max_down_intensity":0.0,"step_frequency":0.0,"ramp_frequency":0.0,"continuity_beats":0.0,"off_base_note_ratio":0.0,"gimmick_burst_score":0.0,"max_off_base_density_per_beat":0.0,"base_mean_density_per_beat":2.4455128205128207,"base_density_source":"on_base","distinct_off_base_bpm_count":0,"bpm_change_events":0,"measure_count":79},"ln":{"ln_ratio":0.25392670157068065,"ln_hold_time_mean_beats":1.2997207903780068,"ln_simultaneity_rate":0.2879581151832461,"ln_simultaneity_weighted":0.3730366492146597,"ln_count":194,"ln_count_raw":194,"ln_positions":192,"total_notes":764,"m1_short_count_rt":14,"m1_short_rate_rt":0.01832460732984293,"m2_long_count_rt":172,"m2_density_rt":14.735819019689986,"m2_burst_max_rt":63.0,"m3_density_rt":14.735819019689986,"m_concurrent_rt":0.3180563224737716,"total_long_sec":93.24218750000001,"long_active_sec":70.7421875,"long_hold_sec_mean":0.5421057412790699,"long_hold_sec_max":2.90625,"adv_hand_imb":0.0967741935483871,"adv_rel_pressure_1beat":0.9193548387096774,"adv_ln_hold_min_beats":0.25,"adv_ln_chord_big_rate":0.0,"adv_ln_scatter_cv":1.957645348121221},"stair":{"stair_index":0.04869565217391304,"stair_transitions":28,"eligible_transitions":575},"peak":{"peak_local_max_density":4.75,"peak_local_max_density_per_sec":12.666666666666666,"peak_max_chord_size":4,"peak_concentration":0.3586387434554974,"total_notes":764,"intervals":[[1548,1824],[4188,4404],[4620,4824],[4980,5256],[6588,6792],[8208,8448],[8460,9120],[9132,9528],[11340,11664],[12348,12816],[12876,13536]]},"jack":{"jack_pairs":31,"jack_in_stream_pairs":17,"jack_outside_pairs":14,"pure_jack_per_sec":0.1993547669373679,"flow_break_per_stream_sec":0.3633934535738143,"stream_seconds":46.78125,"non_stream_seconds":70.2265625,"chart_seconds":117.0078125,"window_ticks":24,"min_region_sec":10.0},"distraction":{"mode_formulation":"SP","qualifying_window_count":3,"qualifying_scratches":10,"qualifying_flow_sec":9.65625,"distract_density":1.035598705501618,"distract_event_per_sec":0.3106796116504854,"scratch_chord_pair_count":22,"chord_time_threshold_sec":0.01667,"min_scratches":3}},"warnings":["Unterminated LNOBJ LN on lane P1_KEY1 started at m76 pos0.625; closing at EOF","Unterminated LNOBJ LN on lane P1_KEY7 started at m76 pos0.5625; closing at EOF","Unterminated LNOBJ LN on lane P1_KEY6 started at m77 pos0.5; closing at EOF","Unterminated LNOBJ LN on lane P1_KEY2 started at m77 pos0.625; closing at EOF","Unterminated LNOBJ LN on lane P1_KEY4 started at m77 pos0.5625; closing at EOF","Unterminated LNOBJ LN on lane P1_KEY3 started at m77 pos0.4375; closing at EOF","Unterminated LNOBJ LN on lane P1_KEY5 started at m77 pos0.375; closing at EOF","Unterminated LNOBJ LN on lane P1_SCR started at m78 pos0.0; closing at EOF"],"tags":["ln_chart","distraction_heavy"],"scales":[]}