{"md5":"1f124e82ed629196b6503d3eaef7de31","headers":{"title":"Smiling","artist":"櫟井唯 / 岡野佳","genre":"kawaiicore","playlevel":"11","base_bpm":172.0},"mode":"SP","scope":"playable_only","scaling_mode":"p99_linear","params":{"stream_window_ticks":48,"stream_density_threshold_per_beat":4.0,"peak_window_ticks":192,"peak_min_window_notes":4,"peak_min_window_sec":0.05,"felt_bpm_trigger_eff_bpm":500.0,"felt_bpm_trigger_peak_per_sec":200.0,"felt_bpm_target_peak_per_sec":100.0,"felt_bpm_floor":30.0,"jack_window_ticks":24,"soft_burst_ref":8.0,"soft_freq_ref":0.1,"soft_burst_exp":1.5,"soft_freq_exp":1.5,"chord_time_threshold_ms":16.67,"sp_distraction_min_scratches":3,"sp_distraction_bin_sec":0.25,"sp_distraction_t_key":2,"sp_distraction_gap_bins":2,"dp_distraction_window_sec_min":0.2,"dp_distraction_window_sec_max":0.8,"stream_density_ref_per_sec":40.0,"peak_density_ref_per_sec":70.0,"chord_size_ref":3.5,"ln_simultaneity_ref":0.05,"scratch_density_ref_per_sec":1.5,"scratch_ratio_ref":0.1,"distraction_density_ref":2.0,"distraction_event_ref":0.15},"raw_axes":{"chord":1.3724978241949521,"stream":18.159574888569054,"scratch_per_sec":0.584572861749501,"scratch_burst_max_per_sec":4.0,"scratch_max_run_sec":2.2674418604651123,"soft":0.019673434693793616,"stair":0.1762652705061082,"peak":32.25,"ln_m1_short_rate_rt":0.0,"ln_m2_density_rt":22.47096774193547,"ln_m2_burst_max_rt":37.0,"ln_m3_density_rt":22.47096774193547,"ln_m_concurrent_rt":0.0,"adv_hand_imb":1.0,"adv_rel_pressure_1beat":1.0,"adv_ln_hold_min_beats":0.5,"adv_ln_chord_big_rate":0.0,"adv_ln_scatter_cv":0.564169333655275,"distraction":2.6974868198802273},"x_chord":0.352,"x_stream":0.468,"x_scratch":0.113,"x_soft":0.059,"x_ln":0.704,"x_stair":0.499,"x_peak":0.541,"x_distraction":0.166,"ln_advanced_score":0.666,"submetrics":{"chord":{"chord_rate":0.4577893820713664,"avg_chord_size":2.9980988593155895,"chord_positions":526,"total_positions":1149},"stream":{"stream_coverage":0.9036372224846481,"stream_density_mean":7.211143695014663,"stream_density_mean_per_sec":20.096089931573804,"stream_windows":36,"notes_in_stream":1913,"total_notes":2117,"intervals":[[180,1044],[1272,1428],[1608,1968],[1980,2532],[3228,3360],[4044,7152],[7164,7248],[7260,7344],[7356,7440],[7452,7536],[7644,7728],[7812,8016],[8028,8112],[8124,8208],[8220,8304],[8316,8400],[8412,8496],[8532,8616],[8652,10212],[10236,10656],[10668,10752],[10764,11280],[11292,11568],[11580,11796],[11940,14040],[14916,15000],[15060,15120],[15132,15264],[15468,15552],[15564,16776],[16944,17004],[17016,17172],[17400,17556],[17736,18096],[18108,18192],[18204,18288]]},"scratch":{"scratch_ratio":0.03772727272727273,"scratch_positions_ratio":0.072236727589208,"scratch_with_key_chord_rate":0.9759036144578314,"scratch_per_sec":0.584572861749501,"scratch_burst_max_per_sec":4.0,"scratch_burst_window_sec":1.0,"scratch_max_run_sec":2.2674418604651123,"ls_count":0,"ls_per_sec":0.0,"ls_complexity_mean":0.0,"scratch_notes":83,"scratch_positions":83,"total_notes":2200,"total_positions":1149,"chart_seconds":141.98401162790697},"soft":{"base_bpm":172.0,"intensity":0.023863636363636365,"up_intensity":0.0,"down_intensity":0.023863636363636365,"max_intensity":0.5,"max_up_intensity":0.0,"max_down_intensity":0.5,"step_frequency":0.020202020202020204,"ramp_frequency":0.020202020202020204,"continuity_beats":19.0,"off_base_note_ratio":0.04772727272727273,"gimmick_burst_score":0.9738350173427839,"max_off_base_density_per_beat":5.526315789473684,"base_mean_density_per_beat":5.67479674796748,"base_density_source":"on_base","distinct_off_base_bpm_count":1,"bpm_change_events":2,"measure_count":99},"ln":{"ln_ratio":0.011818181818181818,"ln_hold_time_mean_beats":1.1923076923076923,"ln_simultaneity_rate":0.017727272727272727,"ln_simultaneity_weighted":0.017727272727272727,"ln_count":26,"ln_count_raw":26,"ln_positions":26,"total_notes":2200,"m1_short_count_rt":0,"m1_short_rate_rt":0.0,"m2_long_count_rt":26,"m2_density_rt":22.47096774193547,"m2_burst_max_rt":37.0,"m3_density_rt":22.47096774193547,"m_concurrent_rt":0.0,"total_long_sec":10.8139534883721,"long_active_sec":10.8139534883721,"long_hold_sec_mean":0.41592128801431155,"long_hold_sec_max":1.0465116279069733,"adv_hand_imb":1.0,"adv_rel_pressure_1beat":1.0,"adv_ln_hold_min_beats":0.5,"adv_ln_chord_big_rate":0.0,"adv_ln_scatter_cv":0.564169333655275},"stair":{"stair_index":0.1762652705061082,"stair_transitions":202,"eligible_transitions":1146},"peak":{"peak_local_max_density":11.25,"peak_local_max_density_per_sec":32.25,"peak_max_chord_size":6,"peak_concentration":0.3037316957959377,"total_notes":2117,"intervals":[[4668,4992],[5148,5700],[6384,7032],[9228,9432],[13200,13632],[15588,16752]]},"jack":{"jack_pairs":43,"jack_in_stream_pairs":10,"jack_outside_pairs":33,"pure_jack_per_sec":0.9341287800864005,"flow_break_per_stream_sec":0.09375851730716822,"stream_seconds":106.65697674418598,"non_stream_seconds":35.327034883720984,"chart_seconds":141.98401162790697,"window_ticks":24,"min_region_sec":10.0},"distraction":{"mode_formulation":"SP","v3_score":2.6974868198802273,"qualifying_intervals":3,"qualifying_flow_sec":124.0,"qualifying_scratches":81,"scratch_chord_pair_count":104,"chord_time_threshold_sec":0.01667,"min_scratches":3,"bin_sec":0.25,"t_key":2,"gap_bins":2}},"warnings":[],"axis_intensities":{"chord":"green","stream":"yellow","peak":"yellow","scratch":"yellow","soft":"yellow","ln":"yellow","stair":"red","distraction":"yellow"},"tags":["jack_chart"],"scales":["★"]}