{"md5":"96a91ebad9a86aeef831a78168082e36","headers":{"title":"リクロスフェイト[TORMENT]","artist":"あとぅす","genre":"HOPE","playlevel":"25","base_bpm":235.0},"mode":"SP","scope":"playable_only","scaling_mode":"p99_linear","params":{"stream_window_ticks":48,"stream_density_threshold_per_beat":4.0,"peak_window_ticks":192,"peak_min_window_notes":4,"peak_min_window_sec":0.05,"felt_bpm_trigger_eff_bpm":500.0,"felt_bpm_trigger_peak_per_sec":200.0,"felt_bpm_target_peak_per_sec":100.0,"felt_bpm_floor":30.0,"jack_window_ticks":24,"soft_burst_ref":8.0,"soft_freq_ref":0.1,"soft_burst_exp":1.5,"soft_freq_exp":1.5,"chord_time_threshold_ms":16.67,"sp_distraction_min_scratches":3,"sp_distraction_bin_sec":0.25,"sp_distraction_t_key":2,"sp_distraction_gap_bins":2,"dp_distraction_window_sec_min":0.2,"dp_distraction_window_sec_max":0.8,"stream_density_ref_per_sec":40.0,"peak_density_ref_per_sec":70.0,"chord_size_ref":3.5,"ln_simultaneity_ref":0.05,"scratch_density_ref_per_sec":1.5,"scratch_ratio_ref":0.1,"distraction_density_ref":2.0,"distraction_event_ref":0.15},"raw_axes":{"chord":3.15703125,"stream":36.797896660486586,"scratch_per_sec":0.7432807451054932,"scratch_burst_max_per_sec":6.0,"scratch_max_run_sec":2.5531914893616943,"soft":0.0,"stair":0.20627450980392156,"peak":51.895833333333336,"ln_m1_short_rate_rt":0.0,"ln_m2_density_rt":0.0,"ln_m2_burst_max_rt":0.0,"ln_m3_density_rt":0.0,"ln_m_concurrent_rt":0.0,"adv_hand_imb":0.0,"adv_rel_pressure_1beat":0.0,"adv_ln_hold_min_beats":0.0,"adv_ln_chord_big_rate":0.0,"adv_ln_scatter_cv":0.0,"distraction":5.22440600646265},"x_chord":0.811,"x_stream":0.949,"x_scratch":0.159,"x_soft":0.0,"x_ln":0.0,"x_stair":0.584,"x_peak":0.87,"x_distraction":0.321,"ln_advanced_score":0.0,"submetrics":{"chord":{"chord_rate":0.94609375,"avg_chord_size":3.336911643270025,"chord_positions":1211,"total_positions":1280},"stream":{"stream_coverage":0.9493260109835248,"stream_density_mean":9.896713615023474,"stream_density_mean_per_sec":38.76212832550861,"stream_windows":49,"notes_in_stream":3803,"total_notes":4006,"intervals":[[924,984],[1092,1176],[1188,1248],[1572,1632],[1836,1896],[2004,2136],[2340,2400],[2724,2784],[3012,3096],[3612,6756],[6804,6912],[7020,7128],[7212,7272],[7284,7392],[7404,7464],[7596,7656],[7764,7896],[7980,8040],[8052,8112],[8172,8232],[8340,8448],[8556,8664],[8820,8928],[9060,9120],[9132,9240],[9396,9456],[9516,11832],[11916,11976],[12012,12912],[12924,19056],[19068,19128],[19140,19200],[19212,19416],[19476,19584],[19596,19680],[20004,20064],[20676,20760],[20868,20952],[21012,21120],[21132,21216],[21252,21336],[21540,22128],[22140,22200],[22212,22272],[22284,22344],[22812,25200],[25212,25272],[25284,25344],[25356,26352]]},"scratch":{"scratch_ratio":0.025304136253041364,"scratch_positions_ratio":0.08125,"scratch_with_key_chord_rate":0.9615384615384616,"scratch_per_sec":0.7432807451054932,"scratch_burst_max_per_sec":6.0,"scratch_burst_window_sec":1.0,"scratch_max_run_sec":2.5531914893616943,"ls_count":0,"ls_per_sec":0.0,"ls_complexity_mean":0.0,"scratch_notes":104,"scratch_positions":104,"total_notes":4110,"total_positions":1280,"chart_seconds":139.92021276595744},"soft":{"base_bpm":235.0,"intensity":0.0,"up_intensity":0.0,"down_intensity":0.0,"max_intensity":0.0,"max_up_intensity":0.0,"max_down_intensity":0.0,"step_frequency":0.0,"ramp_frequency":0.0,"continuity_beats":0.0,"off_base_note_ratio":0.0,"gimmick_burst_score":0.0,"max_off_base_density_per_beat":0.0,"base_mean_density_per_beat":7.485401459854015,"base_density_source":"on_base","distinct_off_base_bpm_count":0,"bpm_change_events":0,"measure_count":138},"ln":{"ln_ratio":0.0,"ln_hold_time_mean_beats":0.0,"ln_simultaneity_rate":0.0,"ln_simultaneity_weighted":0.0,"ln_count":0,"ln_count_raw":0,"ln_positions":0,"total_notes":4110,"m1_short_count_rt":0,"m1_short_rate_rt":0.0,"m2_long_count_rt":0,"m2_density_rt":0.0,"m2_burst_max_rt":0.0,"m3_density_rt":0.0,"m_concurrent_rt":0.0,"total_long_sec":0.0,"long_active_sec":0.0,"long_hold_sec_mean":0.0,"long_hold_sec_max":0.0,"adv_hand_imb":0.0,"adv_rel_pressure_1beat":0.0,"adv_ln_hold_min_beats":0.0,"adv_ln_chord_big_rate":0.0,"adv_ln_scatter_cv":0.0},"stair":{"stair_index":0.20627450980392156,"stair_transitions":263,"eligible_transitions":1275},"peak":{"peak_local_max_density":13.25,"peak_local_max_density_per_sec":51.895833333333336,"peak_max_chord_size":7,"peak_concentration":0.5139790314528208,"total_notes":4006,"intervals":[[3648,3888],[4104,4296],[4440,4920],[5136,5448],[5580,5832],[6048,6504],[6540,6744],[10812,11160],[12468,12864],[13248,13704],[13944,14136],[14232,14424],[14784,15972],[18204,18420],[18804,19032],[22848,23820],[24000,25152],[25536,26316]]},"jack":{"jack_pairs":1,"jack_in_stream_pairs":1,"jack_outside_pairs":0,"pure_jack_per_sec":0.0,"flow_break_per_stream_sec":0.009482976040353093,"stream_seconds":105.45212765957443,"non_stream_seconds":34.468085106383015,"chart_seconds":139.92021276595744,"window_ticks":24,"min_region_sec":10.0},"distraction":{"mode_formulation":"SP","v3_score":5.22440600646265,"qualifying_intervals":1,"qualifying_flow_sec":121.0,"qualifying_scratches":100,"scratch_chord_pair_count":169,"chord_time_threshold_sec":0.01667,"min_scratches":3,"bin_sec":0.25,"t_key":2,"gap_bins":2}},"warnings":[],"axis_intensities":{"chord":"red","stream":"red","peak":"red","scratch":"yellow","soft":null,"ln":null,"stair":"red","distraction":"red"},"tags":["burst_focused","dense_chart"],"scales":["st"]}