{"md5":"0a54c49a327c6ae81b4ed09099bc2e7a","headers":{"title":"White Utopia -Respect for Blue Dragon","artist":"Lazy_selfish feat.ZUN & 青龍 obj:Ds","genre":"DANCE SPEED","playlevel":"12","base_bpm":191.0},"mode":"SP","scope":"playable_only","scaling_mode":"p99_linear","params":{"stream_window_ticks":48,"stream_density_threshold_per_beat":4.0,"peak_window_ticks":192,"peak_min_window_notes":4,"peak_min_window_sec":0.05,"felt_bpm_trigger_eff_bpm":500.0,"felt_bpm_trigger_peak_per_sec":200.0,"felt_bpm_target_peak_per_sec":100.0,"felt_bpm_floor":30.0,"jack_window_ticks":24,"soft_burst_ref":8.0,"soft_freq_ref":0.1,"soft_burst_exp":1.5,"soft_freq_exp":1.5,"chord_time_threshold_ms":16.67,"sp_distraction_min_scratches":3,"dp_distraction_window_sec_min":0.2,"dp_distraction_window_sec_max":0.8,"stream_density_ref_per_sec":40.0,"peak_density_ref_per_sec":70.0,"chord_size_ref":3.5,"ln_simultaneity_ref":0.05,"scratch_density_ref_per_sec":1.5,"scratch_ratio_ref":0.1,"distraction_density_ref":2.0,"distraction_event_ref":0.15},"raw_axes":{"chord":1.7131062951496385,"stream":19.94451188050433,"scratch":0.15735019002005982,"soft":0.0,"ln":0.0,"stair":0.13429752066115702,"peak":38.2,"distraction":1.483718479488145},"x_chord":0.445,"x_stream":0.511,"x_scratch":0.378,"x_soft":0.0,"x_ln":0.0,"x_stair":0.408,"x_peak":0.471,"x_distraction":0.399,"submetrics":{"chord":{"chord_rate":0.587203302373581,"avg_chord_size":2.9173989455184532,"chord_positions":569,"total_positions":969},"stream":{"stream_coverage":0.9402912621359223,"stream_density_mean":6.663139329805997,"stream_density_mean_per_sec":21.210993533215756,"stream_windows":21,"notes_in_stream":1937,"total_notes":2060,"intervals":[[768,827],[1740,1895],[1932,2111],[2124,3911],[4020,10259],[10524,10607],[10716,10799],[10908,10991],[11028,11183],[11292,11375],[11484,11567],[11676,11759],[11868,11951],[12060,12119],[12564,12695],[13188,13271],[13356,13667],[13788,13871],[13884,14627],[14676,14783],[14892,19055]]},"scratch":{"scratch_ratio":0.09757281553398059,"scratch_positions_ratio":0.20743034055727555,"scratch_with_key_chord_rate":0.8407960199004975,"scratch_per_sec":1.6126437385140457,"scratch_burst_max_per_sec":13.0,"scratch_burst_window_sec":1.0,"scratch_notes":201,"scratch_positions":201,"total_notes":2060,"total_positions":969,"chart_seconds":124.64005235602095},"soft":{"base_bpm":191.0,"intensity":0.0,"up_intensity":0.0,"down_intensity":0.0,"max_intensity":0.0,"max_up_intensity":0.0,"max_down_intensity":0.0,"step_frequency":0.0,"ramp_frequency":0.0,"continuity_beats":0.0,"off_base_note_ratio":0.0,"gimmick_burst_score":0.0,"max_off_base_density_per_beat":0.0,"base_mean_density_per_beat":5.189666036546944,"base_density_source":"on_base","distinct_off_base_bpm_count":0,"bpm_change_events":0,"measure_count":100},"ln":{"ln_ratio":0.0,"ln_hold_time_mean_beats":0.0,"ln_simultaneity_rate":0.0,"ln_simultaneity_weighted":0.0,"ln_count":0,"ln_positions":0,"total_notes":2060},"stair":{"stair_index":0.13429752066115702,"stair_transitions":130,"eligible_transitions":968},"peak":{"peak_local_max_density":12.0,"peak_local_max_density_per_sec":38.2,"peak_max_chord_size":6,"peak_concentration":0.3446601941747573,"total_notes":2060,"intervals":[[2268,2603],[3288,3947],[5844,6095],[6228,6479],[6612,6947],[9984,10295],[13392,13691],[14148,14459],[15324,15587],[16188,16379],[17304,17531],[18084,18779]]},"jack":{"jack_pairs":25,"jack_in_stream_pairs":20,"jack_outside_pairs":5,"pure_jack_per_sec":0.1819047619047616,"flow_break_per_stream_sec":0.2058605591108118,"stream_seconds":97.1531413612565,"non_stream_seconds":27.486910994764443,"chart_seconds":124.64005235602095,"window_ticks":24,"min_region_sec":10.0},"distraction":{"mode_formulation":"SP","qualifying_window_count":6,"qualifying_scratches":178,"qualifying_flow_sec":86.94371727748688,"distract_density":2.0473014678208514,"distract_event_per_sec":0.06901016183665791,"scratch_chord_pair_count":221,"chord_time_threshold_sec":0.01667,"min_scratches":3}},"warnings":[],"tags":["scratch_active","peak_intense","scratch_burst"],"scales":["so"]}