{"md5":"81d2bc2d271c2bc318f478a59cdfb507","headers":{"title":"Prayer","artist":"Kankitsu","genre":"Piano Trance","playlevel":"24","base_bpm":142.0},"mode":"SP","scope":"playable_only","scaling_mode":"p99_linear","params":{"stream_window_ticks":48,"stream_density_threshold_per_beat":4.0,"peak_window_ticks":192,"peak_min_window_notes":4,"peak_min_window_sec":0.05,"felt_bpm_trigger_eff_bpm":500.0,"felt_bpm_trigger_peak_per_sec":200.0,"felt_bpm_target_peak_per_sec":100.0,"felt_bpm_floor":30.0,"jack_window_ticks":24,"soft_burst_ref":8.0,"soft_freq_ref":0.1,"soft_burst_exp":1.5,"soft_freq_exp":1.5,"chord_time_threshold_ms":16.67,"sp_distraction_min_scratches":3,"dp_distraction_window_sec_min":0.2,"dp_distraction_window_sec_max":0.8,"stream_density_ref_per_sec":40.0,"peak_density_ref_per_sec":70.0,"chord_size_ref":3.5,"ln_simultaneity_ref":0.05,"scratch_density_ref_per_sec":1.5,"scratch_ratio_ref":0.1,"distraction_density_ref":2.0,"distraction_event_ref":0.15},"raw_axes":{"chord":2.6598513011152414,"stream":28.742876103613025,"scratch":0.0031938982771542775,"soft":0.0,"ln":0.0,"stair":0.16930232558139535,"peak":39.641666666666666,"distraction":0.32925881249162303},"x_chord":0.691,"x_stream":0.712,"x_scratch":0.008,"x_soft":0.0,"x_ln":0.0,"x_stair":0.514,"x_peak":0.47,"x_distraction":0.089,"submetrics":{"chord":{"chord_rate":0.7434944237918215,"avg_chord_size":3.5775,"chord_positions":800,"total_positions":1076},"stream":{"stream_coverage":0.9700446144040791,"stream_density_mean":12.519916142557651,"stream_density_mean_per_sec":29.63046820405311,"stream_windows":24,"notes_in_stream":3044,"total_notes":3138,"intervals":[[156,239],[564,623],[636,695],[816,1151],[1284,1535],[1596,1835],[2052,2219],[2268,6383],[6780,6839],[7056,7139],[7152,7223],[7344,7391],[7476,7535],[7548,7607],[7836,7967],[8052,8159],[8244,8303],[8412,8495],[8628,8735],[8748,8807],[8988,9119],[9132,9191],[9372,15203],[15300,15527]]},"scratch":{"scratch_ratio":0.011790949649458253,"scratch_positions_ratio":0.03438661710037175,"scratch_with_key_chord_rate":0.972972972972973,"scratch_per_sec":0.270877102532706,"scratch_burst_max_per_sec":4.0,"scratch_burst_window_sec":1.0,"scratch_notes":37,"scratch_positions":37,"total_notes":3138,"total_positions":1076,"chart_seconds":136.59330985915494},"soft":{"base_bpm":142.0,"intensity":0.0,"up_intensity":0.0,"down_intensity":0.0,"max_intensity":0.0,"max_up_intensity":0.0,"max_down_intensity":0.0,"step_frequency":0.0,"ramp_frequency":0.0,"continuity_beats":0.0,"off_base_note_ratio":0.0,"gimmick_burst_score":0.0,"max_off_base_density_per_beat":0.0,"base_mean_density_per_beat":9.704563031709203,"base_density_source":"on_base","distinct_off_base_bpm_count":0,"bpm_change_events":0,"measure_count":81},"ln":{"ln_ratio":0.0025493945188017845,"ln_hold_time_mean_beats":0.0,"ln_simultaneity_rate":0.0,"ln_simultaneity_weighted":0.0,"ln_count":8,"ln_positions":8,"total_notes":3138},"stair":{"stair_index":0.16930232558139535,"stair_transitions":182,"eligible_transitions":1075},"peak":{"peak_local_max_density":16.75,"peak_local_max_density_per_sec":39.641666666666666,"peak_max_chord_size":7,"peak_concentration":0.4474187380497132,"total_notes":3138,"intervals":[[3900,4163],[4728,5159],[5196,5543],[6096,6347],[10164,10775],[11616,11939],[12276,12707],[13032,13427],[13608,13799],[13920,14111],[14208,15167]]},"jack":{"jack_pairs":21,"jack_in_stream_pairs":20,"jack_outside_pairs":1,"pure_jack_per_sec":0.03756613756613759,"flow_break_per_stream_sec":0.1818618426318738,"stream_seconds":109.9735915492958,"non_stream_seconds":26.619718309859138,"chart_seconds":136.59330985915494,"window_ticks":24,"min_region_sec":10.0},"distraction":{"mode_formulation":"SP","qualifying_window_count":2,"qualifying_scratches":31,"qualifying_flow_sec":87.57042253521129,"distract_density":0.35400080418174495,"distract_event_per_sec":0.02283876156011258,"scratch_chord_pair_count":67,"chord_time_threshold_sec":0.01667,"min_scratches":3}},"warnings":["Unterminated LNOBJ LN on lane P1_KEY1 started at m80 pos0.25; closing at EOF","Unterminated LNOBJ LN on lane P1_KEY5 started at m80 pos0.8125; closing at EOF","Unterminated LNOBJ LN on lane P1_SCR started at m79 pos0.0; closing at EOF","Unterminated LNOBJ LN on lane P1_KEY7 started at m80 pos0.734375; closing at EOF","Unterminated LNOBJ LN on lane P1_KEY3 started at m80 pos0.546875; closing at EOF","Unterminated LNOBJ LN on lane P1_KEY4 started at m80 pos0.58333333; closing at EOF","Unterminated LNOBJ LN on lane P1_KEY2 started at m80 pos0.484375; closing at EOF","Unterminated LNOBJ LN on lane P1_KEY6 started at m80 pos0.671875; closing at EOF"],"tags":["chord_heavy","stream_heavy","peak_intense","dense_chart","chord_stream"],"scales":["st"]}