{"md5":"aa06a78f286d7bf6ab6e7bb01c5be95f","headers":{"title":"道しるべ -Lunatic-","artist":"pastel white/Liz...","genre":"starry pop","playlevel":"2","base_bpm":148.0},"mode":"SP","scope":"playable_only","scaling_mode":"p99_linear","params":{"stream_window_ticks":48,"stream_density_threshold_per_beat":4.0,"peak_window_ticks":192,"peak_min_window_notes":4,"peak_min_window_sec":0.05,"felt_bpm_trigger_eff_bpm":500.0,"felt_bpm_trigger_peak_per_sec":200.0,"felt_bpm_target_peak_per_sec":100.0,"felt_bpm_floor":30.0,"jack_window_ticks":24,"soft_burst_ref":8.0,"soft_freq_ref":0.1,"soft_burst_exp":1.5,"soft_freq_exp":1.5,"chord_time_threshold_ms":16.67,"sp_distraction_min_scratches":3,"dp_distraction_window_sec_min":0.2,"dp_distraction_window_sec_max":0.8,"stream_density_ref_per_sec":40.0,"peak_density_ref_per_sec":70.0,"chord_size_ref":3.5,"ln_simultaneity_ref":0.05,"scratch_density_ref_per_sec":1.5,"scratch_ratio_ref":0.1,"distraction_density_ref":2.0,"distraction_event_ref":0.15},"raw_axes":{"chord":1.5052508751458575,"stream":18.03999861084582,"scratch":0.05257838643734207,"soft":0.035064632316361866,"ln":0.0,"stair":0.11682242990654206,"peak":27.133333333333333,"distraction":0.8297828863346104},"x_chord":0.391,"x_stream":0.462,"x_scratch":0.126,"x_soft":0.207,"x_ln":0.0,"x_stair":0.355,"x_peak":0.335,"x_distraction":0.223,"submetrics":{"chord":{"chord_rate":0.48424737456242706,"avg_chord_size":3.108433734939759,"chord_positions":415,"total_positions":857},"stream":{"stream_coverage":0.976905311778291,"stream_density_mean":7.503919372900336,"stream_density_mean_per_sec":18.466476119376456,"stream_windows":12,"notes_in_stream":1692,"total_notes":1732,"intervals":[[156,215],[444,503],[732,791],[828,887],[924,1007],[1692,4655],[4764,7799],[7836,9239],[9372,12407],[12420,12503],[12636,12719],[12828,13067]]},"scratch":{"scratch_ratio":0.06004618937644342,"scratch_positions_ratio":0.12135355892648775,"scratch_with_key_chord_rate":0.9519230769230769,"scratch_per_sec":0.875632358744966,"scratch_burst_max_per_sec":3.0,"scratch_burst_window_sec":1.0,"scratch_notes":104,"scratch_positions":104,"total_notes":1732,"total_positions":857,"chart_seconds":118.77130734302924},"soft":{"base_bpm":148.0,"intensity":0.015971225266837277,"up_intensity":0.0,"down_intensity":0.015971225266837277,"max_intensity":0.5,"max_up_intensity":0.0,"max_down_intensity":0.5,"step_frequency":0.15942028985507245,"ramp_frequency":0.043478260869565216,"continuity_beats":44.0,"off_base_note_ratio":0.04676674364896074,"gimmick_burst_score":0.21995087543899716,"max_off_base_density_per_beat":4.75,"base_mean_density_per_beat":7.2368421052631575,"base_density_source":"on_base","distinct_off_base_bpm_count":10,"bpm_change_events":12,"measure_count":69},"ln":{"ln_ratio":0.0,"ln_hold_time_mean_beats":0.0,"ln_simultaneity_rate":0.0,"ln_simultaneity_weighted":0.0,"ln_count":0,"ln_positions":0,"total_notes":1732},"stair":{"stair_index":0.11682242990654206,"stair_transitions":100,"eligible_transitions":856},"peak":{"peak_local_max_density":11.0,"peak_local_max_density_per_sec":27.133333333333333,"peak_max_chord_size":7,"peak_concentration":0.3233256351039261,"total_notes":1732,"intervals":[[3816,4055],[4092,4415],[5844,6143],[6252,6455],[7284,7739],[10044,10247],[10356,11087],[11868,12395]]},"jack":{"jack_pairs":2,"jack_in_stream_pairs":0,"jack_outside_pairs":2,"pure_jack_per_sec":0.09595236572651109,"flow_break_per_stream_sec":0.0,"stream_seconds":97.92763157894736,"non_stream_seconds":20.84367576408188,"chart_seconds":118.77130734302924,"window_ticks":24,"min_region_sec":10.0},"distraction":{"mode_formulation":"SP","qualifying_window_count":4,"qualifying_scratches":93,"qualifying_flow_sec":88.17567567567568,"distract_density":1.0547126436781609,"distract_event_per_sec":0.0453639846743295,"scratch_chord_pair_count":118,"chord_time_threshold_sec":0.01667,"min_scratches":3}},"warnings":[],"tags":["soflan"],"scales":["★"]}