{"md5":"10d392fa0b8a455a885c0a3eb69c94d6","headers":{"title":"恋愛シンドローム","artist":"佐久間まゆ / 星輝子 / 遊佐こずえ","genre":"ソウシソウアイ","playlevel":"20","base_bpm":180.0},"mode":"SP","scope":"playable_only","scaling_mode":"percentile_rank","params":{"stream_window_ticks":48,"stream_density_threshold_per_beat":4.0,"peak_window_ticks":192,"jack_window_ticks":24,"soft_burst_ref":8.0,"soft_freq_ref":0.1,"soft_burst_exp":1.5,"soft_freq_exp":1.5,"chord_time_threshold_ms":16.67,"sp_distraction_min_scratches":3,"dp_distraction_window_sec_min":0.2,"dp_distraction_window_sec_max":0.8,"stream_density_ref_per_sec":40.0,"peak_density_ref_per_sec":70.0,"chord_size_ref":3.5,"ln_simultaneity_ref":0.05,"scratch_density_ref_per_sec":1.5,"scratch_ratio_ref":0.1,"distraction_density_ref":2.0,"distraction_event_ref":0.15},"raw_axes":{"chord":2.0866551126516466,"stream":25.55092954990215,"scratch":0.015814719588622853,"soft":0.0,"ln":0.03142857142857143,"stair":0.18386816999132696,"peak":42.0,"distraction":0.8681672025723473},"x_chord":0.6421861656703672,"x_stream":0.6688300597779675,"x_scratch":0.5436379163108455,"x_soft":0.0,"x_ln":0.9690862510674637,"x_stair":0.7349274124679761,"x_peak":0.7494449188727583,"x_distraction":0.6426985482493596,"submetrics":{"chord":{"chord_rate":0.6603119584055459,"avg_chord_size":3.1601049868766404,"chord_positions":762,"total_positions":1154},"stream":{"stream_coverage":0.9321428571428572,"stream_density_mean":9.141552511415526,"stream_density_mean_per_sec":27.410958904109588,"stream_windows":36,"notes_in_stream":2610,"total_notes":2800,"intervals":[[732,815],[924,1007],[1488,1571],[1692,1775],[2172,2243],[2256,3863],[4032,4115],[4128,4439],[4512,5207],[5280,7139],[7272,7343],[7356,7439],[7452,7535],[7548,7631],[7644,7727],[7740,7823],[7836,7919],[7932,8015],[8028,8111],[8124,8207],[8220,8303],[8316,8399],[8412,8495],[8508,8591],[8604,8687],[8700,8783],[8796,10259],[10272,10331],[11868,15023],[15168,15251],[15264,15407],[16476,16547],[16860,16943],[17436,17507],[17532,17603],[17628,21383]]},"scratch":{"scratch_ratio":0.02892857142857143,"scratch_positions_ratio":0.07019064124783363,"scratch_with_key_chord_rate":0.9876543209876543,"scratch_per_sec":0.5466816647919011,"scratch_burst_max_per_sec":3.0,"scratch_burst_window_sec":1.0,"scratch_notes":81,"scratch_positions":81,"total_notes":2800,"total_positions":1154,"chart_seconds":148.16666666666666},"soft":{"base_bpm":180.0,"intensity":0.0,"up_intensity":0.0,"down_intensity":0.0,"max_intensity":0.0,"max_up_intensity":0.0,"max_down_intensity":0.0,"step_frequency":0.0,"ramp_frequency":0.0,"continuity_beats":0.0,"off_base_note_ratio":0.0,"gimmick_burst_score":0.0,"max_off_base_density_per_beat":0.0,"base_mean_density_per_beat":6.287964004499438,"base_density_source":"on_base","distinct_off_base_bpm_count":0,"bpm_change_events":0,"measure_count":112},"ln":{"ln_ratio":0.002857142857142857,"ln_hold_time_mean_beats":3.6666666666666665,"ln_simultaneity_rate":0.03142857142857143,"ln_simultaneity_weighted":0.03142857142857143,"ln_count":8,"ln_positions":8,"total_notes":2800},"stair":{"stair_index":0.18386816999132696,"stair_transitions":212,"eligible_transitions":1153},"peak":{"peak_local_max_density":14.0,"peak_local_max_density_per_sec":42.0,"peak_max_chord_size":7,"peak_concentration":0.4025,"total_notes":2800,"intervals":[[5760,5951],[8832,9527],[9576,10187],[17664,18623],[18636,18911],[19020,19391],[19404,19679],[19716,20231],[20316,21155]]},"jack":{"jack_pairs":2,"jack_in_stream_pairs":2,"jack_outside_pairs":0,"pure_jack_per_sec":0.0,"flow_break_per_stream_sec":0.018927444794952678,"stream_seconds":105.66666666666669,"non_stream_seconds":42.49999999999997,"chart_seconds":148.16666666666666,"window_ticks":24,"min_region_sec":10.0},"distraction":{"mode_formulation":"SP","qualifying_window_count":6,"qualifying_scratches":55,"qualifying_flow_sec":77.75000000000001,"distract_density":0.7073954983922829,"distract_event_per_sec":0.07717041800643086,"scratch_chord_pair_count":125,"chord_time_threshold_sec":0.01667,"min_scratches":3}},"warnings":[],"tags":["ln_chart"],"scales":["st"]}