{"md5":"6dc3b133f3dd786ecc9c2cfcc9f97a5f","headers":{"title":"Pangaea[air mix]","artist":"sasakure.UK / air","genre":"World Orchestra","playlevel":"3","base_bpm":118.0},"mode":"SP","scope":"playable_only","scaling_mode":"p99_linear","params":{"stream_window_ticks":48,"stream_density_threshold_per_beat":4.0,"peak_window_ticks":192,"peak_min_window_notes":4,"peak_min_window_sec":0.05,"felt_bpm_trigger_eff_bpm":500.0,"felt_bpm_trigger_peak_per_sec":200.0,"felt_bpm_target_peak_per_sec":100.0,"felt_bpm_floor":30.0,"jack_window_ticks":24,"soft_burst_ref":8.0,"soft_freq_ref":0.1,"soft_burst_exp":1.5,"soft_freq_exp":1.5,"chord_time_threshold_ms":16.67,"sp_distraction_min_scratches":3,"dp_distraction_window_sec_min":0.2,"dp_distraction_window_sec_max":0.8,"stream_density_ref_per_sec":40.0,"peak_density_ref_per_sec":70.0,"chord_size_ref":3.5,"ln_simultaneity_ref":0.05,"scratch_density_ref_per_sec":1.5,"scratch_ratio_ref":0.1,"distraction_density_ref":2.0,"distraction_event_ref":0.15},"raw_axes":{"chord":1.785831960461285,"stream":19.587314909720273,"scratch":0.0031896182674440417,"soft":6.434772424660765e-05,"ln":0.0,"stair":0.12778235779060182,"peak":28.516666666666666,"distraction":0.2923445371211496},"x_chord":0.464,"x_stream":0.485,"x_scratch":0.008,"x_soft":0.0,"x_ln":0.0,"x_stair":0.388,"x_peak":0.338,"x_distraction":0.079,"submetrics":{"chord":{"chord_rate":0.5906095551894563,"avg_chord_size":3.02370990237099,"chord_positions":717,"total_positions":1214},"stream":{"stream_coverage":0.9962476547842402,"stream_density_mean":9.997164461247637,"stream_density_mean_per_sec":19.66109010712035,"stream_windows":4,"notes_in_stream":2655,"total_notes":2665,"intervals":[[1884,6827],[6840,7583],[7608,11087],[11100,14831]]},"scratch":{"scratch_ratio":0.013883677298311446,"scratch_positions_ratio":0.030477759472817133,"scratch_with_key_chord_rate":0.972972972972973,"scratch_per_sec":0.2297387211550911,"scratch_burst_max_per_sec":2.0,"scratch_burst_window_sec":1.0,"scratch_notes":37,"scratch_positions":37,"total_notes":2665,"total_positions":1214,"chart_seconds":161.05252007136482},"soft":{"base_bpm":118.0,"intensity":0.0005851114573727224,"up_intensity":0.0,"down_intensity":0.0005851114573727224,"max_intensity":0.19491525423728814,"max_up_intensity":0.0,"max_down_intensity":0.19491525423728814,"step_frequency":0.02564102564102564,"ramp_frequency":0.02564102564102564,"continuity_beats":36.0,"off_base_note_ratio":0.00300187617260788,"gimmick_burst_score":0.0025095612456176985,"max_off_base_density_per_beat":0.25,"base_mean_density_per_beat":9.746323529411764,"base_density_source":"on_base","distinct_off_base_bpm_count":1,"bpm_change_events":3,"measure_count":78},"ln":{"ln_ratio":0.0,"ln_hold_time_mean_beats":0.0,"ln_simultaneity_rate":0.0,"ln_simultaneity_weighted":0.0,"ln_count":0,"ln_positions":0,"total_notes":2665},"stair":{"stair_index":0.12778235779060182,"stair_transitions":155,"eligible_transitions":1213},"peak":{"peak_local_max_density":14.5,"peak_local_max_density_per_sec":28.516666666666666,"peak_max_chord_size":8,"peak_concentration":0.32870544090056286,"total_notes":2665,"intervals":[[6132,6335],[6444,6767],[6876,7151],[7248,7511],[7644,7931],[10836,11075],[12036,12287],[12408,12983],[13212,14015],[14424,14807]]},"jack":{"jack_pairs":2,"jack_in_stream_pairs":2,"jack_outside_pairs":0,"pure_jack_per_sec":0.0,"flow_break_per_stream_sec":0.014689177623901038,"stream_seconds":136.15466101694912,"non_stream_seconds":24.897859054415704,"chart_seconds":161.05252007136482,"window_ticks":24,"min_region_sec":10.0},"distraction":{"mode_formulation":"SP","qualifying_window_count":3,"qualifying_scratches":35,"qualifying_flow_sec":128.27330508474574,"distract_density":0.27285490131307294,"distract_event_per_sec":0.02338756296969197,"scratch_chord_pair_count":71,"chord_time_threshold_sec":0.01667,"min_scratches":3}},"warnings":[],"tags":["big_chord_burst"],"scales":["★"]}