{"md5":"11d1c4ac296be5811cd5fd684b83df86","headers":{"title":"Skull & Witch [白色破壊光線]","artist":"kenzoooo illust:みらん / 先生:魔想志津香","genre":"GABBASTEP WALTZ","playlevel":"44","base_bpm":220.0},"mode":"SP","scope":"playable_only","scaling_mode":"p99_linear","params":{"stream_window_ticks":48,"stream_density_threshold_per_beat":4.0,"peak_window_ticks":192,"peak_min_window_notes":4,"peak_min_window_sec":0.05,"felt_bpm_trigger_eff_bpm":500.0,"felt_bpm_trigger_peak_per_sec":200.0,"felt_bpm_target_peak_per_sec":100.0,"felt_bpm_floor":30.0,"jack_window_ticks":24,"soft_burst_ref":8.0,"soft_freq_ref":0.1,"soft_burst_exp":1.5,"soft_freq_exp":1.5,"chord_time_threshold_ms":16.67,"sp_distraction_min_scratches":3,"dp_distraction_window_sec_min":0.2,"dp_distraction_window_sec_max":0.8,"stream_density_ref_per_sec":40.0,"peak_density_ref_per_sec":70.0,"chord_size_ref":3.5,"ln_simultaneity_ref":0.05,"scratch_density_ref_per_sec":1.5,"scratch_ratio_ref":0.1,"distraction_density_ref":2.0,"distraction_event_ref":0.15},"raw_axes":{"chord":1.8761706555671176,"stream":20.95502555254269,"scratch":0.015829156028429135,"soft":0.0,"ln":0.0,"stair":0.18333333333333332,"peak":37.583333333333336,"distraction":0.7536043360433604},"x_chord":0.487,"x_stream":0.538,"x_scratch":0.038,"x_soft":0.0,"x_ln":0.0,"x_stair":0.557,"x_peak":0.625,"x_distraction":0.199,"submetrics":{"chord":{"chord_rate":0.6451612903225806,"avg_chord_size":2.9080645161290324,"chord_positions":620,"total_positions":961},"stream":{"stream_coverage":0.9388992537313433,"stream_density_mean":6.086922474549726,"stream_density_mean_per_sec":22.318715740015662,"stream_windows":25,"notes_in_stream":2013,"total_notes":2144,"intervals":[[684,1452],[1608,1992],[2052,2136],[2148,4512],[4572,4632],[4716,4800],[4836,4920],[4932,5208],[5220,5916],[5928,6024],[6084,6360],[6372,9120],[9384,9528],[9672,9816],[9876,9960],[9972,10056],[10116,10392],[10476,12120],[12204,12528],[12540,18048],[18780,18828],[18852,18912],[18972,19032],[19116,19200],[19212,19332]]},"scratch":{"scratch_ratio":0.02845149253731343,"scratch_positions_ratio":0.06347554630593132,"scratch_with_key_chord_rate":1.0,"scratch_per_sec":0.5563559102451159,"scratch_burst_max_per_sec":4.0,"scratch_burst_window_sec":1.0,"scratch_notes":61,"scratch_positions":61,"total_notes":2144,"total_positions":961,"chart_seconds":109.64204545454545},"soft":{"base_bpm":220.0,"intensity":0.0,"up_intensity":0.0,"down_intensity":0.0,"max_intensity":0.0,"max_up_intensity":0.0,"max_down_intensity":0.0,"step_frequency":0.0,"ramp_frequency":0.0,"continuity_beats":0.0,"off_base_note_ratio":0.0,"gimmick_burst_score":0.0,"max_off_base_density_per_beat":0.0,"base_mean_density_per_beat":5.325870646766169,"base_density_source":"on_base","distinct_off_base_bpm_count":0,"bpm_change_events":0,"measure_count":135},"ln":{"ln_ratio":0.0037313432835820895,"ln_hold_time_mean_beats":0.0,"ln_simultaneity_rate":0.0,"ln_simultaneity_weighted":0.0,"ln_count":8,"ln_positions":4,"total_notes":2144},"stair":{"stair_index":0.18333333333333332,"stair_transitions":176,"eligible_transitions":960},"peak":{"peak_local_max_density":10.25,"peak_local_max_density_per_sec":37.583333333333336,"peak_max_chord_size":8,"peak_concentration":0.3316231343283582,"total_notes":2144,"intervals":[[4236,4428],[5616,5892],[7524,8232],[8700,9036],[11652,12156],[13668,13944],[14184,14472],[14868,15456],[15468,16944]]},"jack":{"jack_pairs":9,"jack_in_stream_pairs":9,"jack_outside_pairs":0,"pure_jack_per_sec":0.0,"flow_break_per_stream_sec":0.09620406923777709,"stream_seconds":93.55113636363637,"non_stream_seconds":16.09090909090908,"chart_seconds":109.64204545454545,"window_ticks":24,"min_region_sec":10.0},"distraction":{"mode_formulation":"SP","qualifying_window_count":4,"qualifying_scratches":52,"qualifying_flow_sec":69.88636363636364,"distract_density":0.7440650406504065,"distract_event_per_sec":0.05723577235772358,"scratch_chord_pair_count":108,"chord_time_threshold_sec":0.01667,"min_scratches":3}},"warnings":["Unterminated LNOBJ LN on lane P1_KEY3 started at m133 pos0.94444444; closing at EOF","Unterminated LNOBJ LN on lane P1_KEY5 started at m133 pos0.88888889; closing at EOF","Unterminated LNOBJ LN on lane P1_KEY2 started at m133 pos0.72222222; closing at EOF","Unterminated LNOBJ LN on lane P1_KEY7 started at m134 pos0.0; closing at EOF","Unterminated LNOBJ LN on lane P1_KEY1 started at m133 pos0.88888889; closing at EOF","Unterminated LNOBJ LN on lane P1_KEY4 started at m134 pos0.0; closing at EOF","Unterminated LNOBJ LN on lane P1_KEY6 started at m133 pos0.94444444; closing at EOF","Unterminated LNOBJ LN on lane P1_SCR started at m134 pos0.0; closing at EOF"],"tags":["big_chord_burst","fast_chart"],"scales":["sl"]}