{"md5":"edaadf58b4404820ddd70fbb94180fdf","headers":{"title":"GOODBOUNCE","artist":"EBIMAYO","genre":"GOODDONK","playlevel":"9","base_bpm":180.0},"mode":"SP","scope":"playable_only","scaling_mode":"p99_linear","params":{"stream_window_ticks":48,"stream_density_threshold_per_beat":4.0,"peak_window_ticks":192,"peak_min_window_notes":4,"peak_min_window_sec":0.05,"felt_bpm_trigger_eff_bpm":500.0,"felt_bpm_trigger_peak_per_sec":200.0,"felt_bpm_target_peak_per_sec":100.0,"felt_bpm_floor":30.0,"jack_window_ticks":24,"soft_burst_ref":8.0,"soft_freq_ref":0.1,"soft_burst_exp":1.5,"soft_freq_exp":1.5,"chord_time_threshold_ms":16.67,"sp_distraction_min_scratches":3,"dp_distraction_window_sec_min":0.2,"dp_distraction_window_sec_max":0.8,"stream_density_ref_per_sec":40.0,"peak_density_ref_per_sec":70.0,"chord_size_ref":3.5,"ln_simultaneity_ref":0.05,"scratch_density_ref_per_sec":1.5,"scratch_ratio_ref":0.1,"distraction_density_ref":2.0,"distraction_event_ref":0.15},"raw_axes":{"chord":1.9085659287776708,"stream":19.48550098859647,"scratch":0.030430519497624813,"soft":0.0,"ln":0.0,"stair":0.13583815028901733,"peak":28.5,"distraction":0.8555143399981907},"x_chord":0.496,"x_stream":0.501,"x_scratch":0.073,"x_soft":0.0,"x_ln":0.0,"x_stair":0.413,"x_peak":0.474,"x_distraction":0.226,"submetrics":{"chord":{"chord_rate":0.7016361886429259,"avg_chord_size":2.720164609053498,"chord_positions":729,"total_positions":1039},"stream":{"stream_coverage":0.9664195377235063,"stream_density_mean":6.7208564631245045,"stream_density_mean_per_sec":20.162569389373513,"stream_windows":27,"notes_in_stream":2216,"total_notes":2293,"intervals":[[192,276],[420,576],[612,660],[804,960],[996,1044],[1188,1560],[1692,4632],[4704,4776],[4800,4884],[4896,5124],[5184,5268],[5280,5592],[5604,5880],[5988,7920],[8016,8100],[8220,8280],[8400,8484],[8556,8688],[8796,8880],[8988,9252],[9372,15528],[15552,15636],[15648,15924],[15936,16020],[16032,16344],[16356,16704],[16740,18672]]},"scratch":{"scratch_ratio":0.04143044047099869,"scratch_positions_ratio":0.09143407122232916,"scratch_with_key_chord_rate":0.7368421052631579,"scratch_per_sec":0.734496644295302,"scratch_burst_max_per_sec":9.0,"scratch_burst_window_sec":1.0,"scratch_notes":95,"scratch_positions":95,"total_notes":2293,"total_positions":1039,"chart_seconds":129.34027777777777},"soft":{"base_bpm":180.0,"intensity":0.0,"up_intensity":0.0,"down_intensity":0.0,"max_intensity":0.0,"max_up_intensity":0.0,"max_down_intensity":0.0,"step_frequency":0.0,"ramp_frequency":0.0,"continuity_beats":0.0,"off_base_note_ratio":0.0,"gimmick_burst_score":0.0,"max_off_base_density_per_beat":0.0,"base_mean_density_per_beat":5.894329896907217,"base_density_source":"on_base","distinct_off_base_bpm_count":0,"bpm_change_events":0,"measure_count":98},"ln":{"ln_ratio":0.0,"ln_hold_time_mean_beats":0.0,"ln_simultaneity_rate":0.0,"ln_simultaneity_weighted":0.0,"ln_count":0,"ln_positions":0,"total_notes":2293},"stair":{"stair_index":0.13583815028901733,"stair_transitions":141,"eligible_transitions":1038},"peak":{"peak_local_max_density":9.5,"peak_local_max_density_per_sec":28.5,"peak_max_chord_size":6,"peak_concentration":0.31923244657653727,"total_notes":2293,"intervals":[[7152,7344],[9012,9240],[10644,10920],[12036,12660],[12912,13140],[13680,14208],[14364,14820],[15024,15516],[17160,17520],[17544,18492]]},"jack":{"jack_pairs":20,"jack_in_stream_pairs":16,"jack_outside_pairs":4,"pure_jack_per_sec":0.2909090909090909,"flow_break_per_stream_sec":0.13841994592970863,"stream_seconds":115.59027777777777,"non_stream_seconds":13.75,"chart_seconds":129.34027777777777,"window_ticks":24,"min_region_sec":10.0},"distraction":{"mode_formulation":"SP","qualifying_window_count":4,"qualifying_scratches":78,"qualifying_flow_sec":76.75694444444443,"distract_density":1.0161946982719625,"distract_event_per_sec":0.052112548629331415,"scratch_chord_pair_count":71,"chord_time_threshold_sec":0.01667,"min_scratches":3}},"warnings":[],"tags":[],"scales":["sl"]}