{"md5":"9dfd050b672a3f28058198c896a623e6","headers":{"title":"District IX [Insane]","artist":"nekomimi_STRaw","genre":"HARD TECHNO","playlevel":"9","base_bpm":161.0},"mode":"SP","scope":"playable_only","scaling_mode":"p99_linear","params":{"stream_window_ticks":48,"stream_density_threshold_per_beat":4.0,"peak_window_ticks":192,"peak_min_window_notes":4,"peak_min_window_sec":0.05,"felt_bpm_trigger_eff_bpm":500.0,"felt_bpm_trigger_peak_per_sec":200.0,"felt_bpm_target_peak_per_sec":100.0,"felt_bpm_floor":30.0,"jack_window_ticks":24,"soft_burst_ref":8.0,"soft_freq_ref":0.1,"soft_burst_exp":1.5,"soft_freq_exp":1.5,"chord_time_threshold_ms":16.67,"sp_distraction_min_scratches":3,"sp_distraction_bin_sec":0.25,"sp_distraction_t_key":2,"sp_distraction_gap_bins":2,"dp_distraction_window_sec_min":0.2,"dp_distraction_window_sec_max":0.8,"stream_density_ref_per_sec":40.0,"peak_density_ref_per_sec":70.0,"chord_size_ref":3.5,"ln_simultaneity_ref":0.05,"scratch_density_ref_per_sec":1.5,"scratch_ratio_ref":0.1,"distraction_density_ref":2.0,"distraction_event_ref":0.15},"raw_axes":{"chord":1.3428571428571427,"stream":17.324817141245227,"scratch_per_sec":0.15409951439228659,"scratch_burst_max_per_sec":2.0,"scratch_max_run_sec":0.0,"soft":0.0,"stair":0.08860759493670886,"peak":28.175,"ln_m1_short_rate_rt":0.0,"ln_m2_density_rt":0.0,"ln_m2_burst_max_rt":0.0,"ln_m3_density_rt":0.0,"ln_m_concurrent_rt":0.0,"adv_hand_imb":0.0,"adv_rel_pressure_1beat":0.0,"adv_ln_hold_min_beats":0.0,"adv_ln_chord_big_rate":0.0,"adv_ln_scatter_cv":0.0,"distraction":0.6163980575691463},"x_chord":0.345,"x_stream":0.447,"x_scratch":0.045,"x_soft":0.0,"x_ln":0.0,"x_stair":0.251,"x_peak":0.472,"x_distraction":0.038,"ln_advanced_score":0.0,"submetrics":{"chord":{"chord_rate":0.5142857142857142,"avg_chord_size":2.611111111111111,"chord_positions":450,"total_positions":875},"stream":{"stream_coverage":0.9602021478205938,"stream_density_mean":6.724056603773585,"stream_density_mean_per_sec":18.042885220125786,"stream_windows":34,"notes_in_stream":1520,"total_notes":1583,"intervals":[[288,480],[492,576],[588,672],[684,768],[780,864],[876,960],[972,1056],[1068,1344],[1356,1896],[1908,5016],[6552,6600],[6660,6708],[6732,6816],[6840,6888],[6936,6984],[7044,7092],[7116,7200],[7224,7272],[7320,7368],[7428,7476],[7500,7584],[7608,7656],[7704,7752],[7812,7860],[7884,7968],[7992,9576],[9588,13476],[13488,13572],[13584,13668],[13680,13764],[13776,13860],[13872,13956],[13968,14052],[14064,14232]]},"scratch":{"scratch_ratio":0.010625,"scratch_positions_ratio":0.019428571428571427,"scratch_with_key_chord_rate":0.7058823529411765,"scratch_per_sec":0.15409951439228659,"scratch_burst_max_per_sec":2.0,"scratch_burst_window_sec":1.0,"scratch_max_run_sec":0.0,"ls_count":1,"ls_per_sec":0.009064677317193327,"ls_complexity_mean":0,"scratch_notes":17,"scratch_positions":17,"total_notes":1600,"total_positions":875,"chart_seconds":110.31832298136646},"soft":{"base_bpm":161.0,"intensity":0.0,"up_intensity":0.0,"down_intensity":0.0,"max_intensity":0.0,"max_up_intensity":0.0,"max_down_intensity":0.0,"step_frequency":0.0,"ramp_frequency":0.0,"continuity_beats":0.0,"off_base_note_ratio":0.0,"gimmick_burst_score":0.0,"max_off_base_density_per_beat":0.0,"base_mean_density_per_beat":5.402027027027027,"base_density_source":"on_base","distinct_off_base_bpm_count":0,"bpm_change_events":0,"measure_count":107},"ln":{"ln_ratio":0.004375,"ln_hold_time_mean_beats":0.0,"ln_simultaneity_rate":0.0,"ln_simultaneity_weighted":0.0,"ln_count":7,"ln_count_raw":7,"ln_positions":7,"total_notes":1600,"m1_short_count_rt":0,"m1_short_rate_rt":0.0,"m2_long_count_rt":0,"m2_density_rt":0.0,"m2_burst_max_rt":0.0,"m3_density_rt":0.0,"m_concurrent_rt":0.0,"total_long_sec":0,"long_active_sec":0.0,"long_hold_sec_mean":0.0,"long_hold_sec_max":0.0,"adv_hand_imb":0.0,"adv_rel_pressure_1beat":0.0,"adv_ln_hold_min_beats":0.0,"adv_ln_chord_big_rate":0.0,"adv_ln_scatter_cv":0.0},"stair":{"stair_index":0.08860759493670886,"stair_transitions":77,"eligible_transitions":869},"peak":{"peak_local_max_density":10.5,"peak_local_max_density_per_sec":28.175,"peak_max_chord_size":4,"peak_concentration":0.3651295009475679,"total_notes":1583,"intervals":[[9204,9516],[9612,12576]]},"jack":{"jack_pairs":3,"jack_in_stream_pairs":3,"jack_outside_pairs":0,"pure_jack_per_sec":0.0,"flow_break_per_stream_sec":0.03329599310641964,"stream_seconds":90.10093167701865,"non_stream_seconds":20.217391304347814,"chart_seconds":110.31832298136646,"window_ticks":24,"min_region_sec":10.0},"distraction":{"mode_formulation":"SP","v3_score":0.6163980575691463,"qualifying_intervals":1,"qualifying_flow_sec":60.0,"qualifying_scratches":15,"scratch_chord_pair_count":16,"chord_time_threshold_sec":0.01667,"min_scratches":3,"bin_sec":0.25,"t_key":2,"gap_bins":2}},"warnings":["Unterminated LNOBJ LN on lane P1_KEY4 started at m105 pos0.6875; closing at EOF","Unterminated LNOBJ LN on lane P1_KEY6 started at m105 pos0.875; closing at EOF","Unterminated LNOBJ LN on lane P1_KEY3 started at m105 pos0.75; closing at EOF","Unterminated LNOBJ LN on lane P1_KEY5 started at m105 pos0.9375; closing at EOF","Unterminated LNOBJ LN on lane P1_KEY2 started at m104 pos0.625; closing at EOF","Unterminated LNOBJ LN on lane P1_KEY1 started at m106 pos0.0; closing at EOF","Unterminated LNOBJ LN on lane P1_SCR started at m98 pos0.0; closing at EOF","Unterminated LNOBJ LN on lane P1_KEY7 started at m105 pos0.5; closing at EOF"],"axis_intensities":{"chord":"green","stream":"green","peak":"yellow","scratch":"green","soft":null,"ln":null,"stair":"green","distraction":"green"},"tags":[],"scales":["sl"]}