{"md5":"6fa9f4f592d539f45f83c6ac22665580","headers":{"title":"Jemdet -Luna-","artist":"SOMON / selene.","genre":"FULL ON/Melodic Riddim","playlevel":"11","base_bpm":155.0},"mode":"SP","scope":"playable_only","scaling_mode":"p99_linear","params":{"stream_window_ticks":48,"stream_density_threshold_per_beat":4.0,"peak_window_ticks":192,"peak_min_window_notes":4,"peak_min_window_sec":0.05,"felt_bpm_trigger_eff_bpm":500.0,"felt_bpm_trigger_peak_per_sec":200.0,"felt_bpm_target_peak_per_sec":100.0,"felt_bpm_floor":30.0,"jack_window_ticks":24,"soft_burst_ref":8.0,"soft_freq_ref":0.1,"soft_burst_exp":1.5,"soft_freq_exp":1.5,"chord_time_threshold_ms":16.67,"sp_distraction_min_scratches":3,"dp_distraction_window_sec_min":0.2,"dp_distraction_window_sec_max":0.8,"stream_density_ref_per_sec":40.0,"peak_density_ref_per_sec":70.0,"chord_size_ref":3.5,"ln_simultaneity_ref":0.05,"scratch_density_ref_per_sec":1.5,"scratch_ratio_ref":0.1,"distraction_density_ref":2.0,"distraction_event_ref":0.15},"raw_axes":{"chord":2.0321951219512195,"stream":22.411025776616484,"scratch":0.02695913270885301,"soft":0.0,"stair":0.1943359375,"peak":31.0,"ln_m1_short_rate_rt":0.0,"ln_m2_density_rt":4.222222222222215,"ln_m2_burst_max_rt":15.0,"ln_m3_density_rt":4.222222222222215,"ln_m_concurrent_rt":0.0,"adv_hand_imb":0.42857142857142855,"adv_rel_pressure_1beat":0.8095238095238095,"adv_ln_hold_min_beats":0.875,"adv_ln_chord_big_rate":0.0,"adv_ln_scatter_cv":2.0646716704899326,"distraction":1.0914072399739716},"x_chord":0.519,"x_stream":0.562,"x_scratch":0.066,"x_soft":0.0,"x_ln":0.655,"x_stair":0.564,"x_peak":0.501,"x_distraction":0.255,"ln_advanced_score":0.633,"submetrics":{"chord":{"chord_rate":0.7395121951219512,"avg_chord_size":2.7480211081794197,"chord_positions":758,"total_positions":1025},"stream":{"stream_coverage":0.983404255319149,"stream_density_mean":8.821637426900585,"stream_density_mean_per_sec":22.78923001949318,"stream_windows":22,"notes_in_stream":2311,"total_notes":2350,"intervals":[[348,1764],[1788,1860],[1872,5604],[5820,6156],[6204,6540],[6588,6936],[6972,7344],[7356,7704],[7740,8112],[8124,8472],[8508,8868],[9552,9696],[9792,9900],[9984,10080],[10176,10248],[10320,10488],[10512,10872],[10896,11748],[11772,11844],[11856,14832],[14844,14916],[14928,15192]]},"scratch":{"scratch_ratio":0.0374468085106383,"scratch_positions_ratio":0.08585365853658537,"scratch_with_key_chord_rate":0.6136363636363636,"scratch_per_sec":0.7199313848386883,"scratch_burst_max_per_sec":10.0,"scratch_burst_window_sec":1.0,"scratch_notes":88,"scratch_positions":88,"total_notes":2350,"total_positions":1025,"chart_seconds":122.23387096774194},"soft":{"base_bpm":155.0,"intensity":0.0,"up_intensity":0.0,"down_intensity":0.0,"max_intensity":0.0,"max_up_intensity":0.0,"max_down_intensity":0.0,"step_frequency":0.0,"ramp_frequency":0.0,"continuity_beats":0.0,"off_base_note_ratio":0.0,"gimmick_burst_score":0.0,"max_off_base_density_per_beat":0.0,"base_mean_density_per_beat":7.4362628661916075,"base_density_source":"on_base","distinct_off_base_bpm_count":0,"bpm_change_events":0,"measure_count":79},"ln":{"ln_ratio":0.008936170212765958,"ln_hold_time_mean_beats":1.1071428571428572,"ln_simultaneity_rate":0.0029787234042553193,"ln_simultaneity_weighted":0.0029787234042553193,"ln_count":21,"ln_count_raw":21,"ln_positions":21,"total_notes":2350,"m1_short_count_rt":0,"m1_short_rate_rt":0.0,"m2_long_count_rt":21,"m2_density_rt":4.222222222222215,"m2_burst_max_rt":15.0,"m3_density_rt":4.222222222222215,"m_concurrent_rt":0.0,"total_long_sec":9.000000000000014,"long_active_sec":9.000000000000014,"long_hold_sec_mean":0.42857142857142927,"long_hold_sec_max":1.5483870967741993,"adv_hand_imb":0.42857142857142855,"adv_rel_pressure_1beat":0.8095238095238095,"adv_ln_hold_min_beats":0.875,"adv_ln_chord_big_rate":0.0,"adv_ln_scatter_cv":2.0646716704899326},"stair":{"stair_index":0.1943359375,"stair_transitions":199,"eligible_transitions":1024},"peak":{"peak_local_max_density":12.0,"peak_local_max_density_per_sec":31.0,"peak_max_chord_size":5,"peak_concentration":0.3302127659574468,"total_notes":2350,"intervals":[[1392,1752],[4344,4692],[4812,5160],[5208,5592],[8640,8832],[11376,11736],[12480,12852],[13236,13860],[14256,14796]]},"jack":{"jack_pairs":24,"jack_in_stream_pairs":24,"jack_outside_pairs":0,"pure_jack_per_sec":0.0,"flow_break_per_stream_sec":0.22564258093866088,"stream_seconds":106.3629032258065,"non_stream_seconds":15.87096774193543,"chart_seconds":122.23387096774194,"window_ticks":24,"min_region_sec":10.0},"distraction":{"mode_formulation":"SP","qualifying_window_count":7,"qualifying_scratches":78,"qualifying_flow_sec":78.49193548387098,"distract_density":0.9937326620774684,"distract_event_per_sec":0.08918113634028561,"scratch_chord_pair_count":92,"chord_time_threshold_sec":0.01667,"min_scratches":3}},"warnings":[],"tags":["stair_focused","scratch_burst"],"scales":["sl"]}