{"md5":"c9cee7883f1ddd5cf6a1188e8e607a50","headers":{"title":"SAVE The World -starlight,more Colors- [You've Come Far...]","artist":"Is-m","genre":"KID'S DREAM","playlevel":"16","base_bpm":185.0},"mode":"SP","scope":"playable_only","scaling_mode":"reference","params":{"stream_window_ticks":48,"stream_density_threshold_per_beat":4.0,"peak_window_ticks":192,"jack_window_ticks":24,"soft_burst_ref":8.0,"soft_freq_ref":0.1,"soft_burst_exp":1.5,"soft_freq_exp":1.5,"chord_time_threshold_ms":16.67,"sp_distraction_min_scratches":3,"dp_distraction_window_sec_min":0.2,"dp_distraction_window_sec_max":0.8,"stream_density_ref_per_sec":40.0,"peak_density_ref_per_sec":70.0,"chord_size_ref":3.5,"ln_simultaneity_ref":0.05,"scratch_density_ref_per_sec":1.5,"scratch_ratio_ref":0.1,"distraction_density_ref":2.0,"distraction_event_ref":0.15},"x_chord":0.5563543599257886,"x_stream":0.6001473205866759,"x_scratch":0.02206925842446765,"x_soft":0.0,"x_ln":0.12239020878329733,"x_stair":0.16896831844029245,"x_peak":0.5285714285714286,"x_distraction":0.3094384707287935,"submetrics":{"chord":{"chord_rate":0.6923701298701299,"avg_chord_size":2.8124267291910905,"chord_positions":853,"total_positions":1232},"stream":{"stream_coverage":0.9326853851691864,"stream_density_mean":8.347611202635914,"stream_density_mean_per_sec":25.73846787479407,"stream_windows":28,"notes_in_stream":2591,"total_notes":2778,"intervals":[[1068,1967],[2424,2495],[2544,4319],[4332,4415],[4428,4511],[4524,4631],[4692,4751],[4800,4883],[4956,7331],[8436,8495],[8580,8639],[8652,8879],[8940,9071],[9096,9263],[9300,9479],[9564,9647],[9756,9839],[9900,10031],[10092,10223],[10308,10463],[10476,11027],[11052,11231],[11244,11399],[11424,13499],[13572,13655],[14244,14315],[14364,19055],[19500,20591]]},"scratch":{"scratch_ratio":0.01331893448524118,"scratch_positions_ratio":0.030032467532467532,"scratch_with_key_chord_rate":0.8648648648648649,"scratch_per_sec":0.24854756717501814,"scratch_burst_max_per_sec":2.0,"scratch_burst_window_sec":1.0,"scratch_notes":37,"scratch_positions":37,"total_notes":2778,"total_positions":1232,"chart_seconds":148.86486486486487},"soft":{"base_bpm":185.0,"intensity":0.0,"up_intensity":0.0,"down_intensity":0.0,"max_intensity":0.0,"max_up_intensity":0.0,"max_down_intensity":0.0,"step_frequency":0.0,"ramp_frequency":0.0,"continuity_beats":0.0,"off_base_note_ratio":0.0,"gimmick_burst_score":0.0,"max_off_base_density_per_beat":0.0,"base_mean_density_per_beat":6.050108932461874,"base_density_source":"on_base","distinct_off_base_bpm_count":0,"bpm_change_events":0,"measure_count":115},"ln":{"ln_ratio":0.007199424046076314,"ln_hold_time_mean_beats":1.5875,"ln_simultaneity_rate":0.006119510439164867,"ln_simultaneity_weighted":0.006119510439164867,"ln_count":20,"ln_positions":16,"total_notes":2778},"stair":{"stair_index":0.16896831844029245,"stair_transitions":208,"eligible_transitions":1231},"peak":{"peak_local_max_density":12.0,"peak_local_max_density_per_sec":37.0,"peak_max_chord_size":6,"peak_concentration":0.46976241900647947,"total_notes":2778,"intervals":[[2688,2951],[3180,3515],[5652,6287],[6420,7319],[12936,13463],[14556,14831],[14964,15203],[15312,15587],[15708,16031],[16128,16343],[16440,17639],[18132,18515],[18696,19031],[20364,20555]]},"jack":{"jack_pairs":9,"jack_in_stream_pairs":1,"jack_outside_pairs":8,"pure_jack_per_sec":0.19195849546044086,"flow_break_per_stream_sec":0.009329299041855777,"stream_seconds":107.18918918918916,"non_stream_seconds":41.675675675675706,"chart_seconds":148.86486486486487,"window_ticks":24,"min_region_sec":10.0},"distraction":{"mode_formulation":"SP","qualifying_window_count":3,"qualifying_scratches":16,"qualifying_flow_sec":45.24324324324322,"distract_density":0.35364396654719255,"distract_event_per_sec":0.0663082437275986,"scratch_chord_pair_count":48,"chord_time_threshold_sec":0.01667,"min_scratches":3}},"warnings":[],"tags":["burst_focused"],"scales":["sl"]}