{"md5":"d22b1e2a3e758c4d4627d230eb90e8f5","headers":{"title":"Diachronic Reflection","artist":"Lollipop","genre":"Piano","playlevel":"3","base_bpm":270.0},"mode":"SP","scope":"playable_only","scaling_mode":"p99_linear","params":{"stream_window_ticks":48,"stream_density_threshold_per_beat":4.0,"peak_window_ticks":192,"peak_min_window_notes":4,"peak_min_window_sec":0.05,"felt_bpm_trigger_eff_bpm":500.0,"felt_bpm_trigger_peak_per_sec":200.0,"felt_bpm_target_peak_per_sec":100.0,"felt_bpm_floor":30.0,"jack_window_ticks":24,"soft_burst_ref":8.0,"soft_freq_ref":0.1,"soft_burst_exp":1.5,"soft_freq_exp":1.5,"chord_time_threshold_ms":16.67,"sp_distraction_min_scratches":3,"dp_distraction_window_sec_min":0.2,"dp_distraction_window_sec_max":0.8,"stream_density_ref_per_sec":40.0,"peak_density_ref_per_sec":70.0,"chord_size_ref":3.5,"ln_simultaneity_ref":0.05,"scratch_density_ref_per_sec":1.5,"scratch_ratio_ref":0.1,"distraction_density_ref":2.0,"distraction_event_ref":0.15},"raw_axes":{"chord":1.673224043715847,"stream":24.370248849597537,"scratch":0.0,"soft":0.0,"ln":0.0,"stair":0.1137855579868709,"peak":39.375,"distraction":0.0},"x_chord":0.435,"x_stream":0.604,"x_scratch":0.0,"x_soft":0.0,"x_ln":0.0,"x_stair":0.346,"x_peak":0.467,"x_distraction":0.0,"submetrics":{"chord":{"chord_rate":0.4240437158469945,"avg_chord_size":3.945876288659794,"chord_positions":388,"total_positions":915},"stream":{"stream_coverage":0.9256559766763849,"stream_density_mean":5.850565428109855,"stream_density_mean_per_sec":26.327544426494345,"stream_windows":44,"notes_in_stream":1905,"total_notes":2058,"intervals":[[204,383],[396,575],[588,1151],[1164,1343],[1356,2159],[2364,2423],[2460,2543],[2652,2927],[3132,3191],[3228,3311],[3420,3695],[3804,4175],[4212,4367],[4380,4463],[4632,4847],[4884,4967],[5016,5291],[5340,5483],[5496,5639],[5652,5735],[5748,5831],[5844,5927],[6228,6287],[6492,8255],[8268,8447],[8460,9023],[9036,9215],[9228,9647],[9756,9839],[9948,10031],[10176,10355],[10380,10583],[10716,10799],[10908,10991],[11112,11315],[11340,11711],[11724,11903],[11916,12479],[12492,12671],[12684,14327],[14904,15167],[15672,16511],[16524,17279],[17292,20975]]},"scratch":{"scratch_ratio":0.0,"scratch_positions_ratio":0.0,"scratch_with_key_chord_rate":0.0,"scratch_per_sec":0.0,"scratch_burst_max_per_sec":0.0,"scratch_burst_window_sec":1.0,"scratch_notes":0,"scratch_positions":0,"total_notes":2058,"total_positions":915,"chart_seconds":98.32407407407408},"soft":{"base_bpm":270.0,"intensity":0.0,"up_intensity":0.0,"down_intensity":0.0,"max_intensity":0.0,"max_up_intensity":0.0,"max_down_intensity":0.0,"step_frequency":0.0,"ramp_frequency":0.0,"continuity_beats":0.0,"off_base_note_ratio":0.0,"gimmick_burst_score":0.0,"max_off_base_density_per_beat":0.0,"base_mean_density_per_beat":4.649244243537223,"base_density_source":"on_base","distinct_off_base_bpm_count":0,"bpm_change_events":0,"measure_count":111},"ln":{"ln_ratio":0.0,"ln_hold_time_mean_beats":0.0,"ln_simultaneity_rate":0.0,"ln_simultaneity_weighted":0.0,"ln_count":0,"ln_positions":0,"total_notes":2058},"stair":{"stair_index":0.1137855579868709,"stair_transitions":104,"eligible_transitions":914},"peak":{"peak_local_max_density":8.75,"peak_local_max_density_per_sec":39.375,"peak_max_chord_size":6,"peak_concentration":0.4849368318756074,"total_notes":2058,"intervals":[[588,923],[1356,1691],[1764,2111],[3492,3695],[6660,7403],[7428,8027],[8460,8867],[9228,9647],[11916,12347],[12684,13019],[13092,13391],[17640,18383],[18408,19151],[19176,19739],[19944,20507],[20580,20975]]},"jack":{"jack_pairs":1,"jack_in_stream_pairs":1,"jack_outside_pairs":0,"pure_jack_per_sec":0.0,"flow_break_per_stream_sec":0.012667135819845177,"stream_seconds":78.94444444444446,"non_stream_seconds":19.37962962962962,"chart_seconds":98.32407407407408,"window_ticks":24,"min_region_sec":10.0},"distraction":{"mode_formulation":"SP","qualifying_window_count":0,"qualifying_scratches":0,"qualifying_flow_sec":0,"distract_density":0.0,"distract_event_per_sec":0.0,"scratch_chord_pair_count":0,"chord_time_threshold_sec":0.01667,"min_scratches":3}},"warnings":[],"tags":["burst_focused","dense_chart","fast_chart"],"scales":["sl"]}