{"md5":"3b8d7312e10cd4f371bd05c7cc4b00bf","headers":{"title":"Revelator","artist":"sa10","genre":"TOUHOU ARRANGE","playlevel":"25","base_bpm":186.0},"mode":"SP","scope":"playable_only","scaling_mode":"p99_linear","params":{"stream_window_ticks":48,"stream_density_threshold_per_beat":4.0,"peak_window_ticks":192,"peak_min_window_notes":4,"peak_min_window_sec":0.05,"felt_bpm_trigger_eff_bpm":500.0,"felt_bpm_trigger_peak_per_sec":200.0,"felt_bpm_target_peak_per_sec":100.0,"felt_bpm_floor":30.0,"jack_window_ticks":24,"soft_burst_ref":8.0,"soft_freq_ref":0.1,"soft_burst_exp":1.5,"soft_freq_exp":1.5,"chord_time_threshold_ms":16.67,"sp_distraction_min_scratches":3,"dp_distraction_window_sec_min":0.2,"dp_distraction_window_sec_max":0.8,"stream_density_ref_per_sec":40.0,"peak_density_ref_per_sec":70.0,"chord_size_ref":3.5,"ln_simultaneity_ref":0.05,"scratch_density_ref_per_sec":1.5,"scratch_ratio_ref":0.1,"distraction_density_ref":2.0,"distraction_event_ref":0.15},"raw_axes":{"chord":0.8375634517766497,"stream":32.309842032488206,"scratch":0.04907056151981727,"soft":0.0,"ln":0.0,"stair":0.10526315789473684,"peak":49.6,"distraction":1.2889731437598735},"x_chord":0.218,"x_stream":0.801,"x_scratch":0.119,"x_soft":0.0,"x_ln":0.0,"x_stair":0.32,"x_peak":0.589,"x_distraction":0.347,"submetrics":{"chord":{"chord_rate":0.3350253807106599,"avg_chord_size":2.5,"chord_positions":726,"total_positions":2167},"stream":{"stream_coverage":0.9763513513513513,"stream_density_mean":10.674978503869303,"stream_density_mean_per_sec":33.09243336199484,"stream_windows":23,"notes_in_stream":3179,"total_notes":3256,"intervals":[[264,707],[732,935],[972,1103],[1152,1199],[1692,4823],[4908,5039],[5124,5207],[5316,5591],[5628,5723],[5772,6359],[6372,9647],[9768,9839],[9852,9983],[10032,10103],[10152,10223],[10236,10343],[10404,10487],[10920,12695],[12708,12767],[12804,13079],[13104,15839],[15852,15947],[16092,17519]]},"scratch":{"scratch_ratio":0.04238329238329238,"scratch_positions_ratio":0.063682510383018,"scratch_with_key_chord_rate":0.6086956521739131,"scratch_per_sec":1.1577807848443844,"scratch_burst_max_per_sec":12.0,"scratch_burst_window_sec":1.0,"scratch_notes":138,"scratch_positions":138,"total_notes":3256,"total_positions":2167,"chart_seconds":119.19354838709677},"soft":{"base_bpm":186.0,"intensity":0.0,"up_intensity":0.0,"down_intensity":0.0,"max_intensity":0.0,"max_up_intensity":0.0,"max_down_intensity":0.0,"step_frequency":0.0,"ramp_frequency":0.0,"continuity_beats":0.0,"off_base_note_ratio":0.0,"gimmick_burst_score":0.0,"max_off_base_density_per_beat":0.0,"base_mean_density_per_beat":8.809201623815968,"base_density_source":"on_base","distinct_off_base_bpm_count":0,"bpm_change_events":0,"measure_count":93},"ln":{"ln_ratio":0.003071253071253071,"ln_hold_time_mean_beats":0.225,"ln_simultaneity_rate":0.0,"ln_simultaneity_weighted":0.0,"ln_count":10,"ln_positions":8,"total_notes":3256},"stair":{"stair_index":0.10526315789473684,"stair_transitions":228,"eligible_transitions":2166},"peak":{"peak_local_max_density":16.0,"peak_local_max_density_per_sec":49.6,"peak_max_chord_size":6,"peak_concentration":0.4213759213759214,"total_notes":3256,"intervals":[[3264,3863],[4356,4799],[6504,6839],[6852,7583],[7644,7871],[9312,9635],[11592,11939],[13776,14051],[14400,14591],[14772,14963],[15060,15455],[15540,15731],[16212,16655],[17220,17495]]},"jack":{"jack_pairs":40,"jack_in_stream_pairs":36,"jack_outside_pairs":4,"pure_jack_per_sec":0.2467661691542294,"flow_break_per_stream_sec":0.3495693030540328,"stream_seconds":102.98387096774196,"non_stream_seconds":16.209677419354804,"chart_seconds":119.19354838709677,"window_ticks":24,"min_region_sec":10.0},"distraction":{"mode_formulation":"SP","qualifying_window_count":10,"qualifying_scratches":86,"qualifying_flow_sec":85.08064516129033,"distract_density":1.0108056872037914,"distract_event_per_sec":0.11753554502369666,"scratch_chord_pair_count":97,"chord_time_threshold_sec":0.01667,"min_scratches":3}},"warnings":["Unterminated LNOBJ LN on lane P1_KEY5 started at m90 pos0.9375; closing at EOF","Unterminated LNOBJ LN on lane P1_KEY7 started at m91 pos0.0; closing at EOF","Unterminated LNOBJ LN on lane P1_KEY3 started at m90 pos0.96875; closing at EOF","Unterminated LNOBJ LN on lane P1_KEY1 started at m91 pos0.0; closing at EOF","Unterminated LNOBJ LN on lane P1_KEY6 started at m90 pos0.875; closing at EOF","Unterminated LNOBJ LN on lane P1_KEY4 started at m91 pos0.0; closing at EOF","Unterminated LNOBJ LN on lane P1_KEY2 started at m90 pos0.84375; closing at EOF","Unterminated LNOBJ LN on lane P1_SCR started at m92 pos0.375; closing at EOF"],"tags":["stream_heavy","peak_intense","scratch_burst","dense_chart","pure_stream"],"scales":["st"]}