{"md5":"7914f4ececa1ca873ad20a2f26ae258d","headers":{"title":"Angel Wing [FELITHER]","artist":"uma","genre":"Progressive Hardcore","playlevel":"13","base_bpm":244.0},"mode":"SP","scope":"playable_only","scaling_mode":"percentile_rank","params":{"stream_window_ticks":48,"stream_density_threshold_per_beat":4.0,"peak_window_ticks":192,"jack_window_ticks":24,"soft_burst_ref":8.0,"soft_freq_ref":0.1,"soft_burst_exp":1.5,"soft_freq_exp":1.5,"chord_time_threshold_ms":16.67,"sp_distraction_min_scratches":3,"dp_distraction_window_sec_min":0.2,"dp_distraction_window_sec_max":0.8,"stream_density_ref_per_sec":40.0,"peak_density_ref_per_sec":70.0,"chord_size_ref":3.5,"ln_simultaneity_ref":0.05,"scratch_density_ref_per_sec":1.5,"scratch_ratio_ref":0.1,"distraction_density_ref":2.0,"distraction_event_ref":0.15},"raw_axes":{"chord":2.3271767810026387,"stream":20.593646446700507,"scratch":0.026047576832151302,"soft":0.0,"ln":0.0,"stair":0.15984147952443858,"peak":43.71666666666667,"distraction":1.575117370892019},"x_chord":0.7713065755764305,"x_stream":0.39658411614005123,"x_scratch":0.6824935952177626,"x_soft":0.0,"x_ln":0.0,"x_stair":0.5540563620836891,"x_peak":0.7988044406490179,"x_distraction":0.9154568744662681,"submetrics":{"chord":{"chord_rate":0.6886543535620053,"avg_chord_size":3.3793103448275863,"chord_positions":522,"total_positions":758},"stream":{"stream_coverage":0.9165,"stream_density_mean":5.531302876480542,"stream_density_mean_per_sec":22.469881556683585,"stream_windows":52,"notes_in_stream":1833,"total_notes":2000,"intervals":[[192,971],[1116,1871],[1884,2543],[2556,2639],[2652,3311],[3324,3407],[3456,3611],[5028,5087],[5256,5303],[5460,5579],[5676,5735],[6024,6071],[6228,6383],[6612,6683],[6708,6791],[6876,7535],[7548,7631],[7644,9023],[9084,9167],[9180,9935],[9948,11471],[11484,11567],[11580,11663],[11676,11759],[11772,11951],[11964,12047],[12060,12143],[12156,13007],[13248,13403],[13428,13787],[13812,16319],[16380,16451],[17820,18671],[18684,18767],[18780,19535],[21084,21167],[21192,21239],[21372,21551],[21588,21707],[21756,21803],[21852,21935],[21960,22007],[22140,22283],[22428,22511],[22620,23663],[23700,24047],[24156,25583],[25692,26351],[26460,26543],[26568,26615],[26652,26735],[26748,27119]]},"scratch":{"scratch_ratio":0.0425,"scratch_positions_ratio":0.11213720316622691,"scratch_with_key_chord_rate":0.9764705882352941,"scratch_per_sec":0.6128841607565012,"scratch_burst_max_per_sec":4.0,"scratch_burst_window_sec":1.0,"scratch_notes":85,"scratch_positions":85,"total_notes":2000,"total_positions":758,"chart_seconds":138.68852459016392},"soft":{"base_bpm":244.0,"intensity":0.0,"up_intensity":0.0,"down_intensity":0.0,"max_intensity":0.0,"max_up_intensity":0.0,"max_down_intensity":0.0,"step_frequency":0.0,"ramp_frequency":0.0,"continuity_beats":0.0,"off_base_note_ratio":0.0,"gimmick_burst_score":0.0,"max_off_base_density_per_beat":0.0,"base_mean_density_per_beat":3.5336879432624113,"base_density_source":"on_base","distinct_off_base_bpm_count":0,"bpm_change_events":0,"measure_count":142},"ln":{"ln_ratio":0.0,"ln_hold_time_mean_beats":0.0,"ln_simultaneity_rate":0.0,"ln_simultaneity_weighted":0.0,"ln_count":0,"ln_positions":0,"total_notes":2000},"stair":{"stair_index":0.15984147952443858,"stair_transitions":121,"eligible_transitions":757},"peak":{"peak_local_max_density":10.75,"peak_local_max_density_per_sec":43.71666666666667,"peak_max_chord_size":7,"peak_concentration":0.3335,"total_notes":2000,"intervals":[[2676,3323],[8136,8471],[8796,9071],[9636,9851],[14148,16367],[17808,18095],[18396,18647],[23724,23999],[25032,25559]]},"jack":{"jack_pairs":16,"jack_in_stream_pairs":14,"jack_outside_pairs":2,"pure_jack_per_sec":0.05099268547544412,"flow_break_per_stream_sec":0.14074989699217139,"stream_seconds":99.4672131147541,"non_stream_seconds":39.22131147540982,"chart_seconds":138.68852459016392,"window_ticks":24,"min_region_sec":10.0},"distraction":{"mode_formulation":"SP","qualifying_window_count":9,"qualifying_scratches":45,"qualifying_flow_sec":52.37704918032786,"distract_density":0.859154929577465,"distract_event_per_sec":0.17183098591549298,"scratch_chord_pair_count":140,"chord_time_threshold_sec":0.01667,"min_scratches":3}},"warnings":[],"tags":["chord_heavy","distraction_heavy","fast_chart"],"scales":["sl","★"]}