{"md5":"81bb1f687a08aeca8a020e0b80942972","headers":{"title":"satellite -EARTH-","artist":"ccgc","genre":"ELECTRO","playlevel":"12","base_bpm":214.0},"mode":"SP","scope":"playable_only","scaling_mode":"p99_linear","params":{"stream_window_ticks":48,"stream_density_threshold_per_beat":4.0,"peak_window_ticks":192,"peak_min_window_notes":4,"peak_min_window_sec":0.05,"felt_bpm_trigger_eff_bpm":500.0,"felt_bpm_trigger_peak_per_sec":200.0,"felt_bpm_target_peak_per_sec":100.0,"felt_bpm_floor":30.0,"jack_window_ticks":24,"soft_burst_ref":8.0,"soft_freq_ref":0.1,"soft_burst_exp":1.5,"soft_freq_exp":1.5,"chord_time_threshold_ms":16.67,"sp_distraction_min_scratches":3,"dp_distraction_window_sec_min":0.2,"dp_distraction_window_sec_max":0.8,"stream_density_ref_per_sec":40.0,"peak_density_ref_per_sec":70.0,"chord_size_ref":3.5,"ln_simultaneity_ref":0.05,"scratch_density_ref_per_sec":1.5,"scratch_ratio_ref":0.1,"distraction_density_ref":2.0,"distraction_event_ref":0.15},"raw_axes":{"chord":1.5432409739714525,"stream":20.812091262761424,"scratch":0.0016109244743063333,"soft":0.0,"ln":0.0,"stair":0.10672268907563025,"peak":29.425,"distraction":0.40539162112932586},"x_chord":0.401,"x_stream":0.516,"x_scratch":0.004,"x_soft":0.0,"x_ln":0.0,"x_stair":0.324,"x_peak":0.349,"x_distraction":0.109,"submetrics":{"chord":{"chord_rate":0.6288832913518052,"avg_chord_size":2.4539385847797064,"chord_positions":749,"total_positions":1191},"stream":{"stream_coverage":0.9504385964912281,"stream_density_mean":6.13944530046225,"stream_density_mean_per_sec":21.897354904982024,"stream_windows":56,"notes_in_stream":2167,"total_notes":2280,"intervals":[[732,815],[828,887],[924,983],[1116,1175],[1212,1271],[1308,1367],[1500,1559],[1596,1655],[1692,1751],[1884,1943],[1980,2039],[2076,2135],[2268,2327],[2340,2423],[2436,2519],[2532,2615],[2628,2807],[2820,2903],[2916,2999],[3012,3095],[3108,3191],[3204,3287],[3300,3383],[3396,3575],[3588,3671],[3684,3767],[3780,5591],[5640,7163],[7176,8663],[8712,10199],[10248,10487],[10500,10775],[10788,10871],[10884,11159],[11172,11255],[11268,11543],[11556,11639],[11652,12695],[12708,14039],[14052,14171],[14244,14615],[14628,15575],[15588,15707],[15780,15959],[15972,19631],[19716,19799],[19908,20015],[20028,20087],[20316,20375],[20508,20567],[20604,20663],[20700,20783],[20796,20855],[21084,21167],[21468,21527],[22236,22295]]},"scratch":{"scratch_ratio":0.009649122807017544,"scratch_positions_ratio":0.018471872376154493,"scratch_with_key_chord_rate":0.9545454545454546,"scratch_per_sec":0.16695035460992907,"scratch_burst_max_per_sec":2.0,"scratch_burst_window_sec":1.0,"scratch_notes":22,"scratch_positions":22,"total_notes":2280,"total_positions":1191,"chart_seconds":131.77570093457945},"soft":{"base_bpm":214.0,"intensity":0.0,"up_intensity":0.0,"down_intensity":0.0,"max_intensity":0.0,"max_up_intensity":0.0,"max_down_intensity":0.0,"step_frequency":0.0,"ramp_frequency":0.0,"continuity_beats":0.0,"off_base_note_ratio":0.0,"gimmick_burst_score":0.0,"max_off_base_density_per_beat":0.0,"base_mean_density_per_beat":4.848936170212766,"base_density_source":"on_base","distinct_off_base_bpm_count":0,"bpm_change_events":0,"measure_count":118},"ln":{"ln_ratio":0.0,"ln_hold_time_mean_beats":0.0,"ln_simultaneity_rate":0.0,"ln_simultaneity_weighted":0.0,"ln_count":0,"ln_positions":0,"total_notes":2280},"stair":{"stair_index":0.10672268907563025,"stair_transitions":127,"eligible_transitions":1190},"peak":{"peak_local_max_density":8.25,"peak_local_max_density_per_sec":29.425,"peak_max_chord_size":5,"peak_concentration":0.4039473684210526,"total_notes":2280,"intervals":[[4200,4415],[5112,5483],[7188,8651],[8724,9167],[9336,9743],[9948,10187],[16452,17867],[17904,19631]]},"jack":{"jack_pairs":1,"jack_in_stream_pairs":1,"jack_outside_pairs":0,"pure_jack_per_sec":0.0,"flow_break_per_stream_sec":0.009367476471875682,"stream_seconds":106.75233644859814,"non_stream_seconds":25.023364485981304,"chart_seconds":131.77570093457945,"window_ticks":24,"min_region_sec":10.0},"distraction":{"mode_formulation":"SP","qualifying_window_count":1,"qualifying_scratches":4,"qualifying_flow_sec":21.378504672897208,"distract_density":0.18710382513661192,"distract_event_per_sec":0.04677595628415298,"scratch_chord_pair_count":29,"chord_time_threshold_sec":0.01667,"min_scratches":3}},"warnings":[],"tags":["fast_chart"],"scales":["sl"]}