{"md5":"018cc2ac1e18812c9e637162d29552ce","headers":{"title":"Unit:Squash!","artist":"Music:わかどり | Movie:もがみ","genre":"GameJam","playlevel":"9","base_bpm":151.0},"mode":"SP","scope":"playable_only","scaling_mode":"p99_linear","params":{"stream_window_ticks":48,"stream_density_threshold_per_beat":4.0,"peak_window_ticks":192,"peak_min_window_notes":4,"peak_min_window_sec":0.05,"felt_bpm_trigger_eff_bpm":500.0,"felt_bpm_trigger_peak_per_sec":200.0,"felt_bpm_target_peak_per_sec":100.0,"felt_bpm_floor":30.0,"jack_window_ticks":24,"soft_burst_ref":8.0,"soft_freq_ref":0.1,"soft_burst_exp":1.5,"soft_freq_exp":1.5,"chord_time_threshold_ms":16.67,"sp_distraction_min_scratches":3,"dp_distraction_window_sec_min":0.2,"dp_distraction_window_sec_max":0.8,"stream_density_ref_per_sec":40.0,"peak_density_ref_per_sec":70.0,"chord_size_ref":3.5,"ln_simultaneity_ref":0.05,"scratch_density_ref_per_sec":1.5,"scratch_ratio_ref":0.1,"distraction_density_ref":2.0,"distraction_event_ref":0.15},"raw_axes":{"chord":2.068807339449541,"stream":21.041640293165717,"scratch":0.0245152015209369,"soft":0.0,"ln":0.0,"stair":0.1423650975889782,"peak":30.200000000000003,"distraction":1.1506892153232107},"x_chord":0.521,"x_stream":0.524,"x_scratch":0.059,"x_soft":0.0,"x_ln":0.0,"x_stair":0.42,"x_peak":0.487,"x_distraction":0.304,"submetrics":{"chord":{"chord_rate":0.6846330275229358,"avg_chord_size":3.0217755443886096,"chord_positions":597,"total_positions":872},"stream":{"stream_coverage":0.9725829725829725,"stream_density_mean":8.596610169491525,"stream_density_mean_per_sec":21.634802259887007,"stream_windows":40,"notes_in_stream":2022,"total_notes":2079,"intervals":[[348,1824],[2004,2160],[2208,2292],[2304,2424],[2460,2568],[2592,2676],[2688,2928],[2976,3060],[3072,3192],[3228,3336],[3360,3444],[3456,3696],[3708,4464],[4476,5280],[5292,5340],[5400,5448],[5592,5664],[5676,5736],[5952,6048],[6060,6108],[6168,6216],[6360,6432],[6492,8328],[8364,8412],[8460,8508],[8628,8712],[8748,8796],[8832,9096],[9132,9180],[9228,9276],[9396,9480],[9516,9564],[9600,9840],[9852,10608],[10620,11376],[11580,14448],[14496,14580],[14592,14688],[14736,14820],[14964,15216]]},"scratch":{"scratch_ratio":0.03848003848003848,"scratch_positions_ratio":0.09174311926605505,"scratch_with_key_chord_rate":0.85,"scratch_per_sec":0.6370887995253477,"scratch_burst_max_per_sec":5.0,"scratch_burst_window_sec":1.0,"scratch_notes":80,"scratch_positions":80,"total_notes":2079,"total_positions":872,"chart_seconds":125.57119205298014},"soft":{"base_bpm":151.0,"intensity":0.0,"up_intensity":0.0,"down_intensity":0.0,"max_intensity":0.0,"max_up_intensity":0.0,"max_down_intensity":0.0,"step_frequency":0.0,"ramp_frequency":0.0,"continuity_beats":0.0,"off_base_note_ratio":0.0,"gimmick_burst_score":0.0,"max_off_base_density_per_beat":0.0,"base_mean_density_per_beat":6.563291139240507,"base_density_source":"on_base","distinct_off_base_bpm_count":0,"bpm_change_events":0,"measure_count":80},"ln":{"ln_ratio":0.014911014911014911,"ln_hold_time_mean_beats":1.4919354838709677,"ln_simultaneity_rate":0.0,"ln_simultaneity_weighted":0.0,"ln_count":31,"ln_positions":17,"total_notes":2079},"stair":{"stair_index":0.1423650975889782,"stair_transitions":124,"eligible_transitions":871},"peak":{"peak_local_max_density":12.0,"peak_local_max_density_per_sec":30.200000000000003,"peak_max_chord_size":6,"peak_concentration":0.5646945646945647,"total_notes":2079,"intervals":[[1440,1656],[3816,4044],[4212,4428],[4584,5016],[6720,7080],[7104,7464],[7488,7848],[7884,8112],[9960,10188],[10356,10572],[10740,11184],[11712,12072],[12096,12456],[12864,13224],[13248,13992]]},"jack":{"jack_pairs":49,"jack_in_stream_pairs":45,"jack_outside_pairs":4,"pure_jack_per_sec":0.188161993769471,"flow_break_per_stream_sec":0.4313943337830328,"stream_seconds":104.31291390728484,"non_stream_seconds":21.2582781456953,"chart_seconds":125.57119205298014,"window_ticks":24,"min_region_sec":10.0},"distraction":{"mode_formulation":"SP","qualifying_window_count":7,"qualifying_scratches":61,"qualifying_flow_sec":67.06125827814571,"distract_density":0.9096160967781752,"distract_event_per_sec":0.10438217504011847,"scratch_chord_pair_count":112,"chord_time_threshold_sec":0.01667,"min_scratches":3}},"warnings":[],"tags":["burst_focused"],"scales":["sl"]}