{"md5":"f38a208f9aa210a234e274b32ba33cdd","headers":{"title":"告白/告別 (BMS edit.)","artist":"Greetea feat.ninnikuu","genre":"Beloved Ballad","playlevel":"1","base_bpm":161.0},"mode":"SP","scope":"playable_only","scaling_mode":"p99_linear","params":{"stream_window_ticks":48,"stream_density_threshold_per_beat":4.0,"peak_window_ticks":192,"peak_min_window_notes":4,"peak_min_window_sec":0.05,"felt_bpm_trigger_eff_bpm":500.0,"felt_bpm_trigger_peak_per_sec":200.0,"felt_bpm_target_peak_per_sec":100.0,"felt_bpm_floor":30.0,"jack_window_ticks":24,"soft_burst_ref":8.0,"soft_freq_ref":0.1,"soft_burst_exp":1.5,"soft_freq_exp":1.5,"chord_time_threshold_ms":16.67,"sp_distraction_min_scratches":3,"dp_distraction_window_sec_min":0.2,"dp_distraction_window_sec_max":0.8,"stream_density_ref_per_sec":40.0,"peak_density_ref_per_sec":70.0,"chord_size_ref":3.5,"ln_simultaneity_ref":0.05,"scratch_density_ref_per_sec":1.5,"scratch_ratio_ref":0.1,"distraction_density_ref":2.0,"distraction_event_ref":0.15},"raw_axes":{"chord":1.641434262948207,"stream":12.084059750358092,"scratch":0.004217291123600448,"soft":0.0,"ln":0.03130755064456722,"stair":0.09175531914893617,"peak":19.45416666666667,"distraction":0.41413327680022594,"pure_jack_raw":0.04961479198767337,"flow_break_raw":0.09276197335253869},"x_chord":0.413,"x_stream":0.301,"x_scratch":0.01,"x_soft":0.0,"x_ln":0.496,"x_stair":0.27,"x_peak":0.314,"x_distraction":0.109,"jack_signal":0.118,"noise_budget":0.733,"submetrics":{"chord":{"chord_rate":0.47808764940239046,"avg_chord_size":3.433333333333333,"chord_positions":360,"total_positions":753},"stream":{"stream_coverage":0.8422344996930632,"stream_density_mean":5.346938775510204,"stream_density_mean_per_sec":14.347619047619048,"stream_windows":52,"notes_in_stream":1372,"total_notes":1629,"intervals":[[156,312],[324,408],[444,624],[636,816],[828,912],[924,1104],[1116,1488],[1500,1776],[1836,2160],[2196,2352],[2388,2544],[2580,2928],[2940,3120],[3156,3204],[3228,3312],[3336,3408],[3420,3504],[3612,3696],[3720,3792],[3804,3888],[3996,4080],[4104,4176],[4188,4272],[4380,4464],[4476,4560],[4572,4656],[4764,4848],[4872,4944],[4956,5040],[5052,5136],[5148,5232],[5256,5328],[5340,5520],[5532,5616],[5640,5712],[5724,5808],[5820,5904],[5916,6000],[6012,6096],[6108,6192],[6228,6384],[6396,6456],[6480,6576],[6612,6768],[6780,6960],[6972,7140],[7260,7344],[7452,7536],[7836,10944],[16476,16560],[16884,16944],[16956,21696]]},"scratch":{"scratch_ratio":0.020871700429711478,"scratch_positions_ratio":0.0451527224435591,"scratch_with_key_chord_rate":0.8823529411764706,"scratch_per_sec":0.20205786001015089,"scratch_burst_max_per_sec":2.0,"scratch_burst_window_sec":1.0,"scratch_notes":34,"scratch_positions":34,"total_notes":1629,"total_positions":753,"chart_seconds":168.26863354037266},"soft":{"base_bpm":161.0,"intensity":0.0,"up_intensity":0.0,"down_intensity":0.0,"max_intensity":0.0,"max_up_intensity":0.0,"max_down_intensity":0.0,"step_frequency":0.0,"ramp_frequency":0.0,"continuity_beats":0.0,"off_base_note_ratio":0.0,"gimmick_burst_score":0.0,"max_off_base_density_per_beat":0.0,"base_mean_density_per_beat":3.603543743078627,"base_density_source":"on_base","distinct_off_base_bpm_count":0,"bpm_change_events":0,"measure_count":113},"ln":{"ln_ratio":0.025168815224063844,"ln_hold_time_mean_beats":2.1463414634146343,"ln_simultaneity_rate":0.03130755064456722,"ln_simultaneity_weighted":0.03130755064456722,"ln_count":41,"ln_positions":39,"total_notes":1629},"stair":{"stair_index":0.09175531914893617,"stair_transitions":69,"eligible_transitions":752},"peak":{"peak_local_max_density":7.25,"peak_local_max_density_per_sec":19.45416666666667,"peak_max_chord_size":6,"peak_concentration":0.4174340085942296,"total_notes":1629,"intervals":[[8412,8832],[9228,9984],[10092,10488],[17052,17424],[17436,19776],[19860,20352],[20412,20784],[20844,21216],[21396,21696]]},"jack":{"jack_pairs":13,"jack_in_stream_pairs":10,"jack_outside_pairs":3,"pure_jack_per_sec":0.04961479198767337,"flow_break_per_stream_sec":0.09276197335253869,"stream_seconds":107.80279503105592,"non_stream_seconds":60.46583850931674,"chart_seconds":168.26863354037266,"window_ticks":24,"min_region_sec":10.0},"distraction":{"mode_formulation":"SP","qualifying_window_count":1,"qualifying_scratches":17,"qualifying_flow_sec":36.62267080745343,"distract_density":0.4641933432266269,"distract_event_per_sec":0.027305490778036876,"scratch_chord_pair_count":40,"chord_time_threshold_sec":0.01667,"min_scratches":3}},"warnings":["Unterminated LNOBJ LN on lane P1_SCR started at m112 pos0.0; closing at EOF","Unterminated LNOBJ LN on lane P1_KEY2 started at m112 pos0.4375; closing at EOF","Unterminated LNOBJ LN on lane P1_KEY5 started at m112 pos0.875; closing at EOF","Unterminated LNOBJ LN on lane P1_KEY3 started at m112 pos0.75; closing at EOF","Unterminated LNOBJ LN on lane P1_KEY4 started at m111 pos0.75; closing at EOF","Unterminated LNOBJ LN on lane P1_KEY6 started at m112 pos0.75; closing at EOF","Unterminated LNOBJ LN on lane P1_KEY7 started at m112 pos0.875; closing at EOF","Unterminated LNOBJ LN on lane P1_KEY1 started at m112 pos0.5; closing at EOF"],"tags":["ln_chart"],"scales":["sl"]}