{"md5":"dd5f2c308821a2d218a6540692e65134","headers":{"title":"秩序の秋桜 [OVERHEAT]","artist":"くっちー Movie:HEART CREATE obj_jakko","genre":"CYBER OPUS","playlevel":"19","base_bpm":185.0},"mode":"SP","scope":"playable_only","scaling_mode":"p99_linear","params":{"stream_window_ticks":48,"stream_density_threshold_per_beat":4.0,"peak_window_ticks":192,"peak_min_window_notes":4,"felt_bpm_trigger_eff_bpm":500.0,"felt_bpm_trigger_peak_per_sec":200.0,"felt_bpm_target_peak_per_sec":100.0,"felt_bpm_floor":30.0,"jack_window_ticks":24,"soft_burst_ref":8.0,"soft_freq_ref":0.1,"soft_burst_exp":1.5,"soft_freq_exp":1.5,"chord_time_threshold_ms":16.67,"sp_distraction_min_scratches":3,"dp_distraction_window_sec_min":0.2,"dp_distraction_window_sec_max":0.8,"stream_density_ref_per_sec":40.0,"peak_density_ref_per_sec":70.0,"chord_size_ref":3.5,"ln_simultaneity_ref":0.05,"scratch_density_ref_per_sec":1.5,"scratch_ratio_ref":0.1,"distraction_density_ref":2.0,"distraction_event_ref":0.15},"raw_axes":{"chord":1.7808510638297872,"stream":23.925832707237664,"scratch":0.033767331433998106,"soft":0.0,"ln":0.0,"stair":0.1660752306600426,"peak":37.0,"distraction":1.492540875999524},"x_chord":0.462,"x_stream":0.594,"x_scratch":0.082,"x_soft":0.0,"x_ln":0.0,"x_stair":0.505,"x_peak":0.45,"x_distraction":0.402,"submetrics":{"chord":{"chord_rate":0.6531914893617021,"avg_chord_size":2.726384364820847,"chord_positions":921,"total_positions":1410},"stream":{"stream_coverage":0.9416666666666667,"stream_density_mean":8.240420736288504,"stream_density_mean_per_sec":25.407963936889555,"stream_windows":24,"notes_in_stream":2825,"total_notes":3000,"intervals":[[552,731],[768,1115],[1152,3491],[3612,6755],[8220,9839],[10908,11327],[11520,11579],[12000,12059],[12312,12395],[12672,12911],[13056,13199],[13212,13295],[13404,13679],[13692,15779],[15900,20555],[20568,20627],[20664,20723],[20760,20819],[20856,20915],[20952,21011],[21048,21107],[21144,21203],[21240,22307],[22368,22427]]},"scratch":{"scratch_ratio":0.04133333333333333,"scratch_positions_ratio":0.08794326241134752,"scratch_with_key_chord_rate":0.4435483870967742,"scratch_per_sec":0.816951566951567,"scratch_burst_max_per_sec":13.0,"scratch_burst_window_sec":1.0,"scratch_notes":124,"scratch_positions":124,"total_notes":3000,"total_positions":1410,"chart_seconds":151.78378378378378},"soft":{"base_bpm":185.0,"intensity":0.0,"up_intensity":0.0,"down_intensity":0.0,"max_intensity":0.0,"max_up_intensity":0.0,"max_down_intensity":0.0,"step_frequency":0.0,"ramp_frequency":0.0,"continuity_beats":0.0,"off_base_note_ratio":0.0,"gimmick_burst_score":0.0,"max_off_base_density_per_beat":0.0,"base_mean_density_per_beat":6.4081196581196584,"base_density_source":"on_base","distinct_off_base_bpm_count":0,"bpm_change_events":0,"measure_count":118},"ln":{"ln_ratio":0.0,"ln_hold_time_mean_beats":0.0,"ln_simultaneity_rate":0.0,"ln_simultaneity_weighted":0.0,"ln_count":0,"ln_positions":0,"total_notes":3000},"stair":{"stair_index":0.1660752306600426,"stair_transitions":234,"eligible_transitions":1409},"peak":{"peak_local_max_density":12.0,"peak_local_max_density_per_sec":37.0,"peak_max_chord_size":6,"peak_concentration":0.32033333333333336,"total_notes":3000,"intervals":[[8844,9815],[14304,14507],[16080,16775],[17160,17495],[18996,19691],[19776,20447],[21300,22115]]},"jack":{"jack_pairs":62,"jack_in_stream_pairs":46,"jack_outside_pairs":16,"pure_jack_per_sec":0.4578499613302397,"flow_break_per_stream_sec":0.39370807309738615,"stream_seconds":116.83783783783782,"non_stream_seconds":34.94594594594595,"chart_seconds":151.78378378378378,"window_ticks":24,"min_region_sec":10.0},"distraction":{"mode_formulation":"SP","qualifying_window_count":10,"qualifying_scratches":92,"qualifying_flow_sec":75.48648648648643,"distract_density":1.2187611886860017,"distract_event_per_sec":0.13247404224847845,"scratch_chord_pair_count":71,"chord_time_threshold_sec":0.01667,"min_scratches":3}},"warnings":[],"tags":["distraction_heavy","scratch_burst"],"scales":["sl"]}