{"md5":"6544dd7b7465eea7ba15c29b46e3b561","headers":{"title":"建御名方神","artist":"ZUN Remix by rider","genre":"FAREAST SCHRANZ","playlevel":"18","base_bpm":80.0},"mode":"SP","scope":"playable_only","scaling_mode":"p99_linear","params":{"stream_window_ticks":48,"stream_density_threshold_per_beat":4.0,"peak_window_ticks":192,"peak_min_window_notes":4,"peak_min_window_sec":0.05,"felt_bpm_trigger_eff_bpm":500.0,"felt_bpm_trigger_peak_per_sec":200.0,"felt_bpm_target_peak_per_sec":100.0,"felt_bpm_floor":30.0,"jack_window_ticks":24,"soft_burst_ref":8.0,"soft_freq_ref":0.1,"soft_burst_exp":1.5,"soft_freq_exp":1.5,"chord_time_threshold_ms":16.67,"sp_distraction_min_scratches":3,"dp_distraction_window_sec_min":0.2,"dp_distraction_window_sec_max":0.8,"stream_density_ref_per_sec":40.0,"peak_density_ref_per_sec":70.0,"chord_size_ref":3.5,"ln_simultaneity_ref":0.05,"scratch_density_ref_per_sec":1.5,"scratch_ratio_ref":0.1,"distraction_density_ref":2.0,"distraction_event_ref":0.15},"raw_axes":{"chord":2.2935622317596565,"stream":23.738574792095918,"scratch":0.03751860657737603,"soft":0.0,"ln":0.029420970266040687,"stair":0.19158075601374572,"peak":32.666666666666664,"distraction":0.8574995541287675},"x_chord":0.596,"x_stream":0.61,"x_scratch":0.09,"x_soft":0.0,"x_ln":0.466,"x_stair":0.582,"x_peak":0.543,"x_distraction":0.226,"submetrics":{"chord":{"chord_rate":0.5510729613733906,"avg_chord_size":4.161993769470405,"chord_positions":642,"total_positions":1165},"stream":{"stream_coverage":0.9593114241001565,"stream_density_mean":9.354440154440155,"stream_density_mean_per_sec":24.745431145431144,"stream_windows":18,"notes_in_stream":3065,"total_notes":3195,"intervals":[[168,552],[564,792],[948,1008],[1692,6216],[6300,7368],[7452,10584],[10716,10800],[11484,11544],[12096,12336],[12348,12408],[12540,12600],[12708,13080],[13116,13176],[13308,13368],[13464,15300],[15324,18372],[18828,19800],[19860,19944]]},"scratch":{"scratch_ratio":0.04381846635367762,"scratch_positions_ratio":0.12017167381974249,"scratch_with_key_chord_rate":0.7928571428571428,"scratch_per_sec":0.8562282001051174,"scratch_burst_max_per_sec":6.0,"scratch_burst_window_sec":1.0,"scratch_notes":140,"scratch_positions":140,"total_notes":3195,"total_positions":1165,"chart_seconds":163.5078125},"soft":{"base_bpm":160.0,"intensity":0.008607198748043818,"up_intensity":0.0,"down_intensity":0.008607198748043818,"max_intensity":0.0,"max_up_intensity":0.0,"max_down_intensity":0.0,"step_frequency":0.0,"ramp_frequency":0.0,"continuity_beats":20.0,"off_base_note_ratio":0.017214397496087636,"gimmick_burst_score":0.34703632887189295,"max_off_base_density_per_beat":2.75,"base_mean_density_per_beat":7.924242424242424,"base_density_source":"on_base","distinct_off_base_bpm_count":1,"bpm_change_events":1,"measure_count":137},"ln":{"ln_ratio":0.011267605633802818,"ln_hold_time_mean_beats":1.7083333333333333,"ln_simultaneity_rate":0.029420970266040687,"ln_simultaneity_weighted":0.029420970266040687,"ln_count":36,"ln_positions":31,"total_notes":3195},"stair":{"stair_index":0.19158075601374572,"stair_transitions":223,"eligible_transitions":1164},"peak":{"peak_local_max_density":12.25,"peak_local_max_density_per_sec":32.666666666666664,"peak_max_chord_size":7,"peak_concentration":0.5724569640062598,"total_notes":3195,"intervals":[[2460,3936],[4752,5256],[7476,8928],[9768,10560],[13812,15276],[15360,16080],[16128,16848],[18144,18336],[19176,19788]]},"jack":{"jack_pairs":22,"jack_in_stream_pairs":4,"jack_outside_pairs":18,"pure_jack_per_sec":0.5799144223508689,"flow_break_per_stream_sec":0.030195800896437832,"stream_seconds":132.46875000000003,"non_stream_seconds":31.03906249999997,"chart_seconds":163.5078125,"window_ticks":24,"min_region_sec":10.0},"distraction":{"mode_formulation":"SP","qualifying_window_count":7,"qualifying_scratches":107,"qualifying_flow_sec":116.81250000000001,"distract_density":0.9159978598180845,"distract_event_per_sec":0.059925093632958795,"scratch_chord_pair_count":146,"chord_time_threshold_sec":0.01667,"min_scratches":3}},"warnings":[],"tags":["chord_heavy","ln_chart","stair_focused","burst_focused"],"scales":["sl"]}