{"md5":"3aa1a582cb253db8ae731ce323782e42","headers":{"title":"妹様は彼女なのだっ！","artist":"otokaz/lushe","genre":"Light Pop [kuso7]","playlevel":"14","base_bpm":174.0},"mode":"SP","scope":"playable_only","scaling_mode":"reference","params":{"stream_window_ticks":48,"stream_density_threshold_per_beat":4.0,"peak_window_ticks":192,"jack_window_ticks":24,"soft_burst_ref":8.0,"soft_freq_ref":0.1,"soft_burst_exp":1.5,"soft_freq_exp":1.5,"stream_density_ref_per_sec":40.0,"peak_density_ref_per_sec":70.0,"chord_size_ref":3.5,"ln_simultaneity_ref":0.05},"x_chord":0.5034013605442177,"x_stream":0.5166660686985255,"x_scratch":0.07856191744340879,"x_soft":2.572359833274981e-07,"x_ln":0.0,"x_stair":0.21946375372393248,"x_peak":0.6214285714285714,"x_jack":0.022840119165839126,"submetrics":{"chord":{"chord_rate":0.5267857142857143,"avg_chord_size":3.3446327683615817,"chord_positions":531,"total_positions":1008},"stream":{"stream_coverage":0.9826897470039947,"stream_density_mean":7.2329218106995885,"stream_density_mean_per_sec":21.030689300411524,"stream_windows":5,"notes_in_stream":2214,"total_notes":2253},"scratch":{"scratch_ratio":0.07856191744340879,"scratch_positions_ratio":0.17559523809523808,"scratch_with_key_chord_rate":0.9717514124293786,"scratch_notes":177,"scratch_positions":177,"total_notes":2253,"total_positions":1008},"soft":{"base_bpm":174.0,"intensity":0.0031044176092158093,"up_intensity":0.0031044176092158093,"down_intensity":0.0,"max_intensity":0.022988505747126436,"max_up_intensity":0.022988505747126436,"max_down_intensity":0.0,"step_frequency":0.047058823529411764,"ramp_frequency":0.011764705882352941,"continuity_beats":62.0,"off_base_note_ratio":0.21216156236129605,"gimmick_burst_score":0.0006876013717504341,"max_off_base_density_per_beat":9.428571428571429,"base_mean_density_per_beat":6.413043478260869,"base_density_source":"on_base","distinct_off_base_bpm_count":4,"bpm_change_events":4,"measure_count":85},"ln":{"ln_ratio":0.0,"ln_hold_time_mean_beats":0.0,"ln_simultaneity_rate":0.0,"ln_simultaneity_weighted":0.0,"ln_count":0,"ln_positions":0,"total_notes":2253},"stair":{"stair_index":0.21946375372393248,"stair_transitions":221,"eligible_transitions":1007},"peak":{"peak_local_max_density":15.0,"peak_local_max_density_per_sec":43.5,"peak_max_chord_size":8,"peak_concentration":0.2898357745228584,"total_notes":2253},"jack":{"jack_ratio":0.022840119165839126,"jack_transitions":23,"all_transitions":1007}},"warnings":[],"tags":["scratch_active","stair_focused","big_chord_burst"],"scales":["★"]}