{"md5":"09515c9ba455064d63883cab5f01f079","headers":{"title":"DiSASTER UNiT : CODE_NAME_666","artist":"tkqn14 fw. Moul","genre":"DOOMSDAY / PROTOSCHREiKRiEG","playlevel":"66","base_bpm":666.6},"mode":"SP","scope":"playable_only","scaling_mode":"p99_linear","params":{"stream_window_ticks":48,"stream_density_threshold_per_beat":4.0,"peak_window_ticks":192,"peak_min_window_notes":4,"peak_min_window_sec":0.05,"felt_bpm_trigger_eff_bpm":500.0,"felt_bpm_trigger_peak_per_sec":200.0,"felt_bpm_target_peak_per_sec":100.0,"felt_bpm_floor":30.0,"jack_window_ticks":24,"soft_burst_ref":8.0,"soft_freq_ref":0.1,"soft_burst_exp":1.5,"soft_freq_exp":1.5,"chord_time_threshold_ms":16.67,"sp_distraction_min_scratches":3,"sp_distraction_bin_sec":0.25,"sp_distraction_t_key":2,"sp_distraction_gap_bins":2,"dp_distraction_window_sec_min":0.2,"dp_distraction_window_sec_max":0.8,"stream_density_ref_per_sec":40.0,"peak_density_ref_per_sec":70.0,"chord_size_ref":3.5,"ln_simultaneity_ref":0.05,"scratch_density_ref_per_sec":1.5,"scratch_ratio_ref":0.1,"distraction_density_ref":2.0,"distraction_event_ref":0.15},"raw_axes":{"chord":1.8329686360320934,"stream":17.050319879597808,"scratch_per_sec":0.8837383767574607,"scratch_burst_max_per_sec":8.0,"scratch_max_run_sec":9.240924092409244,"soft":0.0,"stair":0.19926739926739928,"peak":61.105000000000004,"ln_m1_short_rate_rt":0.0,"ln_m2_density_rt":0.0,"ln_m2_burst_max_rt":0.0,"ln_m3_density_rt":0.0,"ln_m_concurrent_rt":6.0,"adv_hand_imb":0.14285714285714285,"adv_rel_pressure_1beat":0.0,"adv_ln_hold_min_beats":224.33333333333334,"adv_ln_chord_big_rate":1.0,"adv_ln_scatter_cv":0.0,"distraction":5.028892191548407},"x_chord":0.471,"x_stream":0.44,"x_scratch":0.236,"x_soft":0.0,"x_ln":0.531,"x_stair":0.565,"x_peak":0.971,"x_distraction":0.309,"ln_advanced_score":0.497,"submetrics":{"chord":{"chord_rate":0.6455142231947484,"avg_chord_size":2.83954802259887,"chord_positions":885,"total_positions":1371},"stream":{"stream_coverage":0.35885833623390184,"stream_density_mean":4.2765685019206146,"stream_density_mean_per_sec":47.51267605633802,"stream_windows":142,"notes_in_stream":1031,"total_notes":2873,"intervals":[[5280,5400],[6876,6960],[7020,7104],[7164,7248],[7308,7392],[7452,7536],[7548,7632],[14556,14640],[17340,17424],[20388,20472],[20892,20976],[21276,21360],[21660,21744],[22044,22128],[22140,22224],[22236,22320],[22428,22512],[22812,22896],[23196,23280],[23580,23664],[23676,23760],[23772,23856],[23964,24048],[24348,24432],[24732,24816],[25116,25200],[25212,25296],[25308,25392],[25500,25584],[25596,25680],[25884,25968],[25980,26064],[26148,26232],[32988,33072],[33372,33456],[33684,33768],[33948,34032],[34164,34248],[34356,34440],[34524,34608],[34644,34728],[34776,34860],[34872,34956],[34968,35544],[35616,35748],[36600,36876],[37080,37164],[37212,37296],[37332,37416],[37464,37548],[37596,37680],[37716,37800],[37848,37932],[37980,38184],[38232,38316],[38364,38448],[38484,38568],[38616,38700],[38748,38832],[38868,39024],[39036,39216],[39252,39336],[39384,39468],[39516,39600],[39636,39720],[39768,39852],[39900,39984],[40020,40236],[40284,40368],[40404,40488],[40536,40620],[40764,41256],[41304,41388],[41436,41520],[41556,41640],[41688,41772],[41820,41904],[41940,42024],[42072,42288],[42324,42408],[42456,42540],[42588,42672],[42708,42792],[42840,42924],[42972,43116],[43128,43308],[43740,43824],[44244,44328],[44508,44592],[44700,44784],[44892,44976],[45012,45096],[47316,47376],[49236,49296],[49404,49452],[49500,49644],[49692,49836],[49884,50028],[50076,50472],[50520,50664],[50712,50856],[50904,51048],[51060,51180],[51192,51372],[51384,51504],[51540,51696],[51732,51888],[51924,52080],[52116,52968],[53460,53544],[53724,53808],[54492,54552],[55644,55728],[57180,57264],[59868,59952],[60252,60336],[60636,60720],[62172,62256],[62868,63000],[63708,63792],[64404,64536],[65172,65304],[65964,66048],[66492,66576],[66612,66720],[66732,66816],[67500,67608],[67788,67872],[67884,67968],[69084,69144],[69492,69900],[70068,70296],[70452,70728],[70752,70920],[70944,71064],[72060,72120],[72564,72972],[73332,73512],[73692,73752],[74076,74160],[74460,74544],[75228,75312]]},"scratch":{"scratch_ratio":0.04201400466822274,"scratch_positions_ratio":0.09190371991247265,"scratch_with_key_chord_rate":0.9603174603174603,"scratch_per_sec":0.8837383767574607,"scratch_burst_max_per_sec":8.0,"scratch_burst_window_sec":1.0,"scratch_max_run_sec":9.240924092409244,"ls_count":0,"ls_per_sec":0.0,"ls_complexity_mean":0.0,"scratch_notes":126,"scratch_positions":126,"total_notes":2999,"total_positions":1371,"chart_seconds":142.5761326132613},"soft":{"base_bpm":666.6,"intensity":0.0,"up_intensity":0.0,"down_intensity":0.0,"max_intensity":10000.0,"max_up_intensity":10000.0,"max_down_intensity":0.0,"step_frequency":0.007272727272727273,"ramp_frequency":0.007272727272727273,"continuity_beats":208.35416666666666,"off_base_note_ratio":0.0,"gimmick_burst_score":0.0,"max_off_base_density_per_beat":0.0,"base_mean_density_per_beat":1.893332982599203,"base_density_source":"on_base","distinct_off_base_bpm_count":1,"bpm_change_events":2,"measure_count":275},"ln":{"ln_ratio":0.010336778926308769,"ln_hold_time_mean_beats":50.78494623655914,"ln_simultaneity_rate":0.0,"ln_simultaneity_weighted":0.0,"ln_count":31,"ln_count_raw":31,"ln_positions":25,"total_notes":2999,"m1_short_count_rt":0,"m1_short_rate_rt":0.0,"m2_long_count_rt":7,"m2_density_rt":0.0,"m2_burst_max_rt":0.0,"m3_density_rt":0.0,"m_concurrent_rt":6.0,"total_long_sec":10.081008100809981,"long_active_sec":1.440144014401426,"long_hold_sec_mean":1.440144014401426,"long_hold_sec_max":1.440144014401426,"adv_hand_imb":0.14285714285714285,"adv_rel_pressure_1beat":0.0,"adv_ln_hold_min_beats":224.33333333333334,"adv_ln_chord_big_rate":1.0,"adv_ln_scatter_cv":0.0},"stair":{"stair_index":0.19926739926739928,"stair_transitions":272,"eligible_transitions":1365},"peak":{"peak_local_max_density":5.5,"peak_local_max_density_per_sec":61.105000000000004,"peak_max_chord_size":7,"peak_concentration":0.38078663418029934,"total_notes":2873,"intervals":[[20268,20688],[26004,26352],[34884,36108],[36588,36888],[37896,38268],[38796,39324],[39948,40320],[40740,41376],[41988,42360],[42888,43356],[50052,50592],[50796,51624],[52104,52992],[54012,54588],[59100,59952],[62748,63120],[63564,63768],[64284,64656],[64860,66192],[66372,66960],[67356,67872],[67980,68304],[68316,69912],[70020,70344],[70404,73056],[73320,74160]]},"jack":{"jack_pairs":0,"jack_in_stream_pairs":0,"jack_outside_pairs":0,"pure_jack_per_sec":0.0,"flow_break_per_stream_sec":0.0,"stream_seconds":31.593159315931565,"non_stream_seconds":110.98297329732975,"chart_seconds":142.5761326132613,"window_ticks":24,"min_region_sec":10.0},"distraction":{"mode_formulation":"SP","v3_score":5.028892191548407,"qualifying_intervals":5,"qualifying_flow_sec":115.25,"qualifying_scratches":117,"scratch_chord_pair_count":169,"chord_time_threshold_sec":0.01667,"min_scratches":3,"bin_sec":0.25,"t_key":2,"gap_bins":2}},"warnings":[],"axis_intensities":{"chord":"yellow","stream":"green","peak":"red","scratch":"red","soft":null,"ln":"green","stair":"red","distraction":"red"},"tags":["visual_gimmick","dense_chart"],"scales":["st"]}