{"md5":"598ee825986538b61047049ec3496211","headers":{"title":"Re:End of a Dream","artist":"uma vs. モリモリあつし","genre":"Hard Renaissance","playlevel":"24","base_bpm":212.0},"mode":"SP","scope":"playable_only","scaling_mode":"p99_linear","params":{"stream_window_ticks":48,"stream_density_threshold_per_beat":4.0,"peak_window_ticks":192,"peak_min_window_notes":4,"peak_min_window_sec":0.05,"felt_bpm_trigger_eff_bpm":500.0,"felt_bpm_trigger_peak_per_sec":200.0,"felt_bpm_target_peak_per_sec":100.0,"felt_bpm_floor":30.0,"jack_window_ticks":24,"soft_burst_ref":8.0,"soft_freq_ref":0.1,"soft_burst_exp":1.5,"soft_freq_exp":1.5,"chord_time_threshold_ms":16.67,"sp_distraction_min_scratches":3,"dp_distraction_window_sec_min":0.2,"dp_distraction_window_sec_max":0.8,"stream_density_ref_per_sec":40.0,"peak_density_ref_per_sec":70.0,"chord_size_ref":3.5,"ln_simultaneity_ref":0.05,"scratch_density_ref_per_sec":1.5,"scratch_ratio_ref":0.1,"distraction_density_ref":2.0,"distraction_event_ref":0.15},"raw_axes":{"chord":1.5975794251134645,"stream":24.36461883557822,"scratch":0.07194136436653557,"soft":0.0,"stair":0.1392884178652536,"peak":42.4,"ln_m1_short_rate_rt":0.03341997772001486,"ln_m2_density_rt":58.51847328244287,"ln_m2_burst_max_rt":514.0,"ln_m3_density_rt":58.51847328244287,"ln_m_concurrent_rt":0.8169209431345349,"adv_hand_imb":0.13368983957219252,"adv_rel_pressure_1beat":0.7272727272727273,"adv_ln_hold_min_beats":0.0625,"adv_ln_chord_big_rate":0.4,"adv_ln_scatter_cv":2.039240315669418,"distraction":2.0345446950710113},"x_chord":0.408,"x_stream":0.611,"x_scratch":0.176,"x_soft":0.0,"x_ln":0.946,"x_stair":0.404,"x_peak":0.685,"x_distraction":0.475,"ln_advanced_score":0.744,"submetrics":{"chord":{"chord_rate":0.5605143721633888,"avg_chord_size":2.8502024291497974,"chord_positions":741,"total_positions":1322},"stream":{"stream_coverage":0.9335313776457482,"stream_density_mean":7.386625672559569,"stream_density_mean_per_sec":26.09941070971048,"stream_windows":36,"notes_in_stream":2514,"total_notes":2693,"intervals":[[1632,1824],[1836,2016],[2076,2208],[2220,2784],[2796,3360],[3372,3552],[3564,3744],[3756,4656],[4764,4848],[5340,5400],[6108,6336],[6348,6960],[6996,7128],[7140,7200],[7212,7968],[8124,8208],[8220,8352],[8628,8736],[8892,8976],[8988,9156],[9336,9540],[9552,9636],[9648,10188],[10224,10308],[10320,12432],[12444,14064],[14088,14160],[14316,14880],[14892,15408],[15480,17016],[17076,18672],[18972,19680],[19692,19872],[19884,21744],[21804,22308],[22392,22500]]},"scratch":{"scratch_ratio":0.061269959153360566,"scratch_positions_ratio":0.12481089258698941,"scratch_with_key_chord_rate":0.9272727272727272,"scratch_per_sec":1.174170268115638,"scratch_burst_max_per_sec":9.0,"scratch_burst_window_sec":1.0,"scratch_notes":165,"scratch_positions":165,"total_notes":2693,"total_positions":1322,"chart_seconds":140.52476415094338},"soft":{"base_bpm":212.0,"intensity":0.0,"up_intensity":0.0,"down_intensity":0.0,"max_intensity":0.0,"max_up_intensity":0.0,"max_down_intensity":0.0,"step_frequency":0.0,"ramp_frequency":0.0,"continuity_beats":0.0,"off_base_note_ratio":0.0,"gimmick_burst_score":0.0,"max_off_base_density_per_beat":0.0,"base_mean_density_per_beat":5.42195367573011,"base_density_source":"on_base","distinct_off_base_bpm_count":0,"bpm_change_events":0,"measure_count":135},"ln":{"ln_ratio":0.07129595246936501,"ln_hold_time_mean_beats":0.64453125,"ln_simultaneity_rate":0.020423319717786857,"ln_simultaneity_weighted":0.03750464166357222,"ln_count":192,"ln_count_raw":192,"ln_positions":90,"total_notes":2693,"m1_short_count_rt":90,"m1_short_rate_rt":0.03341997772001486,"m2_long_count_rt":97,"m2_density_rt":58.51847328244287,"m2_burst_max_rt":514.0,"m3_density_rt":58.51847328244287,"m_concurrent_rt":0.8169209431345349,"total_long_sec":30.896226415094276,"long_active_sec":17.004716981132045,"long_hold_sec_mean":0.31851779809375547,"long_hold_sec_max":0.5660377358490578,"adv_hand_imb":0.13368983957219252,"adv_rel_pressure_1beat":0.7272727272727273,"adv_ln_hold_min_beats":0.0625,"adv_ln_chord_big_rate":0.4,"adv_ln_scatter_cv":2.039240315669418},"stair":{"stair_index":0.1392884178652536,"stair_transitions":184,"eligible_transitions":1321},"peak":{"peak_local_max_density":12.0,"peak_local_max_density_per_sec":42.4,"peak_max_chord_size":5,"peak_concentration":0.40883772744151503,"total_notes":2693,"intervals":[[6696,6936],[7692,7896],[10536,10944],[11112,11472],[11856,12144],[13044,13368],[13404,14040],[15108,15312],[16452,16776],[17424,18300],[19008,19308],[20100,20316],[20580,20904],[20976,21744],[21876,22344]]},"jack":{"jack_pairs":41,"jack_in_stream_pairs":39,"jack_outside_pairs":2,"pure_jack_per_sec":0.055199349064279854,"flow_break_per_stream_sec":0.37394843962008156,"stream_seconds":104.29245283018864,"non_stream_seconds":36.23231132075475,"chart_seconds":140.52476415094338,"window_ticks":24,"min_region_sec":10.0},"distraction":{"mode_formulation":"SP","qualifying_window_count":13,"qualifying_scratches":133,"qualifying_flow_sec":75.28301886792451,"distract_density":1.766666666666667,"distract_event_per_sec":0.17268170426065166,"scratch_chord_pair_count":206,"chord_time_threshold_sec":0.01667,"min_scratches":3}},"warnings":[],"tags":["scratch_active","ln_chart","distraction_heavy","fast_chart"],"scales":["★★"]}