{"md5":"97275288c887c1c704fb35421885c211","headers":{"title":"Quad Queens [Joker]","artist":"D.J.Nero // Subject#20","genre":"RENAISSANCE","playlevel":"17","base_bpm":157.0},"mode":"SP","scope":"playable_only","scaling_mode":"p99_linear","params":{"stream_window_ticks":48,"stream_density_threshold_per_beat":4.0,"peak_window_ticks":192,"peak_min_window_notes":4,"peak_min_window_sec":0.05,"felt_bpm_trigger_eff_bpm":500.0,"felt_bpm_trigger_peak_per_sec":200.0,"felt_bpm_target_peak_per_sec":100.0,"felt_bpm_floor":30.0,"jack_window_ticks":24,"soft_burst_ref":8.0,"soft_freq_ref":0.1,"soft_burst_exp":1.5,"soft_freq_exp":1.5,"chord_time_threshold_ms":16.67,"sp_distraction_min_scratches":3,"sp_distraction_bin_sec":0.25,"sp_distraction_t_key":2,"sp_distraction_gap_bins":2,"dp_distraction_window_sec_min":0.2,"dp_distraction_window_sec_max":0.8,"stream_density_ref_per_sec":40.0,"peak_density_ref_per_sec":70.0,"chord_size_ref":3.5,"ln_simultaneity_ref":0.05,"scratch_density_ref_per_sec":1.5,"scratch_ratio_ref":0.1,"distraction_density_ref":2.0,"distraction_event_ref":0.15},"raw_axes":{"chord":1.3797235023041476,"stream":17.346551739480816,"scratch_per_sec":0.3019262270281101,"scratch_burst_max_per_sec":6.0,"scratch_max_run_sec":1.5286624203821653,"soft":0.0,"stair":0.19298245614035087,"peak":35.324999999999996,"ln_m1_short_rate_rt":0.06881188118811882,"ln_m2_density_rt":66.85762091923594,"ln_m2_burst_max_rt":796.0,"ln_m3_density_rt":69.5385415141449,"ln_m_concurrent_rt":2.1829733009092633,"adv_hand_imb":0.19390581717451524,"adv_rel_pressure_1beat":0.4556786703601108,"adv_ln_hold_min_beats":0.125,"adv_ln_chord_big_rate":0.1962864721485411,"adv_ln_scatter_cv":2.020548688068279,"distraction":1.7360758054116332},"x_chord":0.354,"x_stream":0.447,"x_scratch":0.135,"x_soft":0.0,"x_ln":0.975,"x_stair":0.547,"x_peak":0.592,"x_distraction":0.107,"ln_advanced_score":0.739,"submetrics":{"chord":{"chord_rate":0.5179723502304148,"avg_chord_size":2.6637010676156585,"chord_positions":562,"total_positions":1085},"stream":{"stream_coverage":0.9969758064516129,"stream_density_mean":6.660169491525424,"stream_density_mean_per_sec":17.399170197740112,"stream_windows":5,"notes_in_stream":1978,"total_notes":1984,"intervals":[[156,4176],[4188,4728],[4752,6360],[6432,14172],[14196,14724]]},"scratch":{"scratch_ratio":0.01782178217821782,"scratch_positions_ratio":0.03317972350230415,"scratch_with_key_chord_rate":0.9722222222222222,"scratch_per_sec":0.3019262270281101,"scratch_burst_max_per_sec":6.0,"scratch_burst_window_sec":1.0,"scratch_max_run_sec":1.5286624203821653,"ls_count":4,"ls_per_sec":0.0335473585586789,"ls_complexity_mean":0.25,"scratch_notes":36,"scratch_positions":36,"total_notes":2020,"total_positions":1085,"chart_seconds":119.23442476114639},"soft":{"base_bpm":157.0,"intensity":0.0,"up_intensity":0.0,"down_intensity":0.0,"max_intensity":0.75,"max_up_intensity":0.0,"max_down_intensity":0.75,"step_frequency":0.7215189873417721,"ramp_frequency":0.5443037974683544,"continuity_beats":11.279296875,"off_base_note_ratio":0.0,"gimmick_burst_score":0.0,"max_off_base_density_per_beat":0.0,"base_mean_density_per_beat":6.83988251907739,"base_density_source":"on_base","distinct_off_base_bpm_count":2,"bpm_change_events":58,"measure_count":79},"ln":{"ln_ratio":0.3608910891089109,"ln_hold_time_mean_beats":0.969227787780064,"ln_simultaneity_rate":0.3425742574257426,"ln_simultaneity_weighted":0.5737623762376237,"ln_count":729,"ln_count_raw":729,"ln_positions":381,"total_notes":2020,"m1_short_count_rt":139,"m1_short_rate_rt":0.06881188118811882,"m2_long_count_rt":583,"m2_density_rt":66.85762091923594,"m2_burst_max_rt":796.0,"m3_density_rt":69.5385415141449,"m_concurrent_rt":2.1829733009092633,"total_long_sec":259.98532046178354,"long_active_sec":81.68001924097663,"long_hold_sec_mean":0.4459439459035738,"long_hold_sec_max":2.866242038216555,"adv_hand_imb":0.19390581717451524,"adv_rel_pressure_1beat":0.4556786703601108,"adv_ln_hold_min_beats":0.125,"adv_ln_chord_big_rate":0.1962864721485411,"adv_ln_scatter_cv":2.020548688068279},"stair":{"stair_index":0.19298245614035087,"stair_transitions":209,"eligible_transitions":1083},"peak":{"peak_local_max_density":13.5,"peak_local_max_density_per_sec":35.324999999999996,"peak_max_chord_size":7,"peak_concentration":0.2626008064516129,"total_notes":1984,"intervals":[[1428,1824],[7236,7536],[10536,10908],[12216,12696],[12840,14112]]},"jack":{"jack_pairs":7,"jack_in_stream_pairs":4,"jack_outside_pairs":3,"pure_jack_per_sec":0.0,"flow_break_per_stream_sec":0.03420515690058321,"stream_seconds":116.94143113057314,"non_stream_seconds":2.2929936305732497,"chart_seconds":119.23442476114639,"window_ticks":24,"min_region_sec":10.0},"distraction":{"mode_formulation":"SP","v3_score":1.7360758054116332,"qualifying_intervals":1,"qualifying_flow_sec":117.75,"qualifying_scratches":36,"scratch_chord_pair_count":49,"chord_time_threshold_sec":0.01667,"min_scratches":3,"bin_sec":0.25,"t_key":2,"gap_bins":2}},"warnings":["Unterminated LNOBJ LN on lane P1_SCR started at m78 pos0.0; closing at EOF","Unterminated LNOBJ LN on lane P1_KEY7 started at m78 pos0.0; closing at EOF","Unterminated LNOBJ LN on lane P1_KEY6 started at m77 pos0.79166667; closing at EOF","Unterminated LNOBJ LN on lane P1_KEY5 started at m78 pos0.0; closing at EOF","Unterminated LNOBJ LN on lane P1_KEY4 started at m77 pos0.875; closing at EOF","Unterminated LNOBJ LN on lane P1_KEY3 started at m78 pos0.0; closing at EOF","Unterminated LNOBJ LN on lane P1_KEY2 started at m77 pos0.95833333; closing at EOF","Unterminated LNOBJ LN on lane P1_KEY1 started at m78 pos0.0; closing at EOF"],"axis_intensities":{"chord":"green","stream":"green","peak":"yellow","scratch":"yellow","soft":null,"ln":"red","stair":"red","distraction":"yellow"},"tags":["long_scratch","sustained"],"scales":[]}