{"md5":"e2804741855076baa3aa0fb8e58fa02d","headers":{"title":"ゆめのつづき","artist":"ああああと月作ちゃん","genre":"dreamy pop","playlevel":"1","base_bpm":50.0},"mode":"SP","scope":"playable_only","scaling_mode":"reference","params":{"stream_window_ticks":48,"stream_density_threshold_per_beat":4.0,"peak_window_ticks":192,"jack_window_ticks":24,"soft_burst_ref":8.0,"soft_freq_ref":0.1,"soft_burst_exp":1.5,"soft_freq_exp":1.5,"stream_density_ref_per_sec":40.0,"peak_density_ref_per_sec":70.0,"chord_size_ref":3.5,"ln_simultaneity_ref":0.05},"x_chord":0.3980738362760835,"x_stream":0.2718772072033901,"x_scratch":0.008496176720475786,"x_soft":6.423395948891094e-06,"x_ln":0.0,"x_stair":0.26366559485530544,"x_peak":0.2416666666666667,"x_jack":0.00482315112540193,"submetrics":{"chord":{"chord_rate":0.5040128410914928,"avg_chord_size":2.7643312101910826,"chord_positions":314,"total_positions":623},"stream":{"stream_coverage":0.9575191163976211,"stream_density_mean":11.753280839895012,"stream_density_mean_per_sec":11.357567804024496,"stream_windows":3,"notes_in_stream":1127,"total_notes":1177},"scratch":{"scratch_ratio":0.008496176720475786,"scratch_positions_ratio":0.016051364365971106,"scratch_with_key_chord_rate":0.7,"scratch_notes":10,"scratch_positions":10,"total_notes":1177,"total_positions":623},"soft":{"base_bpm":58.0,"intensity":0.0018750183107256906,"up_intensity":0.0,"down_intensity":0.0018750183107256906,"max_intensity":0.13793103448275862,"max_up_intensity":0.0,"max_down_intensity":0.13793103448275862,"step_frequency":0.05714285714285714,"ramp_frequency":0.05714285714285714,"continuity_beats":16.0,"off_base_note_ratio":0.013593882752761258,"gimmick_burst_score":0.004837687728471884,"max_off_base_density_per_beat":1.0,"base_mean_density_per_beat":9.477551020408164,"base_density_source":"on_base","distinct_off_base_bpm_count":1,"bpm_change_events":2,"measure_count":35},"ln":{"ln_ratio":0.008496176720475786,"ln_hold_time_mean_beats":1.025,"ln_simultaneity_rate":0.0,"ln_simultaneity_weighted":0.0,"ln_count":10,"ln_positions":5,"total_notes":1177},"stair":{"stair_index":0.26366559485530544,"stair_transitions":164,"eligible_transitions":622},"peak":{"peak_local_max_density":17.5,"peak_local_max_density_per_sec":16.916666666666668,"peak_max_chord_size":6,"peak_concentration":0.3967714528462192,"total_notes":1177},"jack":{"jack_ratio":0.00482315112540193,"jack_transitions":3,"all_transitions":622}},"warnings":["Unterminated LNOBJ LN on lane P1_KEY3 started at m33 pos0.75; closing at EOF","Unterminated LNOBJ LN on lane P1_KEY7 started at m33 pos0.875; closing at EOF","Unterminated LNOBJ LN on lane P1_KEY1 started at m33 pos0.75; closing at EOF","Unterminated LNOBJ LN on lane P1_KEY5 started at m33 pos0.875; closing at EOF","Unterminated LNOBJ LN on lane P1_SCR started at m32 pos0.0; closing at EOF"],"tags":["stair_focused","slow_chart"],"scales":["sl"]}