{"md5":"877b442a3a3dc6650d9d5091b7790a7e","headers":{"title":"Boxel Adventure","artist":"7mai","genre":"HighSpeed Chiptune","playlevel":"10","base_bpm":195.0},"mode":"SP","scope":"playable_only","scaling_mode":"p99_linear","params":{"stream_window_ticks":48,"stream_density_threshold_per_beat":4.0,"peak_window_ticks":192,"peak_min_window_notes":4,"peak_min_window_sec":0.05,"felt_bpm_trigger_eff_bpm":500.0,"felt_bpm_trigger_peak_per_sec":200.0,"felt_bpm_target_peak_per_sec":100.0,"felt_bpm_floor":30.0,"jack_window_ticks":24,"soft_burst_ref":8.0,"soft_freq_ref":0.1,"soft_burst_exp":1.5,"soft_freq_exp":1.5,"chord_time_threshold_ms":16.67,"sp_distraction_min_scratches":3,"dp_distraction_window_sec_min":0.2,"dp_distraction_window_sec_max":0.8,"stream_density_ref_per_sec":40.0,"peak_density_ref_per_sec":70.0,"chord_size_ref":3.5,"ln_simultaneity_ref":0.05,"scratch_density_ref_per_sec":1.5,"scratch_ratio_ref":0.1,"distraction_density_ref":2.0,"distraction_event_ref":0.15},"raw_axes":{"chord":0.5344234079173837,"stream":13.536374404160046,"scratch":0.02223328205592254,"soft":0.0,"ln":0.0,"stair":0.3359173126614987,"peak":18.6875,"distraction":1.2377214170692428},"x_chord":0.139,"x_stream":0.335,"x_scratch":0.054,"x_soft":0.0,"x_ln":0.0,"x_stair":1.0,"x_peak":0.222,"x_distraction":0.334,"submetrics":{"chord":{"chord_rate":0.23924268502581755,"avg_chord_size":2.2338129496402876,"chord_positions":278,"total_positions":1162},"stream":{"stream_coverage":0.9568106312292359,"stream_density_mean":4.36695652173913,"stream_density_mean_per_sec":14.147391304347826,"stream_windows":50,"notes_in_stream":1440,"total_notes":1505,"intervals":[[180,299],[348,479],[492,671],[696,1523],[1536,2303],[2316,2399],[2412,2663],[2700,2783],[2808,3071],[3240,3563],[3576,3839],[3948,4031],[4056,4271],[4332,4595],[4620,4703],[4740,4823],[4836,4895],[4908,4967],[4980,6827],[6852,6911],[6948,7295],[7308,7391],[7404,7487],[7500,7679],[7692,7775],[7788,7871],[7884,8159],[8172,8255],[8340,8447],[8460,8543],[8556,8639],[8664,8771],[8940,9023],[9048,9215],[9228,9311],[9336,9503],[9564,12395],[12432,12599],[12612,13043],[13068,13847],[13860,14891],[14916,15383],[15396,15479],[15492,15863],[15876,16247],[16260,16343],[16404,16799],[16812,17183],[17196,17387],[17400,18551]]},"scratch":{"scratch_ratio":0.04186046511627907,"scratch_positions_ratio":0.05421686746987952,"scratch_with_key_chord_rate":0.9841269841269841,"scratch_per_sec":0.5311284046692607,"scratch_burst_max_per_sec":4.0,"scratch_burst_window_sec":1.0,"scratch_notes":63,"scratch_positions":63,"total_notes":1505,"total_positions":1162,"chart_seconds":118.61538461538461},"soft":{"base_bpm":195.0,"intensity":0.0,"up_intensity":0.0,"down_intensity":0.0,"max_intensity":0.0,"max_up_intensity":0.0,"max_down_intensity":0.0,"step_frequency":0.0,"ramp_frequency":0.0,"continuity_beats":0.0,"off_base_note_ratio":0.0,"gimmick_burst_score":0.0,"max_off_base_density_per_beat":0.0,"base_mean_density_per_beat":3.893644617380026,"base_density_source":"on_base","distinct_off_base_bpm_count":0,"bpm_change_events":0,"measure_count":97},"ln":{"ln_ratio":0.0,"ln_hold_time_mean_beats":0.0,"ln_simultaneity_rate":0.0,"ln_simultaneity_weighted":0.0,"ln_count":0,"ln_positions":0,"total_notes":1505},"stair":{"stair_index":0.3359173126614987,"stair_transitions":390,"eligible_transitions":1161},"peak":{"peak_local_max_density":5.75,"peak_local_max_density_per_sec":18.6875,"peak_max_chord_size":4,"peak_concentration":0.4956810631229236,"total_notes":1505,"intervals":[[648,1079],[1164,1499],[1620,2291],[3564,3839],[4992,5723],[5892,6335],[6540,6767],[7908,8099],[9636,10751],[10956,11327],[12552,12947],[13452,13823],[14100,14447],[14988,15347],[15636,15827],[16440,16835],[16848,17663],[18060,18455]]},"jack":{"jack_pairs":2,"jack_in_stream_pairs":2,"jack_outside_pairs":0,"pure_jack_per_sec":0.0,"flow_break_per_stream_sec":0.018505338078291807,"stream_seconds":108.07692307692312,"non_stream_seconds":10.53846153846149,"chart_seconds":118.61538461538461,"window_ticks":24,"min_region_sec":10.0},"distraction":{"mode_formulation":"SP","qualifying_window_count":8,"qualifying_scratches":51,"qualifying_flow_sec":63.69230769230771,"distract_density":0.8007246376811592,"distract_event_per_sec":0.1256038647342995,"scratch_chord_pair_count":57,"chord_time_threshold_sec":0.01667,"min_scratches":3}},"warnings":[],"tags":["stair_focused","burst_focused"],"scales":["sl"]}