{"md5":"5f219830b3c12bd694ae098e70f441e6","headers":{"title":"Drift TAXI [7k Another]","artist":"∀S∀","genre":"Hi-tech","playlevel":"12","base_bpm":155.0},"mode":"SP","scope":"playable_only","scaling_mode":"p99_linear","params":{"stream_window_ticks":48,"stream_density_threshold_per_beat":4.0,"peak_window_ticks":192,"peak_min_window_notes":4,"peak_min_window_sec":0.05,"felt_bpm_trigger_eff_bpm":500.0,"felt_bpm_trigger_peak_per_sec":200.0,"felt_bpm_target_peak_per_sec":100.0,"felt_bpm_floor":30.0,"jack_window_ticks":24,"soft_burst_ref":8.0,"soft_freq_ref":0.1,"soft_burst_exp":1.5,"soft_freq_exp":1.5,"chord_time_threshold_ms":16.67,"sp_distraction_min_scratches":3,"sp_distraction_bin_sec":0.25,"sp_distraction_t_key":2,"sp_distraction_gap_bins":2,"dp_distraction_window_sec_min":0.2,"dp_distraction_window_sec_max":0.8,"stream_density_ref_per_sec":40.0,"peak_density_ref_per_sec":70.0,"chord_size_ref":3.5,"ln_simultaneity_ref":0.05,"scratch_density_ref_per_sec":1.5,"scratch_ratio_ref":0.1,"distraction_density_ref":2.0,"distraction_event_ref":0.15},"raw_axes":{"chord":1.3927227101631114,"stream":13.933205366306632,"scratch_per_sec":1.7505681426898974,"scratch_burst_max_per_sec":10.0,"scratch_max_run_sec":4.645161290322562,"soft":0.0,"stair":0.11475409836065574,"peak":20.020833333333332,"ln_m1_short_rate_rt":0.0,"ln_m2_density_rt":1.8235294117647038,"ln_m2_burst_max_rt":10.0,"ln_m3_density_rt":1.8235294117647038,"ln_m_concurrent_rt":0.9615384615384612,"adv_hand_imb":0.21951219512195122,"adv_rel_pressure_1beat":0.5121951219512195,"adv_ln_hold_min_beats":0.5,"adv_ln_chord_big_rate":0.0,"adv_ln_scatter_cv":3.0238847499862747,"distraction":4.4917016734384685},"x_chord":0.358,"x_stream":0.359,"x_scratch":0.29,"x_soft":0.0,"x_ln":0.76,"x_stair":0.325,"x_peak":0.336,"x_distraction":0.276,"ln_advanced_score":0.637,"submetrics":{"chord":{"chord_rate":0.5106649937264742,"avg_chord_size":2.727272727272727,"chord_positions":407,"total_positions":797},"stream":{"stream_coverage":0.9474903474903474,"stream_density_mean":5.692405063291139,"stream_density_mean_per_sec":14.705379746835444,"stream_windows":27,"notes_in_stream":1227,"total_notes":1295,"intervals":[[660,852],[876,1008],[1212,1392],[1404,2040],[2136,2532],[2544,3480],[3552,3600],[3660,4080],[4092,4764],[4776,5016],[5172,5928],[5952,6276],[6312,6648],[6912,7032],[7608,7800],[8088,8172],[8256,8988],[9012,9144],[9204,9336],[9384,9624],[9780,12132],[12156,12216],[12252,12300],[12348,12396],[12432,12756],[12828,14232],[14304,14352]]},"scratch":{"scratch_ratio":0.13666666666666666,"scratch_positions_ratio":0.2572145545796738,"scratch_with_key_chord_rate":0.6878048780487804,"scratch_per_sec":1.7505681426898974,"scratch_burst_max_per_sec":10.0,"scratch_burst_window_sec":1.0,"scratch_max_run_sec":4.645161290322562,"ls_count":2,"ls_per_sec":0.017078713587218512,"ls_complexity_mean":0,"scratch_notes":205,"scratch_positions":205,"total_notes":1500,"total_positions":797,"chart_seconds":117.10483870967742},"soft":{"base_bpm":155.0,"intensity":0.0,"up_intensity":0.0,"down_intensity":0.0,"max_intensity":0.0,"max_up_intensity":0.0,"max_down_intensity":0.0,"step_frequency":0.0,"ramp_frequency":0.0,"continuity_beats":0.0,"off_base_note_ratio":0.0,"gimmick_burst_score":0.0,"max_off_base_density_per_beat":0.0,"base_mean_density_per_beat":4.955371900826446,"base_density_source":"on_base","distinct_off_base_bpm_count":0,"bpm_change_events":1,"measure_count":76},"ln":{"ln_ratio":0.027333333333333334,"ln_hold_time_mean_beats":1.2439024390243902,"ln_simultaneity_rate":0.006666666666666667,"ln_simultaneity_weighted":0.013333333333333334,"ln_count":41,"ln_count_raw":41,"ln_positions":21,"total_notes":1500,"m1_short_count_rt":0,"m1_short_rate_rt":0.0,"m2_long_count_rt":41,"m2_density_rt":1.8235294117647038,"m2_burst_max_rt":10.0,"m3_density_rt":1.8235294117647038,"m_concurrent_rt":0.9615384615384612,"total_long_sec":19.74193548387099,"long_active_sec":10.06451612903227,"long_hold_sec_mean":0.48151062155782903,"long_hold_sec_max":0.9677419354838719,"adv_hand_imb":0.21951219512195122,"adv_rel_pressure_1beat":0.5121951219512195,"adv_ln_hold_min_beats":0.5,"adv_ln_chord_big_rate":0.0,"adv_ln_scatter_cv":3.0238847499862747},"stair":{"stair_index":0.11475409836065574,"stair_transitions":84,"eligible_transitions":732},"peak":{"peak_local_max_density":7.75,"peak_local_max_density_per_sec":20.020833333333332,"peak_max_chord_size":4,"peak_concentration":0.4942084942084942,"total_notes":1295,"intervals":[[1692,2064],[3120,3504],[4212,4464],[4788,4992],[5196,5928],[9384,9624],[9840,10452],[10548,11292],[11316,11736],[11760,12120],[12444,12756],[13872,14196]]},"jack":{"jack_pairs":5,"jack_in_stream_pairs":4,"jack_outside_pairs":1,"pure_jack_per_sec":0.03715912496254125,"flow_break_per_stream_sec":0.044349070100143044,"stream_seconds":90.19354838709681,"non_stream_seconds":26.911290322580612,"chart_seconds":117.10483870967742,"window_ticks":24,"min_region_sec":10.0},"distraction":{"mode_formulation":"SP","v3_score":4.4917016734384685,"qualifying_intervals":6,"qualifying_flow_sec":96.0,"qualifying_scratches":168,"scratch_chord_pair_count":150,"chord_time_threshold_sec":0.01667,"min_scratches":3,"bin_sec":0.25,"t_key":2,"gap_bins":2}},"warnings":[],"axis_intensities":{"chord":"green","stream":"green","peak":"green","scratch":"red","soft":null,"ln":"yellow","stair":"green","distraction":"red"},"tags":["scratch_burst","burst_focused"],"scales":["sl"]}