{"md5":"b8ef7cfc2121dc7e62c94a09b6459a93","headers":{"title":"Poppy","artist":"Columba(Daily vs. Roon_kun) / obj: Mary_Sue","genre":"Bloody Period","playlevel":"-1","base_bpm":220.0},"mode":"SP","scope":"playable_only","scaling_mode":"p99_linear","params":{"stream_window_ticks":48,"stream_density_threshold_per_beat":4.0,"peak_window_ticks":192,"peak_min_window_notes":4,"peak_min_window_sec":0.05,"felt_bpm_trigger_eff_bpm":500.0,"felt_bpm_trigger_peak_per_sec":200.0,"felt_bpm_target_peak_per_sec":100.0,"felt_bpm_floor":30.0,"jack_window_ticks":24,"soft_burst_ref":8.0,"soft_freq_ref":0.1,"soft_burst_exp":1.5,"soft_freq_exp":1.5,"chord_time_threshold_ms":16.67,"sp_distraction_min_scratches":3,"dp_distraction_window_sec_min":0.2,"dp_distraction_window_sec_max":0.8,"stream_density_ref_per_sec":40.0,"peak_density_ref_per_sec":70.0,"chord_size_ref":3.5,"ln_simultaneity_ref":0.05,"scratch_density_ref_per_sec":1.5,"scratch_ratio_ref":0.1,"distraction_density_ref":2.0,"distraction_event_ref":0.15},"raw_axes":{"chord":2.103142626913779,"stream":25.63776551712087,"scratch":0.030595656254260695,"soft":0.0,"ln":0.0019801980198019802,"stair":0.2064516129032258,"peak":40.333333333333336,"distraction":1.1473485753737493},"x_chord":0.546,"x_stream":0.635,"x_scratch":0.074,"x_soft":0.0,"x_ln":0.031,"x_stair":0.627,"x_peak":0.479,"x_distraction":0.309,"submetrics":{"chord":{"chord_rate":0.661563255439162,"avg_chord_size":3.17904993909866,"chord_positions":821,"total_positions":1241},"stream":{"stream_coverage":0.9435643564356435,"stream_density_mean":7.410324288550629,"stream_density_mean_per_sec":27.17118905801897,"stream_windows":43,"notes_in_stream":2859,"total_notes":3030,"intervals":[[288,431],[3420,3503],[3684,3767],[4968,5615],[5652,5735],[6492,10415],[10524,10595],[13212,13295],[13320,13487],[13536,13679],[13788,14063],[14172,14255],[14364,14447],[14556,14687],[14712,14831],[14940,15023],[15060,15119],[15132,15359],[15396,17519],[17820,18095],[18204,18287],[18396,18671],[18780,18863],[18972,19247],[19356,19439],[19548,19631],[19740,19823],[19932,20015],[20124,20207],[20316,20399],[20460,20591],[20676,20759],[20820,20903],[20928,21167],[21228,21335],[21432,21551],[21564,21695],[21720,25391],[25476,25559],[25620,25751],[25764,25823],[25884,26327],[26388,31151]]},"scratch":{"scratch_ratio":0.042244224422442245,"scratch_positions_ratio":0.1031426269137792,"scratch_with_key_chord_rate":0.9921875,"scratch_per_sec":0.7242565503938274,"scratch_burst_max_per_sec":7.0,"scratch_burst_window_sec":1.0,"scratch_notes":128,"scratch_positions":128,"total_notes":3030,"total_positions":1241,"chart_seconds":176.73295454545453},"soft":{"base_bpm":220.0,"intensity":0.0,"up_intensity":0.0,"down_intensity":0.0,"max_intensity":0.0,"max_up_intensity":0.0,"max_down_intensity":0.0,"step_frequency":0.0,"ramp_frequency":0.0,"continuity_beats":0.0,"off_base_note_ratio":0.0,"gimmick_burst_score":0.0,"max_off_base_density_per_beat":0.0,"base_mean_density_per_beat":4.66820987654321,"base_density_source":"on_base","distinct_off_base_bpm_count":0,"bpm_change_events":0,"measure_count":163},"ln":{"ln_ratio":0.0039603960396039604,"ln_hold_time_mean_beats":2.125,"ln_simultaneity_rate":0.0009900990099009901,"ln_simultaneity_weighted":0.0019801980198019802,"ln_count":12,"ln_positions":4,"total_notes":3030},"stair":{"stair_index":0.2064516129032258,"stair_transitions":256,"eligible_transitions":1240},"peak":{"peak_local_max_density":11.0,"peak_local_max_density_per_sec":40.333333333333336,"peak_max_chord_size":6,"peak_concentration":0.40594059405940597,"total_notes":3030,"intervals":[[7296,7643],[7668,7979],[8016,8651],[9024,9695],[9828,10199],[22260,22451],[22476,22775],[27264,27683],[28020,28475],[28560,29423],[29472,31151]]},"jack":{"jack_pairs":5,"jack_in_stream_pairs":5,"jack_outside_pairs":0,"pure_jack_per_sec":0.0,"flow_break_per_stream_sec":0.04370065054377517,"stream_seconds":114.41477272727265,"non_stream_seconds":62.318181818181884,"chart_seconds":176.73295454545453,"window_ticks":24,"min_region_sec":10.0},"distraction":{"mode_formulation":"SP","qualifying_window_count":5,"qualifying_scratches":97,"qualifying_flow_sec":71.3238636363636,"distract_density":1.35999362702143,"distract_event_per_sec":0.07010276427945515,"scratch_chord_pair_count":216,"chord_time_threshold_sec":0.01667,"min_scratches":3}},"warnings":[],"tags":["stair_focused","peak_intense","fast_chart"],"scales":["st"]}