{"md5":"d9db6e695cc2057e2c85398cc6010703","headers":{"title":"lale","artist":"Tiv","genre":"Greenbelt Garden","playlevel":"13","base_bpm":141.0},"mode":"SP","scope":"playable_only","scaling_mode":"p99_linear","params":{"stream_window_ticks":48,"stream_density_threshold_per_beat":4.0,"peak_window_ticks":192,"peak_min_window_notes":4,"peak_min_window_sec":0.05,"felt_bpm_trigger_eff_bpm":500.0,"felt_bpm_trigger_peak_per_sec":200.0,"felt_bpm_target_peak_per_sec":100.0,"felt_bpm_floor":30.0,"jack_window_ticks":24,"soft_burst_ref":8.0,"soft_freq_ref":0.1,"soft_burst_exp":1.5,"soft_freq_exp":1.5,"chord_time_threshold_ms":16.67,"sp_distraction_min_scratches":3,"sp_distraction_bin_sec":0.25,"sp_distraction_t_key":2,"sp_distraction_gap_bins":2,"dp_distraction_window_sec_min":0.2,"dp_distraction_window_sec_max":0.8,"stream_density_ref_per_sec":40.0,"peak_density_ref_per_sec":70.0,"chord_size_ref":3.5,"ln_simultaneity_ref":0.05,"scratch_density_ref_per_sec":1.5,"scratch_ratio_ref":0.1,"distraction_density_ref":2.0,"distraction_event_ref":0.15},"raw_axes":{"chord":1.7978971962616823,"stream":15.547826038818581,"scratch_per_sec":0.3690458703345129,"scratch_burst_max_per_sec":4.0,"scratch_max_run_sec":1.0638297872340274,"soft":0.0,"stair":0.13732394366197184,"peak":24.675,"ln_m1_short_rate_rt":0.0,"ln_m2_density_rt":44.57419354838701,"ln_m2_burst_max_rt":80.0,"ln_m3_density_rt":44.57419354838701,"ln_m_concurrent_rt":0.0,"adv_hand_imb":0.4666666666666667,"adv_rel_pressure_1beat":1.0,"adv_ln_hold_min_beats":1.0,"adv_ln_chord_big_rate":0.0,"adv_ln_scatter_cv":0.8791681795326046,"distraction":1.7849769646791749},"x_chord":0.462,"x_stream":0.401,"x_scratch":0.097,"x_soft":0.0,"x_ln":0.728,"x_stair":0.389,"x_peak":0.414,"x_distraction":0.11,"ln_advanced_score":0.643,"submetrics":{"chord":{"chord_rate":0.6366822429906542,"avg_chord_size":2.8238532110091743,"chord_positions":545,"total_positions":856},"stream":{"stream_coverage":0.9750138811771238,"stream_density_mean":6.785643070787637,"stream_density_mean_per_sec":15.946261216350948,"stream_windows":16,"notes_in_stream":1756,"total_notes":1801,"intervals":[[624,696],[1116,1188],[1500,1584],[1644,1752],[1788,1944],[1956,2016],[2028,2136],[2172,2400],[2412,2520],[2532,4848],[4860,7896],[7932,8004],[8052,14256],[14388,14520],[14556,14640],[14772,15000]]},"scratch":{"scratch_ratio":0.026486486486486487,"scratch_positions_ratio":0.05724299065420561,"scratch_with_key_chord_rate":0.9387755102040817,"scratch_per_sec":0.3690458703345129,"scratch_burst_max_per_sec":4.0,"scratch_burst_window_sec":1.0,"scratch_max_run_sec":1.0638297872340274,"ls_count":1,"ls_per_sec":0.0075315483741737336,"ls_complexity_mean":0,"scratch_notes":49,"scratch_positions":49,"total_notes":1850,"total_positions":856,"chart_seconds":132.77482269503545},"soft":{"base_bpm":141.0,"intensity":0.0,"up_intensity":0.0,"down_intensity":0.0,"max_intensity":0.0,"max_up_intensity":0.0,"max_down_intensity":0.0,"step_frequency":0.0,"ramp_frequency":0.0,"continuity_beats":0.0,"off_base_note_ratio":0.0,"gimmick_burst_score":0.0,"max_off_base_density_per_beat":0.0,"base_mean_density_per_beat":5.919871794871795,"base_density_source":"on_base","distinct_off_base_bpm_count":0,"bpm_change_events":0,"measure_count":79},"ln":{"ln_ratio":0.02,"ln_hold_time_mean_beats":0.8378378378378378,"ln_simultaneity_rate":0.03135135135135135,"ln_simultaneity_weighted":0.03135135135135135,"ln_count":37,"ln_count_raw":37,"ln_positions":34,"total_notes":1850,"m1_short_count_rt":0,"m1_short_rate_rt":0.0,"m2_long_count_rt":30,"m2_density_rt":44.57419354838701,"m2_burst_max_rt":80.0,"m3_density_rt":44.57419354838701,"m_concurrent_rt":0.0,"total_long_sec":13.191489361702153,"long_active_sec":13.191489361702153,"long_hold_sec_mean":0.43971631205673845,"long_hold_sec_max":0.8510638297872362,"adv_hand_imb":0.4666666666666667,"adv_rel_pressure_1beat":1.0,"adv_ln_hold_min_beats":1.0,"adv_ln_chord_big_rate":0.0,"adv_ln_scatter_cv":0.8791681795326046},"stair":{"stair_index":0.13732394366197184,"stair_transitions":117,"eligible_transitions":852},"peak":{"peak_local_max_density":10.5,"peak_local_max_density_per_sec":24.675,"peak_max_chord_size":5,"peak_concentration":0.29428095502498614,"total_notes":1801,"intervals":[[4380,4788],[11796,12000],[12048,12384],[12396,13596],[13644,14256]]},"jack":{"jack_pairs":4,"jack_in_stream_pairs":4,"jack_outside_pairs":0,"pure_jack_per_sec":0.0,"flow_break_per_stream_sec":0.03458796473744731,"stream_seconds":115.64716312056734,"non_stream_seconds":17.12765957446811,"chart_seconds":132.77482269503545,"window_ticks":24,"min_region_sec":10.0},"distraction":{"mode_formulation":"SP","v3_score":1.7849769646791749,"qualifying_intervals":1,"qualifying_flow_sec":112.25,"qualifying_scratches":42,"scratch_chord_pair_count":75,"chord_time_threshold_sec":0.01667,"min_scratches":3,"bin_sec":0.25,"t_key":2,"gap_bins":2}},"warnings":["Unterminated LNOBJ LN on lane P1_SCR started at m77 pos0.875; closing at EOF","Unterminated LNOBJ LN on lane P1_KEY2 started at m77 pos0.5; closing at EOF","Unterminated LNOBJ LN on lane P1_KEY4 started at m77 pos0.75; closing at EOF","Unterminated LNOBJ LN on lane P1_KEY6 started at m78 pos0.0; closing at EOF","Unterminated LNOBJ LN on lane P1_KEY1 started at m78 pos0.0; closing at EOF","Unterminated LNOBJ LN on lane P1_KEY3 started at m78 pos0.0; closing at EOF","Unterminated LNOBJ LN on lane P1_KEY5 started at m77 pos0.875; closing at EOF","Unterminated LNOBJ LN on lane P1_KEY7 started at m77 pos0.875; closing at EOF"],"axis_intensities":{"chord":"yellow","stream":"green","peak":"green","scratch":"green","soft":null,"ln":"yellow","stair":"yellow","distraction":"yellow"},"tags":[],"scales":["sl"]}