{"md5":"7e7850937e43c10afbc9fe18f8ad7b93","headers":{"title":"ロジック (Logic)","artist":"endofsystem","genre":"Chronologic IDM","playlevel":"12","base_bpm":130.0},"mode":"SP","scope":"playable_only","scaling_mode":"p99_linear","params":{"stream_window_ticks":48,"stream_density_threshold_per_beat":4.0,"peak_window_ticks":192,"peak_min_window_notes":4,"peak_min_window_sec":0.05,"felt_bpm_trigger_eff_bpm":500.0,"felt_bpm_trigger_peak_per_sec":200.0,"felt_bpm_target_peak_per_sec":100.0,"felt_bpm_floor":30.0,"jack_window_ticks":24,"soft_burst_ref":8.0,"soft_freq_ref":0.1,"soft_burst_exp":1.5,"soft_freq_exp":1.5,"chord_time_threshold_ms":16.67,"sp_distraction_min_scratches":3,"dp_distraction_window_sec_min":0.2,"dp_distraction_window_sec_max":0.8,"stream_density_ref_per_sec":40.0,"peak_density_ref_per_sec":70.0,"chord_size_ref":3.5,"ln_simultaneity_ref":0.05,"scratch_density_ref_per_sec":1.5,"scratch_ratio_ref":0.1,"distraction_density_ref":2.0,"distraction_event_ref":0.15},"raw_axes":{"chord":0.14596003475238922,"stream":14.351215921763147,"scratch":0.32224779322087993,"soft":0.003029742737259627,"ln":0.004038772213247173,"stair":0.08695652173913043,"peak":30.999999999999996,"distraction":3.5683346495321513},"x_chord":0.038,"x_stream":0.368,"x_scratch":0.774,"x_soft":0.018,"x_ln":0.064,"x_stair":0.264,"x_peak":0.382,"x_distraction":0.959,"submetrics":{"chord":{"chord_rate":0.07124239791485665,"avg_chord_size":2.048780487804878,"chord_positions":82,"total_positions":1151},"stream":{"stream_coverage":0.9483037156704361,"stream_density_mean":10.886198547215496,"stream_density_mean_per_sec":15.133565000973405,"stream_windows":15,"notes_in_stream":1174,"total_notes":1238,"intervals":[[348,983],[1080,1439],[1560,1907],[2028,2375],[2508,2891],[3048,3095],[3192,3251],[3348,3407],[3420,4259],[4824,5003],[5136,5219],[5352,6335],[6372,6611],[6720,7703],[7740,7979]]},"scratch":{"scratch_ratio":0.15508885298869143,"scratch_positions_ratio":0.16594265855777585,"scratch_with_key_chord_rate":0.041884816753926704,"scratch_per_sec":2.0778269167054653,"scratch_burst_max_per_sec":29.0,"scratch_burst_window_sec":1.0,"scratch_notes":192,"scratch_positions":191,"total_notes":1238,"total_positions":1151,"chart_seconds":92.40423177519952},"soft":{"base_bpm":130.0,"intensity":0.058692680502050454,"up_intensity":0.05467876227165403,"down_intensity":0.004013918230396421,"max_intensity":0.5,"max_up_intensity":0.19230769230769232,"max_down_intensity":0.5,"step_frequency":0.07692307692307693,"ramp_frequency":0.057692307692307696,"continuity_beats":92.0,"off_base_note_ratio":0.31179321486268174,"gimmick_burst_score":0.039386655584375145,"max_off_base_density_per_beat":4.888888888888889,"base_mean_density_per_beat":7.535655058043118,"base_density_source":"on_base","distinct_off_base_bpm_count":3,"bpm_change_events":4,"measure_count":52},"ln":{"ln_ratio":0.015347334410339256,"ln_hold_time_mean_beats":0.9714912280701755,"ln_simultaneity_rate":0.004038772213247173,"ln_simultaneity_weighted":0.004038772213247173,"ln_count":19,"ln_positions":19,"total_notes":1238},"stair":{"stair_index":0.08695652173913043,"stair_transitions":100,"eligible_transitions":1150},"peak":{"peak_local_max_density":39.5,"peak_local_max_density_per_sec":30.999999999999996,"peak_max_chord_size":3,"peak_concentration":0.6066235864297254,"total_notes":1238,"intervals":[[240,1079],[3612,3839],[5352,5579],[5688,5903],[6000,6275],[6384,6611],[7020,7283],[7404,7595]]},"jack":{"jack_pairs":227,"jack_in_stream_pairs":202,"jack_outside_pairs":25,"pure_jack_per_sec":0.6320309254753688,"flow_break_per_stream_sec":3.8221956018423056,"stream_seconds":52.84920528468915,"non_stream_seconds":39.55502649051037,"chart_seconds":92.40423177519952,"window_ticks":24,"min_region_sec":10.0},"distraction":{"mode_formulation":"SP","qualifying_window_count":5,"qualifying_scratches":180,"qualifying_flow_sec":34.563275434243174,"distract_density":5.207839758776653,"distract_event_per_sec":0.1446622155215737,"scratch_chord_pair_count":13,"chord_time_threshold_sec":0.01667,"min_scratches":3}},"warnings":[],"tags":["scratch_active","distraction_heavy","flow_break","scratch_burst","burst_focused"],"scales":["so"]}