{"md5":"695f6004928bd6573f1c7366014677a7","headers":{"title":"Comet (BMS Edit) [CHOCOMINT=CRIME]","artist":"Cosmograph","genre":"CHOCOMINT CORE","playlevel":"0","base_bpm":185.0},"mode":"SP","scope":"playable_only","scaling_mode":"p99_linear","params":{"stream_window_ticks":48,"stream_density_threshold_per_beat":4.0,"peak_window_ticks":192,"peak_min_window_notes":4,"peak_min_window_sec":0.05,"felt_bpm_trigger_eff_bpm":500.0,"felt_bpm_trigger_peak_per_sec":200.0,"felt_bpm_target_peak_per_sec":100.0,"felt_bpm_floor":30.0,"jack_window_ticks":24,"soft_burst_ref":8.0,"soft_freq_ref":0.1,"soft_burst_exp":1.5,"soft_freq_exp":1.5,"chord_time_threshold_ms":16.67,"sp_distraction_min_scratches":3,"dp_distraction_window_sec_min":0.2,"dp_distraction_window_sec_max":0.8,"stream_density_ref_per_sec":40.0,"peak_density_ref_per_sec":70.0,"chord_size_ref":3.5,"ln_simultaneity_ref":0.05,"scratch_density_ref_per_sec":1.5,"scratch_ratio_ref":0.1,"distraction_density_ref":2.0,"distraction_event_ref":0.15},"raw_axes":{"chord":2.375538329026701,"stream":29.72307168690687,"scratch":0.05274290105960354,"soft":0.0,"ln":0.006138933764135703,"stair":0.17672413793103448,"peak":42.39583333333333,"distraction":1.0702937649880098,"pure_jack_raw":0.060162601626016235,"flow_break_raw":0.19017025377449406},"x_chord":0.598,"x_stream":0.741,"x_scratch":0.126,"x_soft":0.0,"x_ln":0.097,"x_stair":0.521,"x_peak":0.684,"x_distraction":0.283,"jack_signal":0.216,"noise_budget":0.722,"submetrics":{"chord":{"chord_rate":0.7097329888027563,"avg_chord_size":3.3470873786407767,"chord_positions":824,"total_positions":1161},"stream":{"stream_coverage":0.9709208400646203,"stream_density_mean":9.92863140218304,"stream_density_mean_per_sec":30.613280156731037,"stream_windows":25,"notes_in_stream":3005,"total_notes":3095,"intervals":[[540,624],[636,768],[780,840],[924,984],[1020,1152],[1164,1392],[1404,1536],[1548,1608],[1644,1776],[1860,1920],[1932,5172],[5184,6768],[6780,6864],[6876,7152],[7164,7248],[7260,7440],[7452,9024],[9036,10548],[10572,11316],[12396,12480],[12828,17520],[17532,17664],[17676,17736],[17772,17904],[17916,18072]]},"scratch":{"scratch_ratio":0.04555735056542811,"scratch_positions_ratio":0.12144702842377261,"scratch_with_key_chord_rate":0.75177304964539,"scratch_per_sec":1.1577253814147017,"scratch_burst_max_per_sec":7.0,"scratch_burst_window_sec":1.0,"scratch_notes":141,"scratch_positions":141,"total_notes":3095,"total_positions":1161,"chart_seconds":121.79054054054055},"soft":{"base_bpm":185.0,"intensity":0.0,"up_intensity":0.0,"down_intensity":0.0,"max_intensity":0.0,"max_up_intensity":0.0,"max_down_intensity":0.0,"step_frequency":0.0,"ramp_frequency":0.0,"continuity_beats":0.0,"off_base_note_ratio":0.0,"gimmick_burst_score":0.0,"max_off_base_density_per_beat":0.0,"base_mean_density_per_beat":8.226364846870839,"base_density_source":"on_base","distinct_off_base_bpm_count":0,"bpm_change_events":0,"measure_count":94},"ln":{"ln_ratio":0.012600969305331179,"ln_hold_time_mean_beats":0.8461538461538461,"ln_simultaneity_rate":0.003554119547657512,"ln_simultaneity_weighted":0.006138933764135703,"ln_count":39,"ln_positions":15,"total_notes":3095},"stair":{"stair_index":0.17672413793103448,"stair_transitions":205,"eligible_transitions":1160},"peak":{"peak_local_max_density":13.75,"peak_local_max_density_per_sec":42.39583333333333,"peak_max_chord_size":7,"peak_concentration":0.48820678513731824,"total_notes":3095,"intervals":[[3144,3480],[4932,5124],[5280,5472],[6180,6480],[7752,8100],[8460,8652],[8664,9000],[9072,9420],[9840,10188],[10200,10536],[11076,11280],[13896,14232],[14388,15696],[15972,16896],[17004,17196]]},"jack":{"jack_pairs":21,"jack_in_stream_pairs":20,"jack_outside_pairs":1,"pure_jack_per_sec":0.060162601626016235,"flow_break_per_stream_sec":0.19017025377449406,"stream_seconds":105.16891891891892,"non_stream_seconds":16.621621621621628,"chart_seconds":121.79054054054055,"window_ticks":24,"min_region_sec":10.0},"distraction":{"mode_formulation":"SP","qualifying_window_count":6,"qualifying_scratches":113,"qualifying_flow_sec":90.16216216216216,"distract_density":1.2532973621103118,"distract_event_per_sec":0.06654676258992806,"scratch_chord_pair_count":165,"chord_time_threshold_sec":0.01667,"min_scratches":3}},"warnings":[],"tags":["chord_heavy","stream_heavy","ln_chart","burst_focused","dense_chart","chord_stream"],"scales":["st"]}