{"md5":"15ab239f4c7da2b6756616e7b5f527d8","headers":{"title":"edelweiss (bms edit)","artist":"Orange Strophe/ obj.XYZ","genre":"Instrument","playlevel":"12","base_bpm":172.0},"mode":"SP","scope":"playable_only","scaling_mode":"p99_linear","params":{"stream_window_ticks":48,"stream_density_threshold_per_beat":4.0,"peak_window_ticks":192,"peak_min_window_notes":4,"peak_min_window_sec":0.05,"felt_bpm_trigger_eff_bpm":500.0,"felt_bpm_trigger_peak_per_sec":200.0,"felt_bpm_target_peak_per_sec":100.0,"felt_bpm_floor":30.0,"jack_window_ticks":24,"soft_burst_ref":8.0,"soft_freq_ref":0.1,"soft_burst_exp":1.5,"soft_freq_exp":1.5,"chord_time_threshold_ms":16.67,"sp_distraction_min_scratches":3,"dp_distraction_window_sec_min":0.2,"dp_distraction_window_sec_max":0.8,"stream_density_ref_per_sec":40.0,"peak_density_ref_per_sec":70.0,"chord_size_ref":3.5,"ln_simultaneity_ref":0.05,"scratch_density_ref_per_sec":1.5,"scratch_ratio_ref":0.1,"distraction_density_ref":2.0,"distraction_event_ref":0.15},"raw_axes":{"chord":1.2323943661971832,"stream":16.07818039747525,"scratch":0.013724706909537617,"soft":0.08810429917079254,"ln":0.0,"stair":0.19506462984723855,"peak":30.099999999999998,"distraction":0.8518483576649694},"x_chord":0.32,"x_stream":0.412,"x_scratch":0.033,"x_soft":0.521,"x_ln":0.0,"x_stair":0.593,"x_peak":0.371,"x_distraction":0.229,"submetrics":{"chord":{"chord_rate":0.42370892018779344,"avg_chord_size":2.9085872576177287,"chord_positions":361,"total_positions":852},"stream":{"stream_coverage":0.945489941596366,"stream_density_mean":6.212359550561798,"stream_density_mean_per_sec":17.00513108614232,"stream_windows":29,"notes_in_stream":1457,"total_notes":1541,"intervals":[[528,1391],[1452,2159],[2220,2519],[2676,2747],[2844,2927],[3060,3131],[3228,6383],[6660,6743],[6876,7031],[7044,7907],[8256,8315],[8328,8387],[8400,8459],[8472,8567],[8688,8855],[8988,9047],[9072,9431],[9444,9527],[9540,9719],[9732,10991],[11076,11159],[11244,11375],[11388,11471],[11484,11663],[11676,11759],[11820,11879],[12012,12119],[12204,12311],[12396,14795]]},"scratch":{"scratch_ratio":0.03374432186891629,"scratch_positions_ratio":0.06103286384976526,"scratch_with_key_chord_rate":0.9615384615384616,"scratch_per_sec":0.40672641053072056,"scratch_burst_max_per_sec":7.0,"scratch_burst_window_sec":1.0,"scratch_notes":52,"scratch_positions":52,"total_notes":1541,"total_positions":852,"chart_seconds":127.85006985936158},"soft":{"base_bpm":172.0,"intensity":0.051601195237161016,"up_intensity":0.0,"down_intensity":0.051601195237161016,"max_intensity":0.6947674418604651,"max_up_intensity":0.0,"max_down_intensity":0.6947674418604651,"step_frequency":0.13924050632911392,"ramp_frequency":0.06329113924050633,"continuity_beats":52.0,"off_base_note_ratio":0.10317975340687865,"gimmick_burst_score":0.6327490576811465,"max_off_base_density_per_beat":4.1875,"base_mean_density_per_beat":5.390625,"base_density_source":"on_base","distinct_off_base_bpm_count":7,"bpm_change_events":11,"measure_count":79},"ln":{"ln_ratio":0.0,"ln_hold_time_mean_beats":0.0,"ln_simultaneity_rate":0.0,"ln_simultaneity_weighted":0.0,"ln_count":0,"ln_positions":0,"total_notes":1541},"stair":{"stair_index":0.19506462984723855,"stair_transitions":166,"eligible_transitions":851},"peak":{"peak_local_max_density":10.5,"peak_local_max_density_per_sec":30.099999999999998,"peak_max_chord_size":7,"peak_concentration":0.3601557430240104,"total_notes":1541,"intervals":[[4596,4943],[5484,5747],[6036,6359],[7068,7535],[10692,10991],[12432,12671],[12684,13055],[13116,14099]]},"jack":{"jack_pairs":12,"jack_in_stream_pairs":7,"jack_outside_pairs":5,"pure_jack_per_sec":0.16766983664911989,"flow_break_per_stream_sec":0.07140703266236502,"stream_seconds":98.02956010086862,"non_stream_seconds":29.82050975849296,"chart_seconds":127.85006985936158,"window_ticks":24,"min_region_sec":10.0},"distraction":{"mode_formulation":"SP","qualifying_window_count":5,"qualifying_scratches":32,"qualifying_flow_sec":57.91328103110114,"distract_density":0.5525502860529531,"distract_event_per_sec":0.08633598219577393,"scratch_chord_pair_count":56,"chord_time_threshold_sec":0.01667,"min_scratches":3}},"warnings":[],"tags":["soflan","stair_focused"],"scales":["so"]}