{"md5":"0c1a06a42bcbbe1dbed67d4e7b1b6e51","headers":{"title":"爆音峠岬","artist":"ユナイテッド・メルトダウン・オ嬢 (†Sennzai†ひめりんご†)","genre":"SPEED 210 ENKA","playlevel":"19","base_bpm":210.0},"mode":"SP","scope":"playable_only","scaling_mode":"p99_linear","params":{"stream_window_ticks":48,"stream_density_threshold_per_beat":4.0,"peak_window_ticks":192,"peak_min_window_notes":4,"peak_min_window_sec":0.05,"felt_bpm_trigger_eff_bpm":500.0,"felt_bpm_trigger_peak_per_sec":200.0,"felt_bpm_target_peak_per_sec":100.0,"felt_bpm_floor":30.0,"jack_window_ticks":24,"soft_burst_ref":8.0,"soft_freq_ref":0.1,"soft_burst_exp":1.5,"soft_freq_exp":1.5,"chord_time_threshold_ms":16.67,"sp_distraction_min_scratches":3,"dp_distraction_window_sec_min":0.2,"dp_distraction_window_sec_max":0.8,"stream_density_ref_per_sec":40.0,"peak_density_ref_per_sec":70.0,"chord_size_ref":3.5,"ln_simultaneity_ref":0.05,"scratch_density_ref_per_sec":1.5,"scratch_ratio_ref":0.1,"distraction_density_ref":2.0,"distraction_event_ref":0.15},"raw_axes":{"chord":1.647810218978102,"stream":24.83753123379838,"scratch":0.009262606733751105,"soft":0.03267874317153189,"ln":0.026180257510729613,"stair":0.15799086757990868,"peak":43.75,"distraction":1.2316620241411331},"x_chord":0.428,"x_stream":0.615,"x_scratch":0.022,"x_soft":0.193,"x_ln":0.415,"x_stair":0.48,"x_peak":0.519,"x_distraction":0.332,"submetrics":{"chord":{"chord_rate":0.5218978102189781,"avg_chord_size":3.1573426573426575,"chord_positions":572,"total_positions":1096},"stream":{"stream_coverage":0.9201716738197425,"stream_density_mean":7.712079927338783,"stream_density_mean_per_sec":26.99227974568574,"stream_windows":14,"notes_in_stream":2144,"total_notes":2330,"intervals":[[1884,1931],[1980,2063],[2160,2243],[2940,2987],[17724,17771],[18588,20015],[31836,33359],[36444,37103],[37212,37847],[38172,40175],[40188,42659],[45852,48803],[48852,50519],[50556,50639]]},"scratch":{"scratch_ratio":0.03476394849785408,"scratch_positions_ratio":0.0739051094890511,"scratch_with_key_chord_rate":0.6296296296296297,"scratch_per_sec":0.26644288505728486,"scratch_burst_max_per_sec":14.0,"scratch_burst_window_sec":1.0,"scratch_notes":81,"scratch_positions":81,"total_notes":2330,"total_positions":1096,"chart_seconds":304.00511532738096},"soft":{"base_bpm":210.0,"intensity":0.02703862660944206,"up_intensity":0.02703862660944206,"down_intensity":0.0,"max_intensity":63.0,"max_up_intensity":63.0,"max_down_intensity":0.0,"step_frequency":0.007575757575757576,"ramp_frequency":0.007575757575757576,"continuity_beats":3.8125,"off_base_note_ratio":0.00042918454935622315,"gimmick_burst_score":4.313594098642209,"max_off_base_density_per_beat":0.26229508196721313,"base_mean_density_per_beat":2.1890383598660637,"base_density_source":"on_base","distinct_off_base_bpm_count":1,"bpm_change_events":2,"measure_count":264},"ln":{"ln_ratio":0.013733905579399141,"ln_hold_time_mean_beats":14.26953125,"ln_simultaneity_rate":0.026180257510729613,"ln_simultaneity_weighted":0.026180257510729613,"ln_count":32,"ln_positions":27,"total_notes":2330},"stair":{"stair_index":0.15799086757990868,"stair_transitions":173,"eligible_transitions":1095},"peak":{"peak_local_max_density":12.5,"peak_local_max_density_per_sec":43.75,"peak_max_chord_size":6,"peak_concentration":0.6957081545064377,"total_notes":2330,"intervals":[[18612,20039],[31860,33359],[36468,37007],[37224,37823],[41268,42239],[42432,42635],[45876,46283],[46320,47543],[47568,47999],[48060,48767],[48876,49559],[49608,50375]]},"jack":{"jack_pairs":25,"jack_in_stream_pairs":25,"jack_outside_pairs":0,"pure_jack_per_sec":0.0,"flow_break_per_stream_sec":0.3062692913762635,"stream_seconds":81.62751116071426,"non_stream_seconds":222.37760416666669,"chart_seconds":304.00511532738096,"window_ticks":24,"min_region_sec":10.0},"distraction":{"mode_formulation":"SP","qualifying_window_count":4,"qualifying_scratches":73,"qualifying_flow_sec":51.28571428571428,"distract_density":1.423398328690808,"distract_event_per_sec":0.07799442896935935,"scratch_chord_pair_count":70,"chord_time_threshold_sec":0.01667,"min_scratches":3}},"warnings":[],"tags":["soflan","ln_chart","peak_intense","scratch_burst","visual_gimmick","burst_focused","fast_chart","gimmick_soflan"],"scales":["sl"]}