{"md5":"b341e4cc6f0f6a59100910ed11a92f8d","headers":{"title":"Lieselotte","artist":"wa. / deadblue238","genre":"Gothic Lolita Memoir","playlevel":"12","base_bpm":180.0},"mode":"SP","scope":"playable_only","scaling_mode":"p99_linear","params":{"stream_window_ticks":48,"stream_density_threshold_per_beat":4.0,"peak_window_ticks":192,"peak_min_window_notes":4,"peak_min_window_sec":0.05,"felt_bpm_trigger_eff_bpm":500.0,"felt_bpm_trigger_peak_per_sec":200.0,"felt_bpm_target_peak_per_sec":100.0,"felt_bpm_floor":30.0,"jack_window_ticks":24,"soft_burst_ref":8.0,"soft_freq_ref":0.1,"soft_burst_exp":1.5,"soft_freq_exp":1.5,"chord_time_threshold_ms":16.67,"sp_distraction_min_scratches":3,"sp_distraction_bin_sec":0.25,"sp_distraction_t_key":2,"sp_distraction_gap_bins":2,"dp_distraction_window_sec_min":0.2,"dp_distraction_window_sec_max":0.8,"stream_density_ref_per_sec":40.0,"peak_density_ref_per_sec":70.0,"chord_size_ref":3.5,"ln_simultaneity_ref":0.05,"scratch_density_ref_per_sec":1.5,"scratch_ratio_ref":0.1,"distraction_density_ref":2.0,"distraction_event_ref":0.15},"raw_axes":{"chord":1.1626733921815888,"stream":13.482791155521298,"scratch_per_sec":0.5461980679191608,"scratch_burst_max_per_sec":4.0,"scratch_max_run_sec":4.0,"soft":0.0,"stair":0.07468354430379746,"peak":19.5,"ln_m1_short_rate_rt":0.0,"ln_m2_density_rt":0.0,"ln_m2_burst_max_rt":0.0,"ln_m3_density_rt":0.0,"ln_m_concurrent_rt":0.8369565217391313,"adv_hand_imb":0.2727272727272727,"adv_rel_pressure_1beat":0.18181818181818182,"adv_ln_hold_min_beats":1.8333333333333333,"adv_ln_chord_big_rate":0.0,"adv_ln_scatter_cv":0.0,"distraction":1.9372962721507734},"x_chord":0.299,"x_stream":0.348,"x_scratch":0.12,"x_soft":0.0,"x_ln":0.506,"x_stair":0.212,"x_peak":0.327,"x_distraction":0.119,"ln_advanced_score":0.491,"submetrics":{"chord":{"chord_rate":0.46153846153846156,"avg_chord_size":2.519125683060109,"chord_positions":366,"total_positions":793},"stream":{"stream_coverage":0.8918287937743191,"stream_density_mean":5.0393794749403344,"stream_density_mean_per_sec":15.118138424821002,"stream_windows":33,"notes_in_stream":1146,"total_notes":1285,"intervals":[[1680,1776],[1788,1956],[2004,2160],[2172,2256],[2436,2616],[2844,2928],[2940,3216],[3252,6384],[6492,6576],[6684,6768],[6876,6960],[7020,7152],[7164,7248],[7260,7344],[7452,7536],[7548,7632],[7740,7896],[8628,10980],[11244,11760],[11772,11856],[11868,11952],[11964,12336],[12348,12432],[12444,12492],[12516,12696],[12744,13080],[13152,13272],[13284,13464],[13512,13848],[13860,14040],[14052,14400],[14436,15960],[16212,16344]]},"scratch":{"scratch_ratio":0.04744255003706449,"scratch_positions_ratio":0.0807061790668348,"scratch_with_key_chord_rate":0.96875,"scratch_per_sec":0.5461980679191608,"scratch_burst_max_per_sec":4.0,"scratch_burst_window_sec":1.0,"scratch_max_run_sec":4.0,"ls_count":2,"ls_per_sec":0.017068689622473775,"ls_complexity_mean":0.5,"scratch_notes":64,"scratch_positions":64,"total_notes":1349,"total_positions":793,"chart_seconds":117.17361111111111},"soft":{"base_bpm":180.0,"intensity":0.0,"up_intensity":0.0,"down_intensity":0.0,"max_intensity":0.0,"max_up_intensity":0.0,"max_down_intensity":0.0,"step_frequency":0.0,"ramp_frequency":0.0,"continuity_beats":0.0,"off_base_note_ratio":0.0,"gimmick_burst_score":0.0,"max_off_base_density_per_beat":0.0,"base_mean_density_per_beat":3.8349928876244666,"base_density_source":"on_base","distinct_off_base_bpm_count":0,"bpm_change_events":0,"measure_count":88},"ln":{"ln_ratio":0.013343217197924388,"ln_hold_time_mean_beats":1.5648148148148149,"ln_simultaneity_rate":0.0,"ln_simultaneity_weighted":0.0,"ln_count":18,"ln_count_raw":18,"ln_positions":14,"total_notes":1349,"m1_short_count_rt":0,"m1_short_rate_rt":0.0,"m2_long_count_rt":11,"m2_density_rt":0.0,"m2_burst_max_rt":0.0,"m3_density_rt":0.0,"m_concurrent_rt":0.8369565217391313,"total_long_sec":9.388888888888886,"long_active_sec":5.111111111111107,"long_hold_sec_mean":0.8535353535353533,"long_hold_sec_max":1.2777777777777786,"adv_hand_imb":0.2727272727272727,"adv_rel_pressure_1beat":0.18181818181818182,"adv_ln_hold_min_beats":1.8333333333333333,"adv_ln_chord_big_rate":0.0,"adv_ln_scatter_cv":0.0},"stair":{"stair_index":0.07468354430379746,"stair_transitions":59,"eligible_transitions":790},"peak":{"peak_local_max_density":6.5,"peak_local_max_density_per_sec":19.5,"peak_max_chord_size":5,"peak_concentration":0.3105058365758755,"total_notes":1285,"intervals":[[4824,5496],[5592,5880],[9180,11004],[12048,12312],[15120,15360]]},"jack":{"jack_pairs":16,"jack_in_stream_pairs":15,"jack_outside_pairs":1,"pure_jack_per_sec":0.029120323559150615,"flow_break_per_stream_sec":0.18108651911468823,"stream_seconds":82.83333333333329,"non_stream_seconds":34.34027777777783,"chart_seconds":117.17361111111111,"window_ticks":24,"min_region_sec":10.0},"distraction":{"mode_formulation":"SP","v3_score":1.9372962721507734,"qualifying_intervals":2,"qualifying_flow_sec":93.75,"qualifying_scratches":59,"scratch_chord_pair_count":99,"chord_time_threshold_sec":0.01667,"min_scratches":3,"bin_sec":0.25,"t_key":2,"gap_bins":2}},"warnings":["Unterminated LNOBJ LN on lane P1_KEY1 started at m85 pos0.0; closing at EOF","Unterminated LNOBJ LN on lane P1_KEY6 started at m84 pos0.66666667; closing at EOF","Unterminated LNOBJ LN on lane P1_KEY3 started at m84 pos0.75; closing at EOF","Unterminated LNOBJ LN on lane P1_KEY2 started at m84 pos0.95833333; closing at EOF","Unterminated LNOBJ LN on lane P1_KEY5 started at m84 pos0.875; closing at EOF","Unterminated LNOBJ LN on lane P1_KEY7 started at m85 pos0.0; closing at EOF","Unterminated LNOBJ LN on lane P1_KEY4 started at m84 pos0.91666667; closing at EOF","Unterminated LNOBJ LN on lane P1_SCR started at m87 pos0.875; closing at EOF"],"axis_intensities":{"chord":"green","stream":"green","peak":"green","scratch":"yellow","soft":null,"ln":"green","stair":"green","distraction":"yellow"},"tags":[],"scales":["sl"]}