{"md5":"8d53c01af779f3f237f5e1b243f8d4d7","headers":{"title":"Orfevre -LAST BOSS-","artist":"SHIKI / obj:Lian","genre":"TRANCE","playlevel":"25","base_bpm":142.0},"mode":"SP","scope":"playable_only","scaling_mode":"reference","params":{"stream_window_ticks":48,"stream_density_threshold_per_beat":4.0,"peak_window_ticks":192,"jack_window_ticks":24,"soft_burst_ref":8.0,"soft_freq_ref":0.1,"soft_burst_exp":1.5,"soft_freq_exp":1.5,"chord_time_threshold_ms":16.67,"sp_distraction_min_scratches":3,"dp_distraction_window_sec_min":0.2,"dp_distraction_window_sec_max":0.8,"stream_density_ref_per_sec":40.0,"peak_density_ref_per_sec":70.0,"chord_size_ref":3.5,"ln_simultaneity_ref":0.05,"scratch_density_ref_per_sec":1.5,"scratch_ratio_ref":0.1,"distraction_density_ref":2.0,"distraction_event_ref":0.15},"x_chord":0.867992766726944,"x_stream":0.7561651381218837,"x_scratch":0.00629383027342211,"x_soft":0.0005356803915868127,"x_ln":0.0,"x_stair":0.21889400921658986,"x_peak":0.5747619047619048,"x_distraction":0.16763888888888892,"submetrics":{"chord":{"chord_rate":0.8803222094361335,"avg_chord_size":3.450980392156863,"chord_positions":765,"total_positions":869},"stream":{"stream_coverage":0.9876093294460642,"stream_density_mean":12.984280532043531,"stream_density_mean_per_sec":30.626083232567513,"stream_windows":14,"notes_in_stream":2710,"total_notes":2744,"intervals":[[732,5471],[5652,5783],[6048,6947],[7092,7163],[7272,7355],[7452,7535],[7668,7727],[8220,8687],[8784,8879],[9000,9455],[9552,9815],[9948,12911],[12924,13103],[13212,13271]]},"scratch":{"scratch_ratio":0.006559766763848397,"scratch_positions_ratio":0.020713463751438434,"scratch_with_key_chord_rate":0.7777777777777778,"scratch_per_sec":0.14391891891891892,"scratch_burst_max_per_sec":1.0,"scratch_burst_window_sec":1.0,"scratch_notes":18,"scratch_positions":18,"total_notes":2744,"total_positions":869,"chart_seconds":125.07042253521126},"soft":{"base_bpm":142.0,"intensity":0.007106413994169097,"up_intensity":0.0,"down_intensity":0.007106413994169097,"max_intensity":0.5,"max_up_intensity":0.0,"max_down_intensity":0.5,"step_frequency":0.02857142857142857,"ramp_frequency":0.02857142857142857,"continuity_beats":20.0,"off_base_note_ratio":0.014212827988338192,"gimmick_burst_score":0.1846836847946726,"max_off_base_density_per_beat":1.95,"base_mean_density_per_beat":10.55859375,"base_density_source":"on_base","distinct_off_base_bpm_count":1,"bpm_change_events":2,"measure_count":70},"ln":{"ln_ratio":0.0,"ln_hold_time_mean_beats":0.0,"ln_simultaneity_rate":0.0,"ln_simultaneity_weighted":0.0,"ln_count":0,"ln_positions":0,"total_notes":2744},"stair":{"stair_index":0.21889400921658986,"stair_transitions":190,"eligible_transitions":868},"peak":{"peak_local_max_density":17.0,"peak_local_max_density_per_sec":40.233333333333334,"peak_max_chord_size":8,"peak_concentration":0.4446064139941691,"total_notes":2744,"intervals":[[2304,2495],[3612,3863],[4608,5195],[6720,6911],[9588,9791],[9984,10175],[10224,10511],[11136,12887]]},"jack":{"jack_pairs":25,"jack_in_stream_pairs":24,"jack_outside_pairs":1,"pure_jack_per_sec":0.03405275779376494,"flow_break_per_stream_sec":0.25077262693156743,"stream_seconds":95.70422535211263,"non_stream_seconds":29.366197183098635,"chart_seconds":125.07042253521126,"window_ticks":24,"min_region_sec":10.0},"distraction":{"mode_formulation":"SP","qualifying_window_count":3,"qualifying_scratches":11,"qualifying_flow_sec":76.05633802816901,"distract_density":0.14462962962962964,"distract_event_per_sec":0.03944444444444445,"scratch_chord_pair_count":22,"chord_time_threshold_sec":0.01667,"min_scratches":3}},"warnings":[],"tags":["chord_heavy","stream_heavy","stair_focused","big_chord_burst","dense_chart","chord_stream"],"scales":["st"]}