{"md5":"f13174cf11d942a609c418ddfe2ad6fb","headers":{"title":"コケシネコ☆クライシス [7KEYS RUNOTHER]","artist":"Ino","genre":"BREAKCORE","playlevel":"14","base_bpm":211.0},"mode":"SP","scope":"playable_only","scaling_mode":"p99_linear","params":{"stream_window_ticks":48,"stream_density_threshold_per_beat":4.0,"peak_window_ticks":192,"peak_min_window_notes":4,"peak_min_window_sec":0.05,"felt_bpm_trigger_eff_bpm":500.0,"felt_bpm_trigger_peak_per_sec":200.0,"felt_bpm_target_peak_per_sec":100.0,"felt_bpm_floor":30.0,"jack_window_ticks":24,"soft_burst_ref":8.0,"soft_freq_ref":0.1,"soft_burst_exp":1.5,"soft_freq_exp":1.5,"chord_time_threshold_ms":16.67,"sp_distraction_min_scratches":3,"dp_distraction_window_sec_min":0.2,"dp_distraction_window_sec_max":0.8,"stream_density_ref_per_sec":40.0,"peak_density_ref_per_sec":70.0,"chord_size_ref":3.5,"ln_simultaneity_ref":0.05,"scratch_density_ref_per_sec":1.5,"scratch_ratio_ref":0.1,"distraction_density_ref":2.0,"distraction_event_ref":0.15},"raw_axes":{"chord":1.3924632352941178,"stream":20.868994811320754,"scratch":0.024691991605124825,"soft":0.0004047216996725045,"ln":0.0,"stair":0.10487580496780129,"peak":31.650000000000002,"distraction":0.7175489252486363},"x_chord":0.351,"x_stream":0.52,"x_scratch":0.059,"x_soft":0.002,"x_ln":0.0,"x_stair":0.309,"x_peak":0.511,"x_distraction":0.19,"submetrics":{"chord":{"chord_rate":0.5542279411764706,"avg_chord_size":2.512437810945274,"chord_positions":603,"total_positions":1088},"stream":{"stream_coverage":0.9445,"stream_density_mean":6.283018867924528,"stream_density_mean_per_sec":22.095283018867924,"stream_windows":18,"notes_in_stream":1889,"total_notes":2000,"intervals":[[660,2184],[2196,5244],[5268,5328],[5436,5484],[5820,5868],[5976,6060],[6204,6252],[6588,6720],[6732,11376],[11628,11712],[11724,11784],[11844,11904],[11916,11976],[12036,12096],[12228,12288],[12420,12480],[12492,12552],[12768,17544]]},"scratch":{"scratch_ratio":0.036,"scratch_positions_ratio":0.0661764705882353,"scratch_with_key_chord_rate":0.9027777777777778,"scratch_per_sec":0.6858886556979119,"scratch_burst_max_per_sec":5.0,"scratch_burst_window_sec":1.0,"scratch_notes":72,"scratch_positions":72,"total_notes":2000,"total_positions":1088,"chart_seconds":104.97330638416504},"soft":{"base_bpm":211.0,"intensity":0.0013601895734597156,"up_intensity":0.0,"down_intensity":0.0013601895734597156,"max_intensity":0.1943127962085308,"max_up_intensity":0.0,"max_down_intensity":0.1943127962085308,"step_frequency":0.021739130434782608,"ramp_frequency":0.021739130434782608,"continuity_beats":13.0,"off_base_note_ratio":0.007,"gimmick_burst_score":0.018617198184935208,"max_off_base_density_per_beat":1.0769230769230769,"base_mean_density_per_beat":5.620396600566572,"base_density_source":"on_base","distinct_off_base_bpm_count":1,"bpm_change_events":2,"measure_count":92},"ln":{"ln_ratio":0.0045,"ln_hold_time_mean_beats":0.08333333333333333,"ln_simultaneity_rate":0.0,"ln_simultaneity_weighted":0.0,"ln_count":9,"ln_positions":7,"total_notes":2000},"stair":{"stair_index":0.10487580496780129,"stair_transitions":114,"eligible_transitions":1087},"peak":{"peak_local_max_density":9.0,"peak_local_max_density_per_sec":31.650000000000002,"peak_max_chord_size":6,"peak_concentration":0.372,"total_notes":2000,"intervals":[[8112,8436],[8592,8784],[9708,10020],[10188,10680],[10884,11220],[12888,13092],[13872,14100],[14208,14628],[14736,14928],[15012,15312],[15456,16164],[16272,16824],[16992,17520]]},"jack":{"jack_pairs":33,"jack_in_stream_pairs":5,"jack_outside_pairs":28,"pure_jack_per_sec":1.685896171584204,"flow_break_per_stream_sec":0.05658353445964062,"stream_seconds":88.36492890995265,"non_stream_seconds":16.60837747421239,"chart_seconds":104.97330638416504,"window_ticks":24,"min_region_sec":10.0},"distraction":{"mode_formulation":"SP","qualifying_window_count":3,"qualifying_scratches":66,"qualifying_flow_sec":73.86255924170618,"distract_density":0.8935514918190566,"distract_event_per_sec":0.040615976900866206,"scratch_chord_pair_count":88,"chord_time_threshold_sec":0.01667,"min_scratches":3}},"warnings":["Unterminated LNOBJ LN on lane P1_KEY1 started at m91 pos0.0; closing at EOF","Unterminated LNOBJ LN on lane P1_KEY4 started at m89 pos0.9375; closing at EOF","Unterminated LNOBJ LN on lane P1_KEY2 started at m89 pos0.8125; closing at EOF","Unterminated LNOBJ LN on lane P1_KEY5 started at m90 pos0.6875; closing at EOF","Unterminated LNOBJ LN on lane P1_KEY3 started at m90 pos0.6875; closing at EOF","Unterminated LNOBJ LN on lane P1_KEY6 started at m89 pos0.875; closing at EOF","Unterminated LNOBJ LN on lane P1_KEY7 started at m90 pos0.625; closing at EOF","Unterminated LNOBJ LN on lane P1_SCR started at m91 pos0.0; closing at EOF"],"tags":["jack_chart","fast_chart"],"scales":["★"]}