{"md5":"728f5d845c62f915c0e2a065f18f8f87","headers":{"title":"eth剣","artist":"BOKKEN PINK / obj:vese","genre":"BOKKEN FUSION","playlevel":"12","base_bpm":126.0},"mode":"SP","scope":"playable_only","scaling_mode":"p99_linear","params":{"stream_window_ticks":48,"stream_density_threshold_per_beat":4.0,"peak_window_ticks":192,"peak_min_window_notes":4,"peak_min_window_sec":0.05,"felt_bpm_trigger_eff_bpm":500.0,"felt_bpm_trigger_peak_per_sec":200.0,"felt_bpm_target_peak_per_sec":100.0,"felt_bpm_floor":30.0,"jack_window_ticks":24,"soft_burst_ref":8.0,"soft_freq_ref":0.1,"soft_burst_exp":1.5,"soft_freq_exp":1.5,"chord_time_threshold_ms":16.67,"sp_distraction_min_scratches":3,"dp_distraction_window_sec_min":0.2,"dp_distraction_window_sec_max":0.8,"stream_density_ref_per_sec":40.0,"peak_density_ref_per_sec":70.0,"chord_size_ref":3.5,"ln_simultaneity_ref":0.05,"scratch_density_ref_per_sec":1.5,"scratch_ratio_ref":0.1,"distraction_density_ref":2.0,"distraction_event_ref":0.15},"raw_axes":{"chord":1.2277070063694269,"stream":18.190984503389366,"scratch":0.010479042822911696,"soft":0.001887189546490126,"ln":0.0,"stair":0.12350597609561753,"peak":30.450000000000003,"distraction":0.5888153938665064},"x_chord":0.319,"x_stream":0.466,"x_scratch":0.025,"x_soft":0.011,"x_ln":0.0,"x_stair":0.375,"x_peak":0.376,"x_distraction":0.158,"submetrics":{"chord":{"chord_rate":0.4585987261146497,"avg_chord_size":2.6770833333333335,"chord_positions":576,"total_positions":1256},"stream":{"stream_coverage":0.9923492349234924,"stream_density_mean":8.719840478564308,"stream_density_mean_per_sec":18.331232456476723,"stream_windows":9,"notes_in_stream":2205,"total_notes":2222,"intervals":[[144,1955],[1968,2351],[2364,2447],[2460,4295],[4380,7667],[7836,9443],[10164,10991],[11484,12503],[12528,14255]]},"scratch":{"scratch_ratio":0.026102610261026102,"scratch_positions_ratio":0.04617834394904458,"scratch_with_key_chord_rate":0.9310344827586207,"scratch_per_sec":0.4014557440087895,"scratch_burst_max_per_sec":6.0,"scratch_burst_window_sec":1.0,"scratch_notes":58,"scratch_positions":58,"total_notes":2222,"total_positions":1256,"chart_seconds":144.47420634920633},"soft":{"base_bpm":126.0,"intensity":0.0009000900090009002,"up_intensity":0.0,"down_intensity":0.0009000900090009002,"max_intensity":0.5,"max_up_intensity":0.0,"max_down_intensity":0.5,"step_frequency":0.02666666666666667,"ramp_frequency":0.02666666666666667,"continuity_beats":7.375,"off_base_note_ratio":0.0018001800180018,"gimmick_burst_score":0.07076960799337972,"max_off_base_density_per_beat":0.5423728813559322,"base_mean_density_per_beat":7.663923776526635,"base_density_source":"on_base","distinct_off_base_bpm_count":1,"bpm_change_events":2,"measure_count":75},"ln":{"ln_ratio":0.0036003600360036,"ln_hold_time_mean_beats":0.0,"ln_simultaneity_rate":0.0,"ln_simultaneity_weighted":0.0,"ln_count":8,"ln_positions":3,"total_notes":2222},"stair":{"stair_index":0.12350597609561753,"stair_transitions":155,"eligible_transitions":1255},"peak":{"peak_local_max_density":14.5,"peak_local_max_density_per_sec":30.450000000000003,"peak_max_chord_size":7,"peak_concentration":0.3982898289828983,"total_notes":2222,"intervals":[[912,1223],[1236,1463],[1920,2267],[3036,3371],[3432,3635],[5052,5243],[6576,7031],[8232,8423],[11496,12299],[13224,13499],[13728,14231]]},"jack":{"jack_pairs":20,"jack_in_stream_pairs":20,"jack_outside_pairs":0,"pure_jack_per_sec":0.0,"flow_break_per_stream_sec":0.1601398045913099,"stream_seconds":124.890873015873,"non_stream_seconds":19.58333333333333,"chart_seconds":144.47420634920633,"window_ticks":24,"min_region_sec":10.0},"distraction":{"mode_formulation":"SP","qualifying_window_count":6,"qualifying_scratches":56,"qualifying_flow_sec":115.4861111111111,"distract_density":0.4849067949488876,"distract_event_per_sec":0.05195429945880939,"scratch_chord_pair_count":66,"chord_time_threshold_sec":0.01667,"min_scratches":3}},"warnings":["Unterminated LNOBJ LN on lane P1_KEY1 started at m74 pos0.0; closing at EOF","Unterminated LNOBJ LN on lane P1_KEY2 started at m73 pos0.96875; closing at EOF","Unterminated LNOBJ LN on lane P1_KEY3 started at m74 pos0.0; closing at EOF","Unterminated LNOBJ LN on lane P1_KEY4 started at m74 pos0.0; closing at EOF","Unterminated LNOBJ LN on lane P1_KEY5 started at m74 pos0.0; closing at EOF","Unterminated LNOBJ LN on lane P1_KEY6 started at m73 pos0.9375; closing at EOF","Unterminated LNOBJ LN on lane P1_SCR started at m74 pos0.0; closing at EOF","Unterminated LNOBJ LN on lane P1_KEY7 started at m74 pos0.0; closing at EOF"],"tags":[],"scales":["so"]}