{"md5":"6038e11f9394d2f6ee17df3a105cde4b","headers":{"title":"A gratitude...<Monsther>","artist":"Y.W / obj:Monsta","genre":"Anthem trance","playlevel":"25","base_bpm":147.0},"mode":"SP","scope":"playable_only","scaling_mode":"p99_linear","params":{"stream_window_ticks":48,"stream_density_threshold_per_beat":4.0,"peak_window_ticks":192,"peak_min_window_notes":4,"peak_min_window_sec":0.05,"felt_bpm_trigger_eff_bpm":500.0,"felt_bpm_trigger_peak_per_sec":200.0,"felt_bpm_target_peak_per_sec":100.0,"felt_bpm_floor":30.0,"jack_window_ticks":24,"soft_burst_ref":8.0,"soft_freq_ref":0.1,"soft_burst_exp":1.5,"soft_freq_exp":1.5,"chord_time_threshold_ms":16.67,"sp_distraction_min_scratches":3,"dp_distraction_window_sec_min":0.2,"dp_distraction_window_sec_max":0.8,"stream_density_ref_per_sec":40.0,"peak_density_ref_per_sec":70.0,"chord_size_ref":3.5,"ln_simultaneity_ref":0.05,"scratch_density_ref_per_sec":1.5,"scratch_ratio_ref":0.1,"distraction_density_ref":2.0,"distraction_event_ref":0.15},"raw_axes":{"chord":1.273219814241486,"stream":27.14173757906125,"scratch":0.01075693035896966,"soft":0.00870030670782597,"ln":0.0,"stair":0.17660728117738186,"peak":46.55,"distraction":0.5576545349508953},"x_chord":0.331,"x_stream":0.695,"x_scratch":0.026,"x_soft":0.051,"x_ln":0.0,"x_stair":0.537,"x_peak":0.574,"x_distraction":0.15,"submetrics":{"chord":{"chord_rate":0.48993808049535603,"avg_chord_size":2.598736176935229,"chord_positions":633,"total_positions":1292},"stream":{"stream_coverage":0.9539930555555556,"stream_density_mean":11.612516644474034,"stream_density_mean_per_sec":28.450665778961383,"stream_windows":13,"notes_in_stream":2198,"total_notes":2304,"intervals":[[348,1967],[2652,2735],[3036,6623],[6732,6815],[6876,7007],[7020,7079],[7116,7199],[7212,7391],[7620,7703],[8028,8111],[8220,8303],[8412,8495],[8604,11939]]},"scratch":{"scratch_ratio":0.0234375,"scratch_positions_ratio":0.04179566563467492,"scratch_with_key_chord_rate":0.9259259259259259,"scratch_per_sec":0.45896236198270546,"scratch_burst_max_per_sec":3.0,"scratch_burst_window_sec":1.0,"scratch_notes":54,"scratch_positions":54,"total_notes":2304,"total_positions":1292,"chart_seconds":117.65670667791015},"soft":{"base_bpm":147.0,"intensity":0.001328656462585034,"up_intensity":0.0,"down_intensity":0.001328656462585034,"max_intensity":0.7619047619047619,"max_up_intensity":0.0,"max_down_intensity":0.7619047619047619,"step_frequency":0.14492753623188406,"ramp_frequency":0.028985507246376812,"continuity_beats":12.0,"off_base_note_ratio":0.004774305555555556,"gimmick_burst_score":0.06003211628399918,"max_off_base_density_per_beat":2.0,"base_mean_density_per_beat":8.68560606060606,"base_density_source":"on_base","distinct_off_base_bpm_count":9,"bpm_change_events":10,"measure_count":69},"ln":{"ln_ratio":0.0,"ln_hold_time_mean_beats":0.0,"ln_simultaneity_rate":0.0,"ln_simultaneity_weighted":0.0,"ln_count":0,"ln_positions":0,"total_notes":2304},"stair":{"stair_index":0.17660728117738186,"stair_transitions":228,"eligible_transitions":1291},"peak":{"peak_local_max_density":19.0,"peak_local_max_density_per_sec":46.55,"peak_max_chord_size":5,"peak_concentration":0.3611111111111111,"total_notes":2304,"intervals":[[1632,1967],[5880,6179],[6276,6563],[8688,8999],[10008,10535],[10956,11183],[11364,11939]]},"jack":{"jack_pairs":12,"jack_in_stream_pairs":12,"jack_outside_pairs":0,"pure_jack_per_sec":0.0,"flow_break_per_stream_sec":0.14848484848484844,"stream_seconds":80.81632653061227,"non_stream_seconds":36.84038014729788,"chart_seconds":117.65670667791015,"window_ticks":24,"min_region_sec":10.0},"distraction":{"mode_formulation":"SP","qualifying_window_count":2,"qualifying_scratches":39,"qualifying_flow_sec":58.87755102040818,"distract_density":0.6623916811091853,"distract_event_per_sec":0.0339688041594454,"scratch_chord_pair_count":62,"chord_time_threshold_sec":0.01667,"min_scratches":3}},"warnings":[],"tags":["stream_heavy","peak_intense","dense_chart","pure_stream"],"scales":["st"]}