{"md5":"1fdd8463a1bc45db75e803f33708ab8e","headers":{"title":"温泉大作戦","artist":"Freezer feat. 妃苺","genre":"ONSEN POP","playlevel":"17","base_bpm":205.0},"mode":"SP","scope":"playable_only","scaling_mode":"p99_linear","params":{"stream_window_ticks":48,"stream_density_threshold_per_beat":4.0,"peak_window_ticks":192,"peak_min_window_notes":4,"peak_min_window_sec":0.05,"felt_bpm_trigger_eff_bpm":500.0,"felt_bpm_trigger_peak_per_sec":200.0,"felt_bpm_target_peak_per_sec":100.0,"felt_bpm_floor":30.0,"jack_window_ticks":24,"soft_burst_ref":8.0,"soft_freq_ref":0.1,"soft_burst_exp":1.5,"soft_freq_exp":1.5,"chord_time_threshold_ms":16.67,"sp_distraction_min_scratches":3,"sp_distraction_bin_sec":0.25,"sp_distraction_t_key":2,"sp_distraction_gap_bins":2,"dp_distraction_window_sec_min":0.2,"dp_distraction_window_sec_max":0.8,"stream_density_ref_per_sec":40.0,"peak_density_ref_per_sec":70.0,"chord_size_ref":3.5,"ln_simultaneity_ref":0.05,"scratch_density_ref_per_sec":1.5,"scratch_ratio_ref":0.1,"distraction_density_ref":2.0,"distraction_event_ref":0.15},"raw_axes":{"chord":2.189516129032258,"stream":21.348606896387434,"scratch_per_sec":1.514681170388804,"scratch_burst_max_per_sec":9.0,"scratch_max_run_sec":9.268292682926827,"soft":0.0,"stair":0.19667013527575442,"peak":35.020833333333336,"ln_m1_short_rate_rt":0.0,"ln_m2_density_rt":0.0,"ln_m2_burst_max_rt":0.0,"ln_m3_density_rt":0.0,"ln_m_concurrent_rt":0.0,"adv_hand_imb":0.0,"adv_rel_pressure_1beat":0.0,"adv_ln_hold_min_beats":0.0,"adv_ln_chord_big_rate":0.0,"adv_ln_scatter_cv":0.0,"distraction":6.773990789794373},"x_chord":0.562,"x_stream":0.551,"x_scratch":0.283,"x_soft":0.0,"x_ln":0.0,"x_stair":0.557,"x_peak":0.587,"x_distraction":0.416,"ln_advanced_score":0.0,"submetrics":{"chord":{"chord_rate":0.717741935483871,"avg_chord_size":3.050561797752809,"chord_positions":712,"total_positions":992},"stream":{"stream_coverage":0.9537852112676056,"stream_density_mean":6.551131928181109,"stream_density_mean_per_sec":22.383034087952122,"stream_windows":27,"notes_in_stream":2167,"total_notes":2272,"intervals":[[276,336],[444,504],[660,720],[828,888],[924,1560],[1596,2400],[2412,3096],[3228,4608],[4668,6288],[6300,8100],[8220,9744],[9756,12288],[12396,12480],[12492,12552],[12588,12648],[12768,12852],[12876,13092],[13164,13248],[13572,13788],[13848,14184],[14196,14544],[14556,15360],[16032,16104],[16236,16848],[16908,16968],[17004,19332],[19368,19452]]},"scratch":{"scratch_ratio":0.0734094616639478,"scratch_positions_ratio":0.1814516129032258,"scratch_with_key_chord_rate":0.8333333333333334,"scratch_per_sec":1.514681170388804,"scratch_burst_max_per_sec":9.0,"scratch_burst_window_sec":1.0,"scratch_max_run_sec":9.268292682926827,"ls_count":0,"ls_per_sec":0.0,"ls_complexity_mean":0.0,"scratch_notes":180,"scratch_positions":180,"total_notes":2452,"total_positions":992,"chart_seconds":118.83689024390245},"soft":{"base_bpm":205.0,"intensity":0.0,"up_intensity":0.0,"down_intensity":0.0,"max_intensity":0.0,"max_up_intensity":0.0,"max_down_intensity":0.0,"step_frequency":0.0,"ramp_frequency":0.0,"continuity_beats":0.0,"off_base_note_ratio":0.0,"gimmick_burst_score":0.0,"max_off_base_density_per_beat":0.0,"base_mean_density_per_beat":6.02947930163047,"base_density_source":"on_base","distinct_off_base_bpm_count":0,"bpm_change_events":0,"measure_count":104},"ln":{"ln_ratio":0.0,"ln_hold_time_mean_beats":0.0,"ln_simultaneity_rate":0.0,"ln_simultaneity_weighted":0.0,"ln_count":0,"ln_count_raw":0,"ln_positions":0,"total_notes":2452,"m1_short_count_rt":0,"m1_short_rate_rt":0.0,"m2_long_count_rt":0,"m2_density_rt":0.0,"m2_burst_max_rt":0.0,"m3_density_rt":0.0,"m_concurrent_rt":0.0,"total_long_sec":0.0,"long_active_sec":0.0,"long_hold_sec_mean":0.0,"long_hold_sec_max":0.0,"adv_hand_imb":0.0,"adv_rel_pressure_1beat":0.0,"adv_ln_hold_min_beats":0.0,"adv_ln_chord_big_rate":0.0,"adv_ln_scatter_cv":0.0},"stair":{"stair_index":0.19667013527575442,"stair_transitions":189,"eligible_transitions":961},"peak":{"peak_local_max_density":10.25,"peak_local_max_density_per_sec":35.020833333333336,"peak_max_chord_size":6,"peak_concentration":0.3921654929577465,"total_notes":2272,"intervals":[[6864,7176],[7428,8088],[8748,9648],[10392,11220],[14724,14940],[14976,15372],[16272,16848],[17292,18492],[18948,19152]]},"jack":{"jack_pairs":8,"jack_in_stream_pairs":5,"jack_outside_pairs":3,"pure_jack_per_sec":0.17439078422685023,"flow_break_per_stream_sec":0.049196064314854786,"stream_seconds":101.63414634146346,"non_stream_seconds":17.202743902438982,"chart_seconds":118.83689024390245,"window_ticks":24,"min_region_sec":10.0},"distraction":{"mode_formulation":"SP","v3_score":6.773990789794373,"qualifying_intervals":2,"qualifying_flow_sec":113.75,"qualifying_scratches":178,"scratch_chord_pair_count":204,"chord_time_threshold_sec":0.01667,"min_scratches":3,"bin_sec":0.25,"t_key":2,"gap_bins":2}},"warnings":[],"axis_intensities":{"chord":"red","stream":"yellow","peak":"yellow","scratch":"red","soft":null,"ln":null,"stair":"red","distraction":"red"},"tags":[],"scales":["sl"]}