{"md5":"f84bde5b8bfe885ca9c7793e0fdf04aa","headers":{"title":"Destined Marionette -ALIEN WORLD-","artist":"beatMARIO object by Kz","genre":"TECHNO","playlevel":"12","base_bpm":186.0},"mode":"SP","scope":"playable_only","scaling_mode":"p99_linear","params":{"stream_window_ticks":48,"stream_density_threshold_per_beat":4.0,"peak_window_ticks":192,"peak_min_window_notes":4,"peak_min_window_sec":0.05,"felt_bpm_trigger_eff_bpm":500.0,"felt_bpm_trigger_peak_per_sec":200.0,"felt_bpm_target_peak_per_sec":100.0,"felt_bpm_floor":30.0,"jack_window_ticks":24,"soft_burst_ref":8.0,"soft_freq_ref":0.1,"soft_burst_exp":1.5,"soft_freq_exp":1.5,"chord_time_threshold_ms":16.67,"sp_distraction_min_scratches":3,"dp_distraction_window_sec_min":0.2,"dp_distraction_window_sec_max":0.8,"stream_density_ref_per_sec":40.0,"peak_density_ref_per_sec":70.0,"chord_size_ref":3.5,"ln_simultaneity_ref":0.05,"scratch_density_ref_per_sec":1.5,"scratch_ratio_ref":0.1,"distraction_density_ref":2.0,"distraction_event_ref":0.15},"raw_axes":{"chord":1.470408163265306,"stream":15.704417893045287,"scratch":0.01137443526304113,"soft":1.4437491248119219,"ln":0.0,"stair":0.09397344228804903,"peak":31.0,"distraction":0.7060589616549096},"x_chord":0.382,"x_stream":0.389,"x_scratch":0.028,"x_soft":1.0,"x_ln":0.0,"x_stair":0.286,"x_peak":0.368,"x_distraction":0.19,"submetrics":{"chord":{"chord_rate":0.6091836734693877,"avg_chord_size":2.4137353433835846,"chord_positions":597,"total_positions":980},"stream":{"stream_coverage":0.9764254385964912,"stream_density_mean":5.6933884297520665,"stream_density_mean_per_sec":16.08358126721763,"stream_windows":18,"notes_in_stream":1781,"total_notes":1824,"intervals":[[168,1151],[1212,1919],[1980,2687],[2748,3503],[3516,4079],[4092,4463],[4476,4847],[4860,5231],[5244,7703],[7752,8495],[8520,8759],[8772,9155],[9192,12335],[12396,12503],[12516,12575],[12588,12719],[12972,13103],[13164,16559]]},"scratch":{"scratch_ratio":0.02850877192982456,"scratch_positions_ratio":0.053061224489795916,"scratch_with_key_chord_rate":1.0,"scratch_per_sec":0.398980190765135,"scratch_burst_max_per_sec":4.0,"scratch_burst_window_sec":1.0,"scratch_notes":52,"scratch_positions":52,"total_notes":1824,"total_positions":980,"chart_seconds":130.33228517004366},"soft":{"base_bpm":186.0,"intensity":0.082637709866063,"up_intensity":0.0,"down_intensity":0.082637709866063,"max_intensity":0.7526881720430108,"max_up_intensity":0.0,"max_down_intensity":0.7526881720430108,"step_frequency":0.12643678160919541,"ramp_frequency":0.11494252873563218,"continuity_beats":20.0,"off_base_note_ratio":0.11019736842105263,"gimmick_burst_score":11.418743078057926,"max_off_base_density_per_beat":21.0,"base_mean_density_per_beat":4.996913580246914,"base_density_source":"on_base","distinct_off_base_bpm_count":2,"bpm_change_events":11,"measure_count":87},"ln":{"ln_ratio":0.0,"ln_hold_time_mean_beats":0.0,"ln_simultaneity_rate":0.0,"ln_simultaneity_weighted":0.0,"ln_count":0,"ln_positions":0,"total_notes":1824},"stair":{"stair_index":0.09397344228804903,"stair_transitions":92,"eligible_transitions":979},"peak":{"peak_local_max_density":18.75,"peak_local_max_density_per_sec":31.0,"peak_max_chord_size":5,"peak_concentration":0.36239035087719296,"total_notes":1824,"intervals":[[144,1139],[6084,6359],[6540,6827],[8904,9155],[10716,10907],[11148,11519],[11532,11903],[11988,12215],[14916,15119],[15180,15503],[15552,15923],[15948,16547]]},"jack":{"jack_pairs":15,"jack_in_stream_pairs":15,"jack_outside_pairs":0,"pure_jack_per_sec":0.0,"flow_break_per_stream_sec":0.12424618726230331,"stream_seconds":120.72805073955817,"non_stream_seconds":9.60423443048549,"chart_seconds":130.33228517004366,"window_ticks":24,"min_region_sec":10.0},"distraction":{"mode_formulation":"SP","qualifying_window_count":7,"qualifying_scratches":44,"qualifying_flow_sec":97.25344538609212,"distract_density":0.4524261307691654,"distract_event_per_sec":0.07197688444054903,"scratch_chord_pair_count":59,"chord_time_threshold_sec":0.01667,"min_scratches":3}},"warnings":[],"tags":["soflan","extreme_burst"],"scales":["★"]}