{"md5":"05a453b0d8777d9233827b79c4987438","headers":{"title":"The Grinder","artist":"ohon","genre":"Psytrance","playlevel":"21","base_bpm":145.0},"mode":"SP","scope":"playable_only","scaling_mode":"p99_linear","params":{"stream_window_ticks":48,"stream_density_threshold_per_beat":4.0,"peak_window_ticks":192,"peak_min_window_notes":4,"peak_min_window_sec":0.05,"felt_bpm_trigger_eff_bpm":500.0,"felt_bpm_trigger_peak_per_sec":200.0,"felt_bpm_target_peak_per_sec":100.0,"felt_bpm_floor":30.0,"jack_window_ticks":24,"soft_burst_ref":8.0,"soft_freq_ref":0.1,"soft_burst_exp":1.5,"soft_freq_exp":1.5,"chord_time_threshold_ms":16.67,"sp_distraction_min_scratches":3,"dp_distraction_window_sec_min":0.2,"dp_distraction_window_sec_max":0.8,"stream_density_ref_per_sec":40.0,"peak_density_ref_per_sec":70.0,"chord_size_ref":3.5,"ln_simultaneity_ref":0.05,"scratch_density_ref_per_sec":1.5,"scratch_ratio_ref":0.1,"distraction_density_ref":2.0,"distraction_event_ref":0.15},"raw_axes":{"chord":1.7556952081696777,"stream":21.94520202358617,"scratch":0.0007206903163950143,"soft":0.0,"ln":0.0,"stair":0.15487421383647798,"peak":33.229166666666664,"distraction":0.24177087825212012},"x_chord":0.456,"x_stream":0.544,"x_scratch":0.002,"x_soft":0.0,"x_ln":0.0,"x_stair":0.471,"x_peak":0.394,"x_distraction":0.065,"submetrics":{"chord":{"chord_rate":0.5561665357423409,"avg_chord_size":3.156779661016949,"chord_positions":708,"total_positions":1273},"stream":{"stream_coverage":0.9578571428571429,"stream_density_mean":9.48030018761726,"stream_density_mean_per_sec":22.91072545340838,"stream_windows":34,"notes_in_stream":2682,"total_notes":2800,"intervals":[[744,1607],[2460,2591],[2604,6431],[6444,6899],[7188,7259],[7344,7451],[7572,7643],[7764,8687],[8712,8759],[8784,8831],[8856,8903],[8928,8975],[9000,9047],[9072,9119],[9144,9191],[9216,9263],[9288,9335],[9360,9407],[9432,9479],[9504,9551],[9576,9623],[9648,9695],[9720,9767],[9780,10859],[10944,10991],[11040,11087],[11232,11291],[11424,11471],[11676,17123],[17364,17423],[17436,17495],[17508,18443],[18456,18503],[18528,18575]]},"scratch":{"scratch_ratio":0.0064285714285714285,"scratch_positions_ratio":0.014139827179890024,"scratch_with_key_chord_rate":0.8333333333333334,"scratch_per_sec":0.11210738255033556,"scratch_burst_max_per_sec":3.0,"scratch_burst_window_sec":1.0,"scratch_notes":18,"scratch_positions":18,"total_notes":2800,"total_positions":1273,"chart_seconds":160.56034482758622},"soft":{"base_bpm":145.0,"intensity":0.0,"up_intensity":0.0,"down_intensity":0.0,"max_intensity":0.0,"max_up_intensity":0.0,"max_down_intensity":0.0,"step_frequency":0.0,"ramp_frequency":0.0,"continuity_beats":0.0,"off_base_note_ratio":0.0,"gimmick_burst_score":0.0,"max_off_base_density_per_beat":0.0,"base_mean_density_per_beat":7.213917525773196,"base_density_source":"on_base","distinct_off_base_bpm_count":0,"bpm_change_events":0,"measure_count":98},"ln":{"ln_ratio":0.0,"ln_hold_time_mean_beats":0.0,"ln_simultaneity_rate":0.0,"ln_simultaneity_weighted":0.0,"ln_count":0,"ln_positions":0,"total_notes":2800},"stair":{"stair_index":0.15487421383647798,"stair_transitions":197,"eligible_transitions":1272},"peak":{"peak_local_max_density":13.75,"peak_local_max_density_per_sec":33.229166666666664,"peak_max_chord_size":7,"peak_concentration":0.4625,"total_notes":2800,"intervals":[[4620,4811],[6156,6347],[7872,8651],[12468,13391],[13404,14195],[14712,14951],[15192,17099]]},"jack":{"jack_pairs":52,"jack_in_stream_pairs":36,"jack_outside_pairs":16,"pure_jack_per_sec":0.5206171107994391,"flow_break_per_stream_sec":0.27729083665338644,"stream_seconds":129.82758620689657,"non_stream_seconds":30.73275862068965,"chart_seconds":160.56034482758622,"window_ticks":24,"min_region_sec":10.0},"distraction":{"mode_formulation":"SP","qualifying_window_count":2,"qualifying_scratches":12,"qualifying_flow_sec":79.96551724137933,"distract_density":0.15006468305304008,"distract_event_per_sec":0.02501078050884001,"scratch_chord_pair_count":25,"chord_time_threshold_sec":0.01667,"min_scratches":3}},"warnings":[],"tags":["burst_focused"],"scales":["st"]}