{"md5":"d20af55eadba90dd06647272af3ae75b","headers":{"title":"花鳥風月 [Crystal]","artist":"Phorni // obj:arnain","genre":"和製円舞曲","playlevel":"12","base_bpm":136.0},"mode":"SP","scope":"playable_only","scaling_mode":"reference","params":{"stream_window_ticks":48,"stream_density_threshold_per_beat":4.0,"peak_window_ticks":192,"jack_window_ticks":24,"soft_burst_ref":8.0,"soft_freq_ref":0.1,"soft_burst_exp":1.5,"soft_freq_exp":1.5,"chord_time_threshold_ms":16.67,"sp_distraction_min_scratches":3,"dp_distraction_window_sec_min":0.2,"dp_distraction_window_sec_max":0.8,"stream_density_ref_per_sec":40.0,"peak_density_ref_per_sec":70.0,"chord_size_ref":3.5,"ln_simultaneity_ref":0.05,"scratch_density_ref_per_sec":1.5,"scratch_ratio_ref":0.1,"distraction_density_ref":2.0,"distraction_event_ref":0.15},"x_chord":0.5338657202011239,"x_stream":0.3418429715214051,"x_scratch":0.0048140868593990055,"x_soft":0.0,"x_ln":0.0,"x_stair":0.1544041450777202,"x_peak":0.2914285714285714,"x_distraction":0.12413448853709846,"submetrics":{"chord":{"chord_rate":0.7370600414078675,"avg_chord_size":2.5351123595505616,"chord_positions":712,"total_positions":966},"stream":{"stream_coverage":0.9883438562408936,"stream_density_mean":6.103668261562999,"stream_density_mean_per_sec":13.834981392876129,"stream_windows":33,"notes_in_stream":2035,"total_notes":2059,"intervals":[[180,3215],[3228,3275],[3324,3371],[3384,3467],[3588,3695],[3708,3755],[3768,3851],[3972,4043],[4092,4139],[4152,4235],[4284,4331],[4344,4823],[4860,4907],[4920,5003],[5124,5195],[5244,5291],[5304,5387],[5508,5579],[5628,5675],[5688,5771],[5820,5867],[5880,6443],[6456,7211],[7224,7979],[7992,8687],[8700,8783],[8796,8879],[8892,8975],[8988,9071],[9084,9167],[9180,9263],[9372,17003],[17016,18767]]},"scratch":{"scratch_ratio":0.007770762506070908,"scratch_positions_ratio":0.016563146997929608,"scratch_with_key_chord_rate":1.0,"scratch_per_sec":0.09292692040783643,"scratch_burst_max_per_sec":1.0,"scratch_burst_window_sec":1.0,"scratch_notes":16,"scratch_positions":16,"total_notes":2059,"total_positions":966,"chart_seconds":172.17830882352942},"soft":{"base_bpm":136.0,"intensity":0.0,"up_intensity":0.0,"down_intensity":0.0,"max_intensity":0.0,"max_up_intensity":0.0,"max_down_intensity":0.0,"step_frequency":0.0,"ramp_frequency":0.0,"continuity_beats":0.0,"off_base_note_ratio":0.0,"gimmick_burst_score":0.0,"max_off_base_density_per_beat":0.0,"base_mean_density_per_beat":5.273261090054984,"base_density_source":"on_base","distinct_off_base_bpm_count":0,"bpm_change_events":0,"measure_count":98},"ln":{"ln_ratio":0.0,"ln_hold_time_mean_beats":0.0,"ln_simultaneity_rate":0.0,"ln_simultaneity_weighted":0.0,"ln_count":0,"ln_positions":0,"total_notes":2059},"stair":{"stair_index":0.1544041450777202,"stair_transitions":149,"eligible_transitions":965},"peak":{"peak_local_max_density":9.0,"peak_local_max_density_per_sec":20.4,"peak_max_chord_size":5,"peak_concentration":0.46721709567751335,"total_notes":2059,"intervals":[[5940,6203],[6660,7115],[7428,7883],[8196,8687],[12492,14399],[14412,15563],[17100,17687],[17772,18623]]},"jack":{"jack_pairs":5,"jack_in_stream_pairs":5,"jack_outside_pairs":0,"pure_jack_per_sec":0.0,"flow_break_per_stream_sec":0.031262571116602494,"stream_seconds":159.93566176470588,"non_stream_seconds":12.242647058823536,"chart_seconds":172.17830882352942,"window_ticks":24,"min_region_sec":10.0},"distraction":{"mode_formulation":"SP","qualifying_window_count":2,"qualifying_scratches":16,"qualifying_flow_sec":85.92830882352939,"distract_density":0.1862017328056477,"distract_event_per_sec":0.023275216600705962,"scratch_chord_pair_count":19,"chord_time_threshold_sec":0.01667,"min_scratches":3}},"warnings":[],"tags":["burst_focused"],"scales":["★"]}