{"md5":"d2f8edb05e9e8dd19b4106ed68c0a668","headers":{"title":"Love & Justice [MANIAQ]","artist":"フロン / ラズベリル / obj: black train","genre":"LOVELY HIGHSPEED","playlevel":"14","base_bpm":200.0},"mode":"SP","scope":"playable_only","scaling_mode":"p99_linear","params":{"stream_window_ticks":48,"stream_density_threshold_per_beat":4.0,"peak_window_ticks":192,"peak_min_window_notes":4,"peak_min_window_sec":0.05,"felt_bpm_trigger_eff_bpm":500.0,"felt_bpm_trigger_peak_per_sec":200.0,"felt_bpm_target_peak_per_sec":100.0,"felt_bpm_floor":30.0,"jack_window_ticks":24,"soft_burst_ref":8.0,"soft_freq_ref":0.1,"soft_burst_exp":1.5,"soft_freq_exp":1.5,"chord_time_threshold_ms":16.67,"sp_distraction_min_scratches":3,"dp_distraction_window_sec_min":0.2,"dp_distraction_window_sec_max":0.8,"stream_density_ref_per_sec":40.0,"peak_density_ref_per_sec":70.0,"chord_size_ref":3.5,"ln_simultaneity_ref":0.05,"scratch_density_ref_per_sec":1.5,"scratch_ratio_ref":0.1,"distraction_density_ref":2.0,"distraction_event_ref":0.15},"raw_axes":{"chord":1.6287425149700598,"stream":23.72579041376649,"scratch":0.043825944318044575,"soft":0.0,"ln":0.0,"stair":0.10873287671232877,"peak":31.666666666666668,"distraction":1.3617495472907093,"pure_jack_raw":0.03820439350525302,"flow_break_raw":0.023369604907617046},"x_chord":0.41,"x_stream":0.591,"x_scratch":0.105,"x_soft":0.0,"x_ln":0.0,"x_stair":0.32,"x_peak":0.511,"x_distraction":0.36,"jack_signal":0.046,"noise_budget":0.511,"submetrics":{"chord":{"chord_rate":0.7031650983746792,"avg_chord_size":2.316301703163017,"chord_positions":822,"total_positions":1169},"stream":{"stream_coverage":0.9284762327854287,"stream_density_mean":7.666041275797373,"stream_density_mean_per_sec":25.553470919324578,"stream_windows":22,"notes_in_stream":2090,"total_notes":2251,"intervals":[[192,324],[948,1092],[1332,3336],[3828,4104],[4392,4476],[4524,6456],[6948,7224],[7644,10140],[10176,11004],[11520,14076],[14196,14280],[14388,14472],[14484,14568],[14592,14856],[14892,14952],[15108,15216],[15324,15384],[15444,15624],[15660,15720],[15876,15984],[15996,17784],[17796,17904]]},"scratch":{"scratch_ratio":0.046645935139937804,"scratch_positions_ratio":0.08982035928143713,"scratch_with_key_chord_rate":0.9809523809523809,"scratch_per_sec":0.9395447681896986,"scratch_burst_max_per_sec":6.0,"scratch_burst_window_sec":1.0,"scratch_notes":105,"scratch_positions":105,"total_notes":2251,"total_positions":1169,"chart_seconds":111.75625},"soft":{"base_bpm":200.0,"intensity":0.0,"up_intensity":0.0,"down_intensity":0.0,"max_intensity":0.0,"max_up_intensity":0.0,"max_down_intensity":0.0,"step_frequency":0.0,"ramp_frequency":0.0,"continuity_beats":0.0,"off_base_note_ratio":0.0,"gimmick_burst_score":0.0,"max_off_base_density_per_beat":0.0,"base_mean_density_per_beat":6.03489932885906,"base_density_source":"on_base","distinct_off_base_bpm_count":0,"bpm_change_events":0,"measure_count":94},"ln":{"ln_ratio":0.0,"ln_hold_time_mean_beats":0.0,"ln_simultaneity_rate":0.0,"ln_simultaneity_weighted":0.0,"ln_count":0,"ln_positions":0,"total_notes":2251},"stair":{"stair_index":0.10873287671232877,"stair_transitions":127,"eligible_transitions":1168},"peak":{"peak_local_max_density":9.5,"peak_local_max_density_per_sec":31.666666666666668,"peak_max_chord_size":5,"peak_concentration":0.44247001332741004,"total_notes":2251,"intervals":[[1536,1896],[2340,2664],[2880,3312],[4824,5016],[5124,5940],[7776,8160],[8316,8532],[9204,9552],[11640,12000],[12108,12768],[12924,13212],[13812,14040],[14616,14832],[16908,17256],[17412,17724]]},"jack":{"jack_pairs":3,"jack_in_stream_pairs":2,"jack_outside_pairs":1,"pure_jack_per_sec":0.03820439350525302,"flow_break_per_stream_sec":0.023369604907617046,"stream_seconds":85.58124999999994,"non_stream_seconds":26.175000000000054,"chart_seconds":111.75625,"window_ticks":24,"min_region_sec":10.0},"distraction":{"mode_formulation":"SP","qualifying_window_count":8,"qualifying_scratches":97,"qualifying_flow_sec":74.78124999999999,"distract_density":1.2971165900543253,"distract_event_per_sec":0.10697868783953199,"scratch_chord_pair_count":110,"chord_time_threshold_sec":0.01667,"min_scratches":3}},"warnings":[],"tags":["fast_chart"],"scales":["★"]}