{"md5":"4fc5939cb4103d27590214b960beb230","headers":{"title":"Call of Abyss【crest】","artist":"あとぅす","genre":"REQUIEM ARTCORE","playlevel":"9","base_bpm":214.0},"mode":"SP","scope":"playable_only","scaling_mode":"reference","params":{"stream_window_ticks":48,"stream_density_threshold_per_beat":4.0,"peak_window_ticks":192,"jack_window_ticks":24,"soft_burst_ref":8.0,"soft_freq_ref":0.1,"soft_burst_exp":1.5,"soft_freq_exp":1.5,"stream_density_ref_per_sec":40.0,"peak_density_ref_per_sec":70.0,"chord_size_ref":3.5,"ln_simultaneity_ref":0.05},"x_chord":0.7395091053048297,"x_stream":0.7774732886158747,"x_scratch":0.025409373235460192,"x_soft":0.002931706196988686,"x_ln":0.0564652738565782,"x_stair":0.19255150554675118,"x_peak":0.6787016369047619,"x_jack":0.009508716323296355,"submetrics":{"chord":{"chord_rate":0.7838479809976246,"avg_chord_size":3.302020202020202,"chord_positions":990,"total_positions":1263},"stream":{"stream_coverage":0.9536984754376059,"stream_density_mean":9.228511530398324,"stream_density_mean_per_sec":32.60876717912881,"stream_windows":34,"notes_in_stream":3378,"total_notes":3542},"scratch":{"scratch_ratio":0.025409373235460192,"scratch_positions_ratio":0.07125890736342043,"scratch_with_key_chord_rate":0.9111111111111111,"scratch_notes":90,"scratch_positions":90,"total_notes":3542,"total_positions":1263},"soft":{"base_bpm":214.0,"intensity":0.021739130434782608,"up_intensity":0.0,"down_intensity":0.021739130434782608,"max_intensity":0.5,"max_up_intensity":0.0,"max_down_intensity":0.5,"step_frequency":0.05737704918032787,"ramp_frequency":0.05737704918032787,"continuity_beats":73.5,"off_base_note_ratio":0.043478260869565216,"gimmick_burst_score":0.2856047378913011,"max_off_base_density_per_beat":2.84375,"base_mean_density_per_beat":8.220873786407767,"base_density_source":"on_base","distinct_off_base_bpm_count":1,"bpm_change_events":8,"measure_count":122},"ln":{"ln_ratio":0.0008469791078486731,"ln_hold_time_mean_beats":2.5,"ln_simultaneity_rate":0.00282326369282891,"ln_simultaneity_weighted":0.00282326369282891,"ln_count":3,"ln_positions":3,"total_notes":3542},"stair":{"stair_index":0.19255150554675118,"stair_transitions":243,"eligible_transitions":1262},"peak":{"peak_local_max_density":13.75,"peak_local_max_density_per_sec":47.509114583333336,"peak_max_chord_size":7,"peak_concentration":0.4203839638622247,"total_notes":3542},"jack":{"jack_ratio":0.009508716323296355,"jack_transitions":12,"all_transitions":1262}},"warnings":[],"tags":["chord_heavy","stream_heavy","dense_chart","fast_chart","chord_stream"],"scales":["st"]}