{"md5":"c3c99394db35ed28295a589bafebbf5e","headers":{"title":"adabana","artist":"Kyuzo Sameura","genre":"J-CORE","playlevel":"0","base_bpm":175.0},"mode":"SP","scope":"playable_only","scaling_mode":"p99_linear","params":{"stream_window_ticks":48,"stream_density_threshold_per_beat":4.0,"peak_window_ticks":192,"peak_min_window_notes":4,"peak_min_window_sec":0.05,"felt_bpm_trigger_eff_bpm":500.0,"felt_bpm_trigger_peak_per_sec":200.0,"felt_bpm_target_peak_per_sec":100.0,"felt_bpm_floor":30.0,"jack_window_ticks":24,"soft_burst_ref":8.0,"soft_freq_ref":0.1,"soft_burst_exp":1.5,"soft_freq_exp":1.5,"chord_time_threshold_ms":16.67,"sp_distraction_min_scratches":3,"sp_distraction_bin_sec":0.25,"sp_distraction_t_key":2,"sp_distraction_gap_bins":2,"dp_distraction_window_sec_min":0.2,"dp_distraction_window_sec_max":0.8,"stream_density_ref_per_sec":40.0,"peak_density_ref_per_sec":70.0,"chord_size_ref":3.5,"ln_simultaneity_ref":0.05,"scratch_density_ref_per_sec":1.5,"scratch_ratio_ref":0.1,"distraction_density_ref":2.0,"distraction_event_ref":0.15},"raw_axes":{"chord":2.900990099009901,"stream":29.524479828435663,"scratch_per_sec":0.23235849596520344,"scratch_burst_max_per_sec":5.0,"scratch_max_run_sec":1.028571428571425,"soft":0.0,"stair":0.11786038077969176,"peak":36.458333333333336,"ln_m1_short_rate_rt":0.006276150627615063,"ln_m2_density_rt":0.0,"ln_m2_burst_max_rt":0.0,"ln_m3_density_rt":0.0,"ln_m_concurrent_rt":6.0,"adv_hand_imb":0.14285714285714285,"adv_rel_pressure_1beat":0.125,"adv_ln_hold_min_beats":0.0625,"adv_ln_chord_big_rate":1.0,"adv_ln_scatter_cv":0.34015067152490375,"distraction":1.225891375264694},"x_chord":0.745,"x_stream":0.762,"x_scratch":0.11,"x_soft":0.0,"x_ln":0.63,"x_stair":0.334,"x_peak":0.611,"x_distraction":0.075,"ln_advanced_score":0.709,"submetrics":{"chord":{"chord_rate":0.8892889288928892,"avg_chord_size":3.2621457489878543,"chord_positions":988,"total_positions":1111},"stream":{"stream_coverage":0.9879409104612602,"stream_density_mean":10.246239113222487,"stream_density_mean_per_sec":29.88486408023225,"stream_windows":16,"notes_in_stream":3277,"total_notes":3317,"intervals":[[372,432],[1116,1752],[1800,1872],[1884,3840],[3852,4032],[4044,4224],[4236,4416],[4428,4608],[4620,4800],[4812,8016],[8028,10968],[11016,11088],[11124,14232],[14364,14736],[14748,17304],[17352,17424]]},"scratch":{"scratch_ratio":0.008667065152420802,"scratch_positions_ratio":0.026102610261026102,"scratch_with_key_chord_rate":0.7586206896551724,"scratch_per_sec":0.23235849596520344,"scratch_burst_max_per_sec":5.0,"scratch_burst_window_sec":1.0,"scratch_max_run_sec":1.028571428571425,"ls_count":1,"ls_per_sec":0.0080123619298346,"ls_complexity_mean":0,"scratch_notes":29,"scratch_positions":29,"total_notes":3346,"total_positions":1111,"chart_seconds":124.80714285714286},"soft":{"base_bpm":175.0,"intensity":0.0,"up_intensity":0.0,"down_intensity":0.0,"max_intensity":0.0,"max_up_intensity":0.0,"max_down_intensity":0.0,"step_frequency":0.0,"ramp_frequency":0.0,"continuity_beats":0.0,"off_base_note_ratio":0.0,"gimmick_burst_score":0.0,"max_off_base_density_per_beat":0.0,"base_mean_density_per_beat":9.184065934065934,"base_density_source":"on_base","distinct_off_base_bpm_count":0,"bpm_change_events":0,"measure_count":92},"ln":{"ln_ratio":0.02092050209205021,"ln_hold_time_mean_beats":0.3645833333333333,"ln_simultaneity_rate":0.0,"ln_simultaneity_weighted":0.0,"ln_count":70,"ln_count_raw":70,"ln_positions":15,"total_notes":3346,"m1_short_count_rt":21,"m1_short_rate_rt":0.006276150627615063,"m2_long_count_rt":35,"m2_density_rt":0.0,"m2_burst_max_rt":0.0,"m3_density_rt":0.0,"m_concurrent_rt":6.0,"total_long_sec":7.749999999999929,"long_active_sec":1.107142857142847,"long_hold_sec_mean":0.2214285714285694,"long_hold_sec_max":0.34285714285714164,"adv_hand_imb":0.14285714285714285,"adv_rel_pressure_1beat":0.125,"adv_ln_hold_min_beats":0.0625,"adv_ln_chord_big_rate":1.0,"adv_ln_scatter_cv":0.34015067152490375},"stair":{"stair_index":0.11786038077969176,"stair_transitions":130,"eligible_transitions":1103},"peak":{"peak_local_max_density":12.5,"peak_local_max_density_per_sec":36.458333333333336,"peak_max_chord_size":7,"peak_concentration":0.5984323183599638,"total_notes":3317,"intervals":[[1488,1728],[1920,3456],[8064,10944],[13416,13752],[13776,14208],[14784,17280]]},"jack":{"jack_pairs":32,"jack_in_stream_pairs":6,"jack_outside_pairs":26,"pure_jack_per_sec":2.3868852459016434,"flow_break_per_stream_sec":0.052671181339352884,"stream_seconds":113.91428571428574,"non_stream_seconds":10.892857142857125,"chart_seconds":124.80714285714286,"window_ticks":24,"min_region_sec":10.0},"distraction":{"mode_formulation":"SP","v3_score":1.225891375264694,"qualifying_intervals":2,"qualifying_flow_sec":121.25,"qualifying_scratches":29,"scratch_chord_pair_count":42,"chord_time_threshold_sec":0.01667,"min_scratches":3,"bin_sec":0.25,"t_key":2,"gap_bins":2}},"warnings":["Unterminated LNOBJ LN on lane P1_SCR started at m91 pos0.0; closing at EOF","Unterminated LNOBJ LN on lane P1_KEY3 started at m90 pos0.625; closing at EOF","Unterminated LNOBJ LN on lane P1_KEY4 started at m90 pos0.4375; closing at EOF","Unterminated LNOBJ LN on lane P1_KEY5 started at m90 pos0.5625; closing at EOF","Unterminated LNOBJ LN on lane P1_KEY6 started at m90 pos0.375; closing at EOF","Unterminated LNOBJ LN on lane P1_KEY2 started at m90 pos0.25; closing at EOF","Unterminated LNOBJ LN on lane P1_KEY7 started at m91 pos0.0; closing at EOF","Unterminated LNOBJ LN on lane P1_KEY1 started at m91 pos0.0; closing at EOF"],"axis_intensities":{"chord":"red","stream":"red","peak":"yellow","scratch":"yellow","soft":null,"ln":"green","stair":"green","distraction":"green"},"tags":["jack_chart","burst_focused","dense_chart"],"scales":["st"]}