{"md5":"a9e645aa01cd828072add943e6578d00","headers":{"title":"アトロポスと最果の探求者","artist":"しーけー","genre":"eschatology","playlevel":"27","base_bpm":230.0},"mode":"SP","scope":"playable_only","scaling_mode":"p99_linear","params":{"stream_window_ticks":48,"stream_density_threshold_per_beat":4.0,"peak_window_ticks":192,"peak_min_window_notes":4,"peak_min_window_sec":0.05,"felt_bpm_trigger_eff_bpm":500.0,"felt_bpm_trigger_peak_per_sec":200.0,"felt_bpm_target_peak_per_sec":100.0,"felt_bpm_floor":30.0,"jack_window_ticks":24,"soft_burst_ref":8.0,"soft_freq_ref":0.1,"soft_burst_exp":1.5,"soft_freq_exp":1.5,"chord_time_threshold_ms":16.67,"sp_distraction_min_scratches":3,"dp_distraction_window_sec_min":0.2,"dp_distraction_window_sec_max":0.8,"stream_density_ref_per_sec":40.0,"peak_density_ref_per_sec":70.0,"chord_size_ref":3.5,"ln_simultaneity_ref":0.05,"scratch_density_ref_per_sec":1.5,"scratch_ratio_ref":0.1,"distraction_density_ref":2.0,"distraction_event_ref":0.15},"raw_axes":{"chord":3.5547520661157024,"stream":27.373164345795544,"scratch":0.007105060996295708,"soft":0.0,"ln":0.00055005500550055,"stair":0.21509824198552224,"peak":47.916666666666664,"distraction":0.8944444444444444},"x_chord":0.923,"x_stream":0.678,"x_scratch":0.017,"x_soft":0.0,"x_ln":0.009,"x_stair":0.654,"x_peak":0.569,"x_distraction":0.241,"submetrics":{"chord":{"chord_rate":0.7985537190082644,"avg_chord_size":4.451487710219922,"chord_positions":773,"total_positions":968},"stream":{"stream_coverage":0.9405940594059405,"stream_density_mean":7.591824985607369,"stream_density_mean_per_sec":29.10199577816158,"stream_windows":51,"notes_in_stream":3420,"total_notes":3636,"intervals":[[348,1583],[1596,1775],[1884,3119],[3132,3503],[3804,3887],[4188,4655],[4956,5039],[5148,5231],[5340,5423],[5532,5615],[5724,5807],[5916,5999],[6108,6191],[6300,6383],[6396,6575],[6684,6767],[6876,6959],[7068,7151],[7260,7343],[7452,7535],[7608,7727],[7836,7919],[8028,9455],[9480,10031],[10044,10223],[10236,10799],[10812,11051],[11100,12719],[13020,13067],[13368,14027],[14172,14255],[14940,14987],[15708,15791],[15900,15983],[16092,16175],[16284,16367],[16476,16583],[16668,23087],[23100,25007],[25032,25115],[25152,25271],[25416,25499],[25608,26159],[26268,26351],[26460,26543],[26652,26735],[26844,26927],[28380,29999],[30108,30191],[30300,32495],[32604,33071]]},"scratch":{"scratch_ratio":0.019526952695269526,"scratch_positions_ratio":0.07334710743801653,"scratch_with_key_chord_rate":0.9859154929577465,"scratch_per_sec":0.36385918003565065,"scratch_burst_max_per_sec":3.0,"scratch_burst_window_sec":1.0,"scratch_notes":71,"scratch_positions":71,"total_notes":3636,"total_positions":968,"chart_seconds":195.1304347826087},"soft":{"base_bpm":230.0,"intensity":0.0,"up_intensity":0.0,"down_intensity":0.0,"max_intensity":0.0,"max_up_intensity":0.0,"max_down_intensity":0.0,"step_frequency":0.0,"ramp_frequency":0.0,"continuity_beats":0.0,"off_base_note_ratio":0.0,"gimmick_burst_score":0.0,"max_off_base_density_per_beat":0.0,"base_mean_density_per_beat":4.859625668449198,"base_density_source":"on_base","distinct_off_base_bpm_count":0,"bpm_change_events":0,"measure_count":188},"ln":{"ln_ratio":0.0187018701870187,"ln_hold_time_mean_beats":1.8333333333333333,"ln_simultaneity_rate":0.00055005500550055,"ln_simultaneity_weighted":0.00055005500550055,"ln_count":68,"ln_positions":36,"total_notes":3636},"stair":{"stair_index":0.21509824198552224,"stair_transitions":208,"eligible_transitions":967},"peak":{"peak_local_max_density":12.5,"peak_local_max_density_per_sec":47.916666666666664,"peak_max_chord_size":8,"peak_concentration":0.35203520352035206,"total_notes":3636,"intervals":[[9516,9755],[11748,11951],[12492,12695],[17256,18203],[18312,18683],[18756,19607],[23280,25055],[29484,29975],[30312,30875],[30984,31355],[31656,31991],[32004,32399],[32616,33047]]},"jack":{"jack_pairs":3,"jack_in_stream_pairs":2,"jack_outside_pairs":1,"pure_jack_per_sec":0.01655867530597552,"flow_break_per_stream_sec":0.014843497902549211,"stream_seconds":134.7391304347826,"non_stream_seconds":60.39130434782609,"chart_seconds":195.1304347826087,"window_ticks":24,"min_region_sec":10.0},"distraction":{"mode_formulation":"SP","qualifying_window_count":8,"qualifying_scratches":52,"qualifying_flow_sec":88.69565217391306,"distract_density":0.5862745098039215,"distract_event_per_sec":0.09019607843137253,"scratch_chord_pair_count":178,"chord_time_threshold_sec":0.01667,"min_scratches":3}},"warnings":[],"tags":["chord_heavy","stream_heavy","stair_focused","peak_intense","big_chord_burst","fast_chart","chord_stream"],"scales":["st"]}