{"md5":"283394e367276f2ab2917a904cfa9b32","headers":{"title":"東の国のFLYING PAPARAZZI！-ANOTHER-","artist":"樋奈月みつ / obj:giselle","genre":"SOARLY TRANCE POP","playlevel":"8","base_bpm":175.0},"mode":"SP","scope":"playable_only","scaling_mode":"p99_linear","params":{"stream_window_ticks":48,"stream_density_threshold_per_beat":4.0,"peak_window_ticks":192,"peak_min_window_notes":4,"felt_bpm_trigger_eff_bpm":500.0,"felt_bpm_trigger_peak_per_sec":200.0,"felt_bpm_target_peak_per_sec":100.0,"felt_bpm_floor":30.0,"jack_window_ticks":24,"soft_burst_ref":8.0,"soft_freq_ref":0.1,"soft_burst_exp":1.5,"soft_freq_exp":1.5,"chord_time_threshold_ms":16.67,"sp_distraction_min_scratches":3,"dp_distraction_window_sec_min":0.2,"dp_distraction_window_sec_max":0.8,"stream_density_ref_per_sec":40.0,"peak_density_ref_per_sec":70.0,"chord_size_ref":3.5,"ln_simultaneity_ref":0.05,"scratch_density_ref_per_sec":1.5,"scratch_ratio_ref":0.1,"distraction_density_ref":2.0,"distraction_event_ref":0.15},"raw_axes":{"chord":1.5739957716701902,"stream":16.130143989834544,"scratch":0.009026282741298887,"soft":0.0,"ln":0.0,"stair":0.18835978835978837,"peak":26.25,"distraction":0.8933172302737518},"x_chord":0.409,"x_stream":0.399,"x_scratch":0.022,"x_soft":0.0,"x_ln":0.0,"x_stair":0.572,"x_peak":0.298,"x_distraction":0.241,"submetrics":{"chord":{"chord_rate":0.6099365750528541,"avg_chord_size":2.580589254766031,"chord_positions":577,"total_positions":946},"stream":{"stream_coverage":0.9720129171151776,"stream_density_mean":5.689569536423841,"stream_density_mean_per_sec":16.594577814569536,"stream_windows":31,"notes_in_stream":1806,"total_notes":1858,"intervals":[[348,815],[828,1007],[1020,1583],[1596,5159],[5172,6743],[6780,6935],[6972,7127],[7164,7319],[7356,8303],[8328,8387],[8520,8579],[8604,8663],[8736,8795],[8928,8987],[9096,9155],[9180,9239],[9288,9347],[9372,9431],[9564,9815],[9948,11615],[11628,11903],[11916,11999],[12012,12191],[12204,12383],[12396,12671],[12684,12767],[12780,12959],[12972,14639],[14664,16079],[16092,16823],[16860,17687]]},"scratch":{"scratch_ratio":0.024757804090419805,"scratch_positions_ratio":0.048625792811839326,"scratch_with_key_chord_rate":1.0,"scratch_per_sec":0.3645833333333333,"scratch_burst_max_per_sec":5.0,"scratch_burst_window_sec":1.0,"scratch_notes":46,"scratch_positions":46,"total_notes":1858,"total_positions":946,"chart_seconds":126.17142857142858},"soft":{"base_bpm":175.0,"intensity":0.0,"up_intensity":0.0,"down_intensity":0.0,"max_intensity":0.0,"max_up_intensity":0.0,"max_down_intensity":0.0,"step_frequency":0.0,"ramp_frequency":0.0,"continuity_beats":0.0,"off_base_note_ratio":0.0,"gimmick_burst_score":0.0,"max_off_base_density_per_beat":0.0,"base_mean_density_per_beat":5.043478260869565,"base_density_source":"on_base","distinct_off_base_bpm_count":0,"bpm_change_events":0,"measure_count":93},"ln":{"ln_ratio":0.0,"ln_hold_time_mean_beats":0.0,"ln_simultaneity_rate":0.0,"ln_simultaneity_weighted":0.0,"ln_count":0,"ln_positions":0,"total_notes":1858},"stair":{"stair_index":0.18835978835978837,"stair_transitions":178,"eligible_transitions":945},"peak":{"peak_local_max_density":9.0,"peak_local_max_density_per_sec":26.25,"peak_max_chord_size":6,"peak_concentration":0.37029063509149623,"total_notes":1858,"intervals":[[1584,1955],[4812,5003],[5604,5975],[6468,6707],[9588,9791],[10260,10919],[11028,11519],[14772,15527],[15636,15911],[16332,16847],[16884,17639]]},"jack":{"jack_pairs":5,"jack_in_stream_pairs":5,"jack_outside_pairs":0,"pure_jack_per_sec":0.0,"flow_break_per_stream_sec":0.04346746150024837,"stream_seconds":115.02857142857147,"non_stream_seconds":11.14285714285711,"chart_seconds":126.17142857142858,"window_ticks":24,"min_region_sec":10.0},"distraction":{"mode_formulation":"SP","qualifying_window_count":5,"qualifying_scratches":39,"qualifying_flow_sec":59.14285714285716,"distract_density":0.6594202898550723,"distract_event_per_sec":0.08454106280193234,"scratch_chord_pair_count":66,"chord_time_threshold_sec":0.01667,"min_scratches":3}},"warnings":[],"tags":["stair_focused"],"scales":["★"]}