{"md5":"6cca64f56cc571e7be47d89f9c09f604","headers":{"title":"プナイプナイせんそう","artist":"立秋 feat.ちょこ / obj:七海千秋","genre":"プナイプナイWAR","playlevel":"24","base_bpm":271.0},"mode":"SP","scope":"playable_only","scaling_mode":"p99_linear","params":{"stream_window_ticks":48,"stream_density_threshold_per_beat":4.0,"peak_window_ticks":192,"peak_min_window_notes":4,"felt_bpm_trigger_eff_bpm":500.0,"felt_bpm_trigger_peak_per_sec":200.0,"felt_bpm_target_peak_per_sec":100.0,"felt_bpm_floor":30.0,"jack_window_ticks":24,"soft_burst_ref":8.0,"soft_freq_ref":0.1,"soft_burst_exp":1.5,"soft_freq_exp":1.5,"chord_time_threshold_ms":16.67,"sp_distraction_min_scratches":3,"dp_distraction_window_sec_min":0.2,"dp_distraction_window_sec_max":0.8,"stream_density_ref_per_sec":40.0,"peak_density_ref_per_sec":70.0,"chord_size_ref":3.5,"ln_simultaneity_ref":0.05,"scratch_density_ref_per_sec":1.5,"scratch_ratio_ref":0.1,"distraction_density_ref":2.0,"distraction_event_ref":0.15},"raw_axes":{"chord":2.063555114200596,"stream":22.659896864686466,"scratch":0.10752669779173041,"soft":0.0,"ln":0.0,"stair":0.17196819085487078,"peak":42.90833333333333,"distraction":1.6882686084142393},"x_chord":0.536,"x_stream":0.561,"x_scratch":0.26,"x_soft":0.0,"x_ln":0.0,"x_stair":0.523,"x_peak":0.488,"x_distraction":0.455,"submetrics":{"chord":{"chord_rate":0.6564051638530288,"avg_chord_size":3.1437216338880485,"chord_positions":661,"total_positions":1007},"stream":{"stream_coverage":0.8551980198019802,"stream_density_mean":5.866420664206642,"stream_density_mean_per_sec":26.496666666666666,"stream_windows":46,"notes_in_stream":2073,"total_notes":2424,"intervals":[[132,395],[1236,1295],[1476,1559],[2004,2063],[2196,2327],[2388,2447],[2772,2831],[3228,3287],[3336,4079],[4092,4175],[4188,5615],[5628,6767],[8220,8279],[8340,8399],[8580,8663],[8796,8855],[9108,9167],[9348,9431],[9756,9839],[9948,10031],[10140,10223],[10332,10415],[10476,10607],[10620,10703],[10716,10799],[10812,10895],[10908,10991],[11100,14435],[14580,14831],[14844,14903],[15036,15095],[15348,15407],[15804,15863],[16116,16199],[16380,16439],[16572,16631],[16884,16943],[17148,17207],[17268,17327],[17652,17735],[18204,26135],[26280,26543],[26580,26639],[26844,26903],[26964,27023],[27408,27575]]},"scratch":{"scratch_ratio":0.07508250825082509,"scratch_positions_ratio":0.1807348560079444,"scratch_with_key_chord_rate":0.9340659340659341,"scratch_per_sec":1.4321138211382114,"scratch_burst_max_per_sec":10.0,"scratch_burst_window_sec":1.0,"scratch_notes":182,"scratch_positions":182,"total_notes":2424,"total_positions":1007,"chart_seconds":127.08487084870849},"soft":{"base_bpm":271.0,"intensity":0.0,"up_intensity":0.0,"down_intensity":0.0,"max_intensity":0.0,"max_up_intensity":0.0,"max_down_intensity":0.0,"step_frequency":0.0,"ramp_frequency":0.0,"continuity_beats":0.0,"off_base_note_ratio":0.0,"gimmick_burst_score":0.0,"max_off_base_density_per_beat":0.0,"base_mean_density_per_beat":4.219512195121951,"base_density_source":"on_base","distinct_off_base_bpm_count":0,"bpm_change_events":0,"measure_count":144},"ln":{"ln_ratio":0.0,"ln_hold_time_mean_beats":0.0,"ln_simultaneity_rate":0.0,"ln_simultaneity_weighted":0.0,"ln_count":0,"ln_positions":0,"total_notes":2424},"stair":{"stair_index":0.17196819085487078,"stair_transitions":173,"eligible_transitions":1006},"peak":{"peak_local_max_density":9.5,"peak_local_max_density_per_sec":42.90833333333333,"peak_max_chord_size":6,"peak_concentration":0.43481848184818483,"total_notes":2424,"intervals":[[4380,4751],[4884,5591],[5652,5951],[5964,6335],[11136,11639],[12036,12407],[12852,13271],[13584,14327],[20328,20855],[21252,21623],[21864,22391],[22800,23207],[24228,24767],[24780,25019],[25224,26015],[26280,26555]]},"jack":{"jack_pairs":24,"jack_in_stream_pairs":14,"jack_outside_pairs":10,"pure_jack_per_sec":0.23192126658108705,"flow_break_per_stream_sec":0.1667325862447813,"stream_seconds":83.96678966789672,"non_stream_seconds":43.11808118081177,"chart_seconds":127.08487084870849,"window_ticks":24,"min_region_sec":10.0},"distraction":{"mode_formulation":"SP","qualifying_window_count":6,"qualifying_scratches":151,"qualifying_flow_sec":68.41328413284134,"distract_density":2.2071736785329015,"distract_event_per_sec":0.08770226537216827,"scratch_chord_pair_count":273,"chord_time_threshold_sec":0.01667,"min_scratches":3}},"warnings":[],"tags":["scratch_active","peak_intense","distraction_heavy","scratch_burst","scratch_chord","fast_chart"],"scales":["st"]}