{"md5":"431bce1dce0c5c293dacc09c79e86b9b","headers":{"title":"Chronomia [ANOTHER7]","artist":"Lime / inukoro","genre":"Dramatical","playlevel":"12","base_bpm":227.0},"mode":"SP","scope":"playable_only","scaling_mode":"p99_linear","params":{"stream_window_ticks":48,"stream_density_threshold_per_beat":4.0,"peak_window_ticks":192,"peak_min_window_notes":4,"peak_min_window_sec":0.05,"felt_bpm_trigger_eff_bpm":500.0,"felt_bpm_trigger_peak_per_sec":200.0,"felt_bpm_target_peak_per_sec":100.0,"felt_bpm_floor":30.0,"jack_window_ticks":24,"soft_burst_ref":8.0,"soft_freq_ref":0.1,"soft_burst_exp":1.5,"soft_freq_exp":1.5,"chord_time_threshold_ms":16.67,"sp_distraction_min_scratches":3,"sp_distraction_bin_sec":0.25,"sp_distraction_t_key":2,"sp_distraction_gap_bins":2,"dp_distraction_window_sec_min":0.2,"dp_distraction_window_sec_max":0.8,"stream_density_ref_per_sec":40.0,"peak_density_ref_per_sec":70.0,"chord_size_ref":3.5,"ln_simultaneity_ref":0.05,"scratch_density_ref_per_sec":1.5,"scratch_ratio_ref":0.1,"distraction_density_ref":2.0,"distraction_event_ref":0.15},"raw_axes":{"chord":1.0532286212914486,"stream":14.512805805039516,"scratch_per_sec":0.6759390785825515,"scratch_burst_max_per_sec":7.0,"scratch_max_run_sec":4.096916299559467,"soft":0.0,"stair":0.1628721541155867,"peak":29.320833333333333,"ln_m1_short_rate_rt":0.0,"ln_m2_density_rt":0.0,"ln_m2_burst_max_rt":0.0,"ln_m3_density_rt":0.0,"ln_m_concurrent_rt":0.0,"adv_hand_imb":0.0,"adv_rel_pressure_1beat":0.0,"adv_ln_hold_min_beats":0.0,"adv_ln_chord_big_rate":0.0,"adv_ln_scatter_cv":0.0,"distraction":2.8761897527441223},"x_chord":0.27,"x_stream":0.374,"x_scratch":0.183,"x_soft":0.0,"x_ln":0.0,"x_stair":0.462,"x_peak":0.492,"x_distraction":0.177,"ln_advanced_score":0.0,"submetrics":{"chord":{"chord_rate":0.4031413612565445,"avg_chord_size":2.6125541125541125,"chord_positions":462,"total_positions":1146},"stream":{"stream_coverage":0.8343558282208589,"stream_density_mean":4.597539543057996,"stream_density_mean_per_sec":17.39402460456942,"stream_windows":67,"notes_in_stream":1496,"total_notes":1793,"intervals":[[732,816],[1164,1224],[2268,2352],[2460,2880],[3012,3120],[3588,3648],[4152,4272],[4476,4560],[4572,4800],[4812,5184],[5244,5568],[5604,5664],[5676,7128],[7152,7788],[7872,7968],[7980,8148],[8172,8256],[8304,8556],[8580,8940],[8964,9648],[9660,9840],[9852,10128],[10356,10680],[10728,11100],[11112,11448],[11484,11568],[11604,11808],[11868,11952],[12060,12144],[12252,12312],[13044,13104],[13164,13536],[13548,13608],[13620,13872],[13932,14232],[14316,14640],[14700,15168],[15252,15792],[15852,16008],[16044,17712],[18204,18288],[18972,19032],[19716,19896],[19908,19992],[20052,20136],[20148,20232],[20292,20400],[20424,20508],[20568,20628],[20640,20700],[21096,22752],[22764,23136],[23148,23520],[23532,23736],[23772,23856],[23988,24048],[24060,24144],[24156,24240],[24252,24312],[24324,24384],[24396,24456],[24468,24600],[24612,24672],[24684,24744],[24756,24816],[24828,25752],[26292,26352]]},"scratch":{"scratch_ratio":0.05182443151771549,"scratch_positions_ratio":0.08551483420593368,"scratch_with_key_chord_rate":0.9693877551020408,"scratch_per_sec":0.6759390785825515,"scratch_burst_max_per_sec":7.0,"scratch_burst_window_sec":1.0,"scratch_max_run_sec":4.096916299559467,"ls_count":0,"ls_per_sec":0.0,"ls_complexity_mean":0.0,"scratch_notes":98,"scratch_positions":98,"total_notes":1891,"total_positions":1146,"chart_seconds":144.98348017621146},"soft":{"base_bpm":227.0,"intensity":0.0,"up_intensity":0.0,"down_intensity":0.0,"max_intensity":0.0,"max_up_intensity":0.0,"max_down_intensity":0.0,"step_frequency":0.0,"ramp_frequency":0.0,"continuity_beats":0.0,"off_base_note_ratio":0.0,"gimmick_burst_score":0.0,"max_off_base_density_per_beat":0.0,"base_mean_density_per_beat":3.4457611668185963,"base_density_source":"on_base","distinct_off_base_bpm_count":0,"bpm_change_events":0,"measure_count":138},"ln":{"ln_ratio":0.0,"ln_hold_time_mean_beats":0.0,"ln_simultaneity_rate":0.0,"ln_simultaneity_weighted":0.0,"ln_count":0,"ln_count_raw":0,"ln_positions":0,"total_notes":1891,"m1_short_count_rt":0,"m1_short_rate_rt":0.0,"m2_long_count_rt":0,"m2_density_rt":0.0,"m2_burst_max_rt":0.0,"m3_density_rt":0.0,"m_concurrent_rt":0.0,"total_long_sec":0.0,"long_active_sec":0.0,"long_hold_sec_mean":0.0,"long_hold_sec_max":0.0,"adv_hand_imb":0.0,"adv_rel_pressure_1beat":0.0,"adv_ln_hold_min_beats":0.0,"adv_ln_chord_big_rate":0.0,"adv_ln_scatter_cv":0.0},"stair":{"stair_index":0.1628721541155867,"stair_transitions":186,"eligible_transitions":1142},"peak":{"peak_local_max_density":7.75,"peak_local_max_density_per_sec":29.320833333333333,"peak_max_chord_size":4,"peak_concentration":0.3390964863357501,"total_notes":1793,"intervals":[[5580,5940],[6036,7128],[7188,7824],[8304,8556],[11004,11208],[14376,14652],[16032,16296],[16476,16848],[17484,17688],[22476,23160],[23220,23544],[24324,24696],[24756,25788]]},"jack":{"jack_pairs":0,"jack_in_stream_pairs":0,"jack_outside_pairs":0,"pure_jack_per_sec":0.0,"flow_break_per_stream_sec":0.0,"stream_seconds":94.69713656387654,"non_stream_seconds":50.28634361233492,"chart_seconds":144.98348017621146,"window_ticks":24,"min_region_sec":10.0},"distraction":{"mode_formulation":"SP","v3_score":2.8761897527441223,"qualifying_intervals":4,"qualifying_flow_sec":127.0,"qualifying_scratches":94,"scratch_chord_pair_count":108,"chord_time_threshold_sec":0.01667,"min_scratches":3,"bin_sec":0.25,"t_key":2,"gap_bins":2}},"warnings":[],"axis_intensities":{"chord":"green","stream":"green","peak":"yellow","scratch":"red","soft":null,"ln":null,"stair":"yellow","distraction":"yellow"},"tags":[],"scales":["sl"]}