{"md5":"0a5a22bb66911a512906699b1f2962f2","headers":{"title":"創世記: GeNeSiS","artist":"Mochius Atoi / BMS: Constellation","genre":"Alternative","playlevel":"12","base_bpm":186.0},"mode":"SP","scope":"playable_only","scaling_mode":"p99_linear","params":{"stream_window_ticks":48,"stream_density_threshold_per_beat":4.0,"peak_window_ticks":192,"peak_min_window_notes":4,"peak_min_window_sec":0.05,"felt_bpm_trigger_eff_bpm":500.0,"felt_bpm_trigger_peak_per_sec":200.0,"felt_bpm_target_peak_per_sec":100.0,"felt_bpm_floor":30.0,"jack_window_ticks":24,"soft_burst_ref":8.0,"soft_freq_ref":0.1,"soft_burst_exp":1.5,"soft_freq_exp":1.5,"chord_time_threshold_ms":16.67,"sp_distraction_min_scratches":3,"dp_distraction_window_sec_min":0.2,"dp_distraction_window_sec_max":0.8,"stream_density_ref_per_sec":40.0,"peak_density_ref_per_sec":70.0,"chord_size_ref":3.5,"ln_simultaneity_ref":0.05,"scratch_density_ref_per_sec":1.5,"scratch_ratio_ref":0.1,"distraction_density_ref":2.0,"distraction_event_ref":0.15},"raw_axes":{"chord":1.0640776699029126,"stream":13.359985364810527,"scratch":0.0013573210022666258,"soft":0.0,"stair":0.09912536443148688,"peak":25.575,"ln_m1_short_rate_rt":0.0,"ln_m2_density_rt":0.0,"ln_m2_burst_max_rt":0.0,"ln_m3_density_rt":0.0,"ln_m_concurrent_rt":0.0,"adv_hand_imb":0.3333333333333333,"adv_rel_pressure_1beat":0.0,"adv_ln_hold_min_beats":7.0,"adv_ln_chord_big_rate":0.0,"adv_ln_scatter_cv":0.848528137423857,"distraction":0.48627450980392156},"x_chord":0.272,"x_stream":0.335,"x_scratch":0.003,"x_soft":0.0,"x_ln":0.0,"x_stair":0.288,"x_peak":0.413,"x_distraction":0.114,"ln_advanced_score":0.0,"submetrics":{"chord":{"chord_rate":0.46601941747572817,"avg_chord_size":2.283333333333333,"chord_positions":480,"total_positions":1030},"stream":{"stream_coverage":0.8365735115431349,"stream_density_mean":5.1515768056968465,"stream_density_mean_per_sec":15.969888097660224,"stream_windows":55,"notes_in_stream":1377,"total_notes":1646,"intervals":[[2064,2148],[2340,2400],[2436,2496],[2628,2712],[2724,2784],[2832,2904],[3012,3288],[3396,3480],[3492,3552],[3576,3672],[3876,3936],[3972,4056],[4164,4248],[4260,4320],[4380,4440],[4548,4824],[5028,5088],[5100,5376],[5388,5592],[5604,5760],[5772,5976],[5988,6144],[6156,6528],[6540,8100],[8160,11376],[14364,14448],[14748,14808],[15132,15192],[15516,15576],[15900,17136],[17436,17520],[17532,17592],[17628,17688],[17820,17904],[17916,17976],[18012,18072],[18204,18288],[18300,18360],[18396,18456],[18588,18672],[18684,18744],[18780,18840],[18972,19056],[19068,19128],[19164,19224],[19356,19440],[19452,19512],[19548,19608],[19740,19824],[19836,19896],[19932,19992],[20124,20208],[20220,20280],[20316,20376],[20508,23652]]},"scratch":{"scratch_ratio":0.012150668286755772,"scratch_positions_ratio":0.019417475728155338,"scratch_with_key_chord_rate":0.95,"scratch_per_sec":0.1117075184865433,"scratch_burst_max_per_sec":1.0,"scratch_burst_window_sec":1.0,"scratch_notes":20,"scratch_positions":20,"total_notes":1646,"total_positions":1030,"chart_seconds":179.03897849462365},"soft":{"base_bpm":186.0,"intensity":0.0,"up_intensity":0.0,"down_intensity":0.0,"max_intensity":0.0,"max_up_intensity":0.0,"max_down_intensity":0.0,"step_frequency":0.0,"ramp_frequency":0.0,"continuity_beats":0.0,"off_base_note_ratio":0.0,"gimmick_burst_score":0.0,"max_off_base_density_per_beat":0.0,"base_mean_density_per_beat":2.9657657657657657,"base_density_source":"on_base","distinct_off_base_bpm_count":0,"bpm_change_events":0,"measure_count":138},"ln":{"ln_ratio":0.0054678007290400975,"ln_hold_time_mean_beats":2.4444444444444446,"ln_simultaneity_rate":0.0,"ln_simultaneity_weighted":0.0,"ln_count":9,"ln_count_raw":9,"ln_positions":9,"total_notes":1646,"m1_short_count_rt":0,"m1_short_rate_rt":0.0,"m2_long_count_rt":3,"m2_density_rt":0.0,"m2_burst_max_rt":0.0,"m3_density_rt":0.0,"m_concurrent_rt":0.0,"total_long_sec":7.096774193548356,"long_active_sec":7.096774193548356,"long_hold_sec_mean":2.365591397849452,"long_hold_sec_max":2.580645161290306,"adv_hand_imb":0.3333333333333333,"adv_rel_pressure_1beat":0.0,"adv_ln_hold_min_beats":7.0,"adv_ln_chord_big_rate":0.0,"adv_ln_scatter_cv":0.848528137423857},"stair":{"stair_index":0.09912536443148688,"stair_transitions":102,"eligible_transitions":1029},"peak":{"peak_local_max_density":8.25,"peak_local_max_density_per_sec":25.575,"peak_max_chord_size":5,"peak_concentration":0.43377885783718106,"total_notes":1646,"intervals":[[7428,8136],[8544,9012],[9312,9780],[9792,10944],[11100,11364],[20532,20808],[20916,21192],[21300,21576],[21684,22344],[22452,23640]]},"jack":{"jack_pairs":8,"jack_in_stream_pairs":7,"jack_outside_pairs":1,"pure_jack_per_sec":0.011808586620109519,"flow_break_per_stream_sec":0.07418803418803417,"stream_seconds":94.35483870967744,"non_stream_seconds":84.68413978494621,"chart_seconds":179.03897849462365,"window_ticks":24,"min_region_sec":10.0},"distraction":{"mode_formulation":"SP","qualifying_window_count":3,"qualifying_scratches":12,"qualifying_flow_sec":53.46774193548387,"distract_density":0.2244343891402715,"distract_event_per_sec":0.056108597285067875,"scratch_chord_pair_count":27,"chord_time_threshold_sec":0.01667,"min_scratches":3}},"warnings":["Unterminated LNOBJ LN on lane P1_KEY6 started at m134 pos0.0; closing at EOF","Unterminated LNOBJ LN on lane P1_KEY2 started at m125 pos0.0; closing at EOF","Unterminated LNOBJ LN on lane P1_KEY1 started at m132 pos0.5; closing at EOF","Unterminated LNOBJ LN on lane P1_SCR started at m123 pos0.0; closing at EOF","Unterminated LNOBJ LN on lane P1_KEY5 started at m133 pos0.0; closing at EOF","Unterminated LNOBJ LN on lane P1_KEY7 started at m122 pos0.95833333; closing at EOF"],"tags":[],"scales":["so"]}