{"md5":"049accd5306faaa7c668fab8b17e10e1","headers":{"title":"Deublithick[INFELNO]","artist":"激辛マニア /差分赤い人","genre":"horror break","playlevel":"24","base_bpm":228.0},"mode":"SP","scope":"playable_only","scaling_mode":"p99_linear","params":{"stream_window_ticks":48,"stream_density_threshold_per_beat":4.0,"peak_window_ticks":192,"peak_min_window_notes":4,"felt_bpm_trigger_eff_bpm":500.0,"felt_bpm_trigger_peak_per_sec":200.0,"felt_bpm_target_peak_per_sec":100.0,"felt_bpm_floor":30.0,"jack_window_ticks":24,"soft_burst_ref":8.0,"soft_freq_ref":0.1,"soft_burst_exp":1.5,"soft_freq_exp":1.5,"chord_time_threshold_ms":16.67,"sp_distraction_min_scratches":3,"dp_distraction_window_sec_min":0.2,"dp_distraction_window_sec_max":0.8,"stream_density_ref_per_sec":40.0,"peak_density_ref_per_sec":70.0,"chord_size_ref":3.5,"ln_simultaneity_ref":0.05,"scratch_density_ref_per_sec":1.5,"scratch_ratio_ref":0.1,"distraction_density_ref":2.0,"distraction_event_ref":0.15},"raw_axes":{"chord":2.032527881040892,"stream":24.7586658777639,"scratch":0.0005578139114724481,"soft":0.0,"ln":0.0,"stair":0.2111627906976744,"peak":42.75,"distraction":0.6965125709651255},"x_chord":0.528,"x_stream":0.615,"x_scratch":0.001,"x_soft":0.0,"x_ln":0.0,"x_stair":0.642,"x_peak":0.52,"x_distraction":0.188,"submetrics":{"chord":{"chord_rate":0.7462825278810409,"avg_chord_size":2.723536737235367,"chord_positions":803,"total_positions":1076},"stream":{"stream_coverage":0.8731707317073171,"stream_density_mean":7.466307277628032,"stream_density_mean_per_sec":28.354896675651393,"stream_windows":50,"notes_in_stream":2148,"total_notes":2460,"intervals":[[828,911],[1212,1295],[1596,1679],[1980,2063],[2364,2447],[2748,2831],[2892,3023],[3036,3119],[3132,3215],[3300,3383],[3684,3767],[3900,4031],[4068,4151],[4452,4535],[4644,4751],[4836,4919],[5196,5303],[5316,5375],[5436,5591],[5604,5687],[5700,5759],[5820,5903],[5964,6071],[6108,6431],[6516,6719],[6732,6959],[7068,7199],[7284,7487],[7500,7727],[7740,7943],[8052,8255],[8268,8495],[8508,8591],[8604,8711],[8820,9023],[9036,9263],[9276,9359],[9660,9743],[9900,9983],[10428,10511],[10620,10751],[10908,10991],[11052,11279],[11292,11375],[11436,12347],[12360,12527],[12540,16367],[17052,17891],[18300,18359],[18372,22511]]},"scratch":{"scratch_ratio":0.005284552845528455,"scratch_positions_ratio":0.012081784386617101,"scratch_with_key_chord_rate":1.0,"scratch_per_sec":0.10555555555555556,"scratch_burst_max_per_sec":2.0,"scratch_burst_window_sec":1.0,"scratch_notes":13,"scratch_positions":13,"total_notes":2460,"total_positions":1076,"chart_seconds":123.15789473684211},"soft":{"base_bpm":228.0,"intensity":0.0,"up_intensity":0.0,"down_intensity":0.0,"max_intensity":0.0,"max_up_intensity":0.0,"max_down_intensity":0.0,"step_frequency":0.0,"ramp_frequency":0.0,"continuity_beats":0.0,"off_base_note_ratio":0.0,"gimmick_burst_score":0.0,"max_off_base_density_per_beat":0.0,"base_mean_density_per_beat":5.245726495726496,"base_density_source":"on_base","distinct_off_base_bpm_count":0,"bpm_change_events":0,"measure_count":118},"ln":{"ln_ratio":0.0,"ln_hold_time_mean_beats":0.0,"ln_simultaneity_rate":0.0,"ln_simultaneity_weighted":0.0,"ln_count":0,"ln_positions":0,"total_notes":2460},"stair":{"stair_index":0.2111627906976744,"stair_transitions":227,"eligible_transitions":1075},"peak":{"peak_local_max_density":11.25,"peak_local_max_density_per_sec":42.75,"peak_max_chord_size":6,"peak_concentration":0.45365853658536587,"total_notes":2460,"intervals":[[13236,14915],[15072,15791],[15936,16331],[18804,19007],[19344,19715],[20160,20411],[20520,21095],[21204,22499]]},"jack":{"jack_pairs":4,"jack_in_stream_pairs":3,"jack_outside_pairs":1,"pure_jack_per_sec":0.026072041166380795,"flow_break_per_stream_sec":0.035376260667183856,"stream_seconds":84.80263157894738,"non_stream_seconds":38.355263157894726,"chart_seconds":123.15789473684211,"window_ticks":24,"min_region_sec":10.0},"distraction":{"mode_formulation":"SP","qualifying_window_count":2,"qualifying_scratches":11,"qualifying_flow_sec":27.039473684210535,"distract_density":0.4068126520681264,"distract_event_per_sec":0.07396593673965934,"scratch_chord_pair_count":20,"chord_time_threshold_sec":0.01667,"min_scratches":3}},"warnings":[],"tags":["stair_focused","peak_intense","burst_focused","fast_chart"],"scales":["st"]}