{"md5":"ef950ae2fefba3c6c4c2055ccf648189","headers":{"title":"天空の城ヴェリエル [RUSH]","artist":"うえつ氏 / obj_じゃっこ氏","genre":"Grand Finale","playlevel":"15","base_bpm":222.0},"mode":"SP","scope":"playable_only","scaling_mode":"p99_linear","params":{"stream_window_ticks":48,"stream_density_threshold_per_beat":4.0,"peak_window_ticks":192,"peak_min_window_notes":4,"peak_min_window_sec":0.05,"felt_bpm_trigger_eff_bpm":500.0,"felt_bpm_trigger_peak_per_sec":200.0,"felt_bpm_target_peak_per_sec":100.0,"felt_bpm_floor":30.0,"jack_window_ticks":24,"soft_burst_ref":8.0,"soft_freq_ref":0.1,"soft_burst_exp":1.5,"soft_freq_exp":1.5,"chord_time_threshold_ms":16.67,"sp_distraction_min_scratches":3,"dp_distraction_window_sec_min":0.2,"dp_distraction_window_sec_max":0.8,"stream_density_ref_per_sec":40.0,"peak_density_ref_per_sec":70.0,"chord_size_ref":3.5,"ln_simultaneity_ref":0.05,"scratch_density_ref_per_sec":1.5,"scratch_ratio_ref":0.1,"distraction_density_ref":2.0,"distraction_event_ref":0.15},"raw_axes":{"chord":1.2111486486486487,"stream":21.077959016300074,"scratch":0.023866681068157706,"soft":0.0,"ln":0.0,"stair":0.16060862214708369,"peak":33.3,"distraction":0.9757642725598523},"x_chord":0.305,"x_stream":0.525,"x_scratch":0.057,"x_soft":0.0,"x_ln":0.0,"x_stair":0.473,"x_peak":0.537,"x_distraction":0.258,"submetrics":{"chord":{"chord_rate":0.4527027027027027,"avg_chord_size":2.675373134328358,"chord_positions":536,"total_positions":1184},"stream":{"stream_coverage":0.8414985590778098,"stream_density_mean":6.769762845849803,"stream_density_mean_per_sec":25.048122529644267,"stream_windows":23,"notes_in_stream":1752,"total_notes":2082,"intervals":[[156,240],[3228,5604],[5916,8676],[8748,8880],[8892,8976],[8988,9504],[9804,9888],[9996,10080],[10188,10272],[10572,10656],[10956,11040],[12108,12192],[12300,12384],[12492,15636],[17124,17184],[17484,17568],[17868,17952],[18060,18144],[18180,18240],[18252,18336],[18456,21024],[21084,21216],[21228,21768]]},"scratch":{"scratch_ratio":0.037463976945244955,"scratch_positions_ratio":0.06587837837837837,"scratch_with_key_chord_rate":0.9743589743589743,"scratch_per_sec":0.6370567946654403,"scratch_burst_max_per_sec":5.0,"scratch_burst_window_sec":1.0,"scratch_notes":78,"scratch_positions":78,"total_notes":2082,"total_positions":1184,"chart_seconds":122.43806306306307},"soft":{"base_bpm":222.0,"intensity":0.0,"up_intensity":0.0,"down_intensity":0.0,"max_intensity":0.0,"max_up_intensity":0.0,"max_down_intensity":0.0,"step_frequency":0.0,"ramp_frequency":0.0,"continuity_beats":0.0,"off_base_note_ratio":0.0,"gimmick_burst_score":0.0,"max_off_base_density_per_beat":0.0,"base_mean_density_per_beat":4.593818984547461,"base_density_source":"on_base","distinct_off_base_bpm_count":0,"bpm_change_events":0,"measure_count":115},"ln":{"ln_ratio":0.0,"ln_hold_time_mean_beats":0.0,"ln_simultaneity_rate":0.0,"ln_simultaneity_weighted":0.0,"ln_count":0,"ln_positions":0,"total_notes":2082},"stair":{"stair_index":0.16060862214708369,"stair_transitions":190,"eligible_transitions":1183},"peak":{"peak_local_max_density":9.0,"peak_local_max_density_per_sec":33.3,"peak_max_chord_size":6,"peak_concentration":0.5024015369836695,"total_notes":2082,"intervals":[[3624,3816],[5952,6396],[6684,7128],[7488,7692],[7908,8664],[9000,9408],[12528,13008],[13200,13392],[13440,13896],[14892,15648],[18924,19548],[19764,21012],[21324,21756]]},"jack":{"jack_pairs":4,"jack_in_stream_pairs":4,"jack_outside_pairs":0,"pure_jack_per_sec":0.0,"flow_break_per_stream_sec":0.053185595567867026,"stream_seconds":75.20833333333334,"non_stream_seconds":47.229729729729726,"chart_seconds":122.43806306306307,"window_ticks":24,"min_region_sec":10.0},"distraction":{"mode_formulation":"SP","qualifying_window_count":4,"qualifying_scratches":66,"qualifying_flow_sec":61.14864864864867,"distract_density":1.0793370165745853,"distract_event_per_sec":0.06541436464088396,"scratch_chord_pair_count":105,"chord_time_threshold_sec":0.01667,"min_scratches":3}},"warnings":[],"tags":["burst_focused","fast_chart"],"scales":["sl","★"]}