{"md5":"db74f2fa8e093ff854f4d7c40226b4c8","headers":{"title":"LOSTAIR -SA-","artist":"Nardis","genre":"174","playlevel":"6","base_bpm":174.0},"mode":"SP","scope":"playable_only","scaling_mode":"p99_linear","params":{"stream_window_ticks":48,"stream_density_threshold_per_beat":4.0,"peak_window_ticks":192,"peak_min_window_notes":4,"peak_min_window_sec":0.05,"felt_bpm_trigger_eff_bpm":500.0,"felt_bpm_trigger_peak_per_sec":200.0,"felt_bpm_target_peak_per_sec":100.0,"felt_bpm_floor":30.0,"jack_window_ticks":24,"soft_burst_ref":8.0,"soft_freq_ref":0.1,"soft_burst_exp":1.5,"soft_freq_exp":1.5,"chord_time_threshold_ms":16.67,"sp_distraction_min_scratches":3,"dp_distraction_window_sec_min":0.2,"dp_distraction_window_sec_max":0.8,"stream_density_ref_per_sec":40.0,"peak_density_ref_per_sec":70.0,"chord_size_ref":3.5,"ln_simultaneity_ref":0.05,"scratch_density_ref_per_sec":1.5,"scratch_ratio_ref":0.1,"distraction_density_ref":2.0,"distraction_event_ref":0.15},"raw_axes":{"chord":2.157258064516129,"stream":18.917039161392406,"scratch":0.013213152786326406,"soft":0.0,"ln":0.0,"stair":0.2772543741588156,"peak":28.999999999999996,"distraction":0.9230470645317805,"pure_jack_raw":0.0,"flow_break_raw":0.04352720450281426},"x_chord":0.543,"x_stream":0.472,"x_scratch":0.032,"x_soft":0.0,"x_ln":0.0,"x_stair":0.817,"x_peak":0.468,"x_distraction":0.244,"jack_signal":0.041,"noise_budget":0.317,"submetrics":{"chord":{"chord_rate":0.6626344086021505,"avg_chord_size":3.255578093306288,"chord_positions":493,"total_positions":744},"stream":{"stream_coverage":0.9342672413793104,"stream_density_mean":6.982067510548523,"stream_density_mean_per_sec":20.247995780590717,"stream_windows":27,"notes_in_stream":1734,"total_notes":1856,"intervals":[[324,408],[648,780],[1032,1164],[1416,1620],[1860,1944],[2184,2316],[3396,3504],[4176,4248],[4500,4584],[4716,4800],[4812,4968],[5028,5088],[5100,5280],[5292,5496],[5508,7224],[7260,8880],[9072,9264],[9456,9648],[9840,10092],[10284,10416],[10608,10788],[10896,11040],[11280,11364],[11376,11628],[11736,12864],[12876,13248],[13284,18096]]},"scratch":{"scratch_ratio":0.03286637931034483,"scratch_positions_ratio":0.08198924731182795,"scratch_with_key_chord_rate":0.9180327868852459,"scratch_per_sec":0.4020264192036362,"scratch_burst_max_per_sec":4.0,"scratch_burst_window_sec":1.0,"scratch_notes":61,"scratch_positions":61,"total_notes":1856,"total_positions":744,"chart_seconds":151.73132183908046},"soft":{"base_bpm":174.0,"intensity":0.0,"up_intensity":0.0,"down_intensity":0.0,"max_intensity":0.0,"max_up_intensity":0.0,"max_down_intensity":0.0,"step_frequency":0.0,"ramp_frequency":0.0,"continuity_beats":0.0,"off_base_note_ratio":0.0,"gimmick_burst_score":0.0,"max_off_base_density_per_beat":0.0,"base_mean_density_per_beat":4.215909090909091,"base_density_source":"on_base","distinct_off_base_bpm_count":0,"bpm_change_events":0,"measure_count":111},"ln":{"ln_ratio":0.004310344827586207,"ln_hold_time_mean_beats":0.0,"ln_simultaneity_rate":0.0,"ln_simultaneity_weighted":0.0,"ln_count":8,"ln_positions":8,"total_notes":1856},"stair":{"stair_index":0.2772543741588156,"stair_transitions":206,"eligible_transitions":743},"peak":{"peak_local_max_density":10.0,"peak_local_max_density_per_sec":28.999999999999996,"peak_max_chord_size":7,"peak_concentration":0.5641163793103449,"total_notes":1856,"intervals":[[5796,6168],[6180,7080],[7332,7704],[7716,8904],[9852,10080],[13428,13656],[13692,14040],[14772,15468],[15504,15852],[15888,16308],[16320,16656],[16716,17004],[17484,18096]]},"jack":{"jack_pairs":4,"jack_in_stream_pairs":4,"jack_outside_pairs":0,"pure_jack_per_sec":0.0,"flow_break_per_stream_sec":0.04352720450281426,"stream_seconds":91.89655172413792,"non_stream_seconds":59.83477011494254,"chart_seconds":151.73132183908046,"window_ticks":24,"min_region_sec":10.0},"distraction":{"mode_formulation":"SP","qualifying_window_count":4,"qualifying_scratches":56,"qualifying_flow_sec":59.22413793103449,"distract_density":0.9455604075691411,"distract_event_per_sec":0.0675400291120815,"scratch_chord_pair_count":102,"chord_time_threshold_sec":0.01667,"min_scratches":3}},"warnings":["Unterminated LNOBJ LN on lane P1_KEY1 started at m94 pos0.0; closing at EOF","Unterminated LNOBJ LN on lane P1_KEY2 started at m106 pos0.875; closing at EOF","Unterminated LNOBJ LN on lane P1_KEY3 started at m107 pos0.375; closing at EOF","Unterminated LNOBJ LN on lane P1_KEY4 started at m108 pos0.0; closing at EOF","Unterminated LNOBJ LN on lane P1_KEY5 started at m109 pos0.0; closing at EOF","Unterminated LNOBJ LN on lane P1_KEY6 started at m108 pos0.375; closing at EOF","Unterminated LNOBJ LN on lane P1_KEY7 started at m109 pos0.375; closing at EOF","Unterminated LNOBJ LN on lane P1_SCR started at m110 pos0.0; closing at EOF"],"tags":["stair_focused","burst_focused"],"scales":["sl"]}