{"md5":"135443cc431b85603a5f52500e589566","headers":{"title":"Missing Banquet [7KEY ANOTHER]","artist":"U2 Remixed by rider","genre":"MAKINA","playlevel":"12","base_bpm":180.0},"mode":"SP","scope":"playable_only","scaling_mode":"p99_linear","params":{"stream_window_ticks":48,"stream_density_threshold_per_beat":4.0,"peak_window_ticks":192,"peak_min_window_notes":4,"peak_min_window_sec":0.05,"felt_bpm_trigger_eff_bpm":500.0,"felt_bpm_trigger_peak_per_sec":200.0,"felt_bpm_target_peak_per_sec":100.0,"felt_bpm_floor":30.0,"jack_window_ticks":24,"soft_burst_ref":8.0,"soft_freq_ref":0.1,"soft_burst_exp":1.5,"soft_freq_exp":1.5,"chord_time_threshold_ms":16.67,"sp_distraction_min_scratches":3,"dp_distraction_window_sec_min":0.2,"dp_distraction_window_sec_max":0.8,"stream_density_ref_per_sec":40.0,"peak_density_ref_per_sec":70.0,"chord_size_ref":3.5,"ln_simultaneity_ref":0.05,"scratch_density_ref_per_sec":1.5,"scratch_ratio_ref":0.1,"distraction_density_ref":2.0,"distraction_event_ref":0.15},"raw_axes":{"chord":1.5259095920617418,"stream":14.004690186686318,"scratch":0.016087868615019055,"soft":0.0,"ln":0.01638418079096045,"stair":0.1490066225165563,"peak":21.75,"distraction":0.664061877043298},"x_chord":0.396,"x_stream":0.347,"x_scratch":0.039,"x_soft":0.0,"x_ln":0.26,"x_stair":0.453,"x_peak":0.258,"x_distraction":0.179,"submetrics":{"chord":{"chord_rate":0.5744211686879823,"avg_chord_size":2.656429942418426,"chord_positions":521,"total_positions":907},"stream":{"stream_coverage":0.868361581920904,"stream_density_mean":5.375905797101449,"stream_density_mean_per_sec":16.127717391304348,"stream_windows":31,"notes_in_stream":1537,"total_notes":1770,"intervals":[[180,1079],[1116,2615],[2652,3503],[3804,3887],[3996,4079],[4188,4271],[4572,4655],[4764,4847],[4956,5039],[5340,5423],[5532,5615],[5724,5807],[6108,6191],[6300,6383],[6492,6623],[6636,6695],[6948,7007],[7020,7079],[7332,7391],[7404,7463],[7716,7775],[7788,7847],[8028,8111],[8412,8495],[8796,8879],[8988,9071],[9180,9263],[9276,9359],[9372,9455],[9468,15551],[15612,18839]]},"scratch":{"scratch_ratio":0.03446327683615819,"scratch_positions_ratio":0.06725468577728776,"scratch_with_key_chord_rate":0.9836065573770492,"scratch_per_sec":0.4668119253866185,"scratch_burst_max_per_sec":4.0,"scratch_burst_window_sec":1.0,"scratch_notes":61,"scratch_positions":61,"total_notes":1770,"total_positions":907,"chart_seconds":130.67361111111111},"soft":{"base_bpm":180.0,"intensity":0.0,"up_intensity":0.0,"down_intensity":0.0,"max_intensity":0.0,"max_up_intensity":0.0,"max_down_intensity":0.0,"step_frequency":0.0,"ramp_frequency":0.0,"continuity_beats":0.0,"off_base_note_ratio":0.0,"gimmick_burst_score":0.0,"max_off_base_density_per_beat":0.0,"base_mean_density_per_beat":4.510204081632653,"base_density_source":"on_base","distinct_off_base_bpm_count":0,"bpm_change_events":0,"measure_count":99},"ln":{"ln_ratio":0.010169491525423728,"ln_hold_time_mean_beats":0.9444444444444444,"ln_simultaneity_rate":0.01638418079096045,"ln_simultaneity_weighted":0.01638418079096045,"ln_count":18,"ln_positions":16,"total_notes":1770},"stair":{"stair_index":0.1490066225165563,"stair_transitions":135,"eligible_transitions":906},"peak":{"peak_local_max_density":7.25,"peak_local_max_density_per_sec":21.75,"peak_max_chord_size":6,"peak_concentration":0.32994350282485874,"total_notes":1770,"intervals":[[192,479],[1728,2111],[2304,2495],[2652,3383],[9480,9791],[10764,11303],[11676,12095],[12396,12851],[13980,14327],[14748,15071],[17100,17399],[18276,18731]]},"jack":{"jack_pairs":5,"jack_in_stream_pairs":2,"jack_outside_pairs":3,"pure_jack_per_sec":0.10256410256410252,"flow_break_per_stream_sec":0.01971927422115714,"stream_seconds":101.4236111111111,"non_stream_seconds":29.250000000000014,"chart_seconds":130.67361111111111,"window_ticks":24,"min_region_sec":10.0},"distraction":{"mode_formulation":"SP","qualifying_window_count":5,"qualifying_scratches":49,"qualifying_flow_sec":87.09027777777777,"distract_density":0.5626345586476358,"distract_event_per_sec":0.05741168965792202,"scratch_chord_pair_count":86,"chord_time_threshold_sec":0.01667,"min_scratches":3}},"warnings":["Unterminated LNOBJ LN on lane P1_KEY3 started at m97 pos0.875; closing at EOF","Unterminated LNOBJ LN on lane P1_SCR started at m98 pos0.0; closing at EOF","Unterminated LNOBJ LN on lane P1_KEY1 started at m98 pos0.0; closing at EOF","Unterminated LNOBJ LN on lane P1_KEY2 started at m97 pos0.25; closing at EOF","Unterminated LNOBJ LN on lane P1_KEY4 started at m96 pos0.875; closing at EOF","Unterminated LNOBJ LN on lane P1_KEY7 started at m97 pos0.5; closing at EOF","Unterminated LNOBJ LN on lane P1_KEY6 started at m97 pos0.75; closing at EOF","Unterminated LNOBJ LN on lane P1_KEY5 started at m97 pos0.875; closing at EOF"],"tags":["ln_chart"],"scales":["sl"]}