{"md5":"c6db5f8d4d492abcafb59c7ed1653dec","headers":{"title":"Lepontinia -THE LAST PLANET-","artist":"pr.s","genre":"BROKEN ARTCORE","playlevel":"16","base_bpm":196.0},"mode":"SP","scope":"playable_only","scaling_mode":"percentile_rank","params":{"stream_window_ticks":48,"stream_density_threshold_per_beat":4.0,"peak_window_ticks":192,"jack_window_ticks":24,"soft_burst_ref":8.0,"soft_freq_ref":0.1,"soft_burst_exp":1.5,"soft_freq_exp":1.5,"chord_time_threshold_ms":16.67,"sp_distraction_min_scratches":3,"dp_distraction_window_sec_min":0.2,"dp_distraction_window_sec_max":0.8,"stream_density_ref_per_sec":40.0,"peak_density_ref_per_sec":70.0,"chord_size_ref":3.5,"ln_simultaneity_ref":0.05,"scratch_density_ref_per_sec":1.5,"scratch_ratio_ref":0.1,"distraction_density_ref":2.0,"distraction_event_ref":0.15},"raw_axes":{"chord":1.6986301369863013,"stream":21.0549124082095,"scratch":0.00487971301197396,"soft":0.0,"ln":0.0,"stair":0.16270566727605118,"peak":35.11666666666667,"distraction":0.3455128205128206},"x_chord":0.4039282664389411,"x_stream":0.42322801024765155,"x_scratch":0.27361229718189584,"x_soft":0.0,"x_ln":0.0,"x_stair":0.5771135781383433,"x_peak":0.49769427839453456,"x_distraction":0.18121263877028182,"submetrics":{"chord":{"chord_rate":0.6273972602739726,"avg_chord_size":2.7074235807860263,"chord_positions":687,"total_positions":1095},"stream":{"stream_coverage":0.9528218694885362,"stream_density_mean":6.764518695306285,"stream_density_mean_per_sec":22.09742773800053,"stream_windows":28,"notes_in_stream":2161,"total_notes":2268,"intervals":[[156,239],[348,407],[564,623],[708,767],[852,1007],[1020,1391],[1404,3095],[3228,3311],[3612,3695],[3996,4079],[4188,4271],[4380,4463],[4764,4847],[4860,4943],[5052,5135],[5148,5231],[5244,5327],[5436,5519],[5532,5615],[5628,5711],[5724,5807],[5820,5903],[5916,5999],[6108,6191],[6492,10979],[11040,17327],[17628,19223],[19356,19439]]},"scratch":{"scratch_ratio":0.016313932980599646,"scratch_positions_ratio":0.033789954337899546,"scratch_with_key_chord_rate":0.8378378378378378,"scratch_per_sec":0.29911321922045786,"scratch_burst_max_per_sec":5.0,"scratch_burst_window_sec":1.0,"scratch_notes":37,"scratch_positions":37,"total_notes":2268,"total_positions":1095,"chart_seconds":123.69897959183673},"soft":{"base_bpm":196.0,"intensity":0.0,"up_intensity":0.0,"down_intensity":0.0,"max_intensity":0.0,"max_up_intensity":0.0,"max_down_intensity":0.0,"step_frequency":0.0,"ramp_frequency":0.0,"continuity_beats":0.0,"off_base_note_ratio":0.0,"gimmick_burst_score":0.0,"max_off_base_density_per_beat":0.0,"base_mean_density_per_beat":5.610228913177975,"base_density_source":"on_base","distinct_off_base_bpm_count":0,"bpm_change_events":0,"measure_count":102},"ln":{"ln_ratio":0.0,"ln_hold_time_mean_beats":0.0,"ln_simultaneity_rate":0.0,"ln_simultaneity_weighted":0.0,"ln_count":0,"ln_positions":0,"total_notes":2268},"stair":{"stair_index":0.16270566727605118,"stair_transitions":178,"eligible_transitions":1094},"peak":{"peak_local_max_density":10.75,"peak_local_max_density_per_sec":35.11666666666667,"peak_max_chord_size":5,"peak_concentration":0.29188712522045857,"total_notes":2268,"intervals":[[10368,10559],[10572,10967],[13944,14483],[14772,15023],[15036,15647],[15780,16199],[16260,17339],[18924,19223]]},"jack":{"jack_pairs":14,"jack_in_stream_pairs":14,"jack_outside_pairs":0,"pure_jack_per_sec":0.0,"flow_break_per_stream_sec":0.1344768439108062,"stream_seconds":104.10714285714283,"non_stream_seconds":19.5918367346939,"chart_seconds":123.69897959183673,"window_ticks":24,"min_region_sec":10.0},"distraction":{"mode_formulation":"SP","qualifying_window_count":3,"qualifying_scratches":15,"qualifying_flow_sec":79.59183673469386,"distract_density":0.1884615384615385,"distract_event_per_sec":0.037692307692307706,"scratch_chord_pair_count":43,"chord_time_threshold_sec":0.01667,"min_scratches":3}},"warnings":[],"tags":[],"scales":["sl","★"]}