{"md5":"f6ab8c78e25b0903ff1134129344091d","headers":{"title":"ラストクリスマスプレゼント","artist":"kooridori feat GUMI","genre":"fakechip Xmas song","playlevel":"12","base_bpm":150.0},"mode":"SP","scope":"playable_only","scaling_mode":"p99_linear","params":{"stream_window_ticks":48,"stream_density_threshold_per_beat":4.0,"peak_window_ticks":192,"peak_min_window_notes":4,"peak_min_window_sec":0.05,"felt_bpm_trigger_eff_bpm":500.0,"felt_bpm_trigger_peak_per_sec":200.0,"felt_bpm_target_peak_per_sec":100.0,"felt_bpm_floor":30.0,"jack_window_ticks":24,"soft_burst_ref":8.0,"soft_freq_ref":0.1,"soft_burst_exp":1.5,"soft_freq_exp":1.5,"chord_time_threshold_ms":16.67,"sp_distraction_min_scratches":3,"sp_distraction_bin_sec":0.25,"sp_distraction_t_key":2,"sp_distraction_gap_bins":2,"dp_distraction_window_sec_min":0.2,"dp_distraction_window_sec_max":0.8,"stream_density_ref_per_sec":40.0,"peak_density_ref_per_sec":70.0,"chord_size_ref":3.5,"ln_simultaneity_ref":0.05,"scratch_density_ref_per_sec":1.5,"scratch_ratio_ref":0.1,"distraction_density_ref":2.0,"distraction_event_ref":0.15},"raw_axes":{"chord":1.4658511722731908,"stream":16.5081898677128,"scratch_per_sec":0.2847913507811985,"scratch_burst_max_per_sec":5.0,"scratch_max_run_sec":0.8000000000000114,"soft":0.0,"stair":0.12846865364850976,"peak":25.0,"ln_m1_short_rate_rt":0.0053792361484669175,"ln_m2_density_rt":17.80958307405102,"ln_m2_burst_max_rt":134.0,"ln_m3_density_rt":17.80958307405102,"ln_m_concurrent_rt":1.682804674457423,"adv_hand_imb":0.3181818181818182,"adv_rel_pressure_1beat":0.8863636363636364,"adv_ln_hold_min_beats":0.25,"adv_ln_chord_big_rate":0.3484848484848485,"adv_ln_scatter_cv":1.6371568423782903,"distraction":1.27365020766036},"x_chord":0.376,"x_stream":0.426,"x_scratch":0.111,"x_soft":0.0,"x_ln":0.918,"x_stair":0.364,"x_peak":0.419,"x_distraction":0.078,"ln_advanced_score":0.763,"submetrics":{"chord":{"chord_rate":0.5708460754332314,"avg_chord_size":2.567857142857143,"chord_positions":560,"total_positions":981},"stream":{"stream_coverage":0.9775095995611629,"stream_density_mean":6.755203171456888,"stream_density_mean_per_sec":16.88800792864222,"stream_windows":28,"notes_in_stream":1782,"total_notes":1823,"intervals":[[408,2736],[2748,2832],[2844,5088],[5100,5184],[5196,5280],[5292,5376],[5388,5472],[5484,5568],[5580,6744],[6900,8088],[8100,8184],[8196,8280],[8292,9624],[9636,9720],[9732,9816],[9828,9912],[10116,10176],[10200,10284],[10308,10584],[10596,11124],[11136,11232],[11256,11436],[11448,11652],[11736,11844],[11952,12108],[12132,12312],[12348,12900],[12912,15024]]},"scratch":{"scratch_ratio":0.019365250134480903,"scratch_positions_ratio":0.03669724770642202,"scratch_with_key_chord_rate":0.8055555555555556,"scratch_per_sec":0.2847913507811985,"scratch_burst_max_per_sec":5.0,"scratch_burst_window_sec":1.0,"scratch_max_run_sec":0.8000000000000114,"ls_count":1,"ls_per_sec":0.007910870855033291,"ls_complexity_mean":0,"scratch_notes":36,"scratch_positions":36,"total_notes":1859,"total_positions":981,"chart_seconds":126.40833333333333},"soft":{"base_bpm":150.0,"intensity":0.0,"up_intensity":0.0,"down_intensity":0.0,"max_intensity":0.0,"max_up_intensity":0.0,"max_down_intensity":0.0,"step_frequency":0.0,"ramp_frequency":0.0,"continuity_beats":0.0,"off_base_note_ratio":0.0,"gimmick_burst_score":0.0,"max_off_base_density_per_beat":0.0,"base_mean_density_per_beat":5.882911392405063,"base_density_source":"on_base","distinct_off_base_bpm_count":0,"bpm_change_events":0,"measure_count":79},"ln":{"ln_ratio":0.09628832705755783,"ln_hold_time_mean_beats":0.7621042830540037,"ln_simultaneity_rate":0.022054868208714364,"ln_simultaneity_weighted":0.0392684238838085,"ln_count":179,"ln_count_raw":179,"ln_positions":67,"total_notes":1859,"m1_short_count_rt":10,"m1_short_rate_rt":0.0053792361484669175,"m2_long_count_rt":166,"m2_density_rt":17.80958307405102,"m2_burst_max_rt":134.0,"m3_density_rt":17.80958307405102,"m_concurrent_rt":1.682804674457423,"total_long_sec":53.566666666666684,"long_active_sec":19.96666666666672,"long_hold_sec_mean":0.32269076305220895,"long_hold_sec_max":1.6000000000000085,"adv_hand_imb":0.3181818181818182,"adv_rel_pressure_1beat":0.8863636363636364,"adv_ln_hold_min_beats":0.25,"adv_ln_chord_big_rate":0.3484848484848485,"adv_ln_scatter_cv":1.6371568423782903},"stair":{"stair_index":0.12846865364850976,"stair_transitions":125,"eligible_transitions":973},"peak":{"peak_local_max_density":10.0,"peak_local_max_density_per_sec":25.0,"peak_max_chord_size":5,"peak_concentration":0.39330773450356554,"total_notes":1823,"intervals":[[1020,1308],[1644,1944],[3072,3552],[4332,4644],[4692,4920],[6072,6312],[6348,6732],[12360,12660],[12684,12876],[13284,14088],[14136,14736]]},"jack":{"jack_pairs":49,"jack_in_stream_pairs":48,"jack_outside_pairs":1,"pure_jack_per_sec":0.08258774948382608,"flow_break_per_stream_sec":0.41994750656168006,"stream_seconds":114.29999999999993,"non_stream_seconds":12.108333333333405,"chart_seconds":126.40833333333333,"window_ticks":24,"min_region_sec":10.0},"distraction":{"mode_formulation":"SP","v3_score":1.27365020766036,"qualifying_intervals":3,"qualifying_flow_sec":120.5,"qualifying_scratches":36,"scratch_chord_pair_count":51,"chord_time_threshold_sec":0.01667,"min_scratches":3,"bin_sec":0.25,"t_key":2,"gap_bins":2}},"warnings":["Unterminated LNOBJ LN on lane P1_SCR started at m78 pos0.0; closing at EOF","Unterminated LNOBJ LN on lane P1_KEY1 started at m78 pos0.0; closing at EOF","Unterminated LNOBJ LN on lane P1_KEY2 started at m77 pos0.70833333; closing at EOF","Unterminated LNOBJ LN on lane P1_KEY3 started at m78 pos0.0; closing at EOF"],"axis_intensities":{"chord":"yellow","stream":"green","peak":"green","scratch":"yellow","soft":null,"ln":"red","stair":"green","distraction":"green"},"tags":["advanced_ln"],"scales":["so"]}