{"md5":"59e5557b7ef269952917476f83859ab0","headers":{"title":"Free Hand zero [ANOTHER]","artist":"菊田研究所/lactate","genre":"progressive jazz","playlevel":"10","base_bpm":260.0},"mode":"SP","scope":"playable_only","scaling_mode":"p99_linear","params":{"stream_window_ticks":48,"stream_density_threshold_per_beat":4.0,"peak_window_ticks":192,"peak_min_window_notes":4,"peak_min_window_sec":0.05,"felt_bpm_trigger_eff_bpm":500.0,"felt_bpm_trigger_peak_per_sec":200.0,"felt_bpm_target_peak_per_sec":100.0,"felt_bpm_floor":30.0,"jack_window_ticks":24,"soft_burst_ref":8.0,"soft_freq_ref":0.1,"soft_burst_exp":1.5,"soft_freq_exp":1.5,"chord_time_threshold_ms":16.67,"sp_distraction_min_scratches":3,"sp_distraction_bin_sec":0.25,"sp_distraction_t_key":2,"sp_distraction_gap_bins":2,"dp_distraction_window_sec_min":0.2,"dp_distraction_window_sec_max":0.8,"stream_density_ref_per_sec":40.0,"peak_density_ref_per_sec":70.0,"chord_size_ref":3.5,"ln_simultaneity_ref":0.05,"scratch_density_ref_per_sec":1.5,"scratch_ratio_ref":0.1,"distraction_density_ref":2.0,"distraction_event_ref":0.15},"raw_axes":{"chord":0.9644970414201183,"stream":11.62011740928613,"scratch_per_sec":0.17246501986526172,"scratch_burst_max_per_sec":3.0,"scratch_max_run_sec":0.9230769230769198,"soft":0.0,"stair":0.09507640067911714,"peak":36.83333333333333,"ln_m1_short_rate_rt":0.0,"ln_m2_density_rt":0.0,"ln_m2_burst_max_rt":0.0,"ln_m3_density_rt":0.0,"ln_m_concurrent_rt":0.0,"adv_hand_imb":0.0,"adv_rel_pressure_1beat":0.0,"adv_ln_hold_min_beats":0.0,"adv_ln_chord_big_rate":0.0,"adv_ln_scatter_cv":0.0,"distraction":0.5245811020901711},"x_chord":0.248,"x_stream":0.3,"x_scratch":0.069,"x_soft":0.0,"x_ln":0.0,"x_stair":0.269,"x_peak":0.618,"x_distraction":0.032,"ln_advanced_score":0.0,"submetrics":{"chord":{"chord_rate":0.42011834319526625,"avg_chord_size":2.295774647887324,"chord_positions":497,"total_positions":1183},"stream":{"stream_coverage":0.6150859678313921,"stream_density_mean":4.359659781287971,"stream_density_mean_per_sec":18.891859052247874,"stream_windows":81,"notes_in_stream":1109,"total_notes":1803,"intervals":[[924,1008],[1020,1104],[1116,1200],[1212,1296],[1308,1512],[1572,1848],[2232,2304],[2316,2400],[2412,2616],[3000,3072],[3084,3168],[3180,3384],[3768,3840],[3864,3936],[3948,4152],[4536,4608],[4620,5040],[5052,5136],[5148,5208],[5220,5292],[5304,5388],[5508,5592],[6108,6192],[6636,6720],[6876,6960],[7068,7152],[7464,8268],[8520,8688],[8700,8784],[8796,8880],[8904,8976],[8988,9048],[9192,9264],[9276,9432],[9720,10944],[11676,11724],[12024,12816],[12828,12888],[13212,13452],[13524,13692],[14388,14448],[14568,14796],[14820,14880],[14964,15024],[15108,15168],[15480,15564],[15588,15648],[15912,16368],[16380,16464],[16476,16524],[16668,16728],[16956,17136],[17148,17232],[17244,17328],[17388,17520],[17532,17616],[17628,17784],[18012,18348],[18696,18744],[18804,18864],[19080,19260],[19464,20496],[20508,20568],[22020,22104],[22428,22488],[22728,22812],[23448,23580],[23988,24168],[24348,24504],[24900,25056],[25068,25272],[25668,25824],[25836,26040],[26268,26352],[26436,26508],[26520,26808],[27228,27360],[27372,27660],[27720,28560],[28572,28632],[28824,28896]]},"scratch":{"scratch_ratio":0.013136288998357963,"scratch_positions_ratio":0.02028740490278952,"scratch_with_key_chord_rate":0.8333333333333334,"scratch_per_sec":0.17246501986526172,"scratch_burst_max_per_sec":3.0,"scratch_burst_window_sec":1.0,"scratch_max_run_sec":0.9230769230769198,"ls_count":0,"ls_per_sec":0.0,"ls_complexity_mean":0.0,"scratch_notes":24,"scratch_positions":24,"total_notes":1827,"total_positions":1183,"chart_seconds":139.15865384615384},"soft":{"base_bpm":260.0,"intensity":0.0,"up_intensity":0.0,"down_intensity":0.0,"max_intensity":0.0,"max_up_intensity":0.0,"max_down_intensity":0.0,"step_frequency":0.0,"ramp_frequency":0.0,"continuity_beats":0.0,"off_base_note_ratio":0.0,"gimmick_burst_score":0.0,"max_off_base_density_per_beat":0.0,"base_mean_density_per_beat":3.0281923714759538,"base_density_source":"on_base","distinct_off_base_bpm_count":0,"bpm_change_events":0,"measure_count":151},"ln":{"ln_ratio":0.0,"ln_hold_time_mean_beats":0.0,"ln_simultaneity_rate":0.0,"ln_simultaneity_weighted":0.0,"ln_count":0,"ln_count_raw":0,"ln_positions":0,"total_notes":1827,"m1_short_count_rt":0,"m1_short_rate_rt":0.0,"m2_long_count_rt":0,"m2_density_rt":0.0,"m2_burst_max_rt":0.0,"m3_density_rt":0.0,"m_concurrent_rt":0.0,"total_long_sec":0.0,"long_active_sec":0.0,"long_hold_sec_mean":0.0,"long_hold_sec_max":0.0,"adv_hand_imb":0.0,"adv_rel_pressure_1beat":0.0,"adv_ln_hold_min_beats":0.0,"adv_ln_chord_big_rate":0.0,"adv_ln_scatter_cv":0.0},"stair":{"stair_index":0.09507640067911714,"stair_transitions":112,"eligible_transitions":1178},"peak":{"peak_local_max_density":8.5,"peak_local_max_density_per_sec":36.83333333333333,"peak_max_chord_size":4,"peak_concentration":0.4331669439822518,"total_notes":1803,"intervals":[[1548,1836],[2388,2616],[3108,3420],[3924,4152],[4572,5016],[7464,8268],[9720,10944],[12024,12624],[12684,12888],[14568,14796],[15912,16368],[16956,17244],[17556,17760],[17916,18456],[19044,19296],[19464,20508],[25764,26040],[26460,26736],[27252,27672],[27684,28632]]},"jack":{"jack_pairs":2,"jack_in_stream_pairs":1,"jack_outside_pairs":1,"pure_jack_per_sec":0.013988835832941025,"flow_break_per_stream_sec":0.01477692526285876,"stream_seconds":67.67307692307695,"non_stream_seconds":71.48557692307689,"chart_seconds":139.15865384615384,"window_ticks":24,"min_region_sec":10.0},"distraction":{"mode_formulation":"SP","v3_score":0.5245811020901711,"qualifying_intervals":3,"qualifying_flow_sec":125.25,"qualifying_scratches":23,"scratch_chord_pair_count":22,"chord_time_threshold_sec":0.01667,"min_scratches":3,"bin_sec":0.25,"t_key":2,"gap_bins":2}},"warnings":[],"axis_intensities":{"chord":"green","stream":"green","peak":"yellow","scratch":"green","soft":null,"ln":null,"stair":"green","distraction":"green"},"tags":[],"scales":["★"]}