{"md5":"9dca6ac3593eae46ec68f92f922e154d","headers":{"title":"The deepest place cannot be above the sky [loud scream]","artist":"Nakaiankow vs. Nakaith vs. suna / obj:NASA","genre":"Juke/Footwork meets Intelligent Jungle","playlevel":"23","base_bpm":160.0},"mode":"SP","scope":"playable_only","scaling_mode":"p99_linear","params":{"stream_window_ticks":48,"stream_density_threshold_per_beat":4.0,"peak_window_ticks":192,"jack_window_ticks":24,"soft_burst_ref":8.0,"soft_freq_ref":0.1,"soft_burst_exp":1.5,"soft_freq_exp":1.5,"chord_time_threshold_ms":16.67,"sp_distraction_min_scratches":3,"dp_distraction_window_sec_min":0.2,"dp_distraction_window_sec_max":0.8,"stream_density_ref_per_sec":40.0,"peak_density_ref_per_sec":70.0,"chord_size_ref":3.5,"ln_simultaneity_ref":0.05,"scratch_density_ref_per_sec":1.5,"scratch_ratio_ref":0.1,"distraction_density_ref":2.0,"distraction_event_ref":0.15},"raw_axes":{"chord":1.3097686375321338,"stream":24.260735294117644,"scratch":0.0006553287981859411,"soft":0.0,"ln":0.0,"stair":0.20514469453376205,"peak":35.333333333333336,"distraction":0.3349436392914653},"x_chord":0.34,"x_stream":0.593,"x_scratch":0.002,"x_soft":0.0,"x_ln":0.0,"x_stair":0.623,"x_peak":0.361,"x_distraction":0.09,"submetrics":{"chord":{"chord_rate":0.5102827763496144,"avg_chord_size":2.566750629722922,"chord_positions":794,"total_positions":1556},"stream":{"stream_coverage":0.9525,"stream_density_mean":9.551470588235293,"stream_density_mean_per_sec":25.470588235294116,"stream_windows":31,"notes_in_stream":2667,"total_notes":2800,"intervals":[[156,239],[540,623],[924,1007],[1080,1139],[1224,1283],[1308,1427],[1512,1571],[1656,1775],[2076,2159],[2460,4715],[5184,8495],[8604,8687],[8772,8855],[8868,9071],[9372,9455],[9540,9623],[9636,9839],[10140,11567],[12936,12995],[13008,13067],[13128,13187],[13284,13391],[13404,13451],[13464,13511],[13524,13583],[13596,13727],[14160,14207],[14340,16355],[16572,16655],[16668,19607],[19740,19823]]},"scratch":{"scratch_ratio":0.006071428571428571,"scratch_positions_ratio":0.010925449871465296,"scratch_with_key_chord_rate":0.7647058823529411,"scratch_per_sec":0.10793650793650794,"scratch_burst_max_per_sec":2.0,"scratch_burst_window_sec":1.0,"scratch_notes":17,"scratch_positions":17,"total_notes":2800,"total_positions":1556,"chart_seconds":157.5},"soft":{"base_bpm":160.0,"intensity":0.0,"up_intensity":0.0,"down_intensity":0.0,"max_intensity":0.0,"max_up_intensity":0.0,"max_down_intensity":0.0,"step_frequency":0.0,"ramp_frequency":0.0,"continuity_beats":0.0,"off_base_note_ratio":0.0,"gimmick_burst_score":0.0,"max_off_base_density_per_beat":0.0,"base_mean_density_per_beat":6.661904761904762,"base_density_source":"on_base","distinct_off_base_bpm_count":0,"bpm_change_events":0,"measure_count":106},"ln":{"ln_ratio":0.0,"ln_hold_time_mean_beats":0.0,"ln_simultaneity_rate":0.0,"ln_simultaneity_weighted":0.0,"ln_count":0,"ln_positions":0,"total_notes":2800},"stair":{"stair_index":0.20514469453376205,"stair_transitions":319,"eligible_transitions":1555},"peak":{"peak_local_max_density":13.25,"peak_local_max_density_per_sec":35.333333333333336,"peak_max_chord_size":5,"peak_concentration":0.3410714285714286,"total_notes":2800,"intervals":[[6372,7031],[7872,8483],[10944,11519],[15756,16211],[16704,17147],[17508,18239],[18912,19451]]},"jack":{"jack_pairs":31,"jack_in_stream_pairs":9,"jack_outside_pairs":22,"pure_jack_per_sec":0.4759972954699124,"flow_break_per_stream_sec":0.08087615838247682,"stream_seconds":111.28125000000003,"non_stream_seconds":46.21874999999997,"chart_seconds":157.5,"window_ticks":24,"min_region_sec":10.0},"distraction":{"mode_formulation":"SP","qualifying_window_count":1,"qualifying_scratches":4,"qualifying_flow_sec":25.875000000000007,"distract_density":0.1545893719806763,"distract_event_per_sec":0.03864734299516907,"scratch_chord_pair_count":18,"chord_time_threshold_sec":0.01667,"min_scratches":3}},"warnings":[],"tags":["stair_focused"],"scales":["st"]}