{"md5":"6f60bd5416e02d2f988f28d0c21333d7","headers":{"title":"XIII Charlotte [yumether]","artist":"m108","genre":"NEO EPIC TRANCECORE","playlevel":"21","base_bpm":195.0},"mode":"SP","scope":"playable_only","scaling_mode":"reference","params":{"stream_window_ticks":48,"stream_density_threshold_per_beat":4.0,"peak_window_ticks":192,"jack_window_ticks":24,"soft_burst_ref":8.0,"soft_freq_ref":0.1,"soft_burst_exp":1.5,"soft_freq_exp":1.5,"stream_density_ref_per_sec":40.0,"peak_density_ref_per_sec":70.0,"chord_size_ref":3.5,"ln_simultaneity_ref":0.05},"x_chord":0.40417209908735335,"x_stream":0.6717278080405095,"x_scratch":0.011564625850340135,"x_soft":3.6868342213679525e-07,"x_ln":0.0,"x_stair":0.1917808219178082,"x_peak":0.6944196428571429,"x_jack":0.003913894324853229,"submetrics":{"chord":{"chord_rate":0.4980443285528031,"avg_chord_size":2.8403141361256545,"chord_positions":764,"total_positions":1534},"stream":{"stream_coverage":0.9846938775510204,"stream_density_mean":8.61954887218045,"stream_density_mean_per_sec":27.28676691729323,"stream_windows":12,"notes_in_stream":2895,"total_notes":2940},"scratch":{"scratch_ratio":0.011564625850340135,"scratch_positions_ratio":0.02216427640156454,"scratch_with_key_chord_rate":0.8823529411764706,"scratch_notes":34,"scratch_positions":34,"total_notes":2940,"total_positions":1534},"soft":{"base_bpm":186.0,"intensity":0.020940311608514374,"up_intensity":0.020940311608514374,"down_intensity":0.0,"max_intensity":0.016129032258064516,"max_up_intensity":0.016129032258064516,"max_down_intensity":0.0,"step_frequency":0.010638297872340425,"ramp_frequency":0.010638297872340425,"continuity_beats":194.3125,"off_base_note_ratio":0.5336734693877551,"gimmick_burst_score":0.003866519877922064,"max_off_base_density_per_beat":8.515151515151516,"base_mean_density_per_beat":7.611111111111111,"base_density_source":"on_base","distinct_off_base_bpm_count":2,"bpm_change_events":2,"measure_count":94},"ln":{"ln_ratio":0.0,"ln_hold_time_mean_beats":0.0,"ln_simultaneity_rate":0.0,"ln_simultaneity_weighted":0.0,"ln_count":0,"ln_positions":0,"total_notes":2940},"stair":{"stair_index":0.1917808219178082,"stair_transitions":294,"eligible_transitions":1533},"peak":{"peak_local_max_density":15.0,"peak_local_max_density_per_sec":48.609375,"peak_max_chord_size":6,"peak_concentration":0.3377551020408163,"total_notes":2940},"jack":{"jack_ratio":0.003913894324853229,"jack_transitions":6,"all_transitions":1533}},"warnings":[],"tags":["dense_chart"],"scales":["st"]}