{"md5":"a9e645aa01cd828072add943e6578d00","headers":{"title":"アトロポスと最果の探求者","artist":"しーけー","genre":"eschatology","playlevel":"27","base_bpm":230.0},"mode":"SP","scope":"playable_only","scaling_mode":"p99_linear","params":{"stream_window_ticks":48,"stream_density_threshold_per_beat":4.0,"peak_window_ticks":192,"peak_min_window_notes":4,"peak_min_window_sec":0.05,"felt_bpm_trigger_eff_bpm":500.0,"felt_bpm_trigger_peak_per_sec":200.0,"felt_bpm_target_peak_per_sec":100.0,"felt_bpm_floor":30.0,"jack_window_ticks":24,"soft_burst_ref":8.0,"soft_freq_ref":0.1,"soft_burst_exp":1.5,"soft_freq_exp":1.5,"chord_time_threshold_ms":16.67,"sp_distraction_min_scratches":3,"dp_distraction_window_sec_min":0.2,"dp_distraction_window_sec_max":0.8,"stream_density_ref_per_sec":40.0,"peak_density_ref_per_sec":70.0,"chord_size_ref":3.5,"ln_simultaneity_ref":0.05,"scratch_density_ref_per_sec":1.5,"scratch_ratio_ref":0.1,"distraction_density_ref":2.0,"distraction_event_ref":0.15},"raw_axes":{"chord":3.5547520661157024,"stream":31.676176950164233,"scratch":0.009022746436918652,"soft":0.0,"ln":0.00055005500550055,"stair":0.21509824198552224,"peak":46.0,"distraction":0.8840731984940022},"x_chord":0.923,"x_stream":0.814,"x_scratch":0.022,"x_soft":0.0,"x_ln":0.009,"x_stair":0.654,"x_peak":0.765,"x_distraction":0.234,"submetrics":{"chord":{"chord_rate":0.7985537190082644,"avg_chord_size":4.451487710219922,"chord_positions":773,"total_positions":968},"stream":{"stream_coverage":0.9427942794279428,"stream_density_mean":8.764744005184705,"stream_density_mean_per_sec":33.59818535320804,"stream_windows":46,"notes_in_stream":3428,"total_notes":3636,"intervals":[[252,1344],[1404,2640],[2844,2928],[3132,3504],[3600,3792],[3852,3936],[3996,4080],[4140,4224],[4284,4368],[4428,4512],[4572,4656],[4716,4944],[5004,5088],[5148,5232],[5292,5376],[5436,5520],[5580,5664],[5700,5808],[5868,5952],[6012,8304],[8316,9552],[9756,9816],[10020,10536],[10620,10704],[11196,11256],[11772,11856],[11916,12000],[12060,12144],[12204,12288],[12348,12456],[12492,19536],[19584,19632],[19728,19776],[19824,19872],[20064,20112],[20304,20496],[20508,20592],[20628,20976],[21036,21120],[21180,21264],[21324,21408],[21468,21552],[22620,23856],[23916,24000],[24060,25728],[25788,26160]]},"scratch":{"scratch_ratio":0.019526952695269526,"scratch_positions_ratio":0.07334710743801653,"scratch_with_key_chord_rate":0.9859154929577465,"scratch_per_sec":0.46206628231882,"scratch_burst_max_per_sec":4.0,"scratch_burst_window_sec":1.0,"scratch_notes":71,"scratch_positions":71,"total_notes":3636,"total_positions":968,"chart_seconds":153.6576086956522},"soft":{"base_bpm":230.0,"intensity":0.0,"up_intensity":0.0,"down_intensity":0.0,"max_intensity":0.0,"max_up_intensity":0.0,"max_down_intensity":0.0,"step_frequency":0.0,"ramp_frequency":0.0,"continuity_beats":0.0,"off_base_note_ratio":0.0,"gimmick_burst_score":0.0,"max_off_base_density_per_beat":0.0,"base_mean_density_per_beat":6.171477079796265,"base_density_source":"on_base","distinct_off_base_bpm_count":0,"bpm_change_events":0,"measure_count":188},"ln":{"ln_ratio":0.0187018701870187,"ln_hold_time_mean_beats":1.375,"ln_simultaneity_rate":0.00055005500550055,"ln_simultaneity_weighted":0.00055005500550055,"ln_count":68,"ln_positions":36,"total_notes":3636},"stair":{"stair_index":0.21509824198552224,"stair_transitions":208,"eligible_transitions":967},"peak":{"peak_local_max_density":12.0,"peak_local_max_density_per_sec":46.0,"peak_max_chord_size":8,"peak_concentration":0.40704070407040704,"total_notes":3636,"intervals":[[6036,6240],[7116,7392],[8748,8976],[9324,9528],[12924,14736],[17520,17712],[17880,18696],[18720,18912],[18960,19416],[23148,23832],[24060,24912],[24924,25656],[25800,26136]]},"jack":{"jack_pairs":6,"jack_in_stream_pairs":4,"jack_outside_pairs":2,"pure_jack_per_sec":0.04776119402985089,"flow_break_per_stream_sec":0.035783741734733525,"stream_seconds":111.78260869565231,"non_stream_seconds":41.87499999999987,"chart_seconds":153.6576086956522,"window_ticks":24,"min_region_sec":10.0},"distraction":{"mode_formulation":"SP","qualifying_window_count":7,"qualifying_scratches":53,"qualifying_flow_sec":82.7608695652174,"distract_density":0.6403992645127395,"distract_event_per_sec":0.08458103493564485,"scratch_chord_pair_count":178,"chord_time_threshold_sec":0.01667,"min_scratches":3}},"warnings":[],"tags":["chord_heavy","stream_heavy","stair_focused","peak_intense","big_chord_burst","fast_chart","chord_stream"],"scales":["st"]}