{"md5":"0076b2ce2cee05999a524712c128740f","headers":{"title":"NS20 [7key CHAOSDEATH]","artist":"3034","genre":"ROTTERDAM TECHNO","playlevel":"12","base_bpm":215.0},"mode":"SP","scope":"playable_only","scaling_mode":"p99_linear","params":{"stream_window_ticks":48,"stream_density_threshold_per_beat":4.0,"peak_window_ticks":192,"peak_min_window_notes":4,"peak_min_window_sec":0.05,"felt_bpm_trigger_eff_bpm":500.0,"felt_bpm_trigger_peak_per_sec":200.0,"felt_bpm_target_peak_per_sec":100.0,"felt_bpm_floor":30.0,"jack_window_ticks":24,"soft_burst_ref":8.0,"soft_freq_ref":0.1,"soft_burst_exp":1.5,"soft_freq_exp":1.5,"chord_time_threshold_ms":16.67,"sp_distraction_min_scratches":3,"dp_distraction_window_sec_min":0.2,"dp_distraction_window_sec_max":0.8,"stream_density_ref_per_sec":40.0,"peak_density_ref_per_sec":70.0,"chord_size_ref":3.5,"ln_simultaneity_ref":0.05,"scratch_density_ref_per_sec":1.5,"scratch_ratio_ref":0.1,"distraction_density_ref":2.0,"distraction_event_ref":0.15},"raw_axes":{"chord":1.8063063063063063,"stream":19.343123253744533,"scratch":0.18328275260680088,"soft":0.0,"ln":0.0,"stair":0.11000901713255185,"peak":35.833333333333336,"distraction":2.414599041911022},"x_chord":0.455,"x_stream":0.482,"x_scratch":0.438,"x_soft":0.0,"x_ln":0.0,"x_stair":0.324,"x_peak":0.578,"x_distraction":0.638,"submetrics":{"chord":{"chord_rate":0.6927927927927928,"avg_chord_size":2.6072821846553964,"chord_positions":769,"total_positions":1110},"stream":{"stream_coverage":0.9641943734015346,"stream_density_mean":5.598540145985401,"stream_density_mean_per_sec":20.061435523114355,"stream_windows":41,"notes_in_stream":2262,"total_notes":2346,"intervals":[[180,360],[372,720],[732,1104],[1116,1488],[1500,1968],[2100,2760],[2796,3156],[3204,3360],[3372,3768],[3888,3984],[3996,4320],[4344,4752],[4764,4872],[4908,5400],[5412,6432],[6444,8496],[8580,8664],[8748,8856],[8940,9024],[9132,9264],[9348,9432],[9516,9624],[9708,9816],[9852,10032],[10068,10320],[10332,10788],[10836,11220],[11244,13092],[13428,13536],[13548,13920],[13932,14304],[14340,14664],[14700,14760],[14784,15192],[15252,15360],[15468,15864],[15876,16200],[16212,16536],[16692,16872],[16884,19680],[19692,23076]]},"scratch":{"scratch_ratio":0.10230179028132992,"scratch_positions_ratio":0.21621621621621623,"scratch_with_key_chord_rate":0.9791666666666666,"scratch_per_sec":1.7915889067314785,"scratch_burst_max_per_sec":8.0,"scratch_burst_window_sec":1.0,"scratch_notes":240,"scratch_positions":240,"total_notes":2346,"total_positions":1110,"chart_seconds":133.9593023255814},"soft":{"base_bpm":215.0,"intensity":0.0,"up_intensity":0.0,"down_intensity":0.0,"max_intensity":0.0,"max_up_intensity":0.0,"max_down_intensity":0.0,"step_frequency":0.0,"ramp_frequency":0.0,"continuity_beats":0.0,"off_base_note_ratio":0.0,"gimmick_burst_score":0.0,"max_off_base_density_per_beat":0.0,"base_mean_density_per_beat":4.883333333333334,"base_density_source":"on_base","distinct_off_base_bpm_count":0,"bpm_change_events":0,"measure_count":121},"ln":{"ln_ratio":0.00042625745950554135,"ln_hold_time_mean_beats":3.875,"ln_simultaneity_rate":0.0,"ln_simultaneity_weighted":0.0,"ln_count":1,"ln_positions":1,"total_notes":2346},"stair":{"stair_index":0.11000901713255185,"stair_transitions":122,"eligible_transitions":1109},"peak":{"peak_local_max_density":10.0,"peak_local_max_density_per_sec":35.833333333333336,"peak_max_chord_size":5,"peak_concentration":0.35421994884910485,"total_notes":2346,"intervals":[[4980,5220],[7272,7740],[8052,8364],[12204,12432],[12816,13092],[15936,16200],[17412,17748],[18288,18840],[18876,19128],[19308,19680],[19704,19896],[20436,22224],[22380,23112]]},"jack":{"jack_pairs":40,"jack_in_stream_pairs":35,"jack_outside_pairs":5,"pure_jack_per_sec":0.377192982456142,"flow_break_per_stream_sec":0.28996676460671433,"stream_seconds":120.70348837209309,"non_stream_seconds":13.255813953488314,"chart_seconds":133.9593023255814,"window_ticks":24,"min_region_sec":10.0},"distraction":{"mode_formulation":"SP","qualifying_window_count":17,"qualifying_scratches":209,"qualifying_flow_sec":90.21511627906978,"distract_density":2.316684926209963,"distract_event_per_sec":0.18843848682090608,"scratch_chord_pair_count":271,"chord_time_threshold_sec":0.01667,"min_scratches":3}},"warnings":[],"tags":["scratch_active","distraction_heavy","scratch_chord","fast_chart"],"scales":["sl"]}