{"md5":"c1bfd068faea54084166dfe126cd02a6","headers":{"title":"ハニエルのうた","artist":"sak feat.みゅい","genre":"ANGELIC FUTURE POP","playlevel":"21","base_bpm":275.0},"mode":"SP","scope":"playable_only","scaling_mode":"p99_linear","params":{"stream_window_ticks":48,"stream_density_threshold_per_beat":4.0,"peak_window_ticks":192,"peak_min_window_notes":4,"peak_min_window_sec":0.05,"felt_bpm_trigger_eff_bpm":500.0,"felt_bpm_trigger_peak_per_sec":200.0,"felt_bpm_target_peak_per_sec":100.0,"felt_bpm_floor":30.0,"jack_window_ticks":24,"soft_burst_ref":8.0,"soft_freq_ref":0.1,"soft_burst_exp":1.5,"soft_freq_exp":1.5,"chord_time_threshold_ms":16.67,"sp_distraction_min_scratches":3,"dp_distraction_window_sec_min":0.2,"dp_distraction_window_sec_max":0.8,"stream_density_ref_per_sec":40.0,"peak_density_ref_per_sec":70.0,"chord_size_ref":3.5,"ln_simultaneity_ref":0.05,"scratch_density_ref_per_sec":1.5,"scratch_ratio_ref":0.1,"distraction_density_ref":2.0,"distraction_event_ref":0.15},"raw_axes":{"chord":2.1194690265486726,"stream":26.824524964872726,"scratch":0.039177844870764277,"soft":0.0,"ln":0.0,"stair":0.21040974529346623,"peak":46.97916666666667,"distraction":1.3460822631676903},"x_chord":0.55,"x_stream":0.689,"x_scratch":0.094,"x_soft":0.0,"x_ln":0.0,"x_stair":0.639,"x_peak":0.781,"x_distraction":0.356,"submetrics":{"chord":{"chord_rate":0.661504424778761,"avg_chord_size":3.2040133779264215,"chord_positions":598,"total_positions":904},"stream":{"stream_coverage":0.90999099909991,"stream_density_mean":6.431518151815181,"stream_density_mean_per_sec":29.477791529152917,"stream_windows":27,"notes_in_stream":2022,"total_notes":2222,"intervals":[[924,1008],[2268,2784],[2796,3456],[3468,3552],[3564,4452],[5004,5088],[5124,5184],[5700,5760],[5820,7524],[7536,7584],[7728,7776],[7920,7968],[8076,8196],[8304,8352],[8496,8544],[8688,8736],[8844,14064],[15516,15600],[16284,16368],[16668,16752],[17016,20208],[20292,20376],[20400,20592],[20676,21072],[21084,21264],[21276,23280],[24732,24816]]},"scratch":{"scratch_ratio":0.04455445544554455,"scratch_positions_ratio":0.10951327433628319,"scratch_with_key_chord_rate":0.9696969696969697,"scratch_per_sec":0.8793249626549315,"scratch_burst_max_per_sec":5.0,"scratch_burst_window_sec":1.0,"scratch_notes":99,"scratch_positions":99,"total_notes":2222,"total_positions":904,"chart_seconds":112.58636363636364},"soft":{"base_bpm":275.0,"intensity":0.0,"up_intensity":0.0,"down_intensity":0.0,"max_intensity":0.0,"max_up_intensity":0.0,"max_down_intensity":0.0,"step_frequency":0.0,"ramp_frequency":0.0,"continuity_beats":0.0,"off_base_note_ratio":0.0,"gimmick_burst_score":0.0,"max_off_base_density_per_beat":0.0,"base_mean_density_per_beat":4.2984496124031,"base_density_source":"on_base","distinct_off_base_bpm_count":0,"bpm_change_events":0,"measure_count":130},"ln":{"ln_ratio":0.0,"ln_hold_time_mean_beats":0.0,"ln_simultaneity_rate":0.0,"ln_simultaneity_weighted":0.0,"ln_count":0,"ln_positions":0,"total_notes":2222},"stair":{"stair_index":0.21040974529346623,"stair_transitions":190,"eligible_transitions":903},"peak":{"peak_local_max_density":10.25,"peak_local_max_density_per_sec":46.97916666666667,"peak_max_chord_size":6,"peak_concentration":0.4171917191719172,"total_notes":2222,"intervals":[[2292,2736],[2868,3072],[3204,3456],[3468,3672],[4224,4440],[9996,10992],[11628,11904],[11928,12504],[13164,13440],[13452,14064],[17052,17244],[18252,18456],[19140,19416],[19944,20208],[21456,21780],[22356,23328]]},"jack":{"jack_pairs":3,"jack_in_stream_pairs":3,"jack_outside_pairs":0,"pure_jack_per_sec":0.0,"flow_break_per_stream_sec":0.04098106178205528,"stream_seconds":73.20454545454542,"non_stream_seconds":39.38181818181822,"chart_seconds":112.58636363636364,"window_ticks":24,"min_region_sec":10.0},"distraction":{"mode_formulation":"SP","qualifying_window_count":7,"qualifying_scratches":82,"qualifying_flow_sec":65.12727272727273,"distract_density":1.259073143495254,"distract_event_per_sec":0.1074818537130095,"scratch_chord_pair_count":157,"chord_time_threshold_sec":0.01667,"min_scratches":3}},"warnings":[],"tags":["stair_focused","peak_intense","fast_chart"],"scales":["st"]}