{"md5":"32ec396a9c55d52fca1640a535dcb85f","headers":{"title":"diSTractiOn PoInT","artist":"Arctures vs DJ KemoNOiZE","genre":"ELECTRONIC DANCING MUSIC","playlevel":"11","base_bpm":145.0},"mode":"SP","scope":"playable_only","scaling_mode":"p99_linear","params":{"stream_window_ticks":48,"stream_density_threshold_per_beat":4.0,"peak_window_ticks":192,"jack_window_ticks":24,"soft_burst_ref":8.0,"soft_freq_ref":0.1,"soft_burst_exp":1.5,"soft_freq_exp":1.5,"chord_time_threshold_ms":16.67,"sp_distraction_min_scratches":3,"dp_distraction_window_sec_min":0.2,"dp_distraction_window_sec_max":0.8,"stream_density_ref_per_sec":40.0,"peak_density_ref_per_sec":70.0,"chord_size_ref":3.5,"ln_simultaneity_ref":0.05,"scratch_density_ref_per_sec":1.5,"scratch_ratio_ref":0.1,"distraction_density_ref":2.0,"distraction_event_ref":0.15},"raw_axes":{"chord":0.5524534686971235,"stream":12.033587583979072,"scratch":0.21481152033160825,"soft":0.0,"ln":0.07369101486748546,"stair":0.07281964436917866,"peak":25.375,"distraction":2.09146877748461},"x_chord":0.143,"x_stream":0.294,"x_scratch":0.516,"x_soft":0.0,"x_ln":1.0,"x_stair":0.221,"x_peak":0.259,"x_distraction":0.56,"submetrics":{"chord":{"chord_rate":0.2436548223350254,"avg_chord_size":2.267361111111111,"chord_positions":288,"total_positions":1182},"stream":{"stream_coverage":0.8849385908209437,"stream_density_mean":5.626848691695108,"stream_density_mean_per_sec":13.598217671596512,"stream_windows":38,"notes_in_stream":1369,"total_notes":1547,"intervals":[[180,323],[336,515],[528,707],[720,899],[912,1091],[1104,1283],[1296,1475],[1488,1667],[1680,1823],[1932,1979],[2064,2111],[2124,2171],[2340,2675],[2700,2747],[2832,2963],[3000,3083],[3108,3215],[3444,3863],[3876,4055],[4212,4511],[4524,6239],[6360,6575],[6588,8627],[8640,8711],[9204,9311],[9324,9395],[10104,10175],[10296,10379],[10740,10847],[10860,10931],[11268,11351],[11640,11711],[12396,12443],[12456,12503],[12516,12635],[12648,13475],[13812,16919],[17256,17639]]},"scratch":{"scratch_ratio":0.14608920491273433,"scratch_positions_ratio":0.19120135363790186,"scratch_with_key_chord_rate":0.47345132743362833,"scratch_per_sec":1.4704133714734422,"scratch_burst_max_per_sec":11.0,"scratch_burst_window_sec":1.0,"scratch_notes":226,"scratch_positions":226,"total_notes":1547,"total_positions":1182,"chart_seconds":153.69827586206895},"soft":{"base_bpm":145.0,"intensity":0.0,"up_intensity":0.0,"down_intensity":0.0,"max_intensity":0.9375,"max_up_intensity":0.0,"max_down_intensity":0.9375,"step_frequency":0.021505376344086023,"ramp_frequency":0.021505376344086023,"continuity_beats":0.22916666666666666,"off_base_note_ratio":0.0,"gimmick_burst_score":0.0,"max_off_base_density_per_beat":0.0,"base_mean_density_per_beat":4.198266583583527,"base_density_source":"on_base","distinct_off_base_bpm_count":1,"bpm_change_events":2,"measure_count":93},"ln":{"ln_ratio":0.03361344537815126,"ln_hold_time_mean_beats":1.3349358974358974,"ln_simultaneity_rate":0.07369101486748546,"ln_simultaneity_weighted":0.07369101486748546,"ln_count":52,"ln_positions":39,"total_notes":1547},"stair":{"stair_index":0.07281964436917866,"stair_transitions":86,"eligible_transitions":1181},"peak":{"peak_local_max_density":10.5,"peak_local_max_density_per_sec":25.375,"peak_max_chord_size":6,"peak_concentration":0.32320620555914675,"total_notes":1547,"intervals":[[4656,5315],[5616,6203],[13044,13535],[15516,15803],[15888,16919],[17268,17687]]},"jack":{"jack_pairs":78,"jack_in_stream_pairs":78,"jack_outside_pairs":0,"pure_jack_per_sec":0.0,"flow_break_per_stream_sec":0.7114885586223169,"stream_seconds":109.62931034482754,"non_stream_seconds":44.06896551724141,"chart_seconds":153.69827586206895,"window_ticks":24,"min_region_sec":10.0},"distraction":{"mode_formulation":"SP","qualifying_window_count":9,"qualifying_scratches":208,"qualifying_flow_sec":78.41379310344823,"distract_density":2.6525945470536514,"distract_event_per_sec":0.11477572559366761,"scratch_chord_pair_count":72,"chord_time_threshold_sec":0.01667,"min_scratches":3}},"warnings":[],"tags":["scratch_active","ln_chart","distraction_heavy","flow_break","scratch_burst"],"scales":["so"]}