{"md5":"f66ff668ce313ff9117dd0fcdc0cac94","headers":{"title":"円環の理 [EXPIATION]","artist":"鹿目まどか / 佐倉杏子 / Note:薄杏","genre":"ENTROPY","playlevel":"13","base_bpm":180.0},"mode":"SP","scope":"playable_only","scaling_mode":"p99_linear","params":{"stream_window_ticks":48,"stream_density_threshold_per_beat":4.0,"peak_window_ticks":192,"peak_min_window_notes":4,"peak_min_window_sec":0.05,"felt_bpm_trigger_eff_bpm":500.0,"felt_bpm_trigger_peak_per_sec":200.0,"felt_bpm_target_peak_per_sec":100.0,"felt_bpm_floor":30.0,"jack_window_ticks":24,"soft_burst_ref":8.0,"soft_freq_ref":0.1,"soft_burst_exp":1.5,"soft_freq_exp":1.5,"chord_time_threshold_ms":16.67,"sp_distraction_min_scratches":3,"sp_distraction_bin_sec":0.25,"sp_distraction_t_key":2,"sp_distraction_gap_bins":2,"dp_distraction_window_sec_min":0.2,"dp_distraction_window_sec_max":0.8,"stream_density_ref_per_sec":40.0,"peak_density_ref_per_sec":70.0,"chord_size_ref":3.5,"ln_simultaneity_ref":0.05,"scratch_density_ref_per_sec":1.5,"scratch_ratio_ref":0.1,"distraction_density_ref":2.0,"distraction_event_ref":0.15},"raw_axes":{"chord":0.7007874015748032,"stream":12.095041769565515,"scratch_per_sec":0.10637773947303619,"scratch_burst_max_per_sec":3.0,"scratch_max_run_sec":1.3333333333333321,"soft":0.0,"stair":0.31126482213438733,"peak":21.0,"ln_m1_short_rate_rt":0.009831460674157303,"ln_m2_density_rt":43.82707622298061,"ln_m2_burst_max_rt":456.0,"ln_m3_density_rt":45.13310580204773,"ln_m_concurrent_rt":1.7641509433962284,"adv_hand_imb":0.22758620689655173,"adv_rel_pressure_1beat":0.46206896551724136,"adv_ln_hold_min_beats":0.25,"adv_ln_chord_big_rate":0.0234375,"adv_ln_scatter_cv":3.866366443666313,"distraction":0.24821472543708445},"x_chord":0.18,"x_stream":0.312,"x_scratch":0.068,"x_soft":0.0,"x_ln":0.952,"x_stair":0.882,"x_peak":0.352,"x_distraction":0.015,"ln_advanced_score":0.742,"submetrics":{"chord":{"chord_rate":0.2992125984251969,"avg_chord_size":2.3421052631578947,"chord_positions":304,"total_positions":1016},"stream":{"stream_coverage":0.8133427963094393,"stream_density_mean":4.956926658905704,"stream_density_mean_per_sec":14.870779976717113,"stream_windows":26,"notes_in_stream":1146,"total_notes":1409,"intervals":[[228,336],[468,528],[612,720],[972,1104],[1380,1464],[1476,1536],[1620,1680],[1740,1896],[1908,1968],[2028,2280],[2292,2664],[2676,2760],[2796,3144],[3228,6300],[7104,7164],[7692,7752],[7872,7932],[9036,9120],[9228,9288],[10956,11112],[11124,11184],[11196,11496],[11508,15600],[16020,16080],[16680,16788],[17184,18888]]},"scratch":{"scratch_ratio":0.010533707865168539,"scratch_positions_ratio":0.014763779527559055,"scratch_with_key_chord_rate":0.8,"scratch_per_sec":0.10637773947303619,"scratch_burst_max_per_sec":3.0,"scratch_burst_window_sec":1.0,"scratch_max_run_sec":1.3333333333333321,"ls_count":3,"ls_per_sec":0.021275547894607238,"ls_complexity_mean":0,"scratch_notes":15,"scratch_positions":15,"total_notes":1424,"total_positions":1016,"chart_seconds":141.00694444444446},"soft":{"base_bpm":180.0,"intensity":0.0,"up_intensity":0.0,"down_intensity":0.0,"max_intensity":0.0,"max_up_intensity":0.0,"max_down_intensity":0.0,"step_frequency":0.0,"ramp_frequency":0.0,"continuity_beats":0.0,"off_base_note_ratio":0.0,"gimmick_burst_score":0.0,"max_off_base_density_per_beat":0.0,"base_mean_density_per_beat":3.3640661938534278,"base_density_source":"on_base","distinct_off_base_bpm_count":0,"bpm_change_events":0,"measure_count":106},"ln":{"ln_ratio":0.20856741573033707,"ln_hold_time_mean_beats":2.2321127946127945,"ln_simultaneity_rate":0.32092696629213485,"ln_simultaneity_weighted":0.5646067415730337,"ln_count":297,"ln_count_raw":297,"ln_positions":263,"total_notes":1424,"m1_short_count_rt":14,"m1_short_rate_rt":0.009831460674157303,"m2_long_count_rt":276,"m2_density_rt":43.82707622298061,"m2_burst_max_rt":456.0,"m3_density_rt":45.13310580204773,"m_concurrent_rt":1.7641509433962284,"total_long_sec":219.75000000000026,"long_active_sec":79.50000000000004,"long_hold_sec_mean":0.796195652173914,"long_hold_sec_max":7.666666666666671,"adv_hand_imb":0.22758620689655173,"adv_rel_pressure_1beat":0.46206896551724136,"adv_ln_hold_min_beats":0.25,"adv_ln_chord_big_rate":0.0234375,"adv_ln_scatter_cv":3.866366443666313},"stair":{"stair_index":0.31126482213438733,"stair_transitions":315,"eligible_transitions":1012},"peak":{"peak_local_max_density":7.0,"peak_local_max_density_per_sec":21.0,"peak_max_chord_size":4,"peak_concentration":0.3129879347054649,"total_notes":1409,"intervals":[[3180,3492],[3912,4920],[12696,13032],[13080,13416],[13464,13800],[13848,14196],[14400,14772],[17388,17664],[17844,18312]]},"jack":{"jack_pairs":0,"jack_in_stream_pairs":0,"jack_outside_pairs":0,"pure_jack_per_sec":0.0,"flow_break_per_stream_sec":0.0,"stream_seconds":81.66666666666666,"non_stream_seconds":59.3402777777778,"chart_seconds":141.00694444444446,"window_ticks":24,"min_region_sec":10.0},"distraction":{"mode_formulation":"SP","v3_score":0.24821472543708445,"qualifying_intervals":2,"qualifying_flow_sec":85.5,"qualifying_scratches":10,"scratch_chord_pair_count":14,"chord_time_threshold_sec":0.01667,"min_scratches":3,"bin_sec":0.25,"t_key":2,"gap_bins":2}},"warnings":["Unterminated LNOBJ LN on lane P1_SCR started at m101 pos0.9375; closing at EOF","Unterminated LNOBJ LN on lane P1_KEY2 started at m105 pos0.25; closing at EOF","Unterminated LNOBJ LN on lane P1_KEY3 started at m103 pos0.0; closing at EOF","Unterminated LNOBJ LN on lane P1_KEY4 started at m105 pos0.5; closing at EOF","Unterminated LNOBJ LN on lane P1_KEY7 started at m104 pos0.5; closing at EOF","Unterminated LNOBJ LN on lane P1_KEY6 started at m99 pos0.0; closing at EOF","Unterminated LNOBJ LN on lane P1_KEY5 started at m104 pos0.0; closing at EOF","Unterminated LNOBJ LN on lane P1_KEY1 started at m102 pos0.75; closing at EOF"],"axis_intensities":{"chord":"green","stream":"green","peak":"green","scratch":"green","soft":null,"ln":"red","stair":"red","distraction":"green"},"tags":[],"scales":[]}