{"md5":"02c33a2ab9b1a180cfcdda10bebd55b4","headers":{"title":"Brighton Lock","artist":"/bin/cp","genre":"Hard Lock","playlevel":"25","base_bpm":185.0},"mode":"SP","scope":"playable_only","scaling_mode":"reference","params":{"stream_window_ticks":48,"stream_density_threshold_per_beat":4.0,"peak_window_ticks":192,"jack_window_ticks":24,"soft_burst_ref":8.0,"soft_freq_ref":0.1,"soft_burst_exp":1.5,"soft_freq_exp":1.5,"stream_density_ref_per_sec":40.0,"peak_density_ref_per_sec":70.0,"chord_size_ref":3.5,"ln_simultaneity_ref":0.05},"x_chord":0.9535988308366826,"x_stream":0.6548674056881195,"x_scratch":0.07418181818181818,"x_soft":1.071257863846672e-05,"x_ln":1.0,"x_stair":0.088348271446863,"x_peak":0.6857142857142857,"x_jack":0.052496798975672214,"submetrics":{"chord":{"chord_rate":0.8209718670076727,"avg_chord_size":4.065420560747664,"chord_positions":642,"total_positions":782},"stream":{"stream_coverage":0.9916363636363636,"stream_density_mean":10.007393715341959,"stream_density_mean_per_sec":26.415626925446702,"stream_windows":20,"notes_in_stream":2727,"total_notes":2750},"scratch":{"scratch_ratio":0.07418181818181818,"scratch_positions_ratio":0.2608695652173913,"scratch_with_key_chord_rate":0.8480392156862745,"scratch_notes":204,"scratch_positions":204,"total_notes":2750,"total_positions":782},"soft":{"base_bpm":160.0,"intensity":0.01996590909090909,"up_intensity":0.005170454545454546,"down_intensity":0.014795454545454546,"max_intensity":0.0625,"max_up_intensity":0.0,"max_down_intensity":0.0625,"step_frequency":0.09090909090909091,"ramp_frequency":0.09090909090909091,"continuity_beats":158.0,"off_base_note_ratio":0.43054545454545456,"gimmick_burst_score":0.004276403609881853,"max_off_base_density_per_beat":9.904761904761905,"base_mean_density_per_beat":10.527027027027026,"base_density_source":"on_base","distinct_off_base_bpm_count":3,"bpm_change_events":7,"measure_count":77},"ln":{"ln_ratio":0.11636363636363636,"ln_hold_time_mean_beats":0.9635416666666666,"ln_simultaneity_rate":0.06,"ln_simultaneity_weighted":0.16727272727272727,"ln_count":320,"ln_positions":96,"total_notes":2750},"stair":{"stair_index":0.088348271446863,"stair_transitions":69,"eligible_transitions":781},"peak":{"peak_local_max_density":18.0,"peak_local_max_density_per_sec":48.0,"peak_max_chord_size":8,"peak_concentration":0.3149090909090909,"total_notes":2750},"jack":{"jack_ratio":0.052496798975672214,"jack_transitions":41,"all_transitions":781}},"warnings":[],"tags":["chord_heavy","scratch_active","ln_chart","jack_chart","big_chord_burst","dense_chart"],"scales":["★★"]}