{"md5":"c5ea9cc140f165c5da971c04589ea898","headers":{"title":"黯","artist":"紅蓮月影 / OK@GE","genre":"ミネルバ","playlevel":"15","base_bpm":200.0},"mode":"SP","scope":"playable_only","scaling_mode":"p99_linear","params":{"stream_window_ticks":48,"stream_density_threshold_per_beat":4.0,"peak_window_ticks":192,"peak_min_window_notes":4,"peak_min_window_sec":0.05,"felt_bpm_trigger_eff_bpm":500.0,"felt_bpm_trigger_peak_per_sec":200.0,"felt_bpm_target_peak_per_sec":100.0,"felt_bpm_floor":30.0,"jack_window_ticks":24,"soft_burst_ref":8.0,"soft_freq_ref":0.1,"soft_burst_exp":1.5,"soft_freq_exp":1.5,"chord_time_threshold_ms":16.67,"sp_distraction_min_scratches":3,"sp_distraction_bin_sec":0.25,"sp_distraction_t_key":2,"sp_distraction_gap_bins":2,"dp_distraction_window_sec_min":0.2,"dp_distraction_window_sec_max":0.8,"stream_density_ref_per_sec":40.0,"peak_density_ref_per_sec":70.0,"chord_size_ref":3.5,"ln_simultaneity_ref":0.05,"scratch_density_ref_per_sec":1.5,"scratch_ratio_ref":0.1,"distraction_density_ref":2.0,"distraction_event_ref":0.15},"raw_axes":{"chord":1.1068840579710144,"stream":17.33842449488407,"scratch_per_sec":0.25379368688203885,"scratch_burst_max_per_sec":3.0,"scratch_max_run_sec":0.6000000000000085,"soft":0.03222027972027972,"stair":0.23481414324569355,"peak":30.0,"ln_m1_short_rate_rt":0.13879598662207357,"ln_m2_density_rt":91.18266442850602,"ln_m2_burst_max_rt":520.0,"ln_m3_density_rt":93.78910422707156,"ln_m_concurrent_rt":0.6176252777092084,"adv_hand_imb":0.172821270310192,"adv_rel_pressure_1beat":0.4431314623338257,"adv_ln_hold_min_beats":0.25,"adv_ln_chord_big_rate":0.08114035087719298,"adv_ln_scatter_cv":2.2329217829472547,"distraction":1.2012901179083173},"x_chord":0.284,"x_stream":0.447,"x_scratch":0.071,"x_soft":0.097,"x_ln":0.958,"x_stair":0.665,"x_peak":0.503,"x_distraction":0.074,"ln_advanced_score":0.726,"submetrics":{"chord":{"chord_rate":0.48188405797101447,"avg_chord_size":2.2969924812030076,"chord_positions":532,"total_positions":1104},"stream":{"stream_coverage":0.9512471655328798,"stream_density_mean":5.814880425155004,"stream_density_mean_per_sec":18.22704458222616,"stream_windows":13,"notes_in_stream":1678,"total_notes":1764,"intervals":[[1692,1752],[1908,1992],[2076,2136],[2292,2376],[2388,2544],[2652,2772],[2844,2904],[3036,3120],[3144,5472],[5484,5568],[5604,7968],[7980,12228],[12288,16848]]},"scratch":{"scratch_ratio":0.016722408026755852,"scratch_positions_ratio":0.02717391304347826,"scratch_with_key_chord_rate":1.0,"scratch_per_sec":0.25379368688203885,"scratch_burst_max_per_sec":3.0,"scratch_burst_window_sec":1.0,"scratch_max_run_sec":0.6000000000000085,"ls_count":1,"ls_per_sec":0.008459789562734629,"ls_complexity_mean":0,"scratch_notes":30,"scratch_positions":30,"total_notes":1794,"total_positions":1104,"chart_seconds":118.20624999999998},"soft":{"base_bpm":200.0,"intensity":0.05406911928651059,"up_intensity":0.0,"down_intensity":0.05406911928651059,"max_intensity":0.5,"max_up_intensity":0.0,"max_down_intensity":0.5,"step_frequency":0.020202020202020204,"ramp_frequency":0.020202020202020204,"continuity_beats":26.0,"off_base_note_ratio":0.10813823857302118,"gimmick_burst_score":1.5949038461538463,"max_off_base_density_per_beat":7.461538461538462,"base_mean_density_per_beat":4.678362573099415,"base_density_source":"on_base","distinct_off_base_bpm_count":1,"bpm_change_events":4,"measure_count":99},"ln":{"ln_ratio":0.3773690078037904,"ln_hold_time_mean_beats":0.8578286558345642,"ln_simultaneity_rate":0.4654403567447046,"ln_simultaneity_weighted":0.5641025641025641,"ln_count":677,"ln_count_raw":677,"ln_positions":456,"total_notes":1794,"m1_short_count_rt":249,"m1_short_rate_rt":0.13879598662207357,"m2_long_count_rt":428,"m2_density_rt":91.18266442850602,"m2_burst_max_rt":520.0,"m3_density_rt":93.78910422707156,"m_concurrent_rt":0.6176252777092084,"total_long_sec":163.82500000000002,"long_active_sec":101.27499999999996,"long_hold_sec_mean":0.38276869158878507,"long_hold_sec_max":4.800000000000011,"adv_hand_imb":0.172821270310192,"adv_rel_pressure_1beat":0.4431314623338257,"adv_ln_hold_min_beats":0.25,"adv_ln_chord_big_rate":0.08114035087719298,"adv_ln_scatter_cv":2.2329217829472547},"stair":{"stair_index":0.23481414324569355,"stair_transitions":259,"eligible_transitions":1103},"peak":{"peak_local_max_density":11.5,"peak_local_max_density_per_sec":30.0,"peak_max_chord_size":5,"peak_concentration":0.2698412698412698,"total_notes":1764,"intervals":[[3168,3360],[10092,10764],[12012,12204],[13872,14124],[15228,16008],[16032,16824]]},"jack":{"jack_pairs":8,"jack_in_stream_pairs":8,"jack_outside_pairs":0,"pure_jack_per_sec":0.0,"flow_break_per_stream_sec":0.08236808236808238,"stream_seconds":97.12499999999999,"non_stream_seconds":21.081249999999997,"chart_seconds":118.20624999999998,"window_ticks":24,"min_region_sec":10.0},"distraction":{"mode_formulation":"SP","v3_score":1.2012901179083173,"qualifying_intervals":1,"qualifying_flow_sec":107.0,"qualifying_scratches":30,"scratch_chord_pair_count":32,"chord_time_threshold_sec":0.01667,"min_scratches":3,"bin_sec":0.25,"t_key":2,"gap_bins":2}},"warnings":["Unterminated LNOBJ LN on lane P1_SCR started at m94 pos0.0; closing at EOF"],"axis_intensities":{"chord":"green","stream":"green","peak":"yellow","scratch":"green","soft":"yellow","ln":"red","stair":"red","distraction":"green"},"tags":["sustained"],"scales":[]}