{"md5":"dc26f6797122191ba9c5353f7b15c719","headers":{"title":"Whole World Simulator [7KEYS SATELLITE]","artist":"BACO","genre":"Metaverse","playlevel":"16","base_bpm":160.0},"mode":"SP","scope":"playable_only","scaling_mode":"p99_linear","params":{"stream_window_ticks":48,"stream_density_threshold_per_beat":4.0,"peak_window_ticks":192,"peak_min_window_notes":4,"felt_bpm_trigger_eff_bpm":500.0,"felt_bpm_trigger_peak_per_sec":200.0,"felt_bpm_target_peak_per_sec":100.0,"felt_bpm_floor":30.0,"jack_window_ticks":24,"soft_burst_ref":8.0,"soft_freq_ref":0.1,"soft_burst_exp":1.5,"soft_freq_exp":1.5,"chord_time_threshold_ms":16.67,"sp_distraction_min_scratches":3,"dp_distraction_window_sec_min":0.2,"dp_distraction_window_sec_max":0.8,"stream_density_ref_per_sec":40.0,"peak_density_ref_per_sec":70.0,"chord_size_ref":3.5,"ln_simultaneity_ref":0.05,"scratch_density_ref_per_sec":1.5,"scratch_ratio_ref":0.1,"distraction_density_ref":2.0,"distraction_event_ref":0.15},"raw_axes":{"chord":1.7116564417177915,"stream":14.028905325718162,"scratch":0.020514907216669633,"soft":0.0,"ln":0.06312148724600086,"stair":0.1412280701754386,"peak":32.666666666666664,"distraction":0.8406546080964685},"x_chord":0.445,"x_stream":0.347,"x_scratch":0.05,"x_soft":0.0,"x_ln":1.0,"x_stair":0.429,"x_peak":0.371,"x_distraction":0.227,"submetrics":{"chord":{"chord_rate":0.684487291849255,"avg_chord_size":2.500640204865557,"chord_positions":781,"total_positions":1141},"stream":{"stream_coverage":0.7665369649805448,"stream_density_mean":6.8631256384065376,"stream_density_mean_per_sec":18.301668369084098,"stream_windows":56,"notes_in_stream":1773,"total_notes":2313,"intervals":[[864,1031],[1044,1151],[1200,1319],[1332,1415],[1428,1535],[1584,1943],[1956,2327],[2352,4055],[4200,5027],[6108,6191],[7260,7343],[7956,8039],[11868,12599],[12636,12815],[12828,15383],[15516,15599],[17820,17903],[18204,18287],[18780,18863],[18972,19055],[19164,19247],[19740,19823],[19932,20015],[20700,20783],[21468,21551],[21852,21935],[22428,22511],[23604,23735],[23748,26927],[27036,27119],[27420,27503],[27636,27755],[27828,27887],[27924,27983],[27996,28079],[28116,28175],[28188,28271],[28380,28463],[28500,28559],[28572,28655],[29532,29615],[29748,29903],[29916,29999],[30300,30443],[30516,30575],[30612,30671],[30684,30863],[30900,30959],[31068,31151],[31284,31343],[31452,31535],[31644,31727],[31836,31919],[32112,32171],[32244,32327],[32448,32507]]},"scratch":{"scratch_ratio":0.04755728491137051,"scratch_positions_ratio":0.09640666082383874,"scratch_with_key_chord_rate":0.8727272727272727,"scratch_per_sec":0.43137254901960786,"scratch_burst_max_per_sec":5.0,"scratch_burst_window_sec":1.0,"scratch_notes":110,"scratch_positions":110,"total_notes":2313,"total_positions":1141,"chart_seconds":255.0},"soft":{"base_bpm":160.0,"intensity":0.0,"up_intensity":0.0,"down_intensity":0.0,"max_intensity":0.0,"max_up_intensity":0.0,"max_down_intensity":0.0,"step_frequency":0.0,"ramp_frequency":0.0,"continuity_beats":0.0,"off_base_note_ratio":0.0,"gimmick_burst_score":0.0,"max_off_base_density_per_beat":0.0,"base_mean_density_per_beat":3.4,"base_density_source":"on_base","distinct_off_base_bpm_count":0,"bpm_change_events":0,"measure_count":171},"ln":{"ln_ratio":0.01297016861219196,"ln_hold_time_mean_beats":1.4145833333333333,"ln_simultaneity_rate":0.061392131431041934,"ln_simultaneity_weighted":0.06312148724600086,"ln_count":30,"ln_positions":27,"total_notes":2313},"stair":{"stair_index":0.1412280701754386,"stair_transitions":161,"eligible_transitions":1140},"peak":{"peak_local_max_density":12.25,"peak_local_max_density_per_sec":32.666666666666664,"peak_max_chord_size":5,"peak_concentration":0.38780804150453957,"total_notes":2313,"intervals":[[2412,4031],[4476,4871],[11880,12143],[13488,15383],[26340,26915]]},"jack":{"jack_pairs":8,"jack_in_stream_pairs":8,"jack_outside_pairs":0,"pure_jack_per_sec":0.0,"flow_break_per_stream_sec":0.07219402143260012,"stream_seconds":110.8125,"non_stream_seconds":144.1875,"chart_seconds":255.0,"window_ticks":24,"min_region_sec":10.0},"distraction":{"mode_formulation":"SP","qualifying_window_count":5,"qualifying_scratches":35,"qualifying_flow_sec":60.46875,"distract_density":0.5788113695090439,"distract_event_per_sec":0.082687338501292,"scratch_chord_pair_count":119,"chord_time_threshold_sec":0.01667,"min_scratches":3}},"warnings":[],"tags":["ln_chart"],"scales":["sl"]}