{"md5":"81861feb62324616292072ea9d210bd5","headers":{"title":"Breakcore WTF!?","artist":"潤羽LeaFあ","genre":"音MAD/MASHCORE","playlevel":"0","base_bpm":250.0},"mode":"SP","scope":"playable_only","scaling_mode":"p99_linear","params":{"stream_window_ticks":48,"stream_density_threshold_per_beat":4.0,"peak_window_ticks":192,"peak_min_window_notes":4,"peak_min_window_sec":0.05,"felt_bpm_trigger_eff_bpm":500.0,"felt_bpm_trigger_peak_per_sec":200.0,"felt_bpm_target_peak_per_sec":100.0,"felt_bpm_floor":30.0,"jack_window_ticks":24,"soft_burst_ref":8.0,"soft_freq_ref":0.1,"soft_burst_exp":1.5,"soft_freq_exp":1.5,"chord_time_threshold_ms":16.67,"sp_distraction_min_scratches":3,"dp_distraction_window_sec_min":0.2,"dp_distraction_window_sec_max":0.8,"stream_density_ref_per_sec":40.0,"peak_density_ref_per_sec":70.0,"chord_size_ref":3.5,"ln_simultaneity_ref":0.05,"scratch_density_ref_per_sec":1.5,"scratch_ratio_ref":0.1,"distraction_density_ref":2.0,"distraction_event_ref":0.15},"raw_axes":{"chord":2.5134545454545454,"stream":40.59063550898767,"scratch":0.009961900148432097,"soft":0.0,"ln":0.0,"stair":0.14046579330422126,"peak":54.16666666666667,"distraction":1.0089686098654709,"pure_jack_raw":0.518422514349195,"flow_break_raw":0.1580278128950695},"x_chord":0.633,"x_stream":0.975,"x_scratch":0.024,"x_soft":0.0,"x_ln":0.0,"x_stair":0.414,"x_peak":0.874,"x_distraction":0.266,"jack_signal":0.479,"noise_budget":0.769,"submetrics":{"chord":{"chord_rate":0.7447272727272727,"avg_chord_size":3.375,"chord_positions":1024,"total_positions":1375},"stream":{"stream_coverage":0.9705805095876018,"stream_density_mean":10.037037037037036,"stream_density_mean_per_sec":41.82098765432099,"stream_windows":38,"notes_in_stream":3695,"total_notes":3807,"intervals":[[348,480],[540,624],[732,1392],[1500,4656],[5028,5088],[5100,5160],[5220,5328],[5340,6960],[6972,7524],[7572,8496],[8532,8880],[9132,9648],[9972,10296],[10356,10596],[10740,10980],[11124,11352],[11484,11568],[11676,11952],[11964,12228],[12252,12336],[12420,12624],[12636,12984],[13020,13104],[13212,13488],[13500,13764],[13788,13872],[13956,14160],[14172,14400],[15204,15288],[15324,15408],[15516,15600],[15708,15792],[15804,15888],[15936,18744],[19164,20976],[21084,21864],[22524,22608],[22812,24240]]},"scratch":{"scratch_ratio":0.017861833464670344,"scratch_positions_ratio":0.04945454545454545,"scratch_with_key_chord_rate":0.35294117647058826,"scratch_per_sec":0.5577199097806028,"scratch_burst_max_per_sec":4.0,"scratch_burst_window_sec":1.0,"scratch_notes":68,"scratch_positions":68,"total_notes":3807,"total_positions":1375,"chart_seconds":121.925},"soft":{"base_bpm":250.0,"intensity":0.0,"up_intensity":0.0,"down_intensity":0.0,"max_intensity":0.0,"max_up_intensity":0.0,"max_down_intensity":0.0,"step_frequency":0.0,"ramp_frequency":0.0,"continuity_beats":0.0,"off_base_note_ratio":0.0,"gimmick_burst_score":0.0,"max_off_base_density_per_beat":0.0,"base_mean_density_per_beat":7.49015748031496,"base_density_source":"on_base","distinct_off_base_bpm_count":0,"bpm_change_events":0,"measure_count":128},"ln":{"ln_ratio":0.013396375098502758,"ln_hold_time_mean_beats":1.4558823529411764,"ln_simultaneity_rate":0.0,"ln_simultaneity_weighted":0.0,"ln_count":51,"ln_positions":11,"total_notes":3807},"stair":{"stair_index":0.14046579330422126,"stair_transitions":193,"eligible_transitions":1374},"peak":{"peak_local_max_density":13.0,"peak_local_max_density_per_sec":54.16666666666667,"peak_max_chord_size":8,"peak_concentration":0.5361176779616496,"total_notes":3807,"intervals":[[1692,1884],[1968,2256],[2364,2652],[2724,3000],[3060,3420],[3444,3816],[3996,4188],[4224,4464],[6144,6480],[6684,6888],[7680,8016],[8220,8424],[9252,9612],[16320,17040],[17088,17448],[18372,18600],[19200,19752],[19872,20148],[20376,20952],[21108,21612],[22896,24204]]},"jack":{"jack_pairs":29,"jack_in_stream_pairs":15,"jack_outside_pairs":14,"pure_jack_per_sec":0.518422514349195,"flow_break_per_stream_sec":0.1580278128950695,"stream_seconds":94.92000000000002,"non_stream_seconds":27.00499999999998,"chart_seconds":121.925,"window_ticks":24,"min_region_sec":10.0},"distraction":{"mode_formulation":"SP","qualifying_window_count":3,"qualifying_scratches":14,"qualifying_flow_sec":26.76,"distract_density":0.523168908819133,"distract_event_per_sec":0.11210762331838564,"scratch_chord_pair_count":49,"chord_time_threshold_sec":0.01667,"min_scratches":3}},"warnings":["Unterminated LNOBJ LN on lane P1_SCR started at m127 pos0.0; closing at EOF","Unterminated LNOBJ LN on lane P1_KEY1 started at m127 pos0.0; closing at EOF","Unterminated LNOBJ LN on lane P1_KEY7 started at m126 pos0.0; closing at EOF","Unterminated LNOBJ LN on lane P1_KEY2 started at m125 pos0.9375; closing at EOF","Unterminated LNOBJ LN on lane P1_KEY6 started at m126 pos0.0; closing at EOF","Unterminated LNOBJ LN on lane P1_KEY3 started at m125 pos0.9375; closing at EOF","Unterminated LNOBJ LN on lane P1_KEY5 started at m126 pos0.0; closing at EOF","Unterminated LNOBJ LN on lane P1_KEY4 started at m125 pos0.875; closing at EOF"],"tags":["chord_heavy","stream_heavy","peak_intense","big_chord_burst","burst_focused","dense_chart","fast_chart","chord_stream"],"scales":["★★"]}