{"md5":"23ec31cbf0c6f4079a24a06bc94c959a","headers":{"title":"Pokemon battle imaging - No.2","artist":"Y.W","genre":"BATTLE IMAGING","playlevel":"21","base_bpm":222.0},"mode":"SP","scope":"playable_only","scaling_mode":"percentile_rank","params":{"stream_window_ticks":48,"stream_density_threshold_per_beat":4.0,"peak_window_ticks":192,"jack_window_ticks":24,"soft_burst_ref":8.0,"soft_freq_ref":0.1,"soft_burst_exp":1.5,"soft_freq_exp":1.5,"chord_time_threshold_ms":16.67,"sp_distraction_min_scratches":3,"dp_distraction_window_sec_min":0.2,"dp_distraction_window_sec_max":0.8,"stream_density_ref_per_sec":40.0,"peak_density_ref_per_sec":70.0,"chord_size_ref":3.5,"ln_simultaneity_ref":0.05,"scratch_density_ref_per_sec":1.5,"scratch_ratio_ref":0.1,"distraction_density_ref":2.0,"distraction_event_ref":0.15},"raw_axes":{"chord":1.9243098842386468,"stream":28.408263668344244,"scratch":0.00715772887824966,"soft":0.0,"ln":0.0,"stair":0.1354723707664884,"peak":39.775,"distraction":0.6724884629037984},"x_chord":0.5518360375747224,"x_stream":0.8034158838599488,"x_scratch":0.3470538001707942,"x_soft":0.0,"x_ln":0.0,"x_stair":0.34227156276686593,"x_peak":0.6758326216908626,"x_distraction":0.4959863364645602,"submetrics":{"chord":{"chord_rate":0.6607301869991096,"avg_chord_size":2.9123989218328843,"chord_positions":742,"total_positions":1123},"stream":{"stream_coverage":0.9728560188827695,"stream_density_mean":7.89213300892133,"stream_density_mean_per_sec":29.20089213300892,"stream_windows":17,"notes_in_stream":2473,"total_notes":2542,"intervals":[[156,3299],[3420,3527],[3660,3743],[3756,3911],[4044,4127],[4140,4295],[4428,4511],[4524,4679],[4812,6623],[6636,6719],[6732,6815],[6828,6911],[6924,7391],[7404,7487],[7500,7583],[7596,14243],[15708,18071]]},"scratch":{"scratch_ratio":0.016915814319433516,"scratch_positions_ratio":0.03829029385574354,"scratch_with_key_chord_rate":0.813953488372093,"scratch_per_sec":0.4231382978723404,"scratch_burst_max_per_sec":4.0,"scratch_burst_window_sec":1.0,"scratch_notes":43,"scratch_positions":43,"total_notes":2542,"total_positions":1123,"chart_seconds":101.62162162162163},"soft":{"base_bpm":222.0,"intensity":0.0,"up_intensity":0.0,"down_intensity":0.0,"max_intensity":0.0,"max_up_intensity":0.0,"max_down_intensity":0.0,"step_frequency":0.0,"ramp_frequency":0.0,"continuity_beats":0.0,"off_base_note_ratio":0.0,"gimmick_burst_score":0.0,"max_off_base_density_per_beat":0.0,"base_mean_density_per_beat":6.757978723404255,"base_density_source":"on_base","distinct_off_base_bpm_count":0,"bpm_change_events":0,"measure_count":95},"ln":{"ln_ratio":0.0,"ln_hold_time_mean_beats":0.0,"ln_simultaneity_rate":0.0,"ln_simultaneity_weighted":0.0,"ln_count":0,"ln_positions":0,"total_notes":2542},"stair":{"stair_index":0.1354723707664884,"stair_transitions":152,"eligible_transitions":1122},"peak":{"peak_local_max_density":10.75,"peak_local_max_density_per_sec":39.775,"peak_max_chord_size":6,"peak_concentration":0.31785995279307633,"total_notes":2542,"intervals":[[2964,3287],[5508,5927],[8376,8651],[8940,9263],[9336,9755],[10944,11315],[11508,11711],[11880,12671],[13968,14231],[16116,16679],[17580,17951]]},"jack":{"jack_pairs":2,"jack_in_stream_pairs":2,"jack_outside_pairs":0,"pure_jack_per_sec":0.0,"flow_break_per_stream_sec":0.02268199233716475,"stream_seconds":88.17567567567568,"non_stream_seconds":13.445945945945951,"chart_seconds":101.62162162162163,"window_ticks":24,"min_region_sec":10.0},"distraction":{"mode_formulation":"SP","qualifying_window_count":4,"qualifying_scratches":32,"qualifying_flow_sec":63.44594594594595,"distract_density":0.5043663471778488,"distract_event_per_sec":0.0630457933972311,"scratch_chord_pair_count":54,"chord_time_threshold_sec":0.01667,"min_scratches":3}},"warnings":[],"tags":["stream_heavy","dense_chart","fast_chart","pure_stream"],"scales":["st"]}