{"md5":"8366a532b3fe07fe0659f73078c80b81","headers":{"title":"A BEAUTIFUL SKY -OB style- GOD","artist":"recognize m. / helix / blacktrain","genre":"EPIC TRANCE","playlevel":"14","base_bpm":137.0},"mode":"SP","scope":"playable_only","scaling_mode":"reference","params":{"stream_window_ticks":48,"stream_density_threshold_per_beat":4.0,"peak_window_ticks":192,"jack_window_ticks":24,"soft_burst_ref":8.0,"soft_freq_ref":0.1,"soft_burst_exp":1.5,"soft_freq_exp":1.5,"stream_density_ref_per_sec":40.0,"peak_density_ref_per_sec":70.0,"chord_size_ref":3.5,"ln_simultaneity_ref":0.05},"x_chord":0.6387921022067362,"x_stream":0.5966670027252433,"x_scratch":0.004241435562805873,"x_soft":0.005647774695324941,"x_ln":0.0,"x_stair":0.08624898291293735,"x_peak":0.45666666666666667,"x_jack":0.005695687550854353,"submetrics":{"chord":{"chord_rate":0.7439024390243902,"avg_chord_size":3.0054644808743167,"chord_positions":915,"total_positions":1230},"stream":{"stream_coverage":0.9784665579119086,"stream_density_mean":10.741208295761949,"stream_density_mean_per_sec":24.39192215208897,"stream_windows":9,"notes_in_stream":2999,"total_notes":3065},"scratch":{"scratch_ratio":0.004241435562805873,"scratch_positions_ratio":0.01056910569105691,"scratch_with_key_chord_rate":0.6153846153846154,"scratch_notes":13,"scratch_positions":13,"total_notes":3065,"total_positions":1230},"soft":{"base_bpm":137.0,"intensity":0.004267631964372894,"up_intensity":0.0,"down_intensity":0.004267631964372894,"max_intensity":0.7518248175182481,"max_up_intensity":0.0,"max_down_intensity":0.7518248175182481,"step_frequency":0.07526881720430108,"ramp_frequency":0.043010752688172046,"continuity_beats":16.0,"off_base_note_ratio":0.008156606851549755,"gimmick_burst_score":0.3370749439842893,"max_off_base_density_per_beat":2.875,"base_mean_density_per_beat":8.633522727272727,"base_density_source":"on_base","distinct_off_base_bpm_count":3,"bpm_change_events":7,"measure_count":93},"ln":{"ln_ratio":0.0,"ln_hold_time_mean_beats":0.0,"ln_simultaneity_rate":0.0,"ln_simultaneity_weighted":0.0,"ln_count":0,"ln_positions":0,"total_notes":3065},"stair":{"stair_index":0.08624898291293735,"stair_transitions":106,"eligible_transitions":1229},"peak":{"peak_local_max_density":14.0,"peak_local_max_density_per_sec":31.966666666666665,"peak_max_chord_size":6,"peak_concentration":0.45481239804241436,"total_notes":3065},"jack":{"jack_ratio":0.005695687550854353,"jack_transitions":7,"all_transitions":1229}},"warnings":[],"tags":["burst_focused"],"scales":["★"]}