{"md5":"d33950e1add0bf47a18e1c13e419ca9d","headers":{"title":"Demon's Roar","artist":"鬼方カヨコ","genre":"METAL","playlevel":"12","base_bpm":268.0},"mode":"SP","scope":"playable_only","scaling_mode":"p99_linear","params":{"stream_window_ticks":48,"stream_density_threshold_per_beat":4.0,"peak_window_ticks":192,"peak_min_window_notes":4,"felt_bpm_trigger_eff_bpm":500.0,"felt_bpm_trigger_peak_per_sec":200.0,"felt_bpm_target_peak_per_sec":100.0,"felt_bpm_floor":30.0,"jack_window_ticks":24,"soft_burst_ref":8.0,"soft_freq_ref":0.1,"soft_burst_exp":1.5,"soft_freq_exp":1.5,"chord_time_threshold_ms":16.67,"sp_distraction_min_scratches":3,"dp_distraction_window_sec_min":0.2,"dp_distraction_window_sec_max":0.8,"stream_density_ref_per_sec":40.0,"peak_density_ref_per_sec":70.0,"chord_size_ref":3.5,"ln_simultaneity_ref":0.05,"scratch_density_ref_per_sec":1.5,"scratch_ratio_ref":0.1,"distraction_density_ref":2.0,"distraction_event_ref":0.15},"raw_axes":{"chord":1.2601067887109079,"stream":19.047611732490633,"scratch":0.010823552888653755,"soft":0.0,"ln":0.0146741476046612,"stair":0.17099236641221374,"peak":27.916666666666668,"distraction":1.075093795093795},"x_chord":0.327,"x_stream":0.473,"x_scratch":0.026,"x_soft":0.0,"x_ln":0.232,"x_stair":0.52,"x_peak":0.339,"x_distraction":0.29,"submetrics":{"chord":{"chord_rate":0.4927536231884058,"avg_chord_size":2.557275541795666,"chord_positions":646,"total_positions":1311},"stream":{"stream_coverage":0.86965904186448,"stream_density_mean":4.903520208604954,"stream_density_mean_per_sec":21.90239026510213,"stream_windows":47,"notes_in_stream":2015,"total_notes":2317,"intervals":[[1884,3695],[4032,4355],[4380,4583],[4620,4823],[4836,5123],[5244,5771],[5808,5891],[5916,5975],[6036,6551],[6636,6839],[6852,6959],[6972,7151],[7164,7223],[8508,8555],[8700,8747],[8796,8843],[10368,10523],[11676,11759],[11820,11927],[11940,12287],[12300,12527],[12588,12695],[12708,13055],[13068,13199],[13212,13727],[13740,13823],[13836,14063],[14124,14615],[14628,16151],[16164,16223],[16236,17279],[17292,17495],[17520,17795],[17820,19415],[19452,20591],[20688,22703],[22812,22871],[23484,23543],[23832,23927],[23964,24215],[24276,24335],[24348,25295],[25308,25391],[25452,25655],[25692,28943],[28956,29543],[29580,29663]]},"scratch":{"scratch_ratio":0.025463962019853258,"scratch_positions_ratio":0.04500381388253242,"scratch_with_key_chord_rate":1.0,"scratch_per_sec":0.4250537634408602,"scratch_burst_max_per_sec":4.0,"scratch_burst_window_sec":1.0,"scratch_notes":59,"scratch_positions":59,"total_notes":2317,"total_positions":1311,"chart_seconds":138.80597014925374},"soft":{"base_bpm":268.0,"intensity":0.0,"up_intensity":0.0,"down_intensity":0.0,"max_intensity":0.0,"max_up_intensity":0.0,"max_down_intensity":0.0,"step_frequency":0.0,"ramp_frequency":0.0,"continuity_beats":0.0,"off_base_note_ratio":0.0,"gimmick_burst_score":0.0,"max_off_base_density_per_beat":0.0,"base_mean_density_per_beat":3.735483870967742,"base_density_source":"on_base","distinct_off_base_bpm_count":0,"bpm_change_events":0,"measure_count":156},"ln":{"ln_ratio":0.025032369443245578,"ln_hold_time_mean_beats":1.535919540229885,"ln_simultaneity_rate":0.0146741476046612,"ln_simultaneity_weighted":0.0146741476046612,"ln_count":58,"ln_positions":58,"total_notes":2317},"stair":{"stair_index":0.17099236641221374,"stair_transitions":224,"eligible_transitions":1310},"peak":{"peak_local_max_density":6.25,"peak_local_max_density_per_sec":27.916666666666668,"peak_max_chord_size":6,"peak_concentration":0.33923176521363835,"total_notes":2317,"intervals":[[2640,3695],[5508,5711],[13332,13691],[14772,15959],[16236,17159],[18552,18971],[19560,20219],[22464,22691],[23940,24239],[24780,24983],[25044,25403],[25920,26111],[28044,28271],[28332,28907],[28980,29255]]},"jack":{"jack_pairs":24,"jack_in_stream_pairs":12,"jack_outside_pairs":12,"pure_jack_per_sec":0.2969529085872576,"flow_break_per_stream_sec":0.12195676905574517,"stream_seconds":98.3955223880597,"non_stream_seconds":40.410447761194035,"chart_seconds":138.80597014925374,"window_ticks":24,"min_region_sec":10.0},"distraction":{"mode_formulation":"SP","qualifying_window_count":5,"qualifying_scratches":26,"qualifying_flow_sec":43.09701492537314,"distract_density":0.6032900432900432,"distract_event_per_sec":0.116017316017316,"scratch_chord_pair_count":48,"chord_time_threshold_sec":0.01667,"min_scratches":3}},"warnings":[],"tags":["ln_chart","fast_chart"],"scales":["sl"]}