{"md5":"baeac3fee0f258b93dac1e13e6fc3431","headers":{"title":"Plastic Heart","artist":"Abel & Palami","genre":"J-CORE","playlevel":"12","base_bpm":180.0},"mode":"SP","scope":"playable_only","scaling_mode":"p99_linear","params":{"stream_window_ticks":48,"stream_density_threshold_per_beat":4.0,"peak_window_ticks":192,"peak_min_window_notes":4,"peak_min_window_sec":0.05,"felt_bpm_trigger_eff_bpm":500.0,"felt_bpm_trigger_peak_per_sec":200.0,"felt_bpm_target_peak_per_sec":100.0,"felt_bpm_floor":30.0,"jack_window_ticks":24,"soft_burst_ref":8.0,"soft_freq_ref":0.1,"soft_burst_exp":1.5,"soft_freq_exp":1.5,"chord_time_threshold_ms":16.67,"sp_distraction_min_scratches":3,"sp_distraction_bin_sec":0.25,"sp_distraction_t_key":2,"sp_distraction_gap_bins":2,"dp_distraction_window_sec_min":0.2,"dp_distraction_window_sec_max":0.8,"stream_density_ref_per_sec":40.0,"peak_density_ref_per_sec":70.0,"chord_size_ref":3.5,"ln_simultaneity_ref":0.05,"scratch_density_ref_per_sec":1.5,"scratch_ratio_ref":0.1,"distraction_density_ref":2.0,"distraction_event_ref":0.15},"raw_axes":{"chord":1.6221198156682026,"stream":14.3548866628506,"scratch_per_sec":0.34601260370857323,"scratch_burst_max_per_sec":7.0,"scratch_max_run_sec":2.666666666666657,"soft":0.0,"stair":0.13145539906103287,"peak":23.25,"ln_m1_short_rate_rt":0.0,"ln_m2_density_rt":6.634146341463405,"ln_m2_burst_max_rt":28.0,"ln_m3_density_rt":6.634146341463405,"ln_m_concurrent_rt":0.0,"adv_hand_imb":0.058823529411764705,"adv_rel_pressure_1beat":0.7254901960784313,"adv_ln_hold_min_beats":0.5,"adv_ln_chord_big_rate":0.0,"adv_ln_scatter_cv":2.5255786490931347,"distraction":1.1294373668223239},"x_chord":0.417,"x_stream":0.37,"x_scratch":0.161,"x_soft":0.0,"x_ln":0.68,"x_stair":0.372,"x_peak":0.39,"x_distraction":0.069,"ln_advanced_score":0.622,"submetrics":{"chord":{"chord_rate":0.5483870967741935,"avg_chord_size":2.957983193277311,"chord_positions":476,"total_positions":868},"stream":{"stream_coverage":0.862621637092158,"stream_density_mean":5.547,"stream_density_mean_per_sec":16.641,"stream_windows":47,"notes_in_stream":1507,"total_notes":1747,"intervals":[[2208,2256],[2268,2328],[2340,2520],[2532,2712],[2724,2832],[2844,2904],[2976,3024],[3036,3096],[3168,3216],[3228,3288],[3396,3480],[3492,3576],[3636,5124],[5148,5232],[5412,5496],[5532,5616],[5796,5880],[5916,6360],[6684,8208],[8220,9132],[9180,9324],[9372,9744],[11292,11376],[11484,11544],[11568,11616],[11676,11736],[11868,11928],[11952,12120],[12252,12312],[12336,12384],[12444,12504],[12720,12912],[13020,13140],[13152,13332],[13380,13524],[13536,13680],[13788,13872],[13920,13992],[14016,14064],[14124,14196],[14244,14328],[15156,15216],[15324,15564],[15900,17472],[17484,21360],[21468,21552],[21660,22104]]},"scratch":{"scratch_ratio":0.029444444444444443,"scratch_positions_ratio":0.06105990783410138,"scratch_with_key_chord_rate":0.7169811320754716,"scratch_per_sec":0.34601260370857323,"scratch_burst_max_per_sec":7.0,"scratch_burst_window_sec":1.0,"scratch_max_run_sec":2.666666666666657,"ls_count":0,"ls_per_sec":0.0,"ls_complexity_mean":0.0,"scratch_notes":53,"scratch_positions":53,"total_notes":1800,"total_positions":868,"chart_seconds":153.17361111111111},"soft":{"base_bpm":180.0,"intensity":0.0,"up_intensity":0.0,"down_intensity":0.0,"max_intensity":0.0,"max_up_intensity":0.0,"max_down_intensity":0.0,"step_frequency":0.0,"ramp_frequency":0.0,"continuity_beats":0.0,"off_base_note_ratio":0.0,"gimmick_burst_score":0.0,"max_off_base_density_per_beat":0.0,"base_mean_density_per_beat":3.9085963003264417,"base_density_source":"on_base","distinct_off_base_bpm_count":0,"bpm_change_events":0,"measure_count":115},"ln":{"ln_ratio":0.028333333333333332,"ln_hold_time_mean_beats":1.2058823529411764,"ln_simultaneity_rate":0.01611111111111111,"ln_simultaneity_weighted":0.01611111111111111,"ln_count":51,"ln_count_raw":51,"ln_positions":51,"total_notes":1800,"m1_short_count_rt":0,"m1_short_rate_rt":0.0,"m2_long_count_rt":51,"m2_density_rt":6.634146341463405,"m2_burst_max_rt":28.0,"m3_density_rt":6.634146341463405,"m_concurrent_rt":0.0,"total_long_sec":20.50000000000003,"long_active_sec":20.50000000000003,"long_hold_sec_mean":0.40196078431372606,"long_hold_sec_max":0.5833333333333428,"adv_hand_imb":0.058823529411764705,"adv_rel_pressure_1beat":0.7254901960784313,"adv_ln_hold_min_beats":0.5,"adv_ln_chord_big_rate":0.0,"adv_ln_scatter_cv":2.5255786490931347},"stair":{"stair_index":0.13145539906103287,"stair_transitions":112,"eligible_transitions":852},"peak":{"peak_local_max_density":7.75,"peak_local_max_density_per_sec":23.25,"peak_max_chord_size":5,"peak_concentration":0.41614195764167144,"total_notes":1747,"intervals":[[5940,6360],[7152,7440],[7620,7812],[8244,8964],[9384,9636],[15312,15576],[16368,16728],[17124,17472],[17652,18984],[20292,20520],[20628,21360],[21648,22104]]},"jack":{"jack_pairs":27,"jack_in_stream_pairs":14,"jack_outside_pairs":13,"pure_jack_per_sec":0.2399999999999998,"flow_break_per_stream_sec":0.14140422248719933,"stream_seconds":99.0069444444444,"non_stream_seconds":54.166666666666714,"chart_seconds":153.17361111111111,"window_ticks":24,"min_region_sec":10.0},"distraction":{"mode_formulation":"SP","v3_score":1.1294373668223239,"qualifying_intervals":4,"qualifying_flow_sec":129.25,"qualifying_scratches":42,"scratch_chord_pair_count":61,"chord_time_threshold_sec":0.01667,"min_scratches":3,"bin_sec":0.25,"t_key":2,"gap_bins":2}},"warnings":[],"axis_intensities":{"chord":"yellow","stream":"green","peak":"green","scratch":"yellow","soft":null,"ln":"green","stair":"green","distraction":"green"},"tags":[],"scales":["sl"]}