{"md5":"582c55cacb18f0cc5938125e322799cf","headers":{"title":"Central Nucleus [HARDEST]","artist":"8284 / 差分 赤い人","genre":"CYBER ENERGETIC TRANCE","playlevel":"10","base_bpm":158.0},"mode":"SP","scope":"playable_only","scaling_mode":"p99_linear","params":{"stream_window_ticks":48,"stream_density_threshold_per_beat":4.0,"peak_window_ticks":192,"peak_min_window_notes":4,"peak_min_window_sec":0.05,"felt_bpm_trigger_eff_bpm":500.0,"felt_bpm_trigger_peak_per_sec":200.0,"felt_bpm_target_peak_per_sec":100.0,"felt_bpm_floor":30.0,"jack_window_ticks":24,"soft_burst_ref":8.0,"soft_freq_ref":0.1,"soft_burst_exp":1.5,"soft_freq_exp":1.5,"chord_time_threshold_ms":16.67,"sp_distraction_min_scratches":3,"dp_distraction_window_sec_min":0.2,"dp_distraction_window_sec_max":0.8,"stream_density_ref_per_sec":40.0,"peak_density_ref_per_sec":70.0,"chord_size_ref":3.5,"ln_simultaneity_ref":0.05,"scratch_density_ref_per_sec":1.5,"scratch_ratio_ref":0.1,"distraction_density_ref":2.0,"distraction_event_ref":0.15},"raw_axes":{"chord":1.4821917808219178,"stream":21.351927843215158,"scratch":0.0023419549771293456,"soft":0.0,"ln":0.004390243902439025,"stair":0.12157221206581353,"peak":34.13333333333333,"distraction":0.39645252000865217},"x_chord":0.385,"x_stream":0.547,"x_scratch":0.006,"x_soft":0.0,"x_ln":0.07,"x_stair":0.369,"x_peak":0.421,"x_distraction":0.107,"submetrics":{"chord":{"chord_rate":0.6100456621004566,"avg_chord_size":2.429640718562874,"chord_positions":668,"total_positions":1095},"stream":{"stream_coverage":0.9321951219512196,"stream_density_mean":8.635844748858448,"stream_density_mean_per_sec":22.904998471266914,"stream_windows":12,"notes_in_stream":1911,"total_notes":2050,"intervals":[[1524,2903],[3036,4451],[5148,6551],[12840,14447],[14748,14807],[15156,15215],[15516,15599],[15900,17507],[18972,19031],[19932,19991],[20148,20219],[22812,25955]]},"scratch":{"scratch_ratio":0.013658536585365854,"scratch_positions_ratio":0.025570776255707764,"scratch_with_key_chord_rate":0.6785714285714286,"scratch_per_sec":0.17146456082554137,"scratch_burst_max_per_sec":2.0,"scratch_burst_window_sec":1.0,"scratch_notes":28,"scratch_positions":28,"total_notes":2050,"total_positions":1095,"chart_seconds":163.29905063291142},"soft":{"base_bpm":158.0,"intensity":0.0,"up_intensity":0.0,"down_intensity":0.0,"max_intensity":3.0,"max_up_intensity":3.0,"max_down_intensity":0.0,"step_frequency":0.051470588235294115,"ramp_frequency":0.04411764705882353,"continuity_beats":180.0,"off_base_note_ratio":0.0,"gimmick_burst_score":0.0,"max_off_base_density_per_beat":0.0,"base_mean_density_per_beat":5.686111111111111,"base_density_source":"on_base","distinct_off_base_bpm_count":2,"bpm_change_events":8,"measure_count":136},"ln":{"ln_ratio":0.0004878048780487805,"ln_hold_time_mean_beats":14.625,"ln_simultaneity_rate":0.004390243902439025,"ln_simultaneity_weighted":0.004390243902439025,"ln_count":1,"ln_positions":1,"total_notes":2050},"stair":{"stair_index":0.12157221206581353,"stair_transitions":133,"eligible_transitions":1094},"peak":{"peak_local_max_density":11.0,"peak_local_max_density_per_sec":34.13333333333333,"peak_max_chord_size":5,"peak_concentration":0.651219512195122,"total_notes":2050,"intervals":[[3648,3959],[4056,4343],[5184,6191],[13584,14435],[15924,16343],[16644,17495],[22848,23411],[23448,23795],[23832,24623],[24792,24983],[25080,25943]]},"jack":{"jack_pairs":4,"jack_in_stream_pairs":0,"jack_outside_pairs":4,"pure_jack_per_sec":0.05171320445944562,"flow_break_per_stream_sec":0.0,"stream_seconds":85.94936708860759,"non_stream_seconds":77.34968354430383,"chart_seconds":163.29905063291142,"window_ticks":24,"min_region_sec":10.0},"distraction":{"mode_formulation":"SP","qualifying_window_count":1,"qualifying_scratches":6,"qualifying_flow_sec":24.382911392405077,"distract_density":0.2460739779364048,"distract_event_per_sec":0.041012329656067464,"scratch_chord_pair_count":23,"chord_time_threshold_sec":0.01667,"min_scratches":3}},"warnings":[],"tags":["burst_focused"],"scales":["★"]}