{"md5":"302cabb6ce07dac3681c6ccfed97666f","headers":{"title":"Gang Riots","artist":"saaa","genre":"UPTEMPO HARDCORE","playlevel":"12","base_bpm":205.0},"mode":"SP","scope":"playable_only","scaling_mode":"reference","params":{"stream_window_ticks":48,"stream_density_threshold_per_beat":4.0,"peak_window_ticks":192,"jack_window_ticks":24,"soft_burst_ref":8.0,"soft_freq_ref":0.1,"soft_burst_exp":1.5,"soft_freq_exp":1.5,"chord_time_threshold_ms":16.67,"sp_distraction_min_scratches":3,"dp_distraction_window_sec_min":0.2,"dp_distraction_window_sec_max":0.8,"stream_density_ref_per_sec":40.0,"peak_density_ref_per_sec":70.0,"chord_size_ref":3.5,"ln_simultaneity_ref":0.05,"scratch_density_ref_per_sec":1.5,"scratch_ratio_ref":0.1,"distraction_density_ref":2.0,"distraction_event_ref":0.15},"x_chord":0.5471396612336209,"x_stream":0.585062065729974,"x_scratch":0.1517178519725841,"x_soft":0.0,"x_ln":0.0,"x_stair":0.21612541993281076,"x_peak":0.5857142857142857,"x_distraction":0.5396973466003316,"submetrics":{"chord":{"chord_rate":0.6085011185682326,"avg_chord_size":3.1470588235294117,"chord_positions":544,"total_positions":894},"stream":{"stream_coverage":0.9097963142580019,"stream_density_mean":7.528616024973985,"stream_density_mean_per_sec":25.722771418661118,"stream_windows":33,"notes_in_stream":1876,"total_notes":2062,"intervals":[[180,239],[264,335],[456,527],[648,719],[840,911],[924,1007],[1032,1103],[1224,1295],[1416,1487],[1548,1631],[1692,1883],[1932,2267],[2316,2903],[3228,5987],[6012,6095],[6300,7871],[9372,9479],[9528,9671],[9732,9863],[9912,10055],[10116,10247],[10296,10439],[10500,10631],[10680,10787],[10872,12131],[12444,13631],[13932,15203],[15228,15311],[15516,17087],[17436,17495],[17700,17759],[17772,17831],[18192,18275]]},"scratch":{"scratch_ratio":0.03540252182347236,"scratch_positions_ratio":0.08165548098434004,"scratch_with_key_chord_rate":0.821917808219178,"scratch_per_sec":0.6428264604810996,"scratch_burst_max_per_sec":6.0,"scratch_burst_window_sec":1.0,"scratch_notes":73,"scratch_positions":73,"total_notes":2062,"total_positions":894,"chart_seconds":113.5609756097561},"soft":{"base_bpm":205.0,"intensity":0.0,"up_intensity":0.0,"down_intensity":0.0,"max_intensity":0.0,"max_up_intensity":0.0,"max_down_intensity":0.0,"step_frequency":0.0,"ramp_frequency":0.0,"continuity_beats":0.0,"off_base_note_ratio":0.0,"gimmick_burst_score":0.0,"max_off_base_density_per_beat":0.0,"base_mean_density_per_beat":5.306701030927835,"base_density_source":"on_base","distinct_off_base_bpm_count":0,"bpm_change_events":0,"measure_count":98},"ln":{"ln_ratio":0.0,"ln_hold_time_mean_beats":0.0,"ln_simultaneity_rate":0.0,"ln_simultaneity_weighted":0.0,"ln_count":0,"ln_positions":0,"total_notes":2062},"stair":{"stair_index":0.21612541993281076,"stair_transitions":193,"eligible_transitions":893},"peak":{"peak_local_max_density":12.0,"peak_local_max_density_per_sec":41.0,"peak_max_chord_size":6,"peak_concentration":0.35790494665373423,"total_notes":2062,"intervals":[[3564,4007],[12516,12827],[12996,13211],[13236,13595],[13992,15191],[15540,16283],[16512,16703],[16800,17111]]},"jack":{"jack_pairs":8,"jack_in_stream_pairs":6,"jack_outside_pairs":2,"pure_jack_per_sec":0.057787174066243834,"flow_break_per_stream_sec":0.07599629286376273,"stream_seconds":78.95121951219512,"non_stream_seconds":34.609756097560975,"chart_seconds":113.5609756097561,"window_ticks":24,"min_region_sec":10.0},"distraction":{"mode_formulation":"SP","qualifying_window_count":6,"qualifying_scratches":47,"qualifying_flow_sec":58.82926829268294,"distract_density":0.7989220563847428,"distract_event_per_sec":0.10199004975124376,"scratch_chord_pair_count":88,"chord_time_threshold_sec":0.01667,"min_scratches":3}},"warnings":[],"tags":["stair_focused","fast_chart"],"scales":["st"]}