{"md5":"186679a86043c140396228a430f69d6e","headers":{"title":"BRAIN HACKER","artist":"SOMON","genre":"TECH-BREAKBEATS","playlevel":"9","base_bpm":158.0},"mode":"SP","scope":"playable_only","scaling_mode":"percentile_rank","params":{"stream_window_ticks":48,"stream_density_threshold_per_beat":4.0,"peak_window_ticks":192,"jack_window_ticks":24,"soft_burst_ref":8.0,"soft_freq_ref":0.1,"soft_burst_exp":1.5,"soft_freq_exp":1.5,"chord_time_threshold_ms":16.67,"sp_distraction_min_scratches":3,"dp_distraction_window_sec_min":0.2,"dp_distraction_window_sec_max":0.8,"stream_density_ref_per_sec":40.0,"peak_density_ref_per_sec":70.0,"chord_size_ref":3.5,"ln_simultaneity_ref":0.05,"scratch_density_ref_per_sec":1.5,"scratch_ratio_ref":0.1,"distraction_density_ref":2.0,"distraction_event_ref":0.15},"raw_axes":{"chord":2.0107411385606873,"stream":21.078511761861648,"scratch":0.01210957115978756,"soft":0.0,"ln":0.0,"stair":0.11720430107526882,"peak":33.575,"distraction":0.5381159420289854},"x_chord":0.5979504696840308,"x_stream":0.42459436379163107,"x_scratch":0.46968403074295473,"x_soft":0.0,"x_ln":0.0,"x_stair":0.19675491033304868,"x_peak":0.44321093082835183,"x_distraction":0.3706233988044407,"submetrics":{"chord":{"chord_rate":0.6788399570354458,"avg_chord_size":2.962025316455696,"chord_positions":632,"total_positions":931},"stream":{"stream_coverage":0.977890373099954,"stream_density_mean":8.185475956820412,"stream_density_mean_per_sec":21.555086686293752,"stream_windows":13,"notes_in_stream":2123,"total_notes":2171,"intervals":[[372,503],[588,647],[708,887],[972,1031],[1092,1739],[1884,8099],[8124,8255],[8268,8351],[8628,9023],[9264,9359],[9444,10775],[10908,14399],[14412,14495]]},"scratch":{"scratch_ratio":0.025333947489636112,"scratch_positions_ratio":0.05907626208378088,"scratch_with_key_chord_rate":0.7454545454545455,"scratch_per_sec":0.477997799779978,"scratch_burst_max_per_sec":9.0,"scratch_burst_window_sec":1.0,"scratch_notes":55,"scratch_positions":55,"total_notes":2171,"total_positions":931,"chart_seconds":115.0632911392405},"soft":{"base_bpm":158.0,"intensity":0.0,"up_intensity":0.0,"down_intensity":0.0,"max_intensity":0.0,"max_up_intensity":0.0,"max_down_intensity":0.0,"step_frequency":0.0,"ramp_frequency":0.0,"continuity_beats":0.0,"off_base_note_ratio":0.0,"gimmick_burst_score":0.0,"max_off_base_density_per_beat":0.0,"base_mean_density_per_beat":7.161716171617162,"base_density_source":"on_base","distinct_off_base_bpm_count":0,"bpm_change_events":0,"measure_count":76},"ln":{"ln_ratio":0.0,"ln_hold_time_mean_beats":0.0,"ln_simultaneity_rate":0.0,"ln_simultaneity_weighted":0.0,"ln_count":0,"ln_positions":0,"total_notes":2171},"stair":{"stair_index":0.11720430107526882,"stair_transitions":109,"eligible_transitions":930},"peak":{"peak_local_max_density":12.75,"peak_local_max_density_per_sec":33.575,"peak_max_chord_size":6,"peak_concentration":0.3072316904652234,"total_notes":2171,"intervals":[[4704,5147],[7284,8075],[12312,12647],[12672,14267]]},"jack":{"jack_pairs":29,"jack_in_stream_pairs":17,"jack_outside_pairs":12,"pure_jack_per_sec":0.9294117647058799,"flow_break_per_stream_sec":0.16641883519206946,"stream_seconds":102.15189873417718,"non_stream_seconds":12.911392405063324,"chart_seconds":115.0632911392405,"window_ticks":24,"min_region_sec":10.0},"distraction":{"mode_formulation":"SP","qualifying_window_count":3,"qualifying_scratches":54,"qualifying_flow_sec":87.34177215189875,"distract_density":0.6182608695652173,"distract_event_per_sec":0.034347826086956516,"scratch_chord_pair_count":58,"chord_time_threshold_sec":0.01667,"min_scratches":3}},"warnings":[],"tags":["jack_chart"],"scales":["sl"]}