{"md5":"65a31f2f2fb40dd9fba2ee983aaca4d4","headers":{"title":"Kreuz","artist":"sky_delta","genre":"IDM","playlevel":"12","base_bpm":183.0},"mode":"SP","scope":"playable_only","scaling_mode":"p99_linear","params":{"stream_window_ticks":48,"stream_density_threshold_per_beat":4.0,"peak_window_ticks":192,"peak_min_window_notes":4,"peak_min_window_sec":0.05,"felt_bpm_trigger_eff_bpm":500.0,"felt_bpm_trigger_peak_per_sec":200.0,"felt_bpm_target_peak_per_sec":100.0,"felt_bpm_floor":30.0,"jack_window_ticks":24,"soft_burst_ref":8.0,"soft_freq_ref":0.1,"soft_burst_exp":1.5,"soft_freq_exp":1.5,"chord_time_threshold_ms":16.67,"sp_distraction_min_scratches":3,"dp_distraction_window_sec_min":0.2,"dp_distraction_window_sec_max":0.8,"stream_density_ref_per_sec":40.0,"peak_density_ref_per_sec":70.0,"chord_size_ref":3.5,"ln_simultaneity_ref":0.05,"scratch_density_ref_per_sec":1.5,"scratch_ratio_ref":0.1,"distraction_density_ref":2.0,"distraction_event_ref":0.15},"raw_axes":{"chord":1.3460122699386503,"stream":17.194337151584573,"scratch":0.0028991184232691333,"soft":0.0,"ln":0.0,"stair":0.2113022113022113,"peak":25.925,"distraction":0.5945848375451261},"x_chord":0.35,"x_stream":0.442,"x_scratch":0.007,"x_soft":0.0,"x_ln":0.0,"x_stair":0.642,"x_peak":0.431,"x_distraction":0.157,"submetrics":{"chord":{"chord_rate":0.505521472392638,"avg_chord_size":2.662621359223301,"chord_positions":412,"total_positions":815},"stream":{"stream_coverage":0.9266666666666666,"stream_density_mean":6.083619702176403,"stream_density_mean_per_sec":18.55504009163803,"stream_windows":25,"notes_in_stream":1390,"total_notes":1500,"intervals":[[564,624],[1308,1368],[1524,1584],[1668,1764],[1860,2208],[2220,2592],[2604,3576],[3612,5016],[5064,5124],[5148,8304],[8316,8388],[8556,8664],[8772,8820],[8892,8952],[8964,9312],[9324,9408],[9420,9480],[9516,9600],[9612,9816],[11292,12132],[13044,15696],[15708,15768],[15804,15912],[16140,16320],[17712,17844]]},"scratch":{"scratch_ratio":0.015333333333333332,"scratch_positions_ratio":0.02822085889570552,"scratch_with_key_chord_rate":0.8695652173913043,"scratch_per_sec":0.18907294064798696,"scratch_burst_max_per_sec":3.0,"scratch_burst_window_sec":1.0,"scratch_notes":23,"scratch_positions":23,"total_notes":1500,"total_positions":815,"chart_seconds":121.64617486338798},"soft":{"base_bpm":183.0,"intensity":0.0,"up_intensity":0.0,"down_intensity":0.0,"max_intensity":0.0,"max_up_intensity":0.0,"max_down_intensity":0.0,"step_frequency":0.0,"ramp_frequency":0.0,"continuity_beats":0.0,"off_base_note_ratio":0.0,"gimmick_burst_score":0.0,"max_off_base_density_per_beat":0.0,"base_mean_density_per_beat":4.035040431266847,"base_density_source":"on_base","distinct_off_base_bpm_count":0,"bpm_change_events":0,"measure_count":105},"ln":{"ln_ratio":0.005333333333333333,"ln_hold_time_mean_beats":0.0,"ln_simultaneity_rate":0.0,"ln_simultaneity_weighted":0.0,"ln_count":8,"ln_positions":6,"total_notes":1500},"stair":{"stair_index":0.2113022113022113,"stair_transitions":172,"eligible_transitions":814},"peak":{"peak_local_max_density":8.5,"peak_local_max_density_per_sec":25.925,"peak_max_chord_size":6,"peak_concentration":0.366,"total_notes":1500,"intervals":[[3276,3576],[6492,6852],[7092,7608],[7620,8208],[11328,12120],[14148,14496],[14556,15072],[15300,15540]]},"jack":{"jack_pairs":12,"jack_in_stream_pairs":11,"jack_outside_pairs":1,"pure_jack_per_sec":0.02355212355212356,"flow_break_per_stream_sec":0.1389114120590011,"stream_seconds":79.18715846994537,"non_stream_seconds":42.45901639344261,"chart_seconds":121.64617486338798,"window_ticks":24,"min_region_sec":10.0},"distraction":{"mode_formulation":"SP","qualifying_window_count":3,"qualifying_scratches":14,"qualifying_flow_sec":45.409836065573785,"distract_density":0.3083032490974728,"distract_event_per_sec":0.06606498194945847,"scratch_chord_pair_count":31,"chord_time_threshold_sec":0.01667,"min_scratches":3}},"warnings":["Unterminated LNOBJ LN on lane P1_KEY1 started at m104 pos0.0; closing at EOF","Unterminated LNOBJ LN on lane P1_KEY5 started at m103 pos0.875; closing at EOF","Unterminated LNOBJ LN on lane P1_KEY7 started at m104 pos0.0; closing at EOF","Unterminated LNOBJ LN on lane P1_KEY2 started at m103 pos0.96875; closing at EOF","Unterminated LNOBJ LN on lane P1_KEY3 started at m103 pos0.9375; closing at EOF","Unterminated LNOBJ LN on lane P1_KEY4 started at m103 pos0.90625; closing at EOF","Unterminated LNOBJ LN on lane P1_KEY6 started at m103 pos0.78125; closing at EOF","Unterminated LNOBJ LN on lane P1_SCR started at m104 pos0.0; closing at EOF"],"tags":["stair_focused"],"scales":["sl"]}