{"md5":"77ef2e610f5a9b7927528ff783539289","headers":{"title":"Fanciful False -SP ANOTHER-","artist":"Is-m/steelyvibe","genre":"DRUM'N'BASS","playlevel":"12","base_bpm":170.0},"mode":"SP","scope":"playable_only","scaling_mode":"p99_linear","params":{"stream_window_ticks":48,"stream_density_threshold_per_beat":4.0,"peak_window_ticks":192,"peak_min_window_notes":4,"peak_min_window_sec":0.05,"felt_bpm_trigger_eff_bpm":500.0,"felt_bpm_trigger_peak_per_sec":200.0,"felt_bpm_target_peak_per_sec":100.0,"felt_bpm_floor":30.0,"jack_window_ticks":24,"soft_burst_ref":8.0,"soft_freq_ref":0.1,"soft_burst_exp":1.5,"soft_freq_exp":1.5,"chord_time_threshold_ms":16.67,"sp_distraction_min_scratches":3,"dp_distraction_window_sec_min":0.2,"dp_distraction_window_sec_max":0.8,"stream_density_ref_per_sec":40.0,"peak_density_ref_per_sec":70.0,"chord_size_ref":3.5,"ln_simultaneity_ref":0.05,"scratch_density_ref_per_sec":1.5,"scratch_ratio_ref":0.1,"distraction_density_ref":2.0,"distraction_event_ref":0.15},"raw_axes":{"chord":1.0,"stream":16.412854682544683,"scratch":0.0037581834991544994,"soft":0.0,"stair":0.05523809523809524,"peak":23.375,"ln_m1_short_rate_rt":0.0,"ln_m2_density_rt":0.6126126126126129,"ln_m2_burst_max_rt":6.0,"ln_m3_density_rt":0.6126126126126129,"ln_m_concurrent_rt":0.3058823529411771,"adv_hand_imb":0.3333333333333333,"adv_rel_pressure_1beat":1.0,"adv_ln_hold_min_beats":0.75,"adv_ln_chord_big_rate":0.0,"adv_ln_scatter_cv":0.8245233227007102,"distraction":1.4085528827796872},"x_chord":0.256,"x_stream":0.411,"x_scratch":0.009,"x_soft":0.0,"x_ln":0.724,"x_stair":0.16,"x_peak":0.378,"x_distraction":0.329,"ln_advanced_score":0.632,"submetrics":{"chord":{"chord_rate":0.4643196955280685,"avg_chord_size":2.153688524590164,"chord_positions":488,"total_positions":1051},"stream":{"stream_coverage":0.983271375464684,"stream_density_mean":5.891326021934197,"stream_density_mean_per_sec":16.692090395480225,"stream_windows":22,"notes_in_stream":1587,"total_notes":1614,"intervals":[[240,312],[324,408],[516,612],[624,792],[828,984],[1008,1188],[1272,1380],[1392,1572],[1596,1740],[1920,2076],[2148,2328],[2352,3096],[3120,4632],[4656,5400],[5424,6744],[7008,8664],[8916,10584],[10752,10908],[10932,11928],[11952,13356],[13368,13716],[13752,15576]]},"scratch":{"scratch_ratio":0.016728624535315983,"scratch_positions_ratio":0.025689819219790674,"scratch_with_key_chord_rate":0.7777777777777778,"scratch_per_sec":0.22465585806056898,"scratch_burst_max_per_sec":9.0,"scratch_burst_window_sec":1.0,"scratch_notes":27,"scratch_positions":27,"total_notes":1614,"total_positions":1051,"chart_seconds":120.18382352941177},"soft":{"base_bpm":170.0,"intensity":0.0,"up_intensity":0.0,"down_intensity":0.0,"max_intensity":0.0,"max_up_intensity":0.0,"max_down_intensity":0.0,"step_frequency":0.0,"ramp_frequency":0.0,"continuity_beats":0.0,"off_base_note_ratio":0.0,"gimmick_burst_score":0.0,"max_off_base_density_per_beat":0.0,"base_mean_density_per_beat":4.737151248164464,"base_density_source":"on_base","distinct_off_base_bpm_count":0,"bpm_change_events":0,"measure_count":86},"ln":{"ln_ratio":0.010532837670384139,"ln_hold_time_mean_beats":1.6323529411764706,"ln_simultaneity_rate":0.0006195786864931846,"ln_simultaneity_weighted":0.0012391573729863693,"ln_count":17,"ln_count_raw":17,"ln_positions":15,"total_notes":1614,"m1_short_count_rt":0,"m1_short_rate_rt":0.0,"m2_long_count_rt":9,"m2_density_rt":0.6126126126126129,"m2_burst_max_rt":6.0,"m3_density_rt":0.6126126126126129,"m_concurrent_rt":0.3058823529411771,"total_long_sec":9.794117647058819,"long_active_sec":7.499999999999993,"long_hold_sec_mean":1.0882352941176465,"long_hold_sec_max":2.117647058823529,"adv_hand_imb":0.3333333333333333,"adv_rel_pressure_1beat":1.0,"adv_ln_hold_min_beats":0.75,"adv_ln_chord_big_rate":0.0,"adv_ln_scatter_cv":0.8245233227007102},"stair":{"stair_index":0.05523809523809524,"stair_transitions":58,"eligible_transitions":1050},"peak":{"peak_local_max_density":8.25,"peak_local_max_density_per_sec":23.375,"peak_max_chord_size":5,"peak_concentration":0.20508054522924413,"total_notes":1614,"intervals":[[13068,13308],[13776,15564]]},"jack":{"jack_pairs":2,"jack_in_stream_pairs":2,"jack_outside_pairs":0,"pure_jack_per_sec":0.0,"flow_break_per_stream_sec":0.01957397812320092,"stream_seconds":102.17647058823529,"non_stream_seconds":18.007352941176478,"chart_seconds":120.18382352941177,"window_ticks":24,"min_region_sec":10.0},"distraction":{"mode_formulation":"SP","qualifying_window_count":4,"qualifying_scratches":19,"qualifying_flow_sec":25.67647058823529,"distract_density":0.7399770904925546,"distract_event_per_sec":0.15578465063001148,"scratch_chord_pair_count":22,"chord_time_threshold_sec":0.01667,"min_scratches":3}},"warnings":["Unterminated LNOBJ LN on lane P1_KEY3 started at m84 pos0.5; closing at EOF","Unterminated LNOBJ LN on lane P1_KEY2 started at m84 pos0.25; closing at EOF","Unterminated LNOBJ LN on lane P1_KEY1 started at m84 pos0.0; closing at EOF","Unterminated LNOBJ LN on lane P1_KEY6 started at m85 pos0.125; closing at EOF","Unterminated LNOBJ LN on lane P1_KEY5 started at m85 pos0.09375; closing at EOF","Unterminated LNOBJ LN on lane P1_KEY7 started at m84 pos0.625; closing at EOF","Unterminated LNOBJ LN on lane P1_KEY4 started at m84 pos0.125; closing at EOF","Unterminated LNOBJ LN on lane P1_SCR started at m81 pos0.0; closing at EOF"],"tags":["sustained"],"scales":["sl"]}