{"md5":"182235ee369063471d5020edb407a1ee","headers":{"title":"星蝕セクエンス [fantasy]","artist":"wa. / BANZAI","genre":"XENOVERSE","playlevel":"6","base_bpm":150.0},"mode":"SP","scope":"playable_only","scaling_mode":"p99_linear","params":{"stream_window_ticks":48,"stream_density_threshold_per_beat":4.0,"peak_window_ticks":192,"jack_window_ticks":24,"soft_burst_ref":8.0,"soft_freq_ref":0.1,"soft_burst_exp":1.5,"soft_freq_exp":1.5,"chord_time_threshold_ms":16.67,"sp_distraction_min_scratches":3,"dp_distraction_window_sec_min":0.2,"dp_distraction_window_sec_max":0.8,"stream_density_ref_per_sec":40.0,"peak_density_ref_per_sec":70.0,"chord_size_ref":3.5,"ln_simultaneity_ref":0.05,"scratch_density_ref_per_sec":1.5,"scratch_ratio_ref":0.1,"distraction_density_ref":2.0,"distraction_event_ref":0.15},"raw_axes":{"chord":2.0724029380902413,"stream":18.716278006401463,"scratch":0.005642377172774641,"soft":0.0064226964445154005,"ln":0.0,"stair":0.16596638655462184,"peak":26.875,"distraction":0.3668639053254438},"x_chord":0.538,"x_stream":0.458,"x_scratch":0.014,"x_soft":0.038,"x_ln":0.0,"x_stair":0.504,"x_peak":0.274,"x_distraction":0.098,"submetrics":{"chord":{"chord_rate":0.7775445960125918,"avg_chord_size":2.6653171390013495,"chord_positions":741,"total_positions":953},"stream":{"stream_coverage":0.9465020576131687,"stream_density_mean":7.911111111111111,"stream_density_mean_per_sec":19.77415458937198,"stream_windows":19,"notes_in_stream":2070,"total_notes":2187,"intervals":[[564,623],[636,719],[732,815],[828,911],[948,1007],[1020,1103],[1140,1199],[1212,1295],[1308,2015],[2028,5807],[5844,6839],[7020,7151],[7428,7607],[7788,7919],[8004,8111],[8172,9839],[10524,10607],[11292,15983],[16092,16175]]},"scratch":{"scratch_ratio":0.018747142203932327,"scratch_positions_ratio":0.04302203567681007,"scratch_with_key_chord_rate":1.0,"scratch_per_sec":0.30097265553312536,"scratch_burst_max_per_sec":3.0,"scratch_burst_window_sec":1.0,"scratch_notes":41,"scratch_positions":41,"total_notes":2187,"total_positions":953,"chart_seconds":136.225},"soft":{"base_bpm":150.0,"intensity":0.0002286236854138089,"up_intensity":0.0,"down_intensity":0.0002286236854138089,"max_intensity":0.5,"max_up_intensity":0.0,"max_down_intensity":0.5,"step_frequency":0.023255813953488372,"ramp_frequency":0.023255813953488372,"continuity_beats":0.5625,"off_base_note_ratio":0.0004572473708276177,"gimmick_burst_score":0.2761759471141622,"max_off_base_density_per_beat":1.7777777777777777,"base_mean_density_per_beat":6.437120235684036,"base_density_source":"on_base","distinct_off_base_bpm_count":1,"bpm_change_events":2,"measure_count":86},"ln":{"ln_ratio":0.00411522633744856,"ln_hold_time_mean_beats":0.03009259259259259,"ln_simultaneity_rate":0.0,"ln_simultaneity_weighted":0.0,"ln_count":9,"ln_positions":9,"total_notes":2187},"stair":{"stair_index":0.16596638655462184,"stair_transitions":158,"eligible_transitions":952},"peak":{"peak_local_max_density":10.75,"peak_local_max_density_per_sec":26.875,"peak_max_chord_size":7,"peak_concentration":0.3017832647462277,"total_notes":2187,"intervals":[[2628,2951],[4416,5099],[5160,5783],[12660,13055],[14256,14879],[14988,15179],[15564,15911]]},"jack":{"jack_pairs":9,"jack_in_stream_pairs":9,"jack_outside_pairs":0,"pure_jack_per_sec":0.0,"flow_break_per_stream_sec":0.08187400500341141,"stream_seconds":109.92500000000001,"non_stream_seconds":26.299999999999983,"chart_seconds":136.225,"window_ticks":24,"min_region_sec":10.0},"distraction":{"mode_formulation":"SP","qualifying_window_count":3,"qualifying_scratches":22,"qualifying_flow_sec":84.5,"distract_density":0.2603550295857988,"distract_event_per_sec":0.03550295857988166,"scratch_chord_pair_count":59,"chord_time_threshold_sec":0.01667,"min_scratches":3}},"warnings":["Unterminated LNOBJ LN on lane P1_SCR started at m83 pos0.0; closing at EOF","Unterminated LNOBJ LN on lane P1_KEY7 started at m85 pos0.0; closing at EOF","Unterminated LNOBJ LN on lane P1_KEY5 started at m84 pos0.015625; closing at EOF","Unterminated LNOBJ LN on lane P1_KEY6 started at m84 pos0.75; closing at EOF","Unterminated LNOBJ LN on lane P1_KEY3 started at m84 pos0.25; closing at EOF","Unterminated LNOBJ LN on lane P1_KEY2 started at m84 pos0.125; closing at EOF","Unterminated LNOBJ LN on lane P1_KEY1 started at m84 pos0.0; closing at EOF","Unterminated LNOBJ LN on lane P1_KEY4 started at m84 pos0.375; closing at EOF"],"tags":[],"scales":["sl"]}