{"md5":"28e3615744d2aba5f388ab4f9ff9014a","headers":{"title":"風塵少女-Wind Rush-(BMS edit)(異次元皆伝)","artist":"ZUN(Arr.sun3) / 29","genre":"Trance core","playlevel":"13","base_bpm":190.0},"mode":"SP","scope":"playable_only","scaling_mode":"p99_linear","params":{"stream_window_ticks":48,"stream_density_threshold_per_beat":4.0,"peak_window_ticks":192,"peak_min_window_notes":4,"peak_min_window_sec":0.05,"felt_bpm_trigger_eff_bpm":500.0,"felt_bpm_trigger_peak_per_sec":200.0,"felt_bpm_target_peak_per_sec":100.0,"felt_bpm_floor":30.0,"jack_window_ticks":24,"soft_burst_ref":8.0,"soft_freq_ref":0.1,"soft_burst_exp":1.5,"soft_freq_exp":1.5,"chord_time_threshold_ms":16.67,"sp_distraction_min_scratches":3,"dp_distraction_window_sec_min":0.2,"dp_distraction_window_sec_max":0.8,"stream_density_ref_per_sec":40.0,"peak_density_ref_per_sec":70.0,"chord_size_ref":3.5,"ln_simultaneity_ref":0.05,"scratch_density_ref_per_sec":1.5,"scratch_ratio_ref":0.1,"distraction_density_ref":2.0,"distraction_event_ref":0.15},"raw_axes":{"chord":1.6089965397923875,"stream":22.045453174253577,"scratch":0.21891678644876136,"soft":0.0,"ln":0.0,"stair":0.08917748917748917,"peak":47.5,"distraction":1.5740582285701745},"x_chord":0.405,"x_stream":0.549,"x_scratch":0.523,"x_soft":0.0,"x_ln":0.0,"x_stair":0.263,"x_peak":0.766,"x_distraction":0.416,"submetrics":{"chord":{"chord_rate":0.5622837370242214,"avg_chord_size":2.8615384615384616,"chord_positions":650,"total_positions":1156},"stream":{"stream_coverage":0.9936601859678783,"stream_density_mean":7.006139677666923,"stream_density_mean_per_sec":22.18610897927859,"stream_windows":20,"notes_in_stream":2351,"total_notes":2366,"intervals":[[180,1860],[1884,1932],[1968,2052],[2076,2124],[2160,2244],[2268,2316],[2352,10980],[11688,11760],[11772,11856],[11868,12048],[12060,12240],[12252,12348],[12384,12528],[12540,12624],[12636,12816],[12828,12912],[13044,13116],[13176,13392],[13404,13584],[13596,18084]]},"scratch":{"scratch_ratio":0.10481825866441251,"scratch_positions_ratio":0.21453287197231835,"scratch_with_key_chord_rate":0.842741935483871,"scratch_per_sec":2.088536761039393,"scratch_burst_max_per_sec":10.0,"scratch_burst_window_sec":1.0,"scratch_notes":248,"scratch_positions":248,"total_notes":2366,"total_positions":1156,"chart_seconds":118.74342105263158},"soft":{"base_bpm":190.0,"intensity":0.0,"up_intensity":0.0,"down_intensity":0.0,"max_intensity":0.0,"max_up_intensity":0.0,"max_down_intensity":0.0,"step_frequency":0.0,"ramp_frequency":0.0,"continuity_beats":0.0,"off_base_note_ratio":0.0,"gimmick_burst_score":0.0,"max_off_base_density_per_beat":0.0,"base_mean_density_per_beat":6.287234042553192,"base_density_source":"on_base","distinct_off_base_bpm_count":0,"bpm_change_events":0,"measure_count":95},"ln":{"ln_ratio":0.0,"ln_hold_time_mean_beats":0.0,"ln_simultaneity_rate":0.0,"ln_simultaneity_weighted":0.0,"ln_count":0,"ln_positions":0,"total_notes":2366},"stair":{"stair_index":0.08917748917748917,"stair_transitions":103,"eligible_transitions":1155},"peak":{"peak_local_max_density":15.0,"peak_local_max_density_per_sec":47.5,"peak_max_chord_size":6,"peak_concentration":0.30346576500422656,"total_notes":2366,"intervals":[[1476,1788],[7404,7800],[10656,11016],[13968,14472],[14580,14784],[15552,15900],[16332,16620],[16908,17460],[17484,18120]]},"jack":{"jack_pairs":9,"jack_in_stream_pairs":6,"jack_outside_pairs":3,"pure_jack_per_sec":0.0,"flow_break_per_stream_sec":0.05479122859717632,"stream_seconds":109.50657894736844,"non_stream_seconds":9.236842105263136,"chart_seconds":118.74342105263158,"window_ticks":24,"min_region_sec":10.0},"distraction":{"mode_formulation":"SP","qualifying_window_count":5,"qualifying_scratches":248,"qualifying_flow_sec":99.95394736842107,"distract_density":2.481142631475021,"distract_event_per_sec":0.050023036924899615,"scratch_chord_pair_count":293,"chord_time_threshold_sec":0.01667,"min_scratches":3}},"warnings":[],"tags":["scratch_active","peak_intense","distraction_heavy","scratch_burst","scratch_chord"],"scales":["★★"]}