{"md5":"26ebcddd5725e2674c568e59ca322dff","headers":{"title":"路上のギリジン-Shou+rt Mix-[7key_LN]","artist":"tarolabo vo：小宮真央 obj:Johnny","genre":"[ラーメンズPop -MoRE DeMP-]","playlevel":"7","base_bpm":120.0},"mode":"SP","scope":"playable_only","scaling_mode":"p99_linear","params":{"stream_window_ticks":48,"stream_density_threshold_per_beat":4.0,"peak_window_ticks":192,"peak_min_window_notes":4,"peak_min_window_sec":0.05,"felt_bpm_trigger_eff_bpm":500.0,"felt_bpm_trigger_peak_per_sec":200.0,"felt_bpm_target_peak_per_sec":100.0,"felt_bpm_floor":30.0,"jack_window_ticks":24,"soft_burst_ref":8.0,"soft_freq_ref":0.1,"soft_burst_exp":1.5,"soft_freq_exp":1.5,"chord_time_threshold_ms":16.67,"sp_distraction_min_scratches":3,"sp_distraction_bin_sec":0.25,"sp_distraction_t_key":2,"sp_distraction_gap_bins":2,"dp_distraction_window_sec_min":0.2,"dp_distraction_window_sec_max":0.8,"stream_density_ref_per_sec":40.0,"peak_density_ref_per_sec":70.0,"chord_size_ref":3.5,"ln_simultaneity_ref":0.05,"scratch_density_ref_per_sec":1.5,"scratch_ratio_ref":0.1,"distraction_density_ref":2.0,"distraction_event_ref":0.15},"raw_axes":{"chord":0.7592592592592593,"stream":6.365045477874088,"scratch_per_sec":0.42573112108109973,"scratch_burst_max_per_sec":3.0,"scratch_max_run_sec":5.419354838709694,"soft":0.004992746564021598,"stair":0.24271844660194175,"peak":12.270833333333334,"ln_m1_short_rate_rt":0.0,"ln_m2_density_rt":4.998644986449877,"ln_m2_burst_max_rt":43.0,"ln_m3_density_rt":4.998644986449877,"ln_m_concurrent_rt":0.2615384615384596,"adv_hand_imb":0.36585365853658536,"adv_rel_pressure_1beat":0.8780487804878049,"adv_ln_hold_min_beats":0.3125,"adv_ln_chord_big_rate":0.0625,"adv_ln_scatter_cv":1.1235690345262548,"distraction":0.4697722715377652},"x_chord":0.195,"x_stream":0.164,"x_scratch":0.102,"x_soft":0.015,"x_ln":0.764,"x_stair":0.688,"x_peak":0.206,"x_distraction":0.029,"ln_advanced_score":0.744,"submetrics":{"chord":{"chord_rate":0.34814814814814815,"avg_chord_size":2.1808510638297873,"chord_positions":188,"total_positions":540},"stream":{"stream_coverage":0.578125,"stream_density_mean":4.383211678832117,"stream_density_mean_per_sec":11.009808394160585,"stream_windows":49,"notes_in_stream":407,"total_notes":704,"intervals":[[1860,1968],[2244,2352],[2628,2736],[2796,2880],[2892,2976],[2988,3168],[3180,3384],[3636,3684],[4404,4452],[4800,4908],[4980,5040],[5100,5184],[5196,5328],[5748,5808],[5868,5952],[5964,6096],[6432,6492],[7380,7704],[7716,7800],[7860,8016],[8304,8352],[8688,8736],[9072,9120],[9276,9348],[9540,9624],[9996,10080],[10128,10272],[10764,10848],[10896,11040],[11268,11376],[11652,11760],[12036,12144],[12204,12288],[12300,12384],[12396,12600],[12852,12900],[12996,13044],[13068,13188],[13236,13332],[13380,13440],[13452,13656],[13716,13764],[14352,14448],[14460,14544],[14556,14712],[15120,15216],[15228,15312],[15324,15456],[15984,16056]]},"scratch":{"scratch_ratio":0.07611548556430446,"scratch_positions_ratio":0.10740740740740741,"scratch_with_key_chord_rate":0.5862068965517241,"scratch_per_sec":0.42573112108109973,"scratch_burst_max_per_sec":3.0,"scratch_burst_window_sec":1.0,"scratch_max_run_sec":5.419354838709694,"ls_count":10,"ls_per_sec":0.07340191742777581,"ls_complexity_mean":0,"scratch_notes":58,"scratch_positions":58,"total_notes":762,"total_positions":540,"chart_seconds":136.23622311827958},"soft":{"base_bpm":155.0,"intensity":0.025050800101600202,"up_intensity":0.0,"down_intensity":0.025050800101600202,"max_intensity":0.25,"max_up_intensity":0.0,"max_down_intensity":0.25,"step_frequency":0.034482758620689655,"ramp_frequency":0.034482758620689655,"continuity_beats":58.0,"off_base_note_ratio":0.10236220472440945,"gimmick_burst_score":0.14478965035662633,"max_off_base_density_per_beat":2.5416666666666665,"base_mean_density_per_beat":2.467391304347826,"base_density_source":"on_base","distinct_off_base_bpm_count":2,"bpm_change_events":4,"measure_count":87},"ln":{"ln_ratio":0.05380577427821522,"ln_hold_time_mean_beats":1.4188262195121952,"ln_simultaneity_rate":0.03280839895013123,"ln_simultaneity_weighted":0.03280839895013123,"ln_count":41,"ln_count_raw":41,"ln_positions":32,"total_notes":762,"m1_short_count_rt":0,"m1_short_rate_rt":0.0,"m2_long_count_rt":41,"m2_density_rt":4.998644986449877,"m2_burst_max_rt":43.0,"m3_density_rt":4.998644986449877,"m_concurrent_rt":0.2615384615384596,"total_long_sec":23.806451612903167,"long_active_sec":18.870967741935466,"long_hold_sec_mean":0.5806451612903212,"long_hold_sec_max":3.9193548387096655,"adv_hand_imb":0.36585365853658536,"adv_rel_pressure_1beat":0.8780487804878049,"adv_ln_hold_min_beats":0.3125,"adv_ln_chord_big_rate":0.0625,"adv_ln_scatter_cv":1.1235690345262548},"stair":{"stair_index":0.24271844660194175,"stair_transitions":125,"eligible_transitions":515},"peak":{"peak_local_max_density":4.75,"peak_local_max_density_per_sec":12.270833333333334,"peak_max_chord_size":3,"peak_concentration":0.4786931818181818,"total_notes":704,"intervals":[[2892,3432],[4812,5028],[5100,5328],[5868,6096],[7332,8088],[9228,9468],[9996,10356],[10764,11124],[12300,12648],[12996,13296],[13380,13764],[14340,14712],[15108,15456]]},"jack":{"jack_pairs":14,"jack_in_stream_pairs":0,"jack_outside_pairs":14,"pure_jack_per_sec":0.14893617021276587,"flow_break_per_stream_sec":0.0,"stream_seconds":42.236223118279526,"non_stream_seconds":94.00000000000006,"chart_seconds":136.23622311827958,"window_ticks":24,"min_region_sec":10.0},"distraction":{"mode_formulation":"SP","v3_score":0.4697722715377652,"qualifying_intervals":4,"qualifying_flow_sec":21.25,"qualifying_scratches":36,"scratch_chord_pair_count":33,"chord_time_threshold_sec":0.01667,"min_scratches":3,"bin_sec":0.25,"t_key":2,"gap_bins":2}},"warnings":[],"axis_intensities":{"chord":"green","stream":"green","peak":"green","scratch":"yellow","soft":"green","ln":"yellow","stair":"red","distraction":"green"},"tags":["long_scratch","burst_focused"],"scales":[]}