{"md5":"0397367543e53c1aa02daa037d886b99","headers":{"title":"４２２ [Cupido]","artist":"flicknote","genre":"0xF09F8EB9","playlevel":"25","base_bpm":188.0},"mode":"SP","scope":"playable_only","scaling_mode":"p99_linear","params":{"stream_window_ticks":48,"stream_density_threshold_per_beat":4.0,"peak_window_ticks":192,"peak_min_window_notes":4,"peak_min_window_sec":0.05,"felt_bpm_trigger_eff_bpm":500.0,"felt_bpm_trigger_peak_per_sec":200.0,"felt_bpm_target_peak_per_sec":100.0,"felt_bpm_floor":30.0,"jack_window_ticks":24,"soft_burst_ref":8.0,"soft_freq_ref":0.1,"soft_burst_exp":1.5,"soft_freq_exp":1.5,"chord_time_threshold_ms":16.67,"sp_distraction_min_scratches":3,"dp_distraction_window_sec_min":0.2,"dp_distraction_window_sec_max":0.8,"stream_density_ref_per_sec":40.0,"peak_density_ref_per_sec":70.0,"chord_size_ref":3.5,"ln_simultaneity_ref":0.05,"scratch_density_ref_per_sec":1.5,"scratch_ratio_ref":0.1,"distraction_density_ref":2.0,"distraction_event_ref":0.15},"raw_axes":{"chord":0.43539915966386555,"stream":27.55153476702509,"scratch":3.162675937867998e-05,"soft":0.08443689188521757,"stair":0.3462953231739359,"peak":48.56666666666666,"ln_m1_short_rate_rt":0.0,"ln_m2_density_rt":0.0,"ln_m2_burst_max_rt":0.0,"ln_m3_density_rt":0.0,"ln_m_concurrent_rt":0.0,"adv_hand_imb":0.0,"adv_rel_pressure_1beat":0.0,"adv_ln_hold_min_beats":0.0,"adv_ln_chord_big_rate":0.0,"adv_ln_scatter_cv":0.0,"distraction":0.0},"x_chord":0.111,"x_stream":0.69,"x_scratch":0.0,"x_soft":0.278,"x_ln":0.0,"x_stair":0.974,"x_peak":0.785,"x_distraction":0.0,"ln_advanced_score":0.0,"submetrics":{"chord":{"chord_rate":0.17489495798319327,"avg_chord_size":2.4894894894894897,"chord_positions":333,"total_positions":1904},"stream":{"stream_coverage":0.94,"stream_density_mean":9.389247311827956,"stream_density_mean_per_sec":29.310143369175627,"stream_windows":35,"notes_in_stream":2256,"total_notes":2400,"intervals":[[540,600],[924,996],[1308,1860],[1884,2244],[2268,2628],[2652,2712],[2856,3396],[3420,3780],[3804,4068],[4764,4848],[5100,5280],[5292,5376],[5412,5496],[5508,5592],[5604,5664],[5796,5856],[5868,5976],[6120,6708],[6732,7680],[7704,7764],[8184,8448],[8568,8628],[9048,9132],[9168,9228],[9240,9324],[9336,9420],[9720,9996],[10008,10188],[10296,10356],[10392,10572],[10584,10764],[10824,10956],[10980,11148],[11160,17256],[17556,17616]]},"scratch":{"scratch_ratio":0.00125,"scratch_positions_ratio":0.0015756302521008404,"scratch_with_key_chord_rate":1.0,"scratch_per_sec":0.025301407502943983,"scratch_burst_max_per_sec":1.0,"scratch_burst_window_sec":1.0,"scratch_notes":3,"scratch_positions":3,"total_notes":2400,"total_positions":1904,"chart_seconds":118.57047872340425},"soft":{"base_bpm":188.0,"intensity":0.003541666666666667,"up_intensity":0.0,"down_intensity":0.003541666666666667,"max_intensity":0.5,"max_up_intensity":0.0,"max_down_intensity":0.5,"step_frequency":0.125,"ramp_frequency":0.125,"continuity_beats":5.0,"off_base_note_ratio":0.007083333333333333,"gimmick_burst_score":0.6754951350817405,"max_off_base_density_per_beat":5.333333333333333,"base_mean_density_per_beat":6.589211618257261,"base_density_source":"on_base","distinct_off_base_bpm_count":1,"bpm_change_events":12,"measure_count":96},"ln":{"ln_ratio":0.0,"ln_hold_time_mean_beats":0.0,"ln_simultaneity_rate":0.0,"ln_simultaneity_weighted":0.0,"ln_count":0,"ln_count_raw":0,"ln_positions":0,"total_notes":2400,"m1_short_count_rt":0,"m1_short_rate_rt":0.0,"m2_long_count_rt":0,"m2_density_rt":0.0,"m2_burst_max_rt":0.0,"m3_density_rt":0.0,"m_concurrent_rt":0.0,"total_long_sec":0.0,"long_active_sec":0.0,"long_hold_sec_mean":0.0,"long_hold_sec_max":0.0,"adv_hand_imb":0.0,"adv_rel_pressure_1beat":0.0,"adv_ln_hold_min_beats":0.0,"adv_ln_chord_big_rate":0.0,"adv_ln_scatter_cv":0.0},"stair":{"stair_index":0.3462953231739359,"stair_transitions":659,"eligible_transitions":1903},"peak":{"peak_local_max_density":15.5,"peak_local_max_density_per_sec":48.56666666666666,"peak_max_chord_size":5,"peak_concentration":0.44166666666666665,"total_notes":2400,"intervals":[[3840,4032],[7392,7656],[9756,9948],[11184,11412],[12324,12516],[13464,13752],[14124,14316],[14424,14736],[14748,15276],[15288,15600],[15624,16260],[16284,16788],[16932,17232]]},"jack":{"jack_pairs":12,"jack_in_stream_pairs":11,"jack_outside_pairs":1,"pure_jack_per_sec":0.03213675213675213,"flow_break_per_stream_sec":0.1257811906029043,"stream_seconds":87.4534574468085,"non_stream_seconds":31.11702127659575,"chart_seconds":118.57047872340425,"window_ticks":24,"min_region_sec":10.0},"distraction":{"mode_formulation":"SP","qualifying_window_count":0,"qualifying_scratches":0,"qualifying_flow_sec":0,"distract_density":0.0,"distract_event_per_sec":0.0,"scratch_chord_pair_count":5,"chord_time_threshold_sec":0.01667,"min_scratches":3}},"warnings":[],"tags":["stream_heavy","soflan","stair_focused","peak_intense","pure_stream"],"scales":["st"]}