{"md5":"3c6ac5a2070f17b62a401202775db52b","headers":{"title":"Memory Of Sunrise [Pfeil]","artist":"nora2r","genre":"UK HARDCORE","playlevel":"12","base_bpm":180.0},"mode":"SP","scope":"playable_only","scaling_mode":"percentile_rank","params":{"stream_window_ticks":48,"stream_density_threshold_per_beat":4.0,"peak_window_ticks":192,"jack_window_ticks":24,"soft_burst_ref":8.0,"soft_freq_ref":0.1,"soft_burst_exp":1.5,"soft_freq_exp":1.5,"chord_time_threshold_ms":16.67,"sp_distraction_min_scratches":3,"dp_distraction_window_sec_min":0.2,"dp_distraction_window_sec_max":0.8,"stream_density_ref_per_sec":40.0,"peak_density_ref_per_sec":70.0,"chord_size_ref":3.5,"ln_simultaneity_ref":0.05,"scratch_density_ref_per_sec":1.5,"scratch_ratio_ref":0.1,"distraction_density_ref":2.0,"distraction_event_ref":0.15},"raw_axes":{"chord":2.2355072463768115,"stream":20.545072772687732,"scratch":0.03345854470820586,"soft":0.0,"ln":0.0,"stair":0.14026602176541716,"peak":34.5,"distraction":0.9566003616636528},"x_chord":0.7262169086251068,"x_stream":0.39453458582408196,"x_scratch":0.7388556789069172,"x_soft":0.0,"x_ln":0.0,"x_stair":0.38497011101622547,"x_peak":0.47446626814688303,"x_distraction":0.7035012809564475,"submetrics":{"chord":{"chord_rate":0.6896135265700483,"avg_chord_size":3.2416812609457093,"chord_positions":571,"total_positions":828},"stream":{"stream_coverage":0.9686907020872866,"stream_density_mean":7.06970509383378,"stream_density_mean_per_sec":21.20911528150134,"stream_windows":15,"notes_in_stream":2042,"total_notes":2108,"intervals":[[852,911],[924,983],[1608,3107],[3228,3671],[3684,4439],[4464,4631],[4656,4775],[4812,7127],[8796,9791],[9948,10199],[10260,10559],[10716,10943],[10980,12503],[12576,15599],[15660,18851]]},"scratch":{"scratch_ratio":0.04554079696394687,"scratch_positions_ratio":0.11594202898550725,"scratch_with_key_chord_rate":0.7708333333333334,"scratch_per_sec":0.7346938775510204,"scratch_burst_max_per_sec":10.0,"scratch_burst_window_sec":1.0,"scratch_notes":96,"scratch_positions":96,"total_notes":2108,"total_positions":828,"chart_seconds":130.66666666666666},"soft":{"base_bpm":180.0,"intensity":0.0,"up_intensity":0.0,"down_intensity":0.0,"max_intensity":0.0,"max_up_intensity":0.0,"max_down_intensity":0.0,"step_frequency":0.0,"ramp_frequency":0.0,"continuity_beats":0.0,"off_base_note_ratio":0.0,"gimmick_burst_score":0.0,"max_off_base_density_per_beat":0.0,"base_mean_density_per_beat":5.369897959183674,"base_density_source":"on_base","distinct_off_base_bpm_count":0,"bpm_change_events":0,"measure_count":99},"ln":{"ln_ratio":0.0004743833017077799,"ln_hold_time_mean_beats":12.0,"ln_simultaneity_rate":0.0,"ln_simultaneity_weighted":0.0,"ln_count":1,"ln_positions":1,"total_notes":2108},"stair":{"stair_index":0.14026602176541716,"stair_transitions":116,"eligible_transitions":827},"peak":{"peak_local_max_density":11.5,"peak_local_max_density_per_sec":34.5,"peak_max_chord_size":7,"peak_concentration":0.3353889943074004,"total_notes":2108,"intervals":[[6540,6851],[8988,9455],[12264,12479],[14772,15431],[16164,16559],[16872,17147],[17520,18815]]},"jack":{"jack_pairs":17,"jack_in_stream_pairs":14,"jack_outside_pairs":3,"pure_jack_per_sec":0.11042944785276078,"flow_break_per_stream_sec":0.13526570048309178,"stream_seconds":103.5,"non_stream_seconds":27.166666666666657,"chart_seconds":130.66666666666666,"window_ticks":24,"min_region_sec":10.0},"distraction":{"mode_formulation":"SP","qualifying_window_count":7,"qualifying_scratches":83,"qualifying_flow_sec":92.16666666666667,"distract_density":0.9005424954792043,"distract_event_per_sec":0.0759493670886076,"scratch_chord_pair_count":116,"chord_time_threshold_sec":0.01667,"min_scratches":3}},"warnings":[],"tags":["scratch_burst"],"scales":["sl"]}