{"md5":"606ea0071e3e0ecad116a2e823ed8b87","headers":{"title":"Rebellion of Mechanical Heart [COLLAPSE]","artist":"Jin / sarada","genre":"INDUSTRIAL DRUM'N BASS","playlevel":"34","base_bpm":240.0},"mode":"SP","scope":"playable_only","scaling_mode":"p99_linear","params":{"stream_window_ticks":48,"stream_density_threshold_per_beat":4.0,"peak_window_ticks":192,"peak_min_window_notes":4,"peak_min_window_sec":0.05,"felt_bpm_trigger_eff_bpm":500.0,"felt_bpm_trigger_peak_per_sec":200.0,"felt_bpm_target_peak_per_sec":100.0,"felt_bpm_floor":30.0,"jack_window_ticks":24,"soft_burst_ref":8.0,"soft_freq_ref":0.1,"soft_burst_exp":1.5,"soft_freq_exp":1.5,"chord_time_threshold_ms":16.67,"sp_distraction_min_scratches":3,"dp_distraction_window_sec_min":0.2,"dp_distraction_window_sec_max":0.8,"stream_density_ref_per_sec":40.0,"peak_density_ref_per_sec":70.0,"chord_size_ref":3.5,"ln_simultaneity_ref":0.05,"scratch_density_ref_per_sec":1.5,"scratch_ratio_ref":0.1,"distraction_density_ref":2.0,"distraction_event_ref":0.15},"raw_axes":{"chord":2.1709006928406467,"stream":24.851388914953947,"scratch":0.04207735218419183,"soft":0.004534898587774098,"ln":0.0,"stair":0.07976878612716763,"peak":48.0,"distraction":1.068090787716956},"x_chord":0.564,"x_stream":0.637,"x_scratch":0.101,"x_soft":0.027,"x_ln":0.0,"x_stair":0.242,"x_peak":0.592,"x_distraction":0.287,"submetrics":{"chord":{"chord_rate":0.7170900692840647,"avg_chord_size":3.027375201288245,"chord_positions":621,"total_positions":866},"stream":{"stream_coverage":0.9567058823529412,"stream_density_mean":6.515276630883568,"stream_density_mean_per_sec":25.97599677534537,"stream_windows":20,"notes_in_stream":2033,"total_notes":2125,"intervals":[[264,311],[648,695],[816,3863],[3936,4415],[4428,4511],[4524,5087],[5100,5279],[5292,5375],[5388,5951],[5964,6047],[6060,6623],[6636,6719],[6732,6815],[6828,6911],[6924,7127],[8460,14975],[15156,15539],[15564,15743],[15924,17903],[18972,19367]]},"scratch":{"scratch_ratio":0.04564705882352941,"scratch_positions_ratio":0.11200923787528869,"scratch_with_key_chord_rate":0.8041237113402062,"scratch_per_sec":0.9217976638289447,"scratch_burst_max_per_sec":11.0,"scratch_burst_window_sec":1.0,"scratch_notes":97,"scratch_positions":97,"total_notes":2125,"total_positions":866,"chart_seconds":105.22916666666667},"soft":{"base_bpm":240.0,"intensity":0.005411764705882353,"up_intensity":0.0,"down_intensity":0.005411764705882353,"max_intensity":0.5,"max_up_intensity":0.0,"max_down_intensity":0.5,"step_frequency":0.019801980198019802,"ramp_frequency":0.019801980198019802,"continuity_beats":18.395833333333332,"off_base_note_ratio":0.010823529411764706,"gimmick_burst_score":0.22901237868259194,"max_off_base_density_per_beat":1.2502831257078144,"base_mean_density_per_beat":5.459456527634647,"base_density_source":"on_base","distinct_off_base_bpm_count":1,"bpm_change_events":2,"measure_count":101},"ln":{"ln_ratio":0.0,"ln_hold_time_mean_beats":0.0,"ln_simultaneity_rate":0.0,"ln_simultaneity_weighted":0.0,"ln_count":0,"ln_positions":0,"total_notes":2125},"stair":{"stair_index":0.07976878612716763,"stair_transitions":69,"eligible_transitions":865},"peak":{"peak_local_max_density":12.0,"peak_local_max_density_per_sec":48.0,"peak_max_chord_size":8,"peak_concentration":0.36423529411764705,"total_notes":2125,"intervals":[[4572,4835],[10548,11063],[11076,11759],[12036,12551],[12804,13295],[13764,14039],[14364,14855],[16356,16559],[16572,17159],[17556,17927],[19092,19391]]},"jack":{"jack_pairs":13,"jack_in_stream_pairs":11,"jack_outside_pairs":2,"pure_jack_per_sec":0.08672086720867203,"flow_break_per_stream_sec":0.1338742393509128,"stream_seconds":82.16666666666666,"non_stream_seconds":23.062500000000014,"chart_seconds":105.22916666666667,"window_ticks":24,"min_region_sec":10.0},"distraction":{"mode_formulation":"SP","qualifying_window_count":4,"qualifying_scratches":80,"qualifying_flow_sec":62.41666666666666,"distract_density":1.2817089452603474,"distract_event_per_sec":0.06408544726301736,"scratch_chord_pair_count":108,"chord_time_threshold_sec":0.01667,"min_scratches":3}},"warnings":[],"tags":["peak_intense","scratch_burst","big_chord_burst","dense_chart","fast_chart"],"scales":["st"]}