{"md5":"7573e8f01560b61f816f27aaa4f02c50","headers":{"title":"Umikaze Moment","artist":"わかどり + saaa","genre":"OUR VACATION","playlevel":"9","base_bpm":145.0},"mode":"SP","scope":"playable_only","scaling_mode":"reference","params":{"stream_window_ticks":48,"stream_density_threshold_per_beat":4.0,"peak_window_ticks":192,"jack_window_ticks":24,"soft_burst_ref":8.0,"soft_freq_ref":0.1,"soft_burst_exp":1.5,"soft_freq_exp":1.5,"stream_density_ref_per_sec":40.0,"peak_density_ref_per_sec":70.0,"chord_size_ref":3.5,"ln_simultaneity_ref":0.05},"x_chord":0.46268221574344015,"x_stream":0.49758801712619677,"x_scratch":0.04082636497786522,"x_soft":0.0001478755124823108,"x_ln":0.34431874077717656,"x_stair":0.13891726251276812,"x_peak":0.4401785714285714,"x_jack":0.014300306435137897,"submetrics":{"chord":{"chord_rate":0.5448979591836735,"avg_chord_size":2.9719101123595504,"chord_positions":534,"total_positions":980},"stream":{"stream_coverage":0.9527791441219872,"stream_density_mean":8.68208778173191,"stream_density_mean_per_sec":20.88996259819428,"stream_windows":39,"notes_in_stream":1937,"total_notes":2033},"scratch":{"scratch_ratio":0.04082636497786522,"scratch_positions_ratio":0.08469387755102041,"scratch_with_key_chord_rate":0.9397590361445783,"scratch_notes":83,"scratch_positions":83,"total_notes":2033,"total_positions":980},"soft":{"base_bpm":145.0,"intensity":0.0087976966263548,"up_intensity":0.0,"down_intensity":0.0087976966263548,"max_intensity":0.42857172413793104,"max_up_intensity":0.0,"max_down_intensity":0.42857172413793104,"step_frequency":0.038461538461538464,"ramp_frequency":0.02564102564102564,"continuity_beats":33.895833333333336,"off_base_note_ratio":0.038366945400885394,"gimmick_burst_score":0.05816488094042569,"max_off_base_density_per_beat":2.5,"base_mean_density_per_beat":7.125028501938131,"base_density_source":"on_base","distinct_off_base_bpm_count":2,"bpm_change_events":3,"measure_count":78},"ln":{"ln_ratio":0.019183472700442697,"ln_hold_time_mean_beats":1.3782051282051282,"ln_simultaneity_rate":0.009345794392523364,"ln_simultaneity_weighted":0.01721593703885883,"ln_count":39,"ln_positions":24,"total_notes":2033},"stair":{"stair_index":0.13891726251276812,"stair_transitions":136,"eligible_transitions":979},"peak":{"peak_local_max_density":12.75,"peak_local_max_density_per_sec":30.8125,"peak_max_chord_size":6,"peak_concentration":0.39203148057058534,"total_notes":2033},"jack":{"jack_ratio":0.014300306435137897,"jack_transitions":14,"all_transitions":979}},"warnings":[],"tags":["ln_chart"],"scales":["sl"]}