{"md5":"189b677f1d3c310243d4586388e21497","headers":{"title":"VALLISTA [yumether◎]","artist":"削除 / Mentalstock / obj:夢瑠","genre":"Overture / IDM","playlevel":"15","base_bpm":180.0},"mode":"SP","scope":"playable_only","scaling_mode":"p99_linear","params":{"stream_window_ticks":48,"stream_density_threshold_per_beat":4.0,"peak_window_ticks":192,"peak_min_window_notes":4,"peak_min_window_sec":0.05,"felt_bpm_trigger_eff_bpm":500.0,"felt_bpm_trigger_peak_per_sec":200.0,"felt_bpm_target_peak_per_sec":100.0,"felt_bpm_floor":30.0,"jack_window_ticks":24,"soft_burst_ref":8.0,"soft_freq_ref":0.1,"soft_burst_exp":1.5,"soft_freq_exp":1.5,"chord_time_threshold_ms":16.67,"sp_distraction_min_scratches":3,"sp_distraction_bin_sec":0.25,"sp_distraction_t_key":2,"sp_distraction_gap_bins":2,"dp_distraction_window_sec_min":0.2,"dp_distraction_window_sec_max":0.8,"stream_density_ref_per_sec":40.0,"peak_density_ref_per_sec":70.0,"chord_size_ref":3.5,"ln_simultaneity_ref":0.05,"scratch_density_ref_per_sec":1.5,"scratch_ratio_ref":0.1,"distraction_density_ref":2.0,"distraction_event_ref":0.15},"raw_axes":{"chord":1.15893385982231,"stream":10.648929690219283,"scratch_per_sec":5.188639253921153,"scratch_burst_max_per_sec":14.0,"scratch_max_run_sec":28.5,"soft":0.025087346390829917,"stair":0.2826086956521739,"peak":18.0,"ln_m1_short_rate_rt":0.0,"ln_m2_density_rt":0.0,"ln_m2_burst_max_rt":0.0,"ln_m3_density_rt":0.0,"ln_m_concurrent_rt":0.0,"adv_hand_imb":0.0,"adv_rel_pressure_1beat":0.0,"adv_ln_hold_min_beats":0.0,"adv_ln_chord_big_rate":0.0,"adv_ln_scatter_cv":0.0,"distraction":15.269424090110821},"x_chord":0.298,"x_stream":0.275,"x_scratch":0.633,"x_soft":0.075,"x_ln":0.0,"x_stair":0.801,"x_peak":0.302,"x_distraction":0.938,"ln_advanced_score":0.0,"submetrics":{"chord":{"chord_rate":0.4807502467917078,"avg_chord_size":2.410677618069815,"chord_positions":487,"total_positions":1013},"stream":{"stream_coverage":0.8371040723981901,"stream_density_mean":4.681952662721893,"stream_density_mean_per_sec":12.721153846153847,"stream_windows":48,"notes_in_stream":925,"total_notes":1105,"intervals":[[180,1752],[1908,1968],[2028,2088],[2100,2184],[2220,2280],[2412,2472],[2604,2664],[2796,2856],[2988,3048],[3180,3504],[3564,3624],[3756,3816],[3948,4008],[4140,4200],[4332,4392],[4524,4584],[4716,4968],[4992,6984],[7032,7080],[7104,7152],[7212,8088],[8388,8472],[8508,8664],[8736,8784],[8808,9444],[9564,9840],[9936,10284],[10320,10560],[10572,10728],[10764,10884],[11040,11184],[11196,11280],[11292,11340],[11388,11544],[11616,11832],[11868,11928],[12048,12516],[13308,13488],[13500,13584],[13596,13680],[13692,13872],[13884,13968],[14172,14256],[14292,14352],[14364,14448],[14484,14544],[14556,14712],[14724,15000]]},"scratch":{"scratch_ratio":0.35,"scratch_positions_ratio":0.5873642645607108,"scratch_with_key_chord_rate":0.6907563025210084,"scratch_per_sec":5.188639253921153,"scratch_burst_max_per_sec":14.0,"scratch_burst_window_sec":1.0,"scratch_max_run_sec":28.5,"ls_count":0,"ls_per_sec":0.0,"ls_complexity_mean":0.0,"scratch_notes":595,"scratch_positions":595,"total_notes":1700,"total_positions":1013,"chart_seconds":114.67361111111111},"soft":{"base_bpm":180.0,"intensity":0.049705882352941176,"up_intensity":0.0,"down_intensity":0.049705882352941176,"max_intensity":0.5,"max_up_intensity":0.0,"max_down_intensity":0.5,"step_frequency":0.02631578947368421,"ramp_frequency":0.02631578947368421,"continuity_beats":32.0,"off_base_note_ratio":0.09941176470588235,"gimmick_burst_score":0.9533191628515368,"max_off_base_density_per_beat":5.28125,"base_mean_density_per_beat":5.5398550724637685,"base_density_source":"on_base","distinct_off_base_bpm_count":1,"bpm_change_events":2,"measure_count":76},"ln":{"ln_ratio":0.0,"ln_hold_time_mean_beats":0.0,"ln_simultaneity_rate":0.0,"ln_simultaneity_weighted":0.0,"ln_count":0,"ln_count_raw":0,"ln_positions":0,"total_notes":1700,"m1_short_count_rt":0,"m1_short_rate_rt":0.0,"m2_long_count_rt":0,"m2_density_rt":0.0,"m2_burst_max_rt":0.0,"m3_density_rt":0.0,"m_concurrent_rt":0.0,"total_long_sec":0.0,"long_active_sec":0.0,"long_hold_sec_mean":0.0,"long_hold_sec_max":0.0,"adv_hand_imb":0.0,"adv_rel_pressure_1beat":0.0,"adv_ln_hold_min_beats":0.0,"adv_ln_chord_big_rate":0.0,"adv_ln_scatter_cv":0.0},"stair":{"stair_index":0.2826086956521739,"stair_transitions":234,"eligible_transitions":828},"peak":{"peak_local_max_density":6.0,"peak_local_max_density_per_sec":18.0,"peak_max_chord_size":5,"peak_concentration":0.38099547511312215,"total_notes":1105,"intervals":[[864,1740],[6492,6684],[6696,7008],[7248,7452],[7464,7920],[8832,9360],[9564,9840],[9852,10560],[12168,12540],[13644,13836]]},"jack":{"jack_pairs":9,"jack_in_stream_pairs":5,"jack_outside_pairs":4,"pure_jack_per_sec":0.12938005390835547,"flow_break_per_stream_sec":0.05969654257524257,"stream_seconds":83.75694444444437,"non_stream_seconds":30.916666666666742,"chart_seconds":114.67361111111111,"window_ticks":24,"min_region_sec":10.0},"distraction":{"mode_formulation":"SP","v3_score":15.269424090110821,"qualifying_intervals":5,"qualifying_flow_sec":104.5,"qualifying_scratches":590,"scratch_chord_pair_count":267,"chord_time_threshold_sec":0.01667,"min_scratches":3,"bin_sec":0.25,"t_key":2,"gap_bins":2}},"warnings":[],"axis_intensities":{"chord":"green","stream":"green","peak":"green","scratch":"red","soft":"yellow","ln":null,"stair":"red","distraction":"red"},"tags":["scratch_burst","scratch_chord"],"scales":[]}