{"md5":"df05a5020c1963fb1c1f3b377b4239bf","headers":{"title":"conflict","artist":"siromaru + cranky // movie: iimo // Subject#20","genre":"HARMONIC SCHRANZ","playlevel":"15","base_bpm":160.0},"mode":"SP","scope":"playable_only","scaling_mode":"p99_linear","params":{"stream_window_ticks":48,"stream_density_threshold_per_beat":4.0,"peak_window_ticks":192,"peak_min_window_notes":4,"peak_min_window_sec":0.05,"felt_bpm_trigger_eff_bpm":500.0,"felt_bpm_trigger_peak_per_sec":200.0,"felt_bpm_target_peak_per_sec":100.0,"felt_bpm_floor":30.0,"jack_window_ticks":24,"soft_burst_ref":8.0,"soft_freq_ref":0.1,"soft_burst_exp":1.5,"soft_freq_exp":1.5,"chord_time_threshold_ms":16.67,"sp_distraction_min_scratches":3,"dp_distraction_window_sec_min":0.2,"dp_distraction_window_sec_max":0.8,"stream_density_ref_per_sec":40.0,"peak_density_ref_per_sec":70.0,"chord_size_ref":3.5,"ln_simultaneity_ref":0.05,"scratch_density_ref_per_sec":1.5,"scratch_ratio_ref":0.1,"distraction_density_ref":2.0,"distraction_event_ref":0.15},"raw_axes":{"chord":1.1895093062605753,"stream":16.404590926375523,"scratch":0.005398350419103623,"soft":0.0,"stair":0.10838272650296359,"peak":29.333333333333332,"ln_m1_short_rate_rt":0.03679761312779711,"ln_m2_density_rt":65.65945815713607,"ln_m2_burst_max_rt":697.0,"ln_m3_density_rt":70.15132054466754,"ln_m_concurrent_rt":1.6161051945229308,"adv_hand_imb":0.14661654135338345,"adv_rel_pressure_1beat":0.7857142857142857,"adv_ln_hold_min_beats":0.125,"adv_ln_chord_big_rate":0.07046070460704607,"adv_ln_scatter_cv":2.0867791513648553,"distraction":0.464795667159035},"x_chord":0.304,"x_stream":0.411,"x_scratch":0.013,"x_soft":0.0,"x_ln":0.964,"x_stair":0.315,"x_peak":0.474,"x_distraction":0.108,"ln_advanced_score":0.736,"submetrics":{"chord":{"chord_rate":0.48815566835871405,"avg_chord_size":2.436741767764298,"chord_positions":577,"total_positions":1182},"stream":{"stream_coverage":0.9497762307309796,"stream_density_mean":6.477022058823529,"stream_density_mean_per_sec":17.272058823529413,"stream_windows":42,"notes_in_stream":1910,"total_notes":2011,"intervals":[[384,432],[1068,3288],[3432,6372],[6408,6468],[6480,8400],[8412,8664],[8700,8772],[8796,8856],[8892,9048],[9084,9168],[9180,9240],[9276,9336],[9348,9648],[9660,9840],[9852,9936],[9948,10128],[10140,10320],[10332,11184],[11808,11880],[11892,11940],[11976,12048],[12072,12132],[12144,12216],[12312,12384],[12408,12564],[12576,12636],[12648,12720],[12732,12792],[12816,12900],[12912,12972],[12984,13056],[13068,13236],[13248,13308],[13320,13392],[13404,13452],[13740,13812],[13824,16788],[16884,16980],[17112,17172],[17304,17388],[17460,18336],[18528,18876]]},"scratch":{"scratch_ratio":0.019890601690701143,"scratch_positions_ratio":0.0338409475465313,"scratch_with_key_chord_rate":0.675,"scratch_per_sec":0.27140206732043465,"scratch_burst_max_per_sec":5.0,"scratch_burst_window_sec":1.0,"scratch_notes":40,"scratch_positions":40,"total_notes":2011,"total_positions":1182,"chart_seconds":147.3828125},"soft":{"base_bpm":160.0,"intensity":0.0,"up_intensity":0.0,"down_intensity":0.0,"max_intensity":0.0,"max_up_intensity":0.0,"max_down_intensity":0.0,"step_frequency":0.0,"ramp_frequency":0.0,"continuity_beats":0.0,"off_base_note_ratio":0.0,"gimmick_burst_score":0.0,"max_off_base_density_per_beat":0.0,"base_mean_density_per_beat":5.114503816793893,"base_density_source":"on_base","distinct_off_base_bpm_count":0,"bpm_change_events":0,"measure_count":91},"ln":{"ln_ratio":0.2650422675285927,"ln_hold_time_mean_beats":1.2107274077548467,"ln_simultaneity_rate":0.295375435106912,"ln_simultaneity_weighted":0.5942317255096967,"ln_count":533,"ln_count_raw":533,"ln_positions":370,"total_notes":2011,"m1_short_count_rt":74,"m1_short_rate_rt":0.03679761312779711,"m2_long_count_rt":458,"m2_density_rt":65.65945815713607,"m2_burst_max_rt":697.0,"m3_density_rt":70.15132054466754,"m_concurrent_rt":1.6161051945229308,"total_long_sec":235.09179687500006,"long_active_sec":89.86328124999999,"long_hold_sec_mean":0.5133008665393014,"long_hold_sec_max":7.59375,"adv_hand_imb":0.14661654135338345,"adv_rel_pressure_1beat":0.7857142857142857,"adv_ln_hold_min_beats":0.125,"adv_ln_chord_big_rate":0.07046070460704607,"adv_ln_scatter_cv":2.0867791513648553},"stair":{"stair_index":0.10838272650296359,"stair_transitions":128,"eligible_transitions":1181},"peak":{"peak_local_max_density":11.0,"peak_local_max_density_per_sec":29.333333333333332,"peak_max_chord_size":6,"peak_concentration":0.2705121829935356,"total_notes":2011,"intervals":[[3588,3780],[4008,4212],[14328,14940],[15204,16752],[17844,18300]]},"jack":{"jack_pairs":98,"jack_in_stream_pairs":77,"jack_outside_pairs":21,"pure_jack_per_sec":0.8,"flow_break_per_stream_sec":0.635665914221219,"stream_seconds":121.1328125,"non_stream_seconds":26.25,"chart_seconds":147.3828125,"window_ticks":24,"min_region_sec":10.0},"distraction":{"mode_formulation":"SP","qualifying_window_count":3,"qualifying_scratches":19,"qualifying_flow_sec":63.46875,"distract_density":0.29935992122107336,"distract_event_per_sec":0.047267355982274745,"scratch_chord_pair_count":21,"chord_time_threshold_sec":0.01667,"min_scratches":3}},"warnings":["Unterminated LNOBJ LN on lane P1_SCR started at m90 pos0.0; closing at EOF"],"tags":["ln_chart","jack_chart","flow_break","sustained"],"scales":[]}