{"md5":"02b17c750714c1321833062d132e382e","headers":{"title":"lightsphere","artist":"Hendrex","genre":"CHILL TRANCE","playlevel":"9","base_bpm":130.0},"mode":"SP","scope":"playable_only","scaling_mode":"p99_linear","params":{"stream_window_ticks":48,"stream_density_threshold_per_beat":4.0,"peak_window_ticks":192,"peak_min_window_notes":4,"peak_min_window_sec":0.05,"felt_bpm_trigger_eff_bpm":500.0,"felt_bpm_trigger_peak_per_sec":200.0,"felt_bpm_target_peak_per_sec":100.0,"felt_bpm_floor":30.0,"jack_window_ticks":24,"soft_burst_ref":8.0,"soft_freq_ref":0.1,"soft_burst_exp":1.5,"soft_freq_exp":1.5,"chord_time_threshold_ms":16.67,"sp_distraction_min_scratches":3,"sp_distraction_bin_sec":0.25,"sp_distraction_t_key":2,"sp_distraction_gap_bins":2,"dp_distraction_window_sec_min":0.2,"dp_distraction_window_sec_max":0.8,"stream_density_ref_per_sec":40.0,"peak_density_ref_per_sec":70.0,"chord_size_ref":3.5,"ln_simultaneity_ref":0.05,"scratch_density_ref_per_sec":1.5,"scratch_ratio_ref":0.1,"distraction_density_ref":2.0,"distraction_event_ref":0.15},"raw_axes":{"chord":0.9801699716713881,"stream":7.953739895937803,"scratch_per_sec":0.16717032083842345,"scratch_burst_max_per_sec":1.0,"scratch_max_run_sec":0.0,"soft":0.0,"stair":0.14798850574712644,"peak":10.291666666666666,"ln_m1_short_rate_rt":0.0,"ln_m2_density_rt":30.81696428571435,"ln_m2_burst_max_rt":55.0,"ln_m3_density_rt":30.81696428571435,"ln_m_concurrent_rt":0.054117647058823784,"adv_hand_imb":0.24,"adv_rel_pressure_1beat":0.98,"adv_ln_hold_min_beats":0.5,"adv_ln_chord_big_rate":0.0,"adv_ln_scatter_cv":2.040815595521168,"distraction":0.18723075933903427},"x_chord":0.252,"x_stream":0.205,"x_scratch":0.026,"x_soft":0.0,"x_ln":0.796,"x_stair":0.419,"x_peak":0.173,"x_distraction":0.012,"ln_advanced_score":0.651,"submetrics":{"chord":{"chord_rate":0.45609065155807366,"avg_chord_size":2.1490683229813663,"chord_positions":322,"total_positions":706},"stream":{"stream_coverage":0.851569933396765,"stream_density_mean":4.3108108108108105,"stream_density_mean_per_sec":9.34009009009009,"stream_windows":53,"notes_in_stream":895,"total_notes":1051,"intervals":[[192,348],[384,540],[576,732],[768,924],[960,1116],[1152,1308],[1344,1500],[1536,1620],[1716,4704],[4716,4764],[5184,5376],[5412,5460],[5472,5568],[5868,6048],[6060,6108],[6180,6228],[6252,6408],[6432,6504],[6528,6600],[6624,7260],[7332,7380],[7404,7464],[7476,7560],[7584,7728],[8052,9408],[10560,10608],[10656,10800],[10848,10896],[10944,10992],[11040,11184],[11232,11280],[11328,11376],[11424,11568],[11616,11664],[11712,11760],[11808,11952],[12492,12552],[12576,12660],[12684,12744],[12780,12936],[12960,13044],[13068,13320],[13332,13428],[13452,13512],[13536,13608],[13620,13716],[13740,13788],[13824,13908],[13932,14208],[14292,14664],[14676,14976],[15060,15408],[15420,15504]]},"scratch":{"scratch_ratio":0.023234200743494422,"scratch_positions_ratio":0.03541076487252125,"scratch_with_key_chord_rate":0.64,"scratch_per_sec":0.16717032083842345,"scratch_burst_max_per_sec":1.0,"scratch_burst_window_sec":1.0,"scratch_max_run_sec":0.0,"ls_count":3,"ls_per_sec":0.020060438500610813,"ls_complexity_mean":0,"scratch_notes":25,"scratch_positions":25,"total_notes":1076,"total_positions":706,"chart_seconds":149.54807692307693},"soft":{"base_bpm":130.0,"intensity":0.0,"up_intensity":0.0,"down_intensity":0.0,"max_intensity":0.0,"max_up_intensity":0.0,"max_down_intensity":0.0,"step_frequency":0.0,"ramp_frequency":0.0,"continuity_beats":0.0,"off_base_note_ratio":0.0,"gimmick_burst_score":0.0,"max_off_base_density_per_beat":0.0,"base_mean_density_per_beat":3.3209876543209877,"base_density_source":"on_base","distinct_off_base_bpm_count":0,"bpm_change_events":0,"measure_count":81},"ln":{"ln_ratio":0.046468401486988845,"ln_hold_time_mean_beats":2.24,"ln_simultaneity_rate":0.2128252788104089,"ln_simultaneity_weighted":0.22211895910780668,"ln_count":50,"ln_count_raw":50,"ln_positions":48,"total_notes":1076,"m1_short_count_rt":0,"m1_short_rate_rt":0.0,"m2_long_count_rt":50,"m2_density_rt":30.81696428571435,"m2_burst_max_rt":55.0,"m3_density_rt":30.81696428571435,"m_concurrent_rt":0.054117647058823784,"total_long_sec":51.69230769230759,"long_active_sec":49.038461538461426,"long_hold_sec_mean":1.0338461538461516,"long_hold_sec_max":3.6923076923076934,"adv_hand_imb":0.24,"adv_rel_pressure_1beat":0.98,"adv_ln_hold_min_beats":0.5,"adv_ln_chord_big_rate":0.0,"adv_ln_scatter_cv":2.040815595521168},"stair":{"stair_index":0.14798850574712644,"stair_transitions":103,"eligible_transitions":696},"peak":{"peak_local_max_density":4.75,"peak_local_max_density_per_sec":10.291666666666666,"peak_max_chord_size":3,"peak_concentration":0.18934348239771645,"total_notes":1051,"intervals":[[1692,3288],[6648,6840],[6900,7224]]},"jack":{"jack_pairs":29,"jack_in_stream_pairs":23,"jack_outside_pairs":6,"pure_jack_per_sec":0.13399184024049815,"flow_break_per_stream_sec":0.21953010279001467,"stream_seconds":104.76923076923077,"non_stream_seconds":44.77884615384616,"chart_seconds":149.54807692307693,"window_ticks":24,"min_region_sec":10.0},"distraction":{"mode_formulation":"SP","v3_score":0.18723075933903427,"qualifying_intervals":2,"qualifying_flow_sec":76.5,"qualifying_scratches":17,"scratch_chord_pair_count":2,"chord_time_threshold_sec":0.01667,"min_scratches":3,"bin_sec":0.25,"t_key":2,"gap_bins":2}},"warnings":[],"axis_intensities":{"chord":"green","stream":"green","peak":"green","scratch":"green","soft":null,"ln":"yellow","stair":"yellow","distraction":"green"},"tags":["sustained"],"scales":[]}