{"md5":"a6a2d55afc9ba36f095ed8a5e0e20c27","headers":{"title":"エリス(LuNLuN-SS)","artist":"taqumi feat. 紺野 聖(obj.WAS)","genre":"シンフォニックJ-トランス","playlevel":"14","base_bpm":144.0},"mode":"SP","scope":"playable_only","scaling_mode":"p99_linear","params":{"stream_window_ticks":48,"stream_density_threshold_per_beat":4.0,"peak_window_ticks":192,"peak_min_window_notes":4,"peak_min_window_sec":0.05,"felt_bpm_trigger_eff_bpm":500.0,"felt_bpm_trigger_peak_per_sec":200.0,"felt_bpm_target_peak_per_sec":100.0,"felt_bpm_floor":30.0,"jack_window_ticks":24,"soft_burst_ref":8.0,"soft_freq_ref":0.1,"soft_burst_exp":1.5,"soft_freq_exp":1.5,"chord_time_threshold_ms":16.67,"sp_distraction_min_scratches":3,"sp_distraction_bin_sec":0.25,"sp_distraction_t_key":2,"sp_distraction_gap_bins":2,"dp_distraction_window_sec_min":0.2,"dp_distraction_window_sec_max":0.8,"stream_density_ref_per_sec":40.0,"peak_density_ref_per_sec":70.0,"chord_size_ref":3.5,"ln_simultaneity_ref":0.05,"scratch_density_ref_per_sec":1.5,"scratch_ratio_ref":0.1,"distraction_density_ref":2.0,"distraction_event_ref":0.15},"raw_axes":{"chord":0.738861386138614,"stream":9.289001826005899,"scratch_per_sec":0.20268843690618624,"scratch_burst_max_per_sec":4.0,"scratch_max_run_sec":0.625,"soft":0.0,"stair":0.04218362282878412,"peak":19.8,"ln_m1_short_rate_rt":0.18439716312056736,"ln_m2_density_rt":21.196251673360102,"ln_m2_burst_max_rt":381.0,"ln_m3_density_rt":24.661847389558226,"ln_m_concurrent_rt":1.4707828004410157,"adv_hand_imb":0.34365325077399383,"adv_rel_pressure_1beat":0.7368421052631579,"adv_ln_hold_min_beats":0.041666666666666664,"adv_ln_chord_big_rate":0.0,"adv_ln_scatter_cv":0.6066384890051711,"distraction":0.4783447110985995},"x_chord":0.19,"x_stream":0.24,"x_scratch":0.088,"x_soft":0.0,"x_ln":0.94,"x_stair":0.12,"x_peak":0.332,"x_distraction":0.029,"ln_advanced_score":0.654,"submetrics":{"chord":{"chord_rate":0.34282178217821785,"avg_chord_size":2.155234657039711,"chord_positions":277,"total_positions":808},"stream":{"stream_coverage":0.8050770625566637,"stream_density_mean":4.807511737089202,"stream_density_mean_per_sec":11.538028169014083,"stream_windows":25,"notes_in_stream":888,"total_notes":1103,"intervals":[[240,288],[432,480],[624,672],[816,1056],[1092,1248],[1284,1752],[2400,2520],[3192,3288],[3456,3768],[3792,4536],[4560,6540],[7296,7524],[7536,8184],[8196,8784],[8796,8880],[9084,9264],[9372,9720],[9732,10320],[10332,10416],[10620,11136],[11868,11916],[12060,12120],[12252,12312],[12336,12408],[12420,14232]]},"scratch":{"scratch_ratio":0.022163120567375887,"scratch_positions_ratio":0.03094059405940594,"scratch_with_key_chord_rate":0.96,"scratch_per_sec":0.20268843690618624,"scratch_burst_max_per_sec":4.0,"scratch_burst_window_sec":1.0,"scratch_max_run_sec":0.625,"ls_count":1,"ls_per_sec":0.00810753747624745,"ls_complexity_mean":0,"scratch_notes":25,"scratch_positions":25,"total_notes":1128,"total_positions":808,"chart_seconds":123.34201388888889},"soft":{"base_bpm":144.0,"intensity":0.0,"up_intensity":0.0,"down_intensity":0.0,"max_intensity":0.0,"max_up_intensity":0.0,"max_down_intensity":0.0,"step_frequency":0.0,"ramp_frequency":0.0,"continuity_beats":0.0,"off_base_note_ratio":0.0,"gimmick_burst_score":0.0,"max_off_base_density_per_beat":0.0,"base_mean_density_per_beat":3.810810810810811,"base_density_source":"on_base","distinct_off_base_bpm_count":0,"bpm_change_events":0,"measure_count":74},"ln":{"ln_ratio":0.574468085106383,"ln_hold_time_mean_beats":0.8779578189300411,"ln_simultaneity_rate":0.2703900709219858,"ln_simultaneity_weighted":0.6976950354609929,"ln_count":648,"ln_count_raw":648,"ln_positions":577,"total_notes":1128,"m1_short_count_rt":208,"m1_short_rate_rt":0.18439716312056736,"m2_long_count_rt":438,"m2_density_rt":21.196251673360102,"m2_burst_max_rt":381.0,"m3_density_rt":24.661847389558226,"m_concurrent_rt":1.4707828004410157,"total_long_sec":233.43750000000006,"long_active_sec":94.47916666666664,"long_hold_sec_mean":0.5329623287671235,"long_hold_sec_max":6.5625,"adv_hand_imb":0.34365325077399383,"adv_rel_pressure_1beat":0.7368421052631579,"adv_ln_hold_min_beats":0.041666666666666664,"adv_ln_chord_big_rate":0.0,"adv_ln_scatter_cv":0.6066384890051711},"stair":{"stair_index":0.04218362282878412,"stair_transitions":34,"eligible_transitions":806},"peak":{"peak_local_max_density":8.25,"peak_local_max_density_per_sec":19.8,"peak_max_chord_size":3,"peak_concentration":0.300090661831369,"total_notes":1103,"intervals":[[1464,1800],[6132,6552],[7764,8196],[10740,11112],[12456,12828],[13176,13608],[13668,14280]]},"jack":{"jack_pairs":125,"jack_in_stream_pairs":74,"jack_outside_pairs":51,"pure_jack_per_sec":1.2618556701030936,"flow_break_per_stream_sec":0.8923688893541294,"stream_seconds":82.92534722222224,"non_stream_seconds":40.41666666666664,"chart_seconds":123.34201388888889,"window_ticks":24,"min_region_sec":10.0},"distraction":{"mode_formulation":"SP","v3_score":0.4783447110985995,"qualifying_intervals":3,"qualifying_flow_sec":71.75,"qualifying_scratches":20,"scratch_chord_pair_count":29,"chord_time_threshold_sec":0.01667,"min_scratches":3,"bin_sec":0.25,"t_key":2,"gap_bins":2}},"warnings":["Unterminated LNOBJ LN on lane P1_SCR started at m66 pos0.0; closing at EOF","Unterminated LNOBJ LN on lane P1_KEY1 started at m73 pos0.9375; closing at EOF","Unterminated LNOBJ LN on lane P1_KEY7 started at m73 pos0.8125; closing at EOF"],"axis_intensities":{"chord":"green","stream":"green","peak":"green","scratch":"green","soft":null,"ln":"red","stair":"green","distraction":"green"},"tags":["jack_chart","flow_break"],"scales":[]}