{"md5":"ef9c2a980d298dc81be948a2e95a3f23","headers":{"title":"theme of Maia -Long Note-","artist":"ねこみみ魔法使い","genre":"Synth Rock","playlevel":"9","base_bpm":232.0},"mode":"SP","scope":"playable_only","scaling_mode":"p99_linear","params":{"stream_window_ticks":48,"stream_density_threshold_per_beat":4.0,"peak_window_ticks":192,"peak_min_window_notes":4,"peak_min_window_sec":0.05,"felt_bpm_trigger_eff_bpm":500.0,"felt_bpm_trigger_peak_per_sec":200.0,"felt_bpm_target_peak_per_sec":100.0,"felt_bpm_floor":30.0,"jack_window_ticks":24,"soft_burst_ref":8.0,"soft_freq_ref":0.1,"soft_burst_exp":1.5,"soft_freq_exp":1.5,"chord_time_threshold_ms":16.67,"sp_distraction_min_scratches":3,"dp_distraction_window_sec_min":0.2,"dp_distraction_window_sec_max":0.8,"stream_density_ref_per_sec":40.0,"peak_density_ref_per_sec":70.0,"chord_size_ref":3.5,"ln_simultaneity_ref":0.05,"scratch_density_ref_per_sec":1.5,"scratch_ratio_ref":0.1,"distraction_density_ref":2.0,"distraction_event_ref":0.15},"raw_axes":{"chord":1.0798548094373863,"stream":5.539304080678555,"scratch":0.031010284780752236,"soft":0.0,"stair":0.06545454545454546,"peak":20.299999999999997,"ln_m1_short_rate_rt":0.0,"ln_m2_density_rt":6.038734237449447,"ln_m2_burst_max_rt":49.0,"ln_m3_density_rt":6.038734237449447,"ln_m_concurrent_rt":0.4593749999999993,"adv_hand_imb":0.16666666666666666,"adv_rel_pressure_1beat":0.47368421052631576,"adv_ln_hold_min_beats":0.75,"adv_ln_chord_big_rate":0.011764705882352941,"adv_ln_scatter_cv":1.654880478956754,"distraction":3.5369509043927656},"x_chord":0.276,"x_stream":0.139,"x_scratch":0.076,"x_soft":0.0,"x_ln":0.758,"x_stair":0.19,"x_peak":0.328,"x_distraction":0.826,"ln_advanced_score":0.674,"submetrics":{"chord":{"chord_rate":0.4954627949183303,"avg_chord_size":2.1794871794871793,"chord_positions":273,"total_positions":551},"stream":{"stream_coverage":0.32723112128146453,"stream_density_mean":4.377880184331797,"stream_density_mean_per_sec":16.927803379416282,"stream_windows":22,"notes_in_stream":286,"total_notes":874,"intervals":[[1848,1944],[3300,3360],[4980,5040],[6420,6552],[7908,7968],[8772,8856],[9348,9636],[10908,10992],[11028,11160],[11220,11280],[11604,11664],[11988,12048],[12252,12336],[15312,15372],[15948,16032],[16056,16152],[17508,17568],[19188,20760],[20820,20880],[21204,21264],[21588,21648],[21852,21936]]},"scratch":{"scratch_ratio":0.06521739130434782,"scratch_positions_ratio":0.10344827586206896,"scratch_with_key_chord_rate":0.9122807017543859,"scratch_per_sec":0.47549103330486764,"scratch_burst_max_per_sec":5.0,"scratch_burst_window_sec":1.0,"scratch_notes":57,"scratch_positions":57,"total_notes":874,"total_positions":551,"chart_seconds":119.87607758620689},"soft":{"base_bpm":232.0,"intensity":0.0,"up_intensity":0.0,"down_intensity":0.0,"max_intensity":0.0,"max_up_intensity":0.0,"max_down_intensity":0.0,"step_frequency":0.0,"ramp_frequency":0.0,"continuity_beats":0.0,"off_base_note_ratio":0.0,"gimmick_burst_score":0.0,"max_off_base_density_per_beat":0.0,"base_mean_density_per_beat":1.8856526429341964,"base_density_source":"on_base","distinct_off_base_bpm_count":0,"bpm_change_events":0,"measure_count":115},"ln":{"ln_ratio":0.2608695652173913,"ln_hold_time_mean_beats":1.5361842105263157,"ln_simultaneity_rate":0.11899313501144165,"ln_simultaneity_weighted":0.11899313501144165,"ln_count":228,"ln_count_raw":228,"ln_positions":170,"total_notes":874,"m1_short_count_rt":0,"m1_short_rate_rt":0.0,"m2_long_count_rt":228,"m2_density_rt":6.038734237449447,"m2_burst_max_rt":49.0,"m3_density_rt":6.038734237449447,"m_concurrent_rt":0.4593749999999993,"total_long_sec":90.58189655172406,"long_active_sec":62.06896551724135,"long_hold_sec_mean":0.397289019963702,"long_hold_sec_max":3.0387931034482705,"adv_hand_imb":0.16666666666666666,"adv_rel_pressure_1beat":0.47368421052631576,"adv_ln_hold_min_beats":0.75,"adv_ln_chord_big_rate":0.011764705882352941,"adv_ln_scatter_cv":1.654880478956754},"stair":{"stair_index":0.06545454545454546,"stair_transitions":36,"eligible_transitions":550},"peak":{"peak_local_max_density":5.25,"peak_local_max_density_per_sec":20.299999999999997,"peak_max_chord_size":4,"peak_concentration":0.34324942791762014,"total_notes":874,"intervals":[[6324,6552],[9264,9696],[10884,11328],[11508,11712],[11892,12096],[19092,20928],[21108,21312],[21492,21696]]},"jack":{"jack_pairs":65,"jack_in_stream_pairs":3,"jack_outside_pairs":62,"pure_jack_per_sec":0.610364398239007,"flow_break_per_stream_sec":0.16395759717314498,"stream_seconds":18.297413793103438,"non_stream_seconds":101.57866379310346,"chart_seconds":119.87607758620689,"window_ticks":24,"min_region_sec":10.0},"distraction":{"mode_formulation":"SP","qualifying_window_count":6,"qualifying_scratches":38,"qualifying_flow_sec":16.68103448275862,"distract_density":2.2780361757105947,"distract_event_per_sec":0.3596899224806202,"scratch_chord_pair_count":48,"chord_time_threshold_sec":0.01667,"min_scratches":3}},"warnings":[],"tags":["distraction_heavy","fast_chart"],"scales":[]}