{"md5":"4f617edd75777a7fdd9a91520183ce51","headers":{"title":"MooN -SP LN HYPER-","artist":"Is-m / obj_mit","genre":"INFINITY","playlevel":"12","base_bpm":40.0},"mode":"SP","scope":"playable_only","scaling_mode":"p99_linear","params":{"stream_window_ticks":48,"stream_density_threshold_per_beat":4.0,"peak_window_ticks":192,"peak_min_window_notes":4,"peak_min_window_sec":0.05,"felt_bpm_trigger_eff_bpm":500.0,"felt_bpm_trigger_peak_per_sec":200.0,"felt_bpm_target_peak_per_sec":100.0,"felt_bpm_floor":30.0,"jack_window_ticks":24,"soft_burst_ref":8.0,"soft_freq_ref":0.1,"soft_burst_exp":1.5,"soft_freq_exp":1.5,"chord_time_threshold_ms":16.67,"sp_distraction_min_scratches":3,"sp_distraction_bin_sec":0.25,"sp_distraction_t_key":2,"sp_distraction_gap_bins":2,"dp_distraction_window_sec_min":0.2,"dp_distraction_window_sec_max":0.8,"stream_density_ref_per_sec":40.0,"peak_density_ref_per_sec":70.0,"chord_size_ref":3.5,"ln_simultaneity_ref":0.05,"scratch_density_ref_per_sec":1.5,"scratch_ratio_ref":0.1,"distraction_density_ref":2.0,"distraction_event_ref":0.15},"raw_axes":{"chord":1.4106614017769004,"stream":18.5532951965302,"scratch_per_sec":0.4630234454610088,"scratch_burst_max_per_sec":5.0,"scratch_max_run_sec":1.5428571428571445,"soft":0.00034488612150892475,"stair":0.12388503468780972,"peak":37.1875,"ln_m1_short_rate_rt":0.001557632398753894,"ln_m2_density_rt":119.7969717435378,"ln_m2_burst_max_rt":1248.0,"ln_m3_density_rt":119.7969717435378,"ln_m_concurrent_rt":0.9056010273956978,"adv_hand_imb":0.25853658536585367,"adv_rel_pressure_1beat":0.9707317073170731,"adv_ln_hold_min_beats":0.25,"adv_ln_chord_big_rate":0.211864406779661,"adv_ln_scatter_cv":1.644877023281243,"distraction":2.4789562926220166},"x_chord":0.362,"x_stream":0.479,"x_scratch":0.123,"x_soft":0.001,"x_ln":0.956,"x_stair":0.351,"x_peak":0.623,"x_distraction":0.152,"ln_advanced_score":0.761,"submetrics":{"chord":{"chord_rate":0.5093780848963475,"avg_chord_size":2.7693798449612403,"chord_positions":516,"total_positions":1013},"stream":{"stream_coverage":0.9914024717893606,"stream_density_mean":6.3315649867374,"stream_density_mean_per_sec":18.71419098143236,"stream_windows":10,"notes_in_stream":1845,"total_notes":1861,"intervals":[[756,2160],[2220,3876],[3948,4080],[4752,10332],[10392,10716],[10728,11100],[11160,13296],[13332,15024],[15060,15192],[15252,16548]]},"scratch":{"scratch_ratio":0.03374870197300104,"scratch_positions_ratio":0.06416584402764067,"scratch_with_key_chord_rate":0.9538461538461539,"scratch_per_sec":0.4630234454610088,"scratch_burst_max_per_sec":5.0,"scratch_burst_window_sec":1.0,"scratch_max_run_sec":1.5428571428571445,"ls_count":4,"ls_per_sec":0.028493750489908237,"ls_complexity_mean":0.25,"scratch_notes":65,"scratch_positions":65,"total_notes":1926,"total_positions":1013,"chart_seconds":140.38166023166022},"soft":{"base_bpm":175.0,"intensity":0.016866933689363595,"up_intensity":0.01326212728081887,"down_intensity":0.0036048064085447266,"max_intensity":0.05714285714285714,"max_up_intensity":0.05714285714285714,"max_down_intensity":0.0,"step_frequency":0.02247191011235955,"ramp_frequency":0.02247191011235955,"continuity_beats":96.0,"off_base_note_ratio":0.2367601246105919,"gimmick_burst_score":0.015347432407147152,"max_off_base_density_per_beat":5.5875,"base_mean_density_per_beat":5.57345971563981,"base_density_source":"on_base","distinct_off_base_bpm_count":2,"bpm_change_events":2,"measure_count":89},"ln":{"ln_ratio":0.10643821391484942,"ln_hold_time_mean_beats":1.8478658536585366,"ln_simultaneity_rate":0.42315680166147457,"ln_simultaneity_weighted":0.671858774662513,"ln_count":205,"ln_count_raw":205,"ln_positions":118,"total_notes":1926,"m1_short_count_rt":3,"m1_short_rate_rt":0.001557632398753894,"m2_long_count_rt":202,"m2_density_rt":119.7969717435378,"m2_burst_max_rt":1248.0,"m3_density_rt":119.7969717435378,"m_concurrent_rt":0.9056010273956978,"total_long_sec":151.24756274131272,"long_active_sec":79.37000482625484,"long_hold_sec_mean":0.748750310600558,"long_hold_sec_max":9.625,"adv_hand_imb":0.25853658536585367,"adv_rel_pressure_1beat":0.9707317073170731,"adv_ln_hold_min_beats":0.25,"adv_ln_chord_big_rate":0.211864406779661,"adv_ln_scatter_cv":1.644877023281243},"stair":{"stair_index":0.12388503468780972,"stair_transitions":125,"eligible_transitions":1009},"peak":{"peak_local_max_density":12.75,"peak_local_max_density_per_sec":37.1875,"peak_max_chord_size":6,"peak_concentration":0.5314347125201505,"total_notes":1861,"intervals":[[1872,2172],[2292,3564],[3600,3876],[5772,6120],[6924,7380],[7452,7764],[7920,8124],[8196,8400],[8580,8796],[8964,9180],[9312,9576],[9732,9948],[11700,12636],[12912,13356],[14796,14988],[15252,15504],[15540,15828],[16164,16548]]},"jack":{"jack_pairs":9,"jack_in_stream_pairs":9,"jack_outside_pairs":0,"pure_jack_per_sec":0.0,"flow_break_per_stream_sec":0.08634508585890859,"stream_seconds":104.23291505791505,"non_stream_seconds":36.14874517374517,"chart_seconds":140.38166023166022,"window_ticks":24,"min_region_sec":10.0},"distraction":{"mode_formulation":"SP","v3_score":2.4789562926220166,"qualifying_intervals":3,"qualifying_flow_sec":105.5,"qualifying_scratches":62,"scratch_chord_pair_count":87,"chord_time_threshold_sec":0.01667,"min_scratches":3,"bin_sec":0.25,"t_key":2,"gap_bins":2}},"warnings":[],"axis_intensities":{"chord":"green","stream":"yellow","peak":"red","scratch":"yellow","soft":"green","ln":"red","stair":"green","distraction":"yellow"},"tags":["advanced_ln","long_scratch","burst_focused"],"scales":[]}