{"md5":"c0e2235990538ff77ce4797d0bc79675","headers":{"title":"紅月夜想　～Scarlet Nocturne～ [ヒサバンアヒ]","artist":"nmk feat.℃ｉｅｌ obj:uet / 秘密","genre":"Nocturne","playlevel":"8","base_bpm":171.0},"mode":"SP","scope":"playable_only","scaling_mode":"p99_linear","params":{"stream_window_ticks":48,"stream_density_threshold_per_beat":4.0,"peak_window_ticks":192,"peak_min_window_notes":4,"peak_min_window_sec":0.05,"felt_bpm_trigger_eff_bpm":500.0,"felt_bpm_trigger_peak_per_sec":200.0,"felt_bpm_target_peak_per_sec":100.0,"felt_bpm_floor":30.0,"jack_window_ticks":24,"soft_burst_ref":8.0,"soft_freq_ref":0.1,"soft_burst_exp":1.5,"soft_freq_exp":1.5,"chord_time_threshold_ms":16.67,"sp_distraction_min_scratches":3,"dp_distraction_window_sec_min":0.2,"dp_distraction_window_sec_max":0.8,"stream_density_ref_per_sec":40.0,"peak_density_ref_per_sec":70.0,"chord_size_ref":3.5,"ln_simultaneity_ref":0.05,"scratch_density_ref_per_sec":1.5,"scratch_ratio_ref":0.1,"distraction_density_ref":2.0,"distraction_event_ref":0.15},"raw_axes":{"chord":1.473460721868365,"stream":8.50226119694222,"scratch":0.000489334640814781,"soft":0.0,"stair":0.15531914893617021,"peak":14.25,"ln_m1_short_rate_rt":0.0,"ln_m2_density_rt":11.050343417396308,"ln_m2_burst_max_rt":207.0,"ln_m3_density_rt":11.050343417396308,"ln_m_concurrent_rt":1.1680022733731186,"adv_hand_imb":0.14206128133704735,"adv_rel_pressure_1beat":0.6323119777158774,"adv_ln_hold_min_beats":0.375,"adv_ln_chord_big_rate":0.09090909090909091,"adv_ln_scatter_cv":0.7787223776539339,"distraction":0.0},"x_chord":0.376,"x_stream":0.213,"x_scratch":0.001,"x_soft":0.0,"x_ln":0.799,"x_stair":0.451,"x_peak":0.23,"x_distraction":0.0,"ln_advanced_score":0.682,"submetrics":{"chord":{"chord_rate":0.5859872611464968,"avg_chord_size":2.5144927536231885,"chord_positions":276,"total_positions":471},"stream":{"stream_coverage":0.6816647919010124,"stream_density_mean":4.37641723356009,"stream_density_mean_per_sec":12.47278911564626,"stream_windows":52,"notes_in_stream":606,"total_notes":889,"intervals":[[636,720],[1212,1296],[1500,1584],[2076,2136],[2940,3984],[4092,4464],[4500,4800],[4812,5040],[5100,5376],[5388,5448],[5556,5664],[5676,5736],[5844,5952],[5964,6024],[6132,6240],[6252,6312],[6420,6528],[6540,6600],[6708,6816],[6828,6888],[6996,7104],[7116,7176],[7248,7332],[7452,7584],[7836,7920],[8124,8184],[8268,8352],[8364,8448],[8700,8784],[8844,8928],[8964,9072],[9276,9336],[9348,9480],[9540,9624],[9708,9768],[9828,9912],[9924,10008],[10020,11352],[11364,11448],[11652,11784],[12324,12408],[12420,12504],[12876,13104],[13308,13368],[13452,13512],[13572,13680],[13884,13944],[14028,14088],[14148,14232],[14316,14376],[14436,14520],[15132,15360]]},"scratch":{"scratch_ratio":0.007874015748031496,"scratch_positions_ratio":0.014861995753715499,"scratch_with_key_chord_rate":0.7142857142857143,"scratch_per_sec":0.06214549938347719,"scratch_burst_max_per_sec":1.0,"scratch_burst_window_sec":1.0,"scratch_notes":7,"scratch_positions":7,"total_notes":889,"total_positions":471,"chart_seconds":112.63888888888889},"soft":{"base_bpm":171.0,"intensity":0.0,"up_intensity":0.0,"down_intensity":0.0,"max_intensity":0.0,"max_up_intensity":0.0,"max_down_intensity":0.0,"step_frequency":0.0,"ramp_frequency":0.0,"continuity_beats":0.0,"off_base_note_ratio":0.0,"gimmick_burst_score":0.0,"max_off_base_density_per_beat":0.0,"base_mean_density_per_beat":2.769470404984424,"base_density_source":"on_base","distinct_off_base_bpm_count":0,"bpm_change_events":0,"measure_count":106},"ln":{"ln_ratio":0.4049493813273341,"ln_hold_time_mean_beats":1.655642361111111,"ln_simultaneity_rate":0.30033745781777277,"ln_simultaneity_weighted":0.4409448818897638,"ln_count":360,"ln_count_raw":360,"ln_positions":253,"total_notes":889,"m1_short_count_rt":0,"m1_short_rate_rt":0.0,"m2_long_count_rt":359,"m2_density_rt":11.050343417396308,"m2_burst_max_rt":207.0,"m3_density_rt":11.050343417396308,"m_concurrent_rt":1.1680022733731186,"total_long_sec":209.13377192982477,"long_active_sec":96.46381578947373,"long_hold_sec_mean":0.5825453257098183,"long_hold_sec_max":3.1578947368420955,"adv_hand_imb":0.14206128133704735,"adv_rel_pressure_1beat":0.6323119777158774,"adv_ln_hold_min_beats":0.375,"adv_ln_chord_big_rate":0.09090909090909091,"adv_ln_scatter_cv":0.7787223776539339},"stair":{"stair_index":0.15531914893617021,"stair_transitions":73,"eligible_transitions":470},"peak":{"peak_local_max_density":5.0,"peak_local_max_density_per_sec":14.25,"peak_max_chord_size":5,"peak_concentration":0.3655793025871766,"total_notes":889,"intervals":[[2940,3984],[4092,4464],[4524,4728],[4812,5040],[5100,5328],[7116,7320],[10116,11352],[12876,13080]]},"jack":{"jack_pairs":25,"jack_in_stream_pairs":11,"jack_outside_pairs":14,"pure_jack_per_sec":0.24702695730684904,"flow_break_per_stream_sec":0.19655172413793098,"stream_seconds":55.96491228070177,"non_stream_seconds":56.67397660818712,"chart_seconds":112.63888888888889,"window_ticks":24,"min_region_sec":10.0},"distraction":{"mode_formulation":"SP","qualifying_window_count":0,"qualifying_scratches":0,"qualifying_flow_sec":0,"distract_density":0.0,"distract_event_per_sec":0.0,"scratch_chord_pair_count":7,"chord_time_threshold_sec":0.01667,"min_scratches":3}},"warnings":["Unterminated LNOBJ LN on lane P1_SCR started at m94 pos0.0; closing at EOF"],"tags":[],"scales":[]}