{"md5":"d62e424704a6fc0d799ada8467ab28f4","headers":{"title":"niKu[◎]","artist":"TOMA v.s. DJ Saw-Low / 奈那樹","genre":"FREEDOM HARDCORE","playlevel":"7","base_bpm":200.0},"mode":"SP","scope":"playable_only","scaling_mode":"p99_linear","params":{"stream_window_ticks":48,"stream_density_threshold_per_beat":4.0,"peak_window_ticks":192,"peak_min_window_notes":4,"peak_min_window_sec":0.05,"felt_bpm_trigger_eff_bpm":500.0,"felt_bpm_trigger_peak_per_sec":200.0,"felt_bpm_target_peak_per_sec":100.0,"felt_bpm_floor":30.0,"jack_window_ticks":24,"soft_burst_ref":8.0,"soft_freq_ref":0.1,"soft_burst_exp":1.5,"soft_freq_exp":1.5,"chord_time_threshold_ms":16.67,"sp_distraction_min_scratches":3,"sp_distraction_bin_sec":0.25,"sp_distraction_t_key":2,"sp_distraction_gap_bins":2,"dp_distraction_window_sec_min":0.2,"dp_distraction_window_sec_max":0.8,"stream_density_ref_per_sec":40.0,"peak_density_ref_per_sec":70.0,"chord_size_ref":3.5,"ln_simultaneity_ref":0.05,"scratch_density_ref_per_sec":1.5,"scratch_ratio_ref":0.1,"distraction_density_ref":2.0,"distraction_event_ref":0.15},"raw_axes":{"chord":1.2058111380145278,"stream":7.583102057679699,"scratch_per_sec":5.338469259043253,"scratch_burst_max_per_sec":14.0,"scratch_max_run_sec":28.124999999999993,"soft":0.014749794141124557,"stair":0.14343434343434344,"peak":26.666666666666668,"ln_m1_short_rate_rt":0.0,"ln_m2_density_rt":0.0,"ln_m2_burst_max_rt":0.0,"ln_m3_density_rt":0.0,"ln_m_concurrent_rt":0.0,"adv_hand_imb":0.0,"adv_rel_pressure_1beat":0.5,"adv_ln_hold_min_beats":1.75,"adv_ln_chord_big_rate":0.0,"adv_ln_scatter_cv":0.0,"distraction":8.723840008680439},"x_chord":0.31,"x_stream":0.196,"x_scratch":0.638,"x_soft":0.044,"x_ln":0.0,"x_stair":0.406,"x_peak":0.447,"x_distraction":0.536,"ln_advanced_score":0.0,"submetrics":{"chord":{"chord_rate":0.4915254237288136,"avg_chord_size":2.4532019704433496,"chord_positions":406,"total_positions":826},"stream":{"stream_coverage":0.49063670411985016,"stream_density_mean":4.636690647482014,"stream_density_mean_per_sec":15.455635491606715,"stream_windows":40,"notes_in_stream":393,"total_notes":801,"intervals":[[348,408],[504,612],[732,792],[852,984],[1116,1176],[1524,1764],[2076,2136],[2460,2520],[2844,2904],[3228,3288],[6588,6696],[6708,6816],[6828,6912],[6972,7056],[7356,7464],[7476,7584],[7596,7680],[7692,7848],[9372,9528],[9564,9912],[9948,10224],[10332,10416],[10476,10608],[10620,10680],[10716,10968],[11604,11724],[12276,12384],[13140,13260],[15972,16080],[16092,16200],[16212,16296],[16356,16440],[16740,16848],[16860,16968],[16980,17064],[17076,17232],[17244,17328],[17340,17424],[17460,17844],[17988,18072]]},"scratch":{"scratch_ratio":0.4343220338983051,"scratch_positions_ratio":0.7445520581113801,"scratch_with_key_chord_rate":0.4634146341463415,"scratch_per_sec":5.338469259043253,"scratch_burst_max_per_sec":14.0,"scratch_burst_window_sec":1.0,"scratch_max_run_sec":28.124999999999993,"ls_count":5,"ls_per_sec":0.04340218909791263,"ls_complexity_mean":1,"scratch_notes":615,"scratch_positions":615,"total_notes":1416,"total_positions":826,"chart_seconds":115.2015625},"soft":{"base_bpm":200.0,"intensity":0.0005296610169491525,"up_intensity":0.0,"down_intensity":0.0005296610169491525,"max_intensity":0.75,"max_up_intensity":0.0,"max_down_intensity":0.75,"step_frequency":0.020618556701030927,"ramp_frequency":0.020618556701030927,"continuity_beats":1.4947916666666667,"off_base_note_ratio":0.0007062146892655367,"gimmick_burst_score":0.715365015844541,"max_off_base_density_per_beat":0.6689895470383275,"base_mean_density_per_beat":3.740689199057553,"base_density_source":"on_base","distinct_off_base_bpm_count":1,"bpm_change_events":2,"measure_count":97},"ln":{"ln_ratio":0.0014124293785310734,"ln_hold_time_mean_beats":1.75,"ln_simultaneity_rate":0.0,"ln_simultaneity_weighted":0.0,"ln_count":2,"ln_count_raw":2,"ln_positions":2,"total_notes":1416,"m1_short_count_rt":0,"m1_short_rate_rt":0.0,"m2_long_count_rt":2,"m2_density_rt":0.0,"m2_burst_max_rt":0.0,"m3_density_rt":0.0,"m_concurrent_rt":0.0,"total_long_sec":1.0500000000000114,"long_active_sec":1.0500000000000114,"long_hold_sec_mean":0.5250000000000057,"long_hold_sec_max":0.5250000000000057,"adv_hand_imb":0.0,"adv_rel_pressure_1beat":0.5,"adv_ln_hold_min_beats":1.75,"adv_ln_chord_big_rate":0.0,"adv_ln_scatter_cv":0.0},"stair":{"stair_index":0.14343434343434344,"stair_transitions":71,"eligible_transitions":495},"peak":{"peak_local_max_density":8.0,"peak_local_max_density_per_sec":26.666666666666668,"peak_max_chord_size":4,"peak_concentration":0.3882646691635456,"total_notes":801,"intervals":[[516,720],[1464,1872],[6588,6912],[7356,7848],[9588,10320],[10476,11112],[15972,16296],[16740,17328],[17412,17880]]},"jack":{"jack_pairs":26,"jack_in_stream_pairs":13,"jack_outside_pairs":13,"pure_jack_per_sec":0.15338950240592902,"flow_break_per_stream_sec":0.42692939244663436,"stream_seconds":30.44999999999996,"non_stream_seconds":84.75156250000003,"chart_seconds":115.2015625,"window_ticks":24,"min_region_sec":10.0},"distraction":{"mode_formulation":"SP","v3_score":8.723840008680439,"qualifying_intervals":7,"qualifying_flow_sec":87.25,"qualifying_scratches":412,"scratch_chord_pair_count":175,"chord_time_threshold_sec":0.01667,"min_scratches":3,"bin_sec":0.25,"t_key":2,"gap_bins":2}},"warnings":[],"axis_intensities":{"chord":"green","stream":"green","peak":"green","scratch":"red","soft":"yellow","ln":null,"stair":"yellow","distraction":"red"},"tags":["scratch_burst","long_scratch","complex_long_scratch"],"scales":[]}