{"md5":"d05a25b1cca3f83ad10894f89303012d","headers":{"title":"Here we go！(TM edit)[KASATHER◎]","artist":"Awesomeman / obj:KASAKO","genre":"マイアミベース","playlevel":"8","base_bpm":149.0},"mode":"SP","scope":"playable_only","scaling_mode":"p99_linear","params":{"stream_window_ticks":48,"stream_density_threshold_per_beat":4.0,"peak_window_ticks":192,"peak_min_window_notes":4,"peak_min_window_sec":0.05,"felt_bpm_trigger_eff_bpm":500.0,"felt_bpm_trigger_peak_per_sec":200.0,"felt_bpm_target_peak_per_sec":100.0,"felt_bpm_floor":30.0,"jack_window_ticks":24,"soft_burst_ref":8.0,"soft_freq_ref":0.1,"soft_burst_exp":1.5,"soft_freq_exp":1.5,"chord_time_threshold_ms":16.67,"sp_distraction_min_scratches":3,"sp_distraction_bin_sec":0.25,"sp_distraction_t_key":2,"sp_distraction_gap_bins":2,"dp_distraction_window_sec_min":0.2,"dp_distraction_window_sec_max":0.8,"stream_density_ref_per_sec":40.0,"peak_density_ref_per_sec":70.0,"chord_size_ref":3.5,"ln_simultaneity_ref":0.05,"scratch_density_ref_per_sec":1.5,"scratch_ratio_ref":0.1,"distraction_density_ref":2.0,"distraction_event_ref":0.15},"raw_axes":{"chord":1.5225955967555038,"stream":11.573289674243364,"scratch_per_sec":7.328734081133507,"scratch_burst_max_per_sec":10.0,"scratch_max_run_sec":73.08724832214764,"soft":0.0,"stair":0.05,"peak":26.075000000000003,"ln_m1_short_rate_rt":0.0,"ln_m2_density_rt":0.0,"ln_m2_burst_max_rt":0.0,"ln_m3_density_rt":0.0,"ln_m_concurrent_rt":0.0,"adv_hand_imb":0.0,"adv_rel_pressure_1beat":0.0,"adv_ln_hold_min_beats":0.0,"adv_ln_chord_big_rate":0.0,"adv_ln_scatter_cv":0.0,"distraction":18.75914649574091},"x_chord":0.391,"x_stream":0.299,"x_scratch":0.836,"x_soft":0.0,"x_ln":0.0,"x_stair":0.142,"x_peak":0.437,"x_distraction":1.0,"ln_advanced_score":0.0,"submetrics":{"chord":{"chord_rate":0.6037079953650057,"avg_chord_size":2.5220729366602685,"chord_positions":521,"total_positions":863},"stream":{"stream_coverage":0.8306364617044228,"stream_density_mean":5.610619469026549,"stream_density_mean_per_sec":13.933038348082595,"stream_windows":44,"notes_in_stream":770,"total_notes":927,"intervals":[[228,288],[420,480],[612,672],[804,864],[888,972],[996,1056],[1188,1248],[1380,1440],[1572,1776],[2028,2076],[2100,2160],[2304,2352],[2388,2544],[2796,2844],[2868,2928],[3072,3120],[3156,3312],[3468,3528],[3540,3696],[3828,4080],[4236,4296],[4308,4464],[4596,4848],[4992,5232],[5376,5424],[5436,5616],[5760,6000],[6144,6192],[6204,6384],[6540,6600],[6612,7152],[7308,7368],[7380,7920],[7932,8016],[8028,8112],[8124,8208],[8220,8616],[8628,8688],[8832,9072],[9216,9264],[9300,9456],[9600,9840],[9984,10032],[10068,11832]]},"scratch":{"scratch_ratio":0.44021739130434784,"scratch_positions_ratio":0.8447276940903824,"scratch_with_key_chord_rate":0.6406035665294925,"scratch_per_sec":7.328734081133507,"scratch_burst_max_per_sec":10.0,"scratch_burst_window_sec":1.0,"scratch_max_run_sec":73.08724832214764,"ls_count":0,"ls_per_sec":0.0,"ls_complexity_mean":0.0,"scratch_notes":729,"scratch_positions":729,"total_notes":1656,"total_positions":863,"chart_seconds":99.47147651006712},"soft":{"base_bpm":149.0,"intensity":0.0,"up_intensity":0.0,"down_intensity":0.0,"max_intensity":0.0,"max_up_intensity":0.0,"max_down_intensity":0.0,"step_frequency":0.0,"ramp_frequency":0.0,"continuity_beats":0.0,"off_base_note_ratio":0.0,"gimmick_burst_score":0.0,"max_off_base_density_per_beat":0.0,"base_mean_density_per_beat":6.700404858299595,"base_density_source":"on_base","distinct_off_base_bpm_count":0,"bpm_change_events":0,"measure_count":62},"ln":{"ln_ratio":0.0,"ln_hold_time_mean_beats":0.0,"ln_simultaneity_rate":0.0,"ln_simultaneity_weighted":0.0,"ln_count":0,"ln_count_raw":0,"ln_positions":0,"total_notes":1656,"m1_short_count_rt":0,"m1_short_rate_rt":0.0,"m2_long_count_rt":0,"m2_density_rt":0.0,"m2_burst_max_rt":0.0,"m3_density_rt":0.0,"m_concurrent_rt":0.0,"total_long_sec":0.0,"long_active_sec":0.0,"long_hold_sec_mean":0.0,"long_hold_sec_max":0.0,"adv_hand_imb":0.0,"adv_rel_pressure_1beat":0.0,"adv_ln_hold_min_beats":0.0,"adv_ln_chord_big_rate":0.0,"adv_ln_scatter_cv":0.0},"stair":{"stair_index":0.05,"stair_transitions":30,"eligible_transitions":600},"peak":{"peak_local_max_density":10.5,"peak_local_max_density_per_sec":26.075000000000003,"peak_max_chord_size":4,"peak_concentration":0.40560949298813376,"total_notes":927,"intervals":[[3816,4092],[4584,4884],[6696,7128],[7464,7908],[8196,8700],[10368,10668],[11136,11796]]},"jack":{"jack_pairs":12,"jack_in_stream_pairs":10,"jack_outside_pairs":2,"pure_jack_per_sec":0.05610731936926333,"flow_break_per_stream_sec":0.156677181913775,"stream_seconds":63.82550335570469,"non_stream_seconds":35.64597315436243,"chart_seconds":99.47147651006712,"window_ticks":24,"min_region_sec":10.0},"distraction":{"mode_formulation":"SP","v3_score":18.75914649574091,"qualifying_intervals":7,"qualifying_flow_sec":86.75,"qualifying_scratches":685,"scratch_chord_pair_count":306,"chord_time_threshold_sec":0.01667,"min_scratches":3,"bin_sec":0.25,"t_key":2,"gap_bins":2}},"warnings":[],"axis_intensities":{"chord":"yellow","stream":"green","peak":"green","scratch":"red","soft":null,"ln":null,"stair":"green","distraction":"red"},"tags":["scratch_burst","scratch_chord"],"scales":[]}