{"md5":"0958f4a933b9ecc6bd766c387011a2ef","headers":{"title":"踊る水飛沫 [NANATHER LN]","artist":"あきやまうに / er / 奈那樹","genre":"東方緋想天","playlevel":"13","base_bpm":138.0},"mode":"SP","scope":"playable_only","scaling_mode":"p99_linear","params":{"stream_window_ticks":48,"stream_density_threshold_per_beat":4.0,"peak_window_ticks":192,"peak_min_window_notes":4,"peak_min_window_sec":0.05,"felt_bpm_trigger_eff_bpm":500.0,"felt_bpm_trigger_peak_per_sec":200.0,"felt_bpm_target_peak_per_sec":100.0,"felt_bpm_floor":30.0,"jack_window_ticks":24,"soft_burst_ref":8.0,"soft_freq_ref":0.1,"soft_burst_exp":1.5,"soft_freq_exp":1.5,"chord_time_threshold_ms":16.67,"sp_distraction_min_scratches":3,"sp_distraction_bin_sec":0.25,"sp_distraction_t_key":2,"sp_distraction_gap_bins":2,"dp_distraction_window_sec_min":0.2,"dp_distraction_window_sec_max":0.8,"stream_density_ref_per_sec":40.0,"peak_density_ref_per_sec":70.0,"chord_size_ref":3.5,"ln_simultaneity_ref":0.05,"scratch_density_ref_per_sec":1.5,"scratch_ratio_ref":0.1,"distraction_density_ref":2.0,"distraction_event_ref":0.15},"raw_axes":{"chord":1.2282430213464697,"stream":11.628961280487806,"scratch_per_sec":0.08069438099588853,"scratch_burst_max_per_sec":1.0,"scratch_max_run_sec":0.0,"soft":0.0,"stair":0.12520593080724876,"peak":16.675,"ln_m1_short_rate_rt":0.005808325266214908,"ln_m2_density_rt":9.35359303169611,"ln_m2_burst_max_rt":432.0,"ln_m3_density_rt":9.35359303169611,"ln_m_concurrent_rt":1.9291282778171512,"adv_hand_imb":0.276,"adv_rel_pressure_1beat":0.668,"adv_ln_hold_min_beats":0.16666666666666666,"adv_ln_chord_big_rate":0.03581267217630854,"adv_ln_scatter_cv":1.0272992545177237,"distraction":0.08069438099588853},"x_chord":0.315,"x_stream":0.3,"x_scratch":0.023,"x_soft":0.0,"x_ln":0.919,"x_stair":0.355,"x_peak":0.28,"x_distraction":0.005,"ln_advanced_score":0.733,"submetrics":{"chord":{"chord_rate":0.5320197044334976,"avg_chord_size":2.308641975308642,"chord_positions":324,"total_positions":609},"stream":{"stream_coverage":0.9190243902439025,"stream_density_mean":5.5015625,"stream_density_mean_per_sec":12.65359375,"stream_windows":19,"notes_in_stream":942,"total_notes":1025,"intervals":[[192,972],[1536,1608],[1620,1728],[2304,2856],[2868,3624],[3636,5592],[5748,5832],[5904,6372],[6396,6480],[6528,6648],[6660,6744],[6780,6864],[6912,7032],[7044,7104],[7248,7332],[7464,7728],[7800,10596],[10620,10776],[10824,10944]]},"scratch":{"scratch_ratio":0.007744433688286544,"scratch_positions_ratio":0.013136288998357963,"scratch_with_key_chord_rate":0.875,"scratch_per_sec":0.08069438099588853,"scratch_burst_max_per_sec":1.0,"scratch_burst_window_sec":1.0,"scratch_max_run_sec":0.0,"ls_count":1,"ls_per_sec":0.010086797624486067,"ls_complexity_mean":0,"scratch_notes":8,"scratch_positions":8,"total_notes":1033,"total_positions":609,"chart_seconds":99.13949275362319},"soft":{"base_bpm":138.0,"intensity":0.0,"up_intensity":0.0,"down_intensity":0.0,"max_intensity":0.0,"max_up_intensity":0.0,"max_down_intensity":0.0,"step_frequency":0.0,"ramp_frequency":0.0,"continuity_beats":0.0,"off_base_note_ratio":0.0,"gimmick_burst_score":0.0,"max_off_base_density_per_beat":0.0,"base_mean_density_per_beat":4.526315789473684,"base_density_source":"on_base","distinct_off_base_bpm_count":0,"bpm_change_events":0,"measure_count":58},"ln":{"ln_ratio":0.49080348499515974,"ln_hold_time_mean_beats":1.0209566074950691,"ln_simultaneity_rate":0.16456921587608905,"ln_simultaneity_weighted":0.30784123910939015,"ln_count":507,"ln_count_raw":507,"ln_positions":370,"total_notes":1033,"m1_short_count_rt":6,"m1_short_rate_rt":0.005808325266214908,"m2_long_count_rt":494,"m2_density_rt":9.35359303169611,"m2_burst_max_rt":432.0,"m3_density_rt":9.35359303169611,"m_concurrent_rt":1.9291282778171512,"total_long_sec":224.61956521739117,"long_active_sec":76.6847826086956,"long_hold_sec_mean":0.4546954761485651,"long_hold_sec_max":4.239130434782609,"adv_hand_imb":0.276,"adv_rel_pressure_1beat":0.668,"adv_ln_hold_min_beats":0.16666666666666666,"adv_ln_chord_big_rate":0.03581267217630854,"adv_ln_scatter_cv":1.0272992545177237},"stair":{"stair_index":0.12520593080724876,"stair_transitions":76,"eligible_transitions":607},"peak":{"peak_local_max_density":7.25,"peak_local_max_density_per_sec":16.675,"peak_max_chord_size":4,"peak_concentration":0.38439024390243903,"total_notes":1025,"intervals":[[3936,4440],[4848,5208],[5352,5568],[7956,8244],[8340,8532],[9036,9228],[9360,10584]]},"jack":{"jack_pairs":21,"jack_in_stream_pairs":19,"jack_outside_pairs":2,"pure_jack_per_sec":0.10050068274920354,"flow_break_per_stream_sec":0.2397805212620027,"stream_seconds":79.23913043478262,"non_stream_seconds":19.900362318840564,"chart_seconds":99.13949275362319,"window_ticks":24,"min_region_sec":10.0},"distraction":{"mode_formulation":"SP","v3_score":0.08069438099588853,"qualifying_intervals":1,"qualifying_flow_sec":31.75,"qualifying_scratches":3,"scratch_chord_pair_count":9,"chord_time_threshold_sec":0.01667,"min_scratches":3,"bin_sec":0.25,"t_key":2,"gap_bins":2}},"warnings":["Unterminated LNOBJ LN on lane P1_SCR started at m57 pos0.0; closing at EOF","Unterminated LNOBJ LN on lane P1_KEY6 started at m56 pos0.625; closing at EOF","Unterminated LNOBJ LN on lane P1_KEY7 started at m56 pos0.5625; closing at EOF","Unterminated LNOBJ LN on lane P1_KEY5 started at m56 pos0.6875; closing at EOF","Unterminated LNOBJ LN on lane P1_KEY4 started at m56 pos0.75; closing at EOF","Unterminated LNOBJ LN on lane P1_KEY3 started at m56 pos0.8125; closing at EOF","Unterminated LNOBJ LN on lane P1_KEY2 started at m56 pos0.875; closing at EOF","Unterminated LNOBJ LN on lane P1_KEY1 started at m56 pos0.9375; closing at EOF"],"axis_intensities":{"chord":"green","stream":"green","peak":"green","scratch":"green","soft":null,"ln":"red","stair":"green","distraction":"green"},"tags":[],"scales":[]}