{"md5":"369f5bef53cf7cebbd44bc9378b4bc34","headers":{"title":"☆Traveling Sunstar☆　(<ё>)","artist":"HOUJIROU  obj:止ヒ糸","genre":"HAPPY HARDCORE","playlevel":"15","base_bpm":187.0},"mode":"SP","scope":"playable_only","scaling_mode":"p99_linear","params":{"stream_window_ticks":48,"stream_density_threshold_per_beat":4.0,"peak_window_ticks":192,"peak_min_window_notes":4,"peak_min_window_sec":0.05,"felt_bpm_trigger_eff_bpm":500.0,"felt_bpm_trigger_peak_per_sec":200.0,"felt_bpm_target_peak_per_sec":100.0,"felt_bpm_floor":30.0,"jack_window_ticks":24,"soft_burst_ref":8.0,"soft_freq_ref":0.1,"soft_burst_exp":1.5,"soft_freq_exp":1.5,"chord_time_threshold_ms":16.67,"sp_distraction_min_scratches":3,"dp_distraction_window_sec_min":0.2,"dp_distraction_window_sec_max":0.8,"stream_density_ref_per_sec":40.0,"peak_density_ref_per_sec":70.0,"chord_size_ref":3.5,"ln_simultaneity_ref":0.05,"scratch_density_ref_per_sec":1.5,"scratch_ratio_ref":0.1,"distraction_density_ref":2.0,"distraction_event_ref":0.15},"raw_axes":{"chord":1.1984635083226634,"stream":15.765677567120498,"scratch":0.014647147965346576,"soft":0.12918339382386826,"stair":0.08205128205128205,"peak":25.7125,"ln_m1_short_rate_rt":0.1918819188191882,"ln_m2_density_rt":66.15762752075916,"ln_m2_burst_max_rt":748.0,"ln_m3_density_rt":81.98718861209962,"ln_m_concurrent_rt":0.7796073464217873,"adv_hand_imb":0.40540540540540543,"adv_rel_pressure_1beat":0.9324324324324325,"adv_ln_hold_min_beats":0.0625,"adv_ln_chord_big_rate":0.004662004662004662,"adv_ln_scatter_cv":2.80922748754332,"distraction":0.8000169097442404},"x_chord":0.306,"x_stream":0.395,"x_scratch":0.036,"x_soft":0.425,"x_ln":0.958,"x_stair":0.238,"x_peak":0.416,"x_distraction":0.187,"ln_advanced_score":0.78,"submetrics":{"chord":{"chord_rate":0.46350832266325226,"avg_chord_size":2.585635359116022,"chord_positions":362,"total_positions":781},"stream":{"stream_coverage":0.9055350553505535,"stream_density_mean":5.5899014778325125,"stream_density_mean_per_sec":17.410344827586208,"stream_windows":29,"notes_in_stream":1227,"total_notes":1355,"intervals":[[588,672],[684,1704],[1728,1872],[1884,1968],[1992,2064],[2076,3072],[3084,3264],[3276,3456],[3468,3840],[3852,4032],[4044,4224],[4236,4464],[4572,4632],[4728,4824],[5124,5232],[5340,5400],[5508,5592],[5748,5808],[5916,6000],[6468,6552],[6588,6672],[6708,6768],[7092,7152],[7164,11028],[11172,11568],[11592,11736],[11748,11832],[11856,11928],[11940,14316]]},"scratch":{"scratch_ratio":0.03247232472324723,"scratch_positions_ratio":0.056338028169014086,"scratch_with_key_chord_rate":0.9545454545454546,"scratch_per_sec":0.45106557938737757,"scratch_burst_max_per_sec":4.0,"scratch_burst_window_sec":1.0,"scratch_notes":44,"scratch_positions":44,"total_notes":1355,"total_positions":781,"chart_seconds":97.54679144385025},"soft":{"base_bpm":187.0,"intensity":0.0017527675276752766,"up_intensity":0.0,"down_intensity":0.0017527675276752766,"max_intensity":0.875,"max_up_intensity":0.0,"max_down_intensity":0.875,"step_frequency":0.05194805194805195,"ramp_frequency":0.05194805194805195,"continuity_beats":1.5,"off_base_note_ratio":0.002214022140221402,"gimmick_burst_score":2.486780331109464,"max_off_base_density_per_beat":2.0,"base_mean_density_per_beat":4.5574324324324325,"base_density_source":"on_base","distinct_off_base_bpm_count":2,"bpm_change_events":4,"measure_count":77},"ln":{"ln_ratio":0.38671586715867157,"ln_hold_time_mean_beats":0.7929389312977099,"ln_simultaneity_rate":0.28413284132841327,"ln_simultaneity_weighted":0.4789667896678967,"ln_count":524,"ln_count_raw":524,"ln_positions":432,"total_notes":1355,"m1_short_count_rt":260,"m1_short_rate_rt":0.1918819188191882,"m2_long_count_rt":258,"m2_density_rt":66.15762752075916,"m2_burst_max_rt":748.0,"m3_density_rt":81.98718861209962,"m_concurrent_rt":0.7796073464217873,"total_long_sec":112.70053475935833,"long_active_sec":63.32887700534757,"long_hold_sec_mean":0.4368237781370478,"long_hold_sec_max":2.16577540106952,"adv_hand_imb":0.40540540540540543,"adv_rel_pressure_1beat":0.9324324324324325,"adv_ln_hold_min_beats":0.0625,"adv_ln_chord_big_rate":0.004662004662004662,"adv_ln_scatter_cv":2.80922748754332},"stair":{"stair_index":0.08205128205128205,"stair_transitions":64,"eligible_transitions":780},"peak":{"peak_local_max_density":8.25,"peak_local_max_density_per_sec":25.7125,"peak_max_chord_size":5,"peak_concentration":0.3195571955719557,"total_notes":1355,"intervals":[[7296,7500],[8772,9204],[9276,9528],[9672,9984],[10044,10296],[12552,14028]]},"jack":{"jack_pairs":9,"jack_in_stream_pairs":8,"jack_outside_pairs":1,"pure_jack_per_sec":0.0530496453900709,"flow_break_per_stream_sec":0.10165633228573859,"stream_seconds":78.6965240641711,"non_stream_seconds":18.850267379679153,"chart_seconds":97.54679144385025,"window_ticks":24,"min_region_sec":10.0},"distraction":{"mode_formulation":"SP","qualifying_window_count":4,"qualifying_scratches":31,"qualifying_flow_sec":52.70721925133688,"distract_density":0.5881547241597973,"distract_event_per_sec":0.07589093214965126,"scratch_chord_pair_count":44,"chord_time_threshold_sec":0.01667,"min_scratches":3}},"warnings":["Unterminated LNOBJ LN on lane P1_SCR started at m76 pos0.0; closing at EOF","Unterminated LNOBJ LN on lane P1_KEY1 started at m75 pos0.9375; closing at EOF","Unterminated LNOBJ LN on lane P1_KEY2 started at m76 pos0.0; closing at EOF","Unterminated LNOBJ LN on lane P1_KEY4 started at m75 pos0.875; closing at EOF","Unterminated LNOBJ LN on lane P1_KEY6 started at m76 pos0.0; closing at EOF","Unterminated LNOBJ LN on lane P1_KEY5 started at m75 pos0.8125; closing at EOF"],"tags":["soflan","ln_chart","advanced_ln"],"scales":[]}