{"md5":"d65547e6381d8becf84d87cd46249b9e","headers":{"title":"Honesis Costum (radio edit)","artist":"Orange Strophe obj:止ヒ糸","genre":"epic","playlevel":"10","base_bpm":140.0},"mode":"SP","scope":"playable_only","scaling_mode":"p99_linear","params":{"stream_window_ticks":48,"stream_density_threshold_per_beat":4.0,"peak_window_ticks":192,"peak_min_window_notes":4,"peak_min_window_sec":0.05,"felt_bpm_trigger_eff_bpm":500.0,"felt_bpm_trigger_peak_per_sec":200.0,"felt_bpm_target_peak_per_sec":100.0,"felt_bpm_floor":30.0,"jack_window_ticks":24,"soft_burst_ref":8.0,"soft_freq_ref":0.1,"soft_burst_exp":1.5,"soft_freq_exp":1.5,"chord_time_threshold_ms":16.67,"sp_distraction_min_scratches":3,"dp_distraction_window_sec_min":0.2,"dp_distraction_window_sec_max":0.8,"stream_density_ref_per_sec":40.0,"peak_density_ref_per_sec":70.0,"chord_size_ref":3.5,"ln_simultaneity_ref":0.05,"scratch_density_ref_per_sec":1.5,"scratch_ratio_ref":0.1,"distraction_density_ref":2.0,"distraction_event_ref":0.15},"raw_axes":{"chord":1.0731707317073171,"stream":6.947464164122665,"scratch":0.014002781889234402,"soft":0.0,"stair":0.04073319755600815,"peak":14.583333333333334,"ln_m1_short_rate_rt":0.0,"ln_m2_density_rt":13.233830845771152,"ln_m2_burst_max_rt":272.0,"ln_m3_density_rt":13.233830845771152,"ln_m_concurrent_rt":0.6543209876543199,"adv_hand_imb":0.2914798206278027,"adv_rel_pressure_1beat":0.9013452914798207,"adv_ln_hold_min_beats":0.25,"adv_ln_chord_big_rate":0.0,"adv_ln_scatter_cv":0.8630882902840223,"distraction":1.135650988411725},"x_chord":0.274,"x_stream":0.174,"x_scratch":0.034,"x_soft":0.0,"x_ln":0.796,"x_stair":0.118,"x_peak":0.236,"x_distraction":0.265,"ln_advanced_score":0.632,"submetrics":{"chord":{"chord_rate":0.47764227642276424,"avg_chord_size":2.246808510638298,"chord_positions":235,"total_positions":492},"stream":{"stream_coverage":0.6522292993630573,"stream_density_mean":4.56508875739645,"stream_density_mean_per_sec":10.651873767258383,"stream_windows":70,"notes_in_stream":512,"total_notes":785,"intervals":[[1716,1776],[2460,2520],[3036,3096],[3444,3504],[3516,3576],[3900,3960],[4188,4248],[4284,4356],[4368,4452],[4476,4548],[4572,4644],[4668,4740],[4752,4836],[4848,5016],[5028,5112],[5124,5208],[5316,5400],[5436,5496],[5532,5592],[5700,5784],[5892,5952],[5964,6048],[6060,6144],[6276,6336],[6348,6624],[6672,6756],[6768,6852],[6864,6948],[7440,7524],[7548,7620],[7632,7716],[7740,7812],[7980,8100],[8208,8292],[8316,8388],[8400,8484],[9204,9264],[9408,9636],[9660,9732],[9756,9828],[9852,9924],[9948,10020],[10044,10116],[10140,10212],[10236,10308],[10332,10404],[10428,10500],[10524,10596],[10620,10692],[10716,10788],[10812,10884],[10908,10980],[11004,11076],[11100,11184],[11388,11472],[11484,11568],[11700,11760],[11772,11856],[11868,11952],[11964,12024],[12084,12144],[12156,12240],[12252,12312],[12852,13080],[13224,13452],[13488,13668],[13680,13860],[13872,14340],[14352,14436],[14448,14628]]},"scratch":{"scratch_ratio":0.048407643312101914,"scratch_positions_ratio":0.07723577235772358,"scratch_with_key_chord_rate":0.9473684210526315,"scratch_per_sec":0.2892679942907633,"scratch_burst_max_per_sec":2.0,"scratch_burst_window_sec":1.0,"scratch_notes":38,"scratch_positions":38,"total_notes":785,"total_positions":492,"chart_seconds":131.36607142857142},"soft":{"base_bpm":140.0,"intensity":0.0,"up_intensity":0.0,"down_intensity":0.0,"max_intensity":0.0,"max_up_intensity":0.0,"max_down_intensity":0.0,"step_frequency":0.0,"ramp_frequency":0.0,"continuity_beats":0.0,"off_base_note_ratio":0.0,"gimmick_burst_score":0.0,"max_off_base_density_per_beat":0.0,"base_mean_density_per_beat":2.5611745513866233,"base_density_source":"on_base","distinct_off_base_bpm_count":0,"bpm_change_events":0,"measure_count":77},"ln":{"ln_ratio":0.289171974522293,"ln_hold_time_mean_beats":1.7709251101321586,"ln_simultaneity_rate":0.3363057324840764,"ln_simultaneity_weighted":0.5630573248407643,"ln_count":227,"ln_count_raw":227,"ln_positions":179,"total_notes":785,"m1_short_count_rt":0,"m1_short_rate_rt":0.0,"m2_long_count_rt":223,"m2_density_rt":13.233830845771152,"m2_burst_max_rt":272.0,"m3_density_rt":13.233830845771152,"m_concurrent_rt":0.6543209876543199,"total_long_sec":172.2857142857142,"long_active_sec":104.14285714285715,"long_hold_sec_mean":0.7725816784112745,"long_hold_sec_max":3.3214285714285694,"adv_hand_imb":0.2914798206278027,"adv_rel_pressure_1beat":0.9013452914798207,"adv_ln_hold_min_beats":0.25,"adv_ln_chord_big_rate":0.0,"adv_ln_scatter_cv":0.8630882902840223},"stair":{"stair_index":0.04073319755600815,"stair_transitions":20,"eligible_transitions":491},"peak":{"peak_local_max_density":6.25,"peak_local_max_density_per_sec":14.583333333333334,"peak_max_chord_size":5,"peak_concentration":0.33885350318471336,"total_notes":785,"intervals":[[4788,5112],[6324,6696],[7956,8184],[9336,9708],[12792,13152],[13200,14676]]},"jack":{"jack_pairs":2,"jack_in_stream_pairs":1,"jack_outside_pairs":1,"pure_jack_per_sec":0.013887166769993787,"flow_break_per_stream_sec":0.01684717208182914,"stream_seconds":59.35714285714278,"non_stream_seconds":72.00892857142864,"chart_seconds":131.36607142857142,"window_ticks":24,"min_region_sec":10.0},"distraction":{"mode_formulation":"SP","qualifying_window_count":2,"qualifying_scratches":13,"qualifying_flow_sec":17.464285714285708,"distract_density":0.7443762781186096,"distract_event_per_sec":0.11451942740286303,"scratch_chord_pair_count":33,"chord_time_threshold_sec":0.01667,"min_scratches":3}},"warnings":["Unterminated LNOBJ LN on lane P1_SCR started at m76 pos0.0; closing at EOF","Unterminated LNOBJ LN on lane P1_KEY7 started at m75 pos0.875; closing at EOF","Unterminated LNOBJ LN on lane P1_KEY1 started at m75 pos0.875; closing at EOF","Unterminated LNOBJ LN on lane P1_KEY2 started at m75 pos0.625; closing at EOF"],"tags":[],"scales":[]}