{"md5":"ce2bf97d5ba1996b51fd465b481d3c08","headers":{"title":"Aeventyr","artist":"Grand Thaw / obj.vese","genre":"Neo Pagan Folk","playlevel":"10","base_bpm":132.0},"mode":"SP","scope":"playable_only","scaling_mode":"p99_linear","params":{"stream_window_ticks":48,"stream_density_threshold_per_beat":4.0,"peak_window_ticks":192,"peak_min_window_notes":4,"peak_min_window_sec":0.05,"felt_bpm_trigger_eff_bpm":500.0,"felt_bpm_trigger_peak_per_sec":200.0,"felt_bpm_target_peak_per_sec":100.0,"felt_bpm_floor":30.0,"jack_window_ticks":24,"soft_burst_ref":8.0,"soft_freq_ref":0.1,"soft_burst_exp":1.5,"soft_freq_exp":1.5,"chord_time_threshold_ms":16.67,"sp_distraction_min_scratches":3,"sp_distraction_bin_sec":0.25,"sp_distraction_t_key":2,"sp_distraction_gap_bins":2,"dp_distraction_window_sec_min":0.2,"dp_distraction_window_sec_max":0.8,"stream_density_ref_per_sec":40.0,"peak_density_ref_per_sec":70.0,"chord_size_ref":3.5,"ln_simultaneity_ref":0.05,"scratch_density_ref_per_sec":1.5,"scratch_ratio_ref":0.1,"distraction_density_ref":2.0,"distraction_event_ref":0.15},"raw_axes":{"chord":0.917558886509636,"stream":10.810349661772534,"scratch_per_sec":0.44038372429892353,"scratch_burst_max_per_sec":5.0,"scratch_max_run_sec":1.0227272727272805,"soft":0.04499841739928904,"stair":0.2145922746781116,"peak":17.05,"ln_m1_short_rate_rt":0.008213552361396304,"ln_m2_density_rt":24.921031086478823,"ln_m2_burst_max_rt":106.0,"ln_m3_density_rt":24.921031086478823,"ln_m_concurrent_rt":0.225897333741309,"adv_hand_imb":0.36885245901639346,"adv_rel_pressure_1beat":0.8975409836065574,"adv_ln_hold_min_beats":0.125,"adv_ln_chord_big_rate":0.0,"adv_ln_scatter_cv":1.8478080795279148,"distraction":1.5413430350462323},"x_chord":0.236,"x_stream":0.279,"x_scratch":0.119,"x_soft":0.135,"x_ln":0.901,"x_stair":0.608,"x_peak":0.286,"x_distraction":0.095,"ln_advanced_score":0.677,"submetrics":{"chord":{"chord_rate":0.3533190578158458,"avg_chord_size":2.596969696969697,"chord_positions":330,"total_positions":934},"stream":{"stream_coverage":0.8936017253774263,"stream_density_mean":5.5181023720349565,"stream_density_mean_per_sec":12.097503121098628,"stream_windows":46,"notes_in_stream":1243,"total_notes":1391,"intervals":[[312,396],[720,792],[984,1044],[1488,1560],[1728,1776],[1788,2736],[2772,2832],[2868,2928],[2988,3120],[3132,3312],[3324,4236],[4296,4380],[4392,4452],[4464,4644],[4668,5376],[5388,5760],[5856,6060],[6072,7320],[7596,7776],[7788,7872],[7884,7968],[7980,8856],[9528,9924],[9936,10224],[10500,10860],[10932,11664],[11676,12228],[12252,12372],[12420,12492],[12768,13152],[13212,13272],[13380,13440],[13548,13632],[13668,13716],[13812,13908],[14316,14400],[14460,14544],[14556,14604],[14640,14700],[14712,14796],[14808,14988],[15000,15180],[15192,15276],[15288,15936],[15948,16308],[16320,16392]]},"scratch":{"scratch_ratio":0.04791238877481177,"scratch_positions_ratio":0.07494646680942184,"scratch_with_key_chord_rate":0.9857142857142858,"scratch_per_sec":0.44038372429892353,"scratch_burst_max_per_sec":5.0,"scratch_burst_window_sec":1.0,"scratch_max_run_sec":1.0227272727272805,"ls_count":1,"ls_per_sec":0.006291196061413194,"ls_complexity_mean":0,"scratch_notes":70,"scratch_positions":70,"total_notes":1461,"total_positions":934,"chart_seconds":158.95228669369584},"soft":{"base_bpm":132.0,"intensity":0.003256383133179848,"up_intensity":0.0,"down_intensity":0.003256383133179848,"max_intensity":0.7121212121212122,"max_up_intensity":0.0,"max_down_intensity":0.7121212121212122,"step_frequency":0.16279069767441862,"ramp_frequency":0.06976744186046512,"continuity_beats":8.25390625,"off_base_note_ratio":0.01642710472279261,"gimmick_burst_score":0.2764188497384898,"max_off_base_density_per_beat":5.181232750689972,"base_mean_density_per_beat":4.296014293888895,"base_density_source":"on_base","distinct_off_base_bpm_count":12,"bpm_change_events":14,"measure_count":86},"ln":{"ln_ratio":0.16837782340862423,"ln_hold_time_mean_beats":0.598267594004065,"ln_simultaneity_rate":0.13415468856947296,"ln_simultaneity_weighted":0.1375770020533881,"ln_count":246,"ln_count_raw":246,"ln_positions":232,"total_notes":1461,"m1_short_count_rt":12,"m1_short_rate_rt":0.008213552361396304,"m2_long_count_rt":232,"m2_density_rt":24.921031086478823,"m2_burst_max_rt":106.0,"m3_density_rt":24.921031086478823,"m_concurrent_rt":0.225897333741309,"total_long_sec":75.07715044002057,"long_active_sec":61.242608474310856,"long_hold_sec_mean":0.3236084070690542,"long_hold_sec_max":3.1640625,"adv_hand_imb":0.36885245901639346,"adv_rel_pressure_1beat":0.8975409836065574,"adv_ln_hold_min_beats":0.125,"adv_ln_chord_big_rate":0.0,"adv_ln_scatter_cv":1.8478080795279148},"stair":{"stair_index":0.2145922746781116,"stair_transitions":200,"eligible_transitions":932},"peak":{"peak_local_max_density":7.75,"peak_local_max_density_per_sec":17.05,"peak_max_chord_size":4,"peak_concentration":0.3687994248741912,"total_notes":1391,"intervals":[[1764,2088],[2244,2820],[3324,3576],[3648,3936],[4680,4992],[5448,5736],[6204,6564],[7008,7368],[8256,8616],[15072,15276],[15324,16164]]},"jack":{"jack_pairs":31,"jack_in_stream_pairs":23,"jack_outside_pairs":8,"pure_jack_per_sec":0.1766261561855455,"flow_break_per_stream_sec":0.20235990032466947,"stream_seconds":113.65888183923016,"non_stream_seconds":45.29340485446568,"chart_seconds":158.95228669369584,"window_ticks":24,"min_region_sec":10.0},"distraction":{"mode_formulation":"SP","v3_score":1.5413430350462323,"qualifying_intervals":5,"qualifying_flow_sec":94.0,"qualifying_scratches":68,"scratch_chord_pair_count":88,"chord_time_threshold_sec":0.01667,"min_scratches":3,"bin_sec":0.25,"t_key":2,"gap_bins":2}},"warnings":["Unterminated LNOBJ LN on lane P1_SCR started at m83 pos0.25; closing at EOF","Unterminated LNOBJ LN on lane P1_KEY2 started at m85 pos0.0; closing at EOF","Unterminated LNOBJ LN on lane P1_KEY6 started at m85 pos0.01851852; closing at EOF"],"axis_intensities":{"chord":"green","stream":"green","peak":"green","scratch":"yellow","soft":"red","ln":"red","stair":"red","distraction":"yellow"},"tags":[],"scales":[]}