{"md5":"aa2239778fe29eb11734fa8ba3f4cd0d","headers":{"title":"キメラ [EXPERIMENT]","artist":"BACO / obj:Rian","genre":"トランスレクイエム","playlevel":"0","base_bpm":150.0},"mode":"SP","scope":"playable_only","scaling_mode":"p99_linear","params":{"stream_window_ticks":48,"stream_density_threshold_per_beat":4.0,"peak_window_ticks":192,"peak_min_window_notes":4,"peak_min_window_sec":0.05,"felt_bpm_trigger_eff_bpm":500.0,"felt_bpm_trigger_peak_per_sec":200.0,"felt_bpm_target_peak_per_sec":100.0,"felt_bpm_floor":30.0,"jack_window_ticks":24,"soft_burst_ref":8.0,"soft_freq_ref":0.1,"soft_burst_exp":1.5,"soft_freq_exp":1.5,"chord_time_threshold_ms":16.67,"sp_distraction_min_scratches":3,"dp_distraction_window_sec_min":0.2,"dp_distraction_window_sec_max":0.8,"stream_density_ref_per_sec":40.0,"peak_density_ref_per_sec":70.0,"chord_size_ref":3.5,"ln_simultaneity_ref":0.05,"scratch_density_ref_per_sec":1.5,"scratch_ratio_ref":0.1,"distraction_density_ref":2.0,"distraction_event_ref":0.15},"raw_axes":{"chord":0.5662949194547707,"stream":10.97304011777696,"scratch":0.0034085716043184256,"soft":0.0,"stair":0.07444168734491315,"peak":20.625,"ln_m1_short_rate_rt":0.13110047846889952,"ln_m2_density_rt":3.8282101591454056,"ln_m2_burst_max_rt":234.0,"ln_m3_density_rt":4.508393285371696,"ln_m_concurrent_rt":1.9889226759339727,"adv_hand_imb":0.19325842696629214,"adv_rel_pressure_1beat":0.2797752808988764,"adv_ln_hold_min_beats":0.25,"adv_ln_chord_big_rate":0.0027100271002710027,"adv_ln_scatter_cv":2.6590030214982128,"distraction":0.5691056910569106},"x_chord":0.145,"x_stream":0.275,"x_scratch":0.008,"x_soft":0.0,"x_ln":0.902,"x_stair":0.216,"x_peak":0.333,"x_distraction":0.133,"ln_advanced_score":0.709,"submetrics":{"chord":{"chord_rate":0.27137546468401486,"avg_chord_size":2.08675799086758,"chord_positions":219,"total_positions":807},"stream":{"stream_coverage":0.8755980861244019,"stream_density_mean":5.012820512820513,"stream_density_mean_per_sec":12.532051282051283,"stream_windows":12,"notes_in_stream":915,"total_notes":1045,"intervals":[[1680,6384],[7020,7128],[7788,7896],[8520,9456],[9696,9828],[9900,10272],[10320,10584],[10692,10848],[10872,10992],[11232,11364],[11436,12516],[13200,14064]]},"scratch":{"scratch_ratio":0.020095693779904306,"scratch_positions_ratio":0.026022304832713755,"scratch_with_key_chord_rate":0.8095238095238095,"scratch_per_sec":0.16961701554822642,"scratch_burst_max_per_sec":5.0,"scratch_burst_window_sec":1.0,"scratch_notes":21,"scratch_positions":21,"total_notes":1045,"total_positions":807,"chart_seconds":123.80833333333334},"soft":{"base_bpm":150.0,"intensity":0.0,"up_intensity":0.0,"down_intensity":0.0,"max_intensity":0.0,"max_up_intensity":0.0,"max_down_intensity":0.0,"step_frequency":0.0,"ramp_frequency":0.0,"continuity_beats":0.0,"off_base_note_ratio":0.0,"gimmick_burst_score":0.0,"max_off_base_density_per_beat":0.0,"base_mean_density_per_beat":3.3764135702746363,"base_density_source":"on_base","distinct_off_base_bpm_count":0,"bpm_change_events":0,"measure_count":76},"ln":{"ln_ratio":0.8516746411483254,"ln_hold_time_mean_beats":1.0048455056179775,"ln_simultaneity_rate":0.09665071770334928,"ln_simultaneity_weighted":0.27177033492822966,"ln_count":890,"ln_count_raw":890,"ln_positions":738,"total_notes":1045,"m1_short_count_rt":137,"m1_short_rate_rt":0.13110047846889952,"m2_long_count_rt":753,"m2_density_rt":3.8282101591454056,"m2_burst_max_rt":234.0,"m3_density_rt":4.508393285371696,"m_concurrent_rt":1.9889226759339727,"total_long_sec":344.0250000000005,"long_active_sec":115.10000000000008,"long_hold_sec_mean":0.45687250996016004,"long_hold_sec_max":10.75,"adv_hand_imb":0.19325842696629214,"adv_rel_pressure_1beat":0.2797752808988764,"adv_ln_hold_min_beats":0.25,"adv_ln_chord_big_rate":0.0027100271002710027,"adv_ln_scatter_cv":2.6590030214982128},"stair":{"stair_index":0.07444168734491315,"stair_transitions":60,"eligible_transitions":806},"peak":{"peak_local_max_density":8.25,"peak_local_max_density_per_sec":20.625,"peak_max_chord_size":4,"peak_concentration":0.39425837320574164,"total_notes":1045,"intervals":[[2256,2952],[3852,4152],[4596,4956],[5388,5616],[5916,6396],[9228,9432],[11652,12264],[13236,13428],[13644,14112]]},"jack":{"jack_pairs":19,"jack_in_stream_pairs":1,"jack_outside_pairs":18,"pure_jack_per_sec":0.36728447542934883,"flow_break_per_stream_sec":0.01336898395721925,"stream_seconds":74.80000000000001,"non_stream_seconds":49.008333333333326,"chart_seconds":123.80833333333334,"window_ticks":24,"min_region_sec":10.0},"distraction":{"mode_formulation":"SP","qualifying_window_count":3,"qualifying_scratches":16,"qualifying_flow_sec":49.2,"distract_density":0.3252032520325203,"distract_event_per_sec":0.06097560975609756,"scratch_chord_pair_count":10,"chord_time_threshold_sec":0.01667,"min_scratches":3}},"warnings":[],"tags":["ln_chart"],"scales":[]}