{"md5":"8a5a0484eee184c83cf003d5b77f7c13","headers":{"title":"RAY [曼珠沙華+]","artist":"MILK / vese?","genre":"HARD TRANCE","playlevel":"23","base_bpm":146.0},"mode":"SP","scope":"playable_only","scaling_mode":"p99_linear","params":{"stream_window_ticks":48,"stream_density_threshold_per_beat":4.0,"peak_window_ticks":192,"peak_min_window_notes":4,"peak_min_window_sec":0.05,"felt_bpm_trigger_eff_bpm":500.0,"felt_bpm_trigger_peak_per_sec":200.0,"felt_bpm_target_peak_per_sec":100.0,"felt_bpm_floor":30.0,"jack_window_ticks":24,"soft_burst_ref":8.0,"soft_freq_ref":0.1,"soft_burst_exp":1.5,"soft_freq_exp":1.5,"chord_time_threshold_ms":16.67,"sp_distraction_min_scratches":3,"sp_distraction_bin_sec":0.25,"sp_distraction_t_key":2,"sp_distraction_gap_bins":2,"dp_distraction_window_sec_min":0.2,"dp_distraction_window_sec_max":0.8,"stream_density_ref_per_sec":40.0,"peak_density_ref_per_sec":70.0,"chord_size_ref":3.5,"ln_simultaneity_ref":0.05,"scratch_density_ref_per_sec":1.5,"scratch_ratio_ref":0.1,"distraction_density_ref":2.0,"distraction_event_ref":0.15},"raw_axes":{"chord":1.3070652173913042,"stream":15.080954229505451,"scratch_per_sec":0.27089231173815254,"scratch_burst_max_per_sec":3.0,"scratch_max_run_sec":1.6438356164383556,"soft":0.027975255276477554,"stair":0.12154696132596685,"peak":24.333333333333336,"ln_m1_short_rate_rt":0.0015923566878980893,"ln_m2_density_rt":44.61126286248831,"ln_m2_burst_max_rt":490.0,"ln_m3_density_rt":44.85892111007172,"ln_m_concurrent_rt":2.021481062747316,"adv_hand_imb":0.1643192488262911,"adv_rel_pressure_1beat":0.7136150234741784,"adv_ln_hold_min_beats":0.125,"adv_ln_chord_big_rate":0.02710843373493976,"adv_ln_scatter_cv":1.9005007914989944,"distraction":0.4514871862302542},"x_chord":0.336,"x_stream":0.389,"x_scratch":0.077,"x_soft":0.084,"x_ln":0.952,"x_stair":0.344,"x_peak":0.408,"x_distraction":0.028,"ln_advanced_score":0.736,"submetrics":{"chord":{"chord_rate":0.6005434782608695,"avg_chord_size":2.176470588235294,"chord_positions":442,"total_positions":736},"stream":{"stream_coverage":0.9706362153344209,"stream_density_mean":6.392022008253095,"stream_density_mean_per_sec":15.537184777624944,"stream_windows":10,"notes_in_stream":1190,"total_notes":1226,"intervals":[[1692,1776],[1872,3300],[3420,5028],[5820,7416],[7524,8232],[8256,10716],[10728,10908],[10920,11100],[11112,11292],[11304,12192]]},"scratch":{"scratch_ratio":0.02388535031847134,"scratch_positions_ratio":0.04076086956521739,"scratch_with_key_chord_rate":0.6333333333333333,"scratch_per_sec":0.27089231173815254,"scratch_burst_max_per_sec":3.0,"scratch_burst_window_sec":1.0,"scratch_max_run_sec":1.6438356164383556,"ls_count":8,"ls_per_sec":0.07223794979684067,"ls_complexity_mean":0,"scratch_notes":30,"scratch_positions":30,"total_notes":1256,"total_positions":736,"chart_seconds":110.74511420242273},"soft":{"base_bpm":146.0,"intensity":0.006369426751592357,"up_intensity":0.0,"down_intensity":0.006369426751592357,"max_intensity":0.5,"max_up_intensity":0.0,"max_down_intensity":0.5,"step_frequency":0.12,"ramp_frequency":0.06666666666666667,"continuity_beats":15.661458333333334,"off_base_note_ratio":0.012738853503184714,"gimmick_burst_score":0.2331271273039796,"max_off_base_density_per_beat":2.6853146853146854,"base_mean_density_per_beat":5.193150834333079,"base_density_source":"on_base","distinct_off_base_bpm_count":5,"bpm_change_events":9,"measure_count":75},"ln":{"ln_ratio":0.3447452229299363,"ln_hold_time_mean_beats":1.449769053117783,"ln_simultaneity_rate":0.4729299363057325,"ln_simultaneity_weighted":0.9355095541401274,"ln_count":433,"ln_count_raw":433,"ln_positions":337,"total_notes":1256,"m1_short_count_rt":2,"m1_short_rate_rt":0.0015923566878980893,"m2_long_count_rt":424,"m2_density_rt":44.61126286248831,"m2_burst_max_rt":490.0,"m3_density_rt":44.85892111007172,"m_concurrent_rt":2.021481062747316,"total_long_sec":274.57191780821915,"long_active_sec":90.87328767123283,"long_hold_sec_mean":0.6475752778495735,"long_hold_sec_max":11.404109589041099,"adv_hand_imb":0.1643192488262911,"adv_rel_pressure_1beat":0.7136150234741784,"adv_ln_hold_min_beats":0.125,"adv_ln_chord_big_rate":0.02710843373493976,"adv_ln_scatter_cv":1.9005007914989944},"stair":{"stair_index":0.12154696132596685,"stair_transitions":88,"eligible_transitions":724},"peak":{"peak_local_max_density":10.0,"peak_local_max_density_per_sec":24.333333333333336,"peak_max_chord_size":4,"peak_concentration":0.29771615008156604,"total_notes":1226,"intervals":[[7524,8148],[8508,8868],[9084,9828],[10236,10656]]},"jack":{"jack_pairs":34,"jack_in_stream_pairs":30,"jack_outside_pairs":4,"pure_jack_per_sec":0.13125498392085125,"flow_break_per_stream_sec":0.3737382552287867,"stream_seconds":80.27008094645082,"non_stream_seconds":30.47503325597191,"chart_seconds":110.74511420242273,"window_ticks":24,"min_region_sec":10.0},"distraction":{"mode_formulation":"SP","v3_score":0.4514871862302542,"qualifying_intervals":3,"qualifying_flow_sec":65.75,"qualifying_scratches":20,"scratch_chord_pair_count":19,"chord_time_threshold_sec":0.01667,"min_scratches":3,"bin_sec":0.25,"t_key":2,"gap_bins":2}},"warnings":["Unterminated LNOBJ LN on lane P1_SCR started at m74 pos0.0; closing at EOF","Unterminated LNOBJ LN on lane P1_KEY1 started at m73 pos0.6875; closing at EOF","Unterminated LNOBJ LN on lane P1_KEY4 started at m73 pos0.9375; closing at EOF","Unterminated LNOBJ LN on lane P1_KEY3 started at m74 pos0.0; closing at EOF","Unterminated LNOBJ LN on lane P1_KEY5 started at m74 pos0.0; closing at EOF","Unterminated LNOBJ LN on lane P1_KEY6 started at m73 pos0.8125; closing at EOF","Unterminated LNOBJ LN on lane P1_KEY7 started at m73 pos0.9375; closing at EOF","Unterminated LNOBJ LN on lane P1_KEY2 started at m73 pos0.875; closing at EOF"],"axis_intensities":{"chord":"green","stream":"green","peak":"green","scratch":"green","soft":"yellow","ln":"red","stair":"green","distraction":"green"},"tags":["long_scratch"],"scales":[]}