{"md5":"0f1db76bdb64effd5f79d5a5737ed085","headers":{"title":"皿投げプリンセス","artist":"o.s.gateと重音テト姫 / UnK-now/37X","genre":"BROKEN RAP/姫コア[ANOTHER]","playlevel":"12","base_bpm":190.0},"mode":"SP","scope":"playable_only","scaling_mode":"p99_linear","params":{"stream_window_ticks":48,"stream_density_threshold_per_beat":4.0,"peak_window_ticks":192,"peak_min_window_notes":4,"peak_min_window_sec":0.05,"felt_bpm_trigger_eff_bpm":500.0,"felt_bpm_trigger_peak_per_sec":200.0,"felt_bpm_target_peak_per_sec":100.0,"felt_bpm_floor":30.0,"jack_window_ticks":24,"soft_burst_ref":8.0,"soft_freq_ref":0.1,"soft_burst_exp":1.5,"soft_freq_exp":1.5,"chord_time_threshold_ms":16.67,"sp_distraction_min_scratches":3,"sp_distraction_bin_sec":0.25,"sp_distraction_t_key":2,"sp_distraction_gap_bins":2,"dp_distraction_window_sec_min":0.2,"dp_distraction_window_sec_max":0.8,"stream_density_ref_per_sec":40.0,"peak_density_ref_per_sec":70.0,"chord_size_ref":3.5,"ln_simultaneity_ref":0.05,"scratch_density_ref_per_sec":1.5,"scratch_ratio_ref":0.1,"distraction_density_ref":2.0,"distraction_event_ref":0.15},"raw_axes":{"chord":1.0028089887640448,"stream":5.3435338448510565,"scratch_per_sec":7.928959970245013,"scratch_burst_max_per_sec":13.0,"scratch_max_run_sec":51.78947368421053,"soft":0.03021103400313208,"stair":0.30533596837944665,"peak":11.875,"ln_m1_short_rate_rt":0.0,"ln_m2_density_rt":0.0,"ln_m2_burst_max_rt":0.0,"ln_m3_density_rt":0.0,"ln_m_concurrent_rt":0.0,"adv_hand_imb":0.0,"adv_rel_pressure_1beat":0.0,"adv_ln_hold_min_beats":0.0,"adv_ln_chord_big_rate":0.0,"adv_ln_scatter_cv":0.0,"distraction":13.525872890417963},"x_chord":0.258,"x_stream":0.138,"x_scratch":0.827,"x_soft":0.091,"x_ln":0.0,"x_stair":0.865,"x_peak":0.199,"x_distraction":0.831,"ln_advanced_score":0.0,"submetrics":{"chord":{"chord_rate":0.49929775280898875,"avg_chord_size":2.0084388185654007,"chord_positions":711,"total_positions":1424},"stream":{"stream_coverage":0.3994111874386654,"stream_density_mean":4.512096774193548,"stream_density_mean_per_sec":13.378528225806452,"stream_windows":63,"notes_in_stream":407,"total_notes":1019,"intervals":[[456,540],[840,924],[1224,1308],[1644,1740],[1992,2076],[2376,2460],[2760,2844],[3528,3588],[5520,5580],[5904,5964],[6288,6348],[6672,6720],[8052,8112],[8160,8244],[8352,8436],[8544,8628],[8736,8820],[8928,9012],[9120,9204],[9312,9396],[9504,9588],[9696,9780],[9888,9972],[10080,10164],[10272,10356],[10464,10548],[10656,10740],[10848,10932],[11040,11124],[11232,11316],[11592,11652],[11724,11808],[11820,11904],[11916,12060],[12084,12168],[12180,12264],[12276,12396],[13380,13536],[13644,13728],[13836,13920],[14028,14112],[14220,14304],[14412,14496],[14604,14688],[14796,14880],[14988,15072],[15180,15264],[15372,15456],[15564,15648],[15756,15840],[15948,16032],[16140,16224],[16332,16416],[16524,16608],[16932,16992],[17268,17352],[17652,17736],[18036,18120],[18456,18552],[18804,18888],[19188,19272],[19572,19656],[20340,20400]]},"scratch":{"scratch_ratio":0.5240541802895843,"scratch_positions_ratio":0.7879213483146067,"scratch_with_key_chord_rate":0.6336898395721925,"scratch_per_sec":7.928959970245013,"scratch_burst_max_per_sec":13.0,"scratch_burst_window_sec":1.0,"scratch_max_run_sec":51.78947368421053,"ls_count":0,"ls_per_sec":0.0,"ls_complexity_mean":0.0,"scratch_notes":1122,"scratch_positions":1122,"total_notes":2141,"total_positions":1424,"chart_seconds":141.50657894736844},"soft":{"base_bpm":190.0,"intensity":0.051494628678187764,"up_intensity":0.0,"down_intensity":0.051494628678187764,"max_intensity":0.5,"max_up_intensity":0.0,"max_down_intensity":0.5,"step_frequency":0.02631578947368421,"ramp_frequency":0.017543859649122806,"continuity_beats":36.75,"off_base_note_ratio":0.1373190098085007,"gimmick_burst_score":1.148019292119019,"max_off_base_density_per_beat":9.71900826446281,"base_mean_density_per_beat":4.74293059125964,"base_density_source":"on_base","distinct_off_base_bpm_count":2,"bpm_change_events":3,"measure_count":114},"ln":{"ln_ratio":0.0,"ln_hold_time_mean_beats":0.0,"ln_simultaneity_rate":0.0,"ln_simultaneity_weighted":0.0,"ln_count":0,"ln_count_raw":0,"ln_positions":0,"total_notes":2141,"m1_short_count_rt":0,"m1_short_rate_rt":0.0,"m2_long_count_rt":0,"m2_density_rt":0.0,"m2_burst_max_rt":0.0,"m3_density_rt":0.0,"m_concurrent_rt":0.0,"total_long_sec":0.0,"long_active_sec":0.0,"long_hold_sec_mean":0.0,"long_hold_sec_max":0.0,"adv_hand_imb":0.0,"adv_rel_pressure_1beat":0.0,"adv_ln_hold_min_beats":0.0,"adv_ln_chord_big_rate":0.0,"adv_ln_scatter_cv":0.0},"stair":{"stair_index":0.30533596837944665,"stair_transitions":309,"eligible_transitions":1012},"peak":{"peak_local_max_density":4.0,"peak_local_max_density_per_sec":11.875,"peak_max_chord_size":2,"peak_concentration":0.3788027477919529,"total_notes":1019,"intervals":[[696,1056],[1176,1884],[2232,2592],[2712,3300],[8016,8256],[11244,11448],[11592,12516],[13260,13644],[16536,16740],[16788,17088],[17508,17868],[17988,18696],[19044,19404],[19524,20112]]},"jack":{"jack_pairs":141,"jack_in_stream_pairs":15,"jack_outside_pairs":126,"pure_jack_per_sec":1.2260418667178798,"flow_break_per_stream_sec":0.3872282608695651,"stream_seconds":38.73684210526317,"non_stream_seconds":102.76973684210526,"chart_seconds":141.50657894736844,"window_ticks":24,"min_region_sec":10.0},"distraction":{"mode_formulation":"SP","v3_score":13.525872890417963,"qualifying_intervals":6,"qualifying_flow_sec":127.0,"qualifying_scratches":996,"scratch_chord_pair_count":340,"chord_time_threshold_sec":0.01667,"min_scratches":3,"bin_sec":0.25,"t_key":2,"gap_bins":2}},"warnings":[],"axis_intensities":{"chord":"green","stream":"green","peak":"green","scratch":"red","soft":"yellow","ln":null,"stair":"red","distraction":"red"},"tags":["jack_chart","scratch_burst","scratch_chord"],"scales":[]}