{"md5":"dfd0fd8d280f79363f79af279c92e145","headers":{"title":"dreamin' -happycore version- nagai","artist":"AOiRO_Manbow with kagerow / rt.et","genre":"ドリームポップREMIX","playlevel":"15","base_bpm":190.0},"mode":"SP","scope":"playable_only","scaling_mode":"p99_linear","params":{"stream_window_ticks":48,"stream_density_threshold_per_beat":4.0,"peak_window_ticks":192,"peak_min_window_notes":4,"peak_min_window_sec":0.05,"felt_bpm_trigger_eff_bpm":500.0,"felt_bpm_trigger_peak_per_sec":200.0,"felt_bpm_target_peak_per_sec":100.0,"felt_bpm_floor":30.0,"jack_window_ticks":24,"soft_burst_ref":8.0,"soft_freq_ref":0.1,"soft_burst_exp":1.5,"soft_freq_exp":1.5,"chord_time_threshold_ms":16.67,"sp_distraction_min_scratches":3,"sp_distraction_bin_sec":0.25,"sp_distraction_t_key":2,"sp_distraction_gap_bins":2,"dp_distraction_window_sec_min":0.2,"dp_distraction_window_sec_max":0.8,"stream_density_ref_per_sec":40.0,"peak_density_ref_per_sec":70.0,"chord_size_ref":3.5,"ln_simultaneity_ref":0.05,"scratch_density_ref_per_sec":1.5,"scratch_ratio_ref":0.1,"distraction_density_ref":2.0,"distraction_event_ref":0.15},"raw_axes":{"chord":1.1794354838709675,"stream":19.526693867119402,"scratch_per_sec":0.537516877772777,"scratch_burst_max_per_sec":5.0,"scratch_max_run_sec":1.2631578947368434,"soft":0.0,"stair":0.11758691206543967,"peak":41.958333333333336,"ln_m1_short_rate_rt":0.21588235294117647,"ln_m2_density_rt":53.93429186636104,"ln_m2_burst_max_rt":764.0,"ln_m3_density_rt":61.83677154962839,"ln_m_concurrent_rt":1.7982507288629759,"adv_hand_imb":0.18688524590163935,"adv_rel_pressure_1beat":0.5606557377049181,"adv_ln_hold_min_beats":0.125,"adv_ln_chord_big_rate":0.046875,"adv_ln_scatter_cv":4.533769875156406,"distraction":2.032791101395229},"x_chord":0.303,"x_stream":0.504,"x_scratch":0.125,"x_soft":0.0,"x_ln":0.97,"x_stair":0.333,"x_peak":0.703,"x_distraction":0.125,"ln_advanced_score":0.753,"submetrics":{"chord":{"chord_rate":0.4657258064516129,"avg_chord_size":2.5324675324675323,"chord_positions":462,"total_positions":992},"stream":{"stream_coverage":0.9240121580547113,"stream_density_mean":6.673423423423423,"stream_density_mean_per_sec":21.13250750750751,"stream_windows":20,"notes_in_stream":1520,"total_notes":1645,"intervals":[[540,672],[816,900],[924,1104],[1116,1176],[1188,1356],[1476,1536],[1644,1752],[1764,1824],[1860,1944],[2028,8784],[8796,8856],[8880,8976],[8988,9168],[9180,9240],[9264,9360],[9540,9600],[9648,9732],[9828,9888],[9948,12504],[15132,15588]]},"scratch":{"scratch_ratio":0.03235294117647059,"scratch_positions_ratio":0.055443548387096774,"scratch_with_key_chord_rate":0.7636363636363637,"scratch_per_sec":0.537516877772777,"scratch_burst_max_per_sec":5.0,"scratch_burst_window_sec":1.0,"scratch_max_run_sec":1.2631578947368434,"ls_count":1,"ls_per_sec":0.009773034141323217,"ls_complexity_mean":0,"scratch_notes":55,"scratch_positions":55,"total_notes":1700,"total_positions":992,"chart_seconds":102.32236842105263},"soft":{"base_bpm":190.0,"intensity":0.0,"up_intensity":0.0,"down_intensity":0.0,"max_intensity":0.0,"max_up_intensity":0.0,"max_down_intensity":0.0,"step_frequency":0.0,"ramp_frequency":0.0,"continuity_beats":0.0,"off_base_note_ratio":0.0,"gimmick_burst_score":0.0,"max_off_base_density_per_beat":0.0,"base_mean_density_per_beat":5.237654320987654,"base_density_source":"on_base","distinct_off_base_bpm_count":0,"bpm_change_events":0,"measure_count":82},"ln":{"ln_ratio":0.5394117647058824,"ln_hold_time_mean_beats":0.7535441657579062,"ln_simultaneity_rate":0.24941176470588236,"ln_simultaneity_weighted":0.4547058823529412,"ln_count":917,"ln_count_raw":917,"ln_positions":641,"total_notes":1700,"m1_short_count_rt":367,"m1_short_rate_rt":0.21588235294117647,"m2_long_count_rt":548,"m2_density_rt":53.93429186636104,"m2_burst_max_rt":764.0,"m3_density_rt":61.83677154962839,"m_concurrent_rt":1.7982507288629759,"total_long_sec":189.4342105263158,"long_active_sec":67.69736842105259,"long_hold_sec_mean":0.34568286592393394,"long_hold_sec_max":2.2894736842105345,"adv_hand_imb":0.18688524590163935,"adv_rel_pressure_1beat":0.5606557377049181,"adv_ln_hold_min_beats":0.125,"adv_ln_chord_big_rate":0.046875,"adv_ln_scatter_cv":4.533769875156406},"stair":{"stair_index":0.11758691206543967,"stair_transitions":115,"eligible_transitions":978},"peak":{"peak_local_max_density":13.25,"peak_local_max_density_per_sec":41.958333333333336,"peak_max_chord_size":5,"peak_concentration":0.2851063829787234,"total_notes":1645,"intervals":[[2220,2592],[4116,4440],[4692,5496],[8292,8748],[11880,12516]]},"jack":{"jack_pairs":9,"jack_in_stream_pairs":5,"jack_outside_pairs":4,"pure_jack_per_sec":0.14517669531996172,"flow_break_per_stream_sec":0.06687197536295646,"stream_seconds":74.76973684210525,"non_stream_seconds":27.552631578947384,"chart_seconds":102.32236842105263,"window_ticks":24,"min_region_sec":10.0},"distraction":{"mode_formulation":"SP","v3_score":2.032791101395229,"qualifying_intervals":2,"qualifying_flow_sec":80.25,"qualifying_scratches":44,"scratch_chord_pair_count":53,"chord_time_threshold_sec":0.01667,"min_scratches":3,"bin_sec":0.25,"t_key":2,"gap_bins":2}},"warnings":["Unterminated LNOBJ LN on lane P1_SCR started at m81 pos0.0; closing at EOF","Unterminated LNOBJ LN on lane P1_KEY2 started at m81 pos0.0; closing at EOF","Unterminated LNOBJ LN on lane P1_KEY6 started at m81 pos0.0; closing at EOF"],"axis_intensities":{"chord":"green","stream":"yellow","peak":"red","scratch":"yellow","soft":null,"ln":"red","stair":"green","distraction":"yellow"},"tags":["advanced_ln","peak_outlier"],"scales":[]}