{"md5":"13049790ace5f997f095502d5d501e1e","headers":{"title":"Groovin Groovin!![◎]","artist":"翡乃イスカ / 奈那樹","genre":"HAPPY HARDCORE","playlevel":"10","base_bpm":184.0},"mode":"SP","scope":"playable_only","scaling_mode":"p99_linear","params":{"stream_window_ticks":48,"stream_density_threshold_per_beat":4.0,"peak_window_ticks":192,"peak_min_window_notes":4,"peak_min_window_sec":0.05,"felt_bpm_trigger_eff_bpm":500.0,"felt_bpm_trigger_peak_per_sec":200.0,"felt_bpm_target_peak_per_sec":100.0,"felt_bpm_floor":30.0,"jack_window_ticks":24,"soft_burst_ref":8.0,"soft_freq_ref":0.1,"soft_burst_exp":1.5,"soft_freq_exp":1.5,"chord_time_threshold_ms":16.67,"sp_distraction_min_scratches":3,"sp_distraction_bin_sec":0.25,"sp_distraction_t_key":2,"sp_distraction_gap_bins":2,"dp_distraction_window_sec_min":0.2,"dp_distraction_window_sec_max":0.8,"stream_density_ref_per_sec":40.0,"peak_density_ref_per_sec":70.0,"chord_size_ref":3.5,"ln_simultaneity_ref":0.05,"scratch_density_ref_per_sec":1.5,"scratch_ratio_ref":0.1,"distraction_density_ref":2.0,"distraction_event_ref":0.15},"raw_axes":{"chord":1.0768601798855275,"stream":11.803872015184842,"scratch_per_sec":3.8030737809548123,"scratch_burst_max_per_sec":12.0,"scratch_max_run_sec":13.043478260869563,"soft":0.0,"stair":0.25591586327782645,"peak":24.53333333333333,"ln_m1_short_rate_rt":0.0,"ln_m2_density_rt":0.0,"ln_m2_burst_max_rt":0.0,"ln_m3_density_rt":0.0,"ln_m_concurrent_rt":1.0,"adv_hand_imb":0.0,"adv_rel_pressure_1beat":1.0,"adv_ln_hold_min_beats":5.5,"adv_ln_chord_big_rate":0.0,"adv_ln_scatter_cv":0.0,"distraction":11.612152157263212},"x_chord":0.277,"x_stream":0.304,"x_scratch":0.458,"x_soft":0.0,"x_ln":0.51,"x_stair":0.725,"x_peak":0.411,"x_distraction":0.713,"ln_advanced_score":0.429,"submetrics":{"chord":{"chord_rate":0.4627964022894522,"avg_chord_size":2.3268551236749118,"chord_positions":566,"total_positions":1223},"stream":{"stream_coverage":0.8399182561307902,"stream_density_mean":4.5826944140197154,"stream_density_mean_per_sec":14.053596202993793,"stream_windows":63,"notes_in_stream":1233,"total_notes":1468,"intervals":[[288,396],[768,1068],[1428,2676],[2688,3372],[3456,3552],[3564,3636],[3672,3780],[3900,4212],[4224,4320],[4332,4404],[4440,4632],[4752,5088],[5100,5172],[5208,5316],[5436,5856],[5868,5940],[5976,6624],[6636,6708],[6720,6852],[6912,7044],[7092,7224],[7296,7392],[7404,7476],[7488,7620],[7680,7812],[7860,8076],[8088,8136],[8280,8328],[8448,8580],[8628,8760],[8856,8904],[9048,9096],[9216,9348],[9396,9804],[9816,9996],[10176,10284],[10296,10476],[10488,10668],[10680,11340],[11352,11532],[11712,11820],[11832,12204],[12216,12708],[12972,13056],[13308,13440],[13740,13824],[14076,14208],[14928,15420],[15456,15516],[15552,15612],[15648,15708],[15732,16152],[16392,16512],[16764,16824],[16848,16920],[16956,17268],[17280,17376],[17388,17460],[17496,17688],[17808,18144],[18156,18228],[18264,18372],[18492,19620]]},"scratch":{"scratch_ratio":0.2563323201621074,"scratch_positions_ratio":0.41373671300081766,"scratch_with_key_chord_rate":0.8399209486166008,"scratch_per_sec":3.8030737809548123,"scratch_burst_max_per_sec":12.0,"scratch_burst_window_sec":1.0,"scratch_max_run_sec":13.043478260869563,"ls_count":1,"ls_per_sec":0.007515956088843503,"ls_complexity_mean":0,"scratch_notes":506,"scratch_positions":506,"total_notes":1974,"total_positions":1223,"chart_seconds":133.05027173913044},"soft":{"base_bpm":184.0,"intensity":0.0,"up_intensity":0.0,"down_intensity":0.0,"max_intensity":0.0,"max_up_intensity":0.0,"max_down_intensity":0.0,"step_frequency":0.0,"ramp_frequency":0.0,"continuity_beats":0.0,"off_base_note_ratio":0.0,"gimmick_burst_score":0.0,"max_off_base_density_per_beat":0.0,"base_mean_density_per_beat":4.830882352941177,"base_density_source":"on_base","distinct_off_base_bpm_count":0,"bpm_change_events":0,"measure_count":103},"ln":{"ln_ratio":0.0010131712259371835,"ln_hold_time_mean_beats":5.5,"ln_simultaneity_rate":0.0,"ln_simultaneity_weighted":0.0,"ln_count":2,"ln_count_raw":2,"ln_positions":1,"total_notes":1974,"m1_short_count_rt":0,"m1_short_rate_rt":0.0,"m2_long_count_rt":2,"m2_density_rt":0.0,"m2_burst_max_rt":0.0,"m3_density_rt":0.0,"m_concurrent_rt":1.0,"total_long_sec":3.5869565217391255,"long_active_sec":1.7934782608695627,"long_hold_sec_mean":1.7934782608695627,"long_hold_sec_max":1.7934782608695627,"adv_hand_imb":0.0,"adv_rel_pressure_1beat":1.0,"adv_ln_hold_min_beats":5.5,"adv_ln_chord_big_rate":0.0,"adv_ln_scatter_cv":0.0},"stair":{"stair_index":0.25591586327782645,"stair_transitions":292,"eligible_transitions":1141},"peak":{"peak_local_max_density":8.0,"peak_local_max_density_per_sec":24.53333333333333,"peak_max_chord_size":2,"peak_concentration":0.29768392370572205,"total_notes":1468,"intervals":[[4404,4656],[4764,5124],[5976,6600],[11844,12204],[12336,12780],[15708,16176],[17460,17712],[17820,18180],[18660,18912],[18948,19668]]},"jack":{"jack_pairs":37,"jack_in_stream_pairs":22,"jack_outside_pairs":15,"pure_jack_per_sec":0.36726546906187596,"flow_break_per_stream_sec":0.23859132100493635,"stream_seconds":92.20788043478258,"non_stream_seconds":40.842391304347856,"chart_seconds":133.05027173913044,"window_ticks":24,"min_region_sec":10.0},"distraction":{"mode_formulation":"SP","v3_score":11.612152157263212,"qualifying_intervals":4,"qualifying_flow_sec":123.75,"qualifying_scratches":490,"scratch_chord_pair_count":270,"chord_time_threshold_sec":0.01667,"min_scratches":3,"bin_sec":0.25,"t_key":2,"gap_bins":2}},"warnings":[],"axis_intensities":{"chord":"green","stream":"green","peak":"green","scratch":"red","soft":null,"ln":"green","stair":"red","distraction":"red"},"tags":["scratch_burst","scratch_chord"],"scales":[]}