{"md5":"22383f1daf9d15cef0c9aaf4a147047a","headers":{"title":"ヒマワリの丘 -Sunny Wing Mix- Core[向日葵の皿]","artist":"ねこみみ魔法使い / 風見 幽香","genre":"Sunshine Jazz","playlevel":"1","base_bpm":133.0},"mode":"SP","scope":"playable_only","scaling_mode":"p99_linear","params":{"stream_window_ticks":48,"stream_density_threshold_per_beat":4.0,"peak_window_ticks":192,"peak_min_window_notes":4,"peak_min_window_sec":0.05,"felt_bpm_trigger_eff_bpm":500.0,"felt_bpm_trigger_peak_per_sec":200.0,"felt_bpm_target_peak_per_sec":100.0,"felt_bpm_floor":30.0,"jack_window_ticks":24,"soft_burst_ref":8.0,"soft_freq_ref":0.1,"soft_burst_exp":1.5,"soft_freq_exp":1.5,"chord_time_threshold_ms":16.67,"sp_distraction_min_scratches":3,"sp_distraction_bin_sec":0.25,"sp_distraction_t_key":2,"sp_distraction_gap_bins":2,"dp_distraction_window_sec_min":0.2,"dp_distraction_window_sec_max":0.8,"stream_density_ref_per_sec":40.0,"peak_density_ref_per_sec":70.0,"chord_size_ref":3.5,"ln_simultaneity_ref":0.05,"scratch_density_ref_per_sec":1.5,"scratch_ratio_ref":0.1,"distraction_density_ref":2.0,"distraction_event_ref":0.15},"raw_axes":{"chord":1.1182495344506518,"stream":7.3726708908025875,"scratch_per_sec":6.0280640151259375,"scratch_burst_max_per_sec":11.0,"scratch_max_run_sec":89.09774436090225,"soft":0.0,"stair":0.09259259259259259,"peak":14.9625,"ln_m1_short_rate_rt":0.0,"ln_m2_density_rt":0.0,"ln_m2_burst_max_rt":0.0,"ln_m3_density_rt":0.0,"ln_m_concurrent_rt":0.0,"adv_hand_imb":0.0,"adv_rel_pressure_1beat":0.0,"adv_ln_hold_min_beats":0.0,"adv_ln_chord_big_rate":0.0,"adv_ln_scatter_cv":0.0,"distraction":9.031318792626106},"x_chord":0.287,"x_stream":0.19,"x_scratch":0.802,"x_soft":0.0,"x_ln":0.0,"x_stair":0.262,"x_peak":0.251,"x_distraction":0.555,"ln_advanced_score":0.0,"submetrics":{"chord":{"chord_rate":0.5018621973929237,"avg_chord_size":2.228200371057514,"chord_positions":539,"total_positions":1074},"stream":{"stream_coverage":0.7101449275362319,"stream_density_mean":4.683574879227053,"stream_density_mean_per_sec":10.381924315619969,"stream_windows":54,"notes_in_stream":637,"total_notes":897,"intervals":[[324,384],[816,864],[1560,1608],[2328,2532],[2640,2688],[2736,2892],[2928,3072],[3120,3204],[3228,3420],[3432,3528],[3648,3720],[3732,3912],[4008,4188],[4200,4296],[4416,4488],[4716,4824],[4920,5004],[5136,5220],[5412,5484],[5532,5580],[6144,6216],[6660,6732],[6816,6864],[6936,7140],[7248,7320],[7344,7500],[7596,7680],[7728,7836],[7860,8028],[8040,8136],[8256,8328],[8340,8520],[8616,8796],[8808,8904],[9024,9096],[9324,9432],[9528,9612],[9744,9828],[10020,10092],[10104,10296],[10356,11064],[11124,12252],[12264,12360],[12480,12552],[12564,12744],[12840,13020],[13032,13128],[13248,13320],[13548,13656],[13752,13836],[13968,14052],[14244,14316],[14364,14448],[14772,14832]]},"scratch":{"scratch_ratio":0.483294930875576,"scratch_positions_ratio":0.7811918063314711,"scratch_with_key_chord_rate":0.6221692491060786,"scratch_per_sec":6.0280640151259375,"scratch_burst_max_per_sec":11.0,"scratch_burst_window_sec":1.0,"scratch_max_run_sec":89.09774436090225,"ls_count":0,"ls_per_sec":0.0,"ls_complexity_mean":0.0,"scratch_notes":839,"scratch_positions":839,"total_notes":1736,"total_positions":1074,"chart_seconds":139.18233082706766},"soft":{"base_bpm":133.0,"intensity":0.0,"up_intensity":0.0,"down_intensity":0.0,"max_intensity":0.0,"max_up_intensity":0.0,"max_down_intensity":0.0,"step_frequency":0.0,"ramp_frequency":0.0,"continuity_beats":0.0,"off_base_note_ratio":0.0,"gimmick_burst_score":0.0,"max_off_base_density_per_beat":0.0,"base_mean_density_per_beat":5.623987034035657,"base_density_source":"on_base","distinct_off_base_bpm_count":0,"bpm_change_events":0,"measure_count":79},"ln":{"ln_ratio":0.0,"ln_hold_time_mean_beats":0.0,"ln_simultaneity_rate":0.0,"ln_simultaneity_weighted":0.0,"ln_count":0,"ln_count_raw":0,"ln_positions":0,"total_notes":1736,"m1_short_count_rt":0,"m1_short_rate_rt":0.0,"m2_long_count_rt":0,"m2_density_rt":0.0,"m2_burst_max_rt":0.0,"m3_density_rt":0.0,"m_concurrent_rt":0.0,"total_long_sec":0.0,"long_active_sec":0.0,"long_hold_sec_mean":0.0,"long_hold_sec_max":0.0,"adv_hand_imb":0.0,"adv_rel_pressure_1beat":0.0,"adv_ln_hold_min_beats":0.0,"adv_ln_chord_big_rate":0.0,"adv_ln_scatter_cv":0.0},"stair":{"stair_index":0.09259259259259259,"stair_transitions":70,"eligible_transitions":756},"peak":{"peak_local_max_density":6.75,"peak_local_max_density_per_sec":14.9625,"peak_max_chord_size":3,"peak_concentration":0.29431438127090304,"total_notes":897,"intervals":[[2304,2520],[2676,2880],[6912,7164],[7284,7476],[10284,11016],[11136,12252]]},"jack":{"jack_pairs":35,"jack_in_stream_pairs":22,"jack_outside_pairs":13,"pure_jack_per_sec":0.1841320553780618,"flow_break_per_stream_sec":0.3207893654926682,"stream_seconds":68.58082706766918,"non_stream_seconds":70.60150375939848,"chart_seconds":139.18233082706766,"window_ticks":24,"min_region_sec":10.0},"distraction":{"mode_formulation":"SP","v3_score":9.031318792626106,"qualifying_intervals":30,"qualifying_flow_sec":91.75,"qualifying_scratches":590,"scratch_chord_pair_count":177,"chord_time_threshold_sec":0.01667,"min_scratches":3,"bin_sec":0.25,"t_key":2,"gap_bins":2}},"warnings":[],"axis_intensities":{"chord":"green","stream":"green","peak":"green","scratch":"red","soft":null,"ln":null,"stair":"green","distraction":"red"},"tags":["scratch_burst"],"scales":[]}