{"md5":"52257c7e1f4c7f1edd255a22d27a7d01","headers":{"title":"phantasmagoria. (bms edit) [Another]","artist":"小早川 凛子","genre":"Progressive Trance","playlevel":"10","base_bpm":134.0},"mode":"SP","scope":"playable_only","scaling_mode":"p99_linear","params":{"stream_window_ticks":48,"stream_density_threshold_per_beat":4.0,"peak_window_ticks":192,"peak_min_window_notes":4,"peak_min_window_sec":0.05,"felt_bpm_trigger_eff_bpm":500.0,"felt_bpm_trigger_peak_per_sec":200.0,"felt_bpm_target_peak_per_sec":100.0,"felt_bpm_floor":30.0,"jack_window_ticks":24,"soft_burst_ref":8.0,"soft_freq_ref":0.1,"soft_burst_exp":1.5,"soft_freq_exp":1.5,"chord_time_threshold_ms":16.67,"sp_distraction_min_scratches":3,"sp_distraction_bin_sec":0.25,"sp_distraction_t_key":2,"sp_distraction_gap_bins":2,"dp_distraction_window_sec_min":0.2,"dp_distraction_window_sec_max":0.8,"stream_density_ref_per_sec":40.0,"peak_density_ref_per_sec":70.0,"chord_size_ref":3.5,"ln_simultaneity_ref":0.05,"scratch_density_ref_per_sec":1.5,"scratch_ratio_ref":0.1,"distraction_density_ref":2.0,"distraction_event_ref":0.15},"raw_axes":{"chord":0.8873483535528596,"stream":8.255939878234399,"scratch_per_sec":0.2499805674310144,"scratch_burst_max_per_sec":4.0,"scratch_max_run_sec":0.7835820895522261,"soft":0.0,"stair":0.01936619718309859,"peak":12.283333333333333,"ln_m1_short_rate_rt":0.0,"ln_m2_density_rt":21.465253239104847,"ln_m2_burst_max_rt":35.0,"ln_m3_density_rt":21.465253239104847,"ln_m_concurrent_rt":0.0,"adv_hand_imb":0.4909090909090909,"adv_rel_pressure_1beat":0.9636363636363636,"adv_ln_hold_min_beats":0.6875,"adv_ln_chord_big_rate":0.0,"adv_ln_scatter_cv":2.8150796994936864,"distraction":0.0666614846482705},"x_chord":0.228,"x_stream":0.213,"x_scratch":0.091,"x_soft":0.0,"x_ln":0.702,"x_stair":0.055,"x_peak":0.206,"x_distraction":0.004,"ln_advanced_score":0.672,"submetrics":{"chord":{"chord_rate":0.38128249566724437,"avg_chord_size":2.327272727272727,"chord_positions":220,"total_positions":577},"stream":{"stream_coverage":0.7833333333333333,"stream_density_mean":4.719178082191781,"stream_density_mean_per_sec":10.539497716894978,"stream_windows":53,"notes_in_stream":658,"total_notes":840,"intervals":[[684,756],[900,972],[1068,1140],[1260,1536],[1548,1728],[1740,1920],[2112,3672],[3684,3744],[3756,3840],[3876,4032],[4068,4128],[4140,4224],[4320,4512],[4524,4608],[4644,4800],[4812,4896],[4908,4992],[5088,5196],[5220,5280],[5292,5376],[5412,5472],[5484,5568],[5604,5664],[5676,5760],[5796,5856],[5868,5952],[5988,6048],[6060,6144],[6180,6240],[6252,6336],[6348,6528],[6540,6720],[8124,8172],[8352,8448],[8484,8640],[8736,8832],[8868,9024],[9060,9216],[9252,9408],[9456,9564],[9900,9984],[10020,10176],[10212,10272],[10284,10368],[10464,10584],[10596,10656],[10668,10752],[10788,10944],[10956,11040],[11052,11136],[11232,11376],[11580,11640],[12012,12888]]},"scratch":{"scratch_ratio":0.034482758620689655,"scratch_positions_ratio":0.05199306759098787,"scratch_with_key_chord_rate":0.7333333333333333,"scratch_per_sec":0.2499805674310144,"scratch_burst_max_per_sec":4.0,"scratch_burst_window_sec":1.0,"scratch_max_run_sec":0.7835820895522261,"ls_count":4,"ls_per_sec":0.03333074232413525,"ls_complexity_mean":0,"scratch_notes":30,"scratch_positions":30,"total_notes":870,"total_positions":577,"chart_seconds":120.00932835820895},"soft":{"base_bpm":134.0,"intensity":0.0,"up_intensity":0.0,"down_intensity":0.0,"max_intensity":0.0,"max_up_intensity":0.0,"max_down_intensity":0.0,"step_frequency":0.0,"ramp_frequency":0.0,"continuity_beats":0.0,"off_base_note_ratio":0.0,"gimmick_burst_score":0.0,"max_off_base_density_per_beat":0.0,"base_mean_density_per_beat":3.2388059701492535,"base_density_source":"on_base","distinct_off_base_bpm_count":0,"bpm_change_events":0,"measure_count":68},"ln":{"ln_ratio":0.06321839080459771,"ln_hold_time_mean_beats":1.2863636363636364,"ln_simultaneity_rate":0.12413793103448276,"ln_simultaneity_weighted":0.12413793103448276,"ln_count":55,"ln_count_raw":55,"ln_positions":55,"total_notes":870,"m1_short_count_rt":0,"m1_short_rate_rt":0.0,"m2_long_count_rt":55,"m2_density_rt":21.465253239104847,"m2_burst_max_rt":35.0,"m3_density_rt":21.465253239104847,"m_concurrent_rt":0.0,"total_long_sec":31.679104477611915,"long_active_sec":31.679104477611915,"long_hold_sec_mean":0.5759837177747621,"long_hold_sec_max":1.3152985074626855,"adv_hand_imb":0.4909090909090909,"adv_rel_pressure_1beat":0.9636363636363636,"adv_ln_hold_min_beats":0.6875,"adv_ln_chord_big_rate":0.0,"adv_ln_scatter_cv":2.8150796994936864},"stair":{"stair_index":0.01936619718309859,"stair_transitions":11,"eligible_transitions":568},"peak":{"peak_local_max_density":5.5,"peak_local_max_density_per_sec":12.283333333333333,"peak_max_chord_size":4,"peak_concentration":0.2702380952380952,"total_notes":840,"intervals":[[1308,1524],[3156,3720],[4308,4548],[9108,9348],[11160,11376],[11964,12888]]},"jack":{"jack_pairs":42,"jack_in_stream_pairs":20,"jack_outside_pairs":22,"pure_jack_per_sec":0.4646178092986602,"flow_break_per_stream_sec":0.2752599820259341,"stream_seconds":72.65858208955221,"non_stream_seconds":47.350746268656735,"chart_seconds":120.00932835820895,"window_ticks":24,"min_region_sec":10.0},"distraction":{"mode_formulation":"SP","v3_score":0.0666614846482705,"qualifying_intervals":2,"qualifying_flow_sec":41.5,"qualifying_scratches":6,"scratch_chord_pair_count":25,"chord_time_threshold_sec":0.01667,"min_scratches":3,"bin_sec":0.25,"t_key":2,"gap_bins":2}},"warnings":[],"axis_intensities":{"chord":"green","stream":"green","peak":"green","scratch":"green","soft":null,"ln":"yellow","stair":"green","distraction":"green"},"tags":["long_scratch","sustained"],"scales":[]}