{"md5":"e2a190b538242ee9876aaca6e57e42cf","headers":{"title":"enrai［大山神社］","artist":"void　obj：族長の娘さんの親戚の神社の娘さん","genre":"TECH DANCE","playlevel":"2","base_bpm":142.0},"mode":"SP","scope":"playable_only","scaling_mode":"p99_linear","params":{"stream_window_ticks":48,"stream_density_threshold_per_beat":4.0,"peak_window_ticks":192,"peak_min_window_notes":4,"peak_min_window_sec":0.05,"felt_bpm_trigger_eff_bpm":500.0,"felt_bpm_trigger_peak_per_sec":200.0,"felt_bpm_target_peak_per_sec":100.0,"felt_bpm_floor":30.0,"jack_window_ticks":24,"soft_burst_ref":8.0,"soft_freq_ref":0.1,"soft_burst_exp":1.5,"soft_freq_exp":1.5,"chord_time_threshold_ms":16.67,"sp_distraction_min_scratches":3,"dp_distraction_window_sec_min":0.2,"dp_distraction_window_sec_max":0.8,"stream_density_ref_per_sec":40.0,"peak_density_ref_per_sec":70.0,"chord_size_ref":3.5,"ln_simultaneity_ref":0.05,"scratch_density_ref_per_sec":1.5,"scratch_ratio_ref":0.1,"distraction_density_ref":2.0,"distraction_event_ref":0.15},"raw_axes":{"chord":0.1523046092184369,"stream":1.6175894889302709,"scratch":0.03685452682937132,"soft":0.0,"stair":0.0,"peak":7.1000000000000005,"ln_m1_short_rate_rt":0.0,"ln_m2_density_rt":1.8365874891182639,"ln_m2_burst_max_rt":15.0,"ln_m3_density_rt":1.8365874891182639,"ln_m_concurrent_rt":0.22036727879799717,"adv_hand_imb":0.06944444444444445,"adv_rel_pressure_1beat":0.21875,"adv_ln_hold_min_beats":0.25,"adv_ln_chord_big_rate":0.0,"adv_ln_scatter_cv":2.4709095212867833,"distraction":5.659420289855073},"x_chord":0.039,"x_stream":0.041,"x_scratch":0.09,"x_soft":0.0,"x_ln":0.732,"x_stair":0.0,"x_peak":0.115,"x_distraction":1.0,"ln_advanced_score":0.601,"submetrics":{"chord":{"chord_rate":0.07615230460921844,"avg_chord_size":2,"chord_positions":38,"total_positions":499},"stream":{"stream_coverage":0.16945996275605213,"stream_density_mean":4.033333333333333,"stream_density_mean_per_sec":9.545555555555556,"stream_windows":20,"notes_in_stream":91,"total_notes":537,"intervals":[[396,444],[708,780],[936,984],[2436,2484],[2844,2892],[3228,3276],[3300,3348],[3612,3660],[3996,4044],[4332,4380],[4716,4800],[5100,5148],[5340,5388],[6384,6432],[6576,6624],[8544,8664],[12528,12576],[12720,12768],[12972,13020],[13056,13116]]},"scratch":{"scratch_ratio":0.0893854748603352,"scratch_positions_ratio":0.09619238476953908,"scratch_with_key_chord_rate":0.041666666666666664,"scratch_per_sec":0.41231001890359165,"scratch_burst_max_per_sec":8.0,"scratch_burst_window_sec":1.0,"scratch_notes":48,"scratch_positions":48,"total_notes":537,"total_positions":499,"chart_seconds":116.41725352112677},"soft":{"base_bpm":142.0,"intensity":0.0,"up_intensity":0.0,"down_intensity":0.0,"max_intensity":0.0,"max_up_intensity":0.0,"max_down_intensity":0.0,"step_frequency":0.0,"ramp_frequency":0.0,"continuity_beats":0.0,"off_base_note_ratio":0.0,"gimmick_burst_score":0.0,"max_off_base_density_per_beat":0.0,"base_mean_density_per_beat":1.9455535390199636,"base_density_source":"on_base","distinct_off_base_bpm_count":0,"bpm_change_events":0,"measure_count":69},"ln":{"ln_ratio":0.5456238361266295,"ln_hold_time_mean_beats":0.5717434584755404,"ln_simultaneity_rate":0.055865921787709494,"ln_simultaneity_weighted":0.055865921787709494,"ln_count":293,"ln_count_raw":293,"ln_positions":284,"total_notes":537,"m1_short_count_rt":0,"m1_short_rate_rt":0.0,"m2_long_count_rt":288,"m2_density_rt":1.8365874891182639,"m2_burst_max_rt":15.0,"m3_density_rt":1.8365874891182639,"m_concurrent_rt":0.22036727879799717,"total_long_sec":70.78345070422554,"long_active_sec":58.001760563380415,"long_hold_sec_mean":0.24577587050078314,"long_hold_sec_max":0.7394366197182904,"adv_hand_imb":0.06944444444444445,"adv_rel_pressure_1beat":0.21875,"adv_ln_hold_min_beats":0.25,"adv_ln_chord_big_rate":0.0,"adv_ln_scatter_cv":2.4709095212867833},"stair":{"stair_index":0.0,"stair_transitions":0,"eligible_transitions":498},"peak":{"peak_local_max_density":3.0,"peak_local_max_density_per_sec":7.1000000000000005,"peak_max_chord_size":2,"peak_concentration":0.48044692737430167,"total_notes":537,"intervals":[[1716,2484],[3120,3492],[3900,4524],[4536,5232],[6336,6528],[6540,6780],[8508,8760],[11700,12468],[12480,12672],[12684,12888],[12912,13164]]},"jack":{"jack_pairs":21,"jack_in_stream_pairs":10,"jack_outside_pairs":11,"pure_jack_per_sec":0.10309380414157247,"flow_break_per_stream_sec":0.0,"stream_seconds":9.718309859154928,"non_stream_seconds":106.69894366197184,"chart_seconds":116.41725352112677,"window_ticks":24,"min_region_sec":10.0},"distraction":{"mode_formulation":"SP","qualifying_window_count":3,"qualifying_scratches":15,"qualifying_flow_sec":4.859154929577464,"distract_density":3.086956521739131,"distract_event_per_sec":0.6173913043478262,"scratch_chord_pair_count":2,"chord_time_threshold_sec":0.01667,"min_scratches":3}},"warnings":["Unterminated LNOBJ LN on lane P1_KEY3 started at m68 pos0.125; closing at EOF","Unterminated LNOBJ LN on lane P1_KEY5 started at m68 pos0.1875; closing at EOF","Unterminated LNOBJ LN on lane P1_KEY7 started at m67 pos0.6875; closing at EOF","Unterminated LNOBJ LN on lane P1_KEY4 started at m68 pos0.75; closing at EOF","Unterminated LNOBJ LN on lane P1_KEY2 started at m68 pos0.875; closing at EOF"],"tags":["distraction_heavy","burst_focused"],"scales":[]}