{"md5":"7bfb838b6c55da4bb5148405193f200f","headers":{"title":"NATSU-TSUKUYO+LONGNOTE","artist":"Kei Izumi :: notfound","genre":"ASIAN MIXTURE","playlevel":"9","base_bpm":93.0},"mode":"SP","scope":"playable_only","scaling_mode":"p99_linear","params":{"stream_window_ticks":48,"stream_density_threshold_per_beat":4.0,"peak_window_ticks":192,"peak_min_window_notes":4,"peak_min_window_sec":0.05,"felt_bpm_trigger_eff_bpm":500.0,"felt_bpm_trigger_peak_per_sec":200.0,"felt_bpm_target_peak_per_sec":100.0,"felt_bpm_floor":30.0,"jack_window_ticks":24,"soft_burst_ref":8.0,"soft_freq_ref":0.1,"soft_burst_exp":1.5,"soft_freq_exp":1.5,"chord_time_threshold_ms":16.67,"sp_distraction_min_scratches":3,"sp_distraction_bin_sec":0.25,"sp_distraction_t_key":2,"sp_distraction_gap_bins":2,"dp_distraction_window_sec_min":0.2,"dp_distraction_window_sec_max":0.8,"stream_density_ref_per_sec":40.0,"peak_density_ref_per_sec":70.0,"chord_size_ref":3.5,"ln_simultaneity_ref":0.05,"scratch_density_ref_per_sec":1.5,"scratch_ratio_ref":0.1,"distraction_density_ref":2.0,"distraction_event_ref":0.15},"raw_axes":{"chord":0.8549618320610687,"stream":6.390795233424933,"scratch_per_sec":0.11082766967693886,"scratch_burst_max_per_sec":1.0,"scratch_max_run_sec":0.0,"soft":0.014469273045913021,"stair":0.14791987673343607,"peak":14.725,"ln_m1_short_rate_rt":0.018691588785046728,"ln_m2_density_rt":16.696310755416743,"ln_m2_burst_max_rt":180.0,"ln_m3_density_rt":17.34983408159281,"ln_m_concurrent_rt":0.9805412371134058,"adv_hand_imb":0.13274336283185842,"adv_rel_pressure_1beat":0.5693215339233039,"adv_ln_hold_min_beats":0.08333333333333333,"adv_ln_chord_big_rate":0.0815450643776824,"adv_ln_scatter_cv":0.9140576375328495,"distraction":0.06926729354808678},"x_chord":0.22,"x_stream":0.165,"x_scratch":0.024,"x_soft":0.043,"x_ln":0.913,"x_stair":0.419,"x_peak":0.247,"x_distraction":0.004,"ln_advanced_score":0.715,"submetrics":{"chord":{"chord_rate":0.3847328244274809,"avg_chord_size":2.2222222222222223,"chord_positions":252,"total_positions":655},"stream":{"stream_coverage":0.5406546990496304,"stream_density_mean":4.486646884272997,"stream_density_mean_per_sec":11.820474777448071,"stream_windows":53,"notes_in_stream":512,"total_notes":947,"intervals":[[420,1728],[1800,1860],[1884,1944],[3528,3588],[3720,3780],[3888,3996],[4092,4152],[4296,4356],[4488,4548],[4656,4764],[4800,4956],[4980,5040],[5148,5196],[5340,5412],[5472,5604],[5628,5832],[5880,5964],[6072,6552],[9564,9648],[9732,9792],[9852,10032],[10236,10320],[10332,10416],[10716,10800],[10812,10872],[11004,11088],[11100,11184],[11268,11328],[11388,11568],[11772,11856],[11868,11952],[12252,12336],[12420,12480],[12540,12624],[14196,14328],[14340,14400],[14412,14616],[14916,15048],[15108,15168],[15180,15408],[15516,15600],[15876,15936],[16068,16128],[16644,16704],[16836,16896],[17028,17088],[17244,17304],[17628,17712],[18372,18480],[18564,18672],[18708,18864],[18876,18960],[19068,19152]]},"scratch":{"scratch_ratio":0.016614745586708203,"scratch_positions_ratio":0.024427480916030534,"scratch_with_key_chord_rate":0.6875,"scratch_per_sec":0.11082766967693886,"scratch_burst_max_per_sec":1.0,"scratch_burst_window_sec":1.0,"scratch_max_run_sec":0.0,"ls_count":8,"ls_per_sec":0.05541383483846943,"ls_complexity_mean":0,"scratch_notes":16,"scratch_positions":16,"total_notes":963,"total_positions":655,"chart_seconds":144.36827956989245},"soft":{"base_bpm":186.0,"intensity":0.08203530633437175,"up_intensity":0.0,"down_intensity":0.08203530633437175,"max_intensity":0.5,"max_up_intensity":0.0,"max_down_intensity":0.5,"step_frequency":0.01,"ramp_frequency":0.01,"continuity_beats":47.75,"off_base_note_ratio":0.1640706126687435,"gimmick_burst_score":1.446927304591302,"max_off_base_density_per_beat":3.3548387096774195,"base_mean_density_per_beat":2.2869318181818183,"base_density_source":"on_base","distinct_off_base_bpm_count":1,"bpm_change_events":2,"measure_count":100},"ln":{"ln_ratio":0.3582554517133956,"ln_hold_time_mean_beats":1.7933574879227052,"ln_simultaneity_rate":0.3354101765316719,"ln_simultaneity_weighted":0.5607476635514018,"ln_count":345,"ln_count_raw":345,"ln_positions":238,"total_notes":963,"m1_short_count_rt":18,"m1_short_rate_rt":0.018691588785046728,"m2_long_count_rt":321,"m2_density_rt":16.696310755416743,"m2_burst_max_rt":180.0,"m3_density_rt":17.34983408159281,"m_concurrent_rt":0.9805412371134058,"total_long_sec":206.57258064516137,"long_active_sec":104.30107526881704,"long_hold_sec_mean":0.6435282886142099,"long_hold_sec_max":2.741935483870968,"adv_hand_imb":0.13274336283185842,"adv_rel_pressure_1beat":0.5693215339233039,"adv_ln_hold_min_beats":0.08333333333333333,"adv_ln_chord_big_rate":0.0815450643776824,"adv_ln_scatter_cv":0.9140576375328495},"stair":{"stair_index":0.14791987673343607,"stair_transitions":96,"eligible_transitions":649},"peak":{"peak_local_max_density":4.75,"peak_local_max_density_per_sec":14.725,"peak_max_chord_size":5,"peak_concentration":0.31045406546990495,"total_notes":947,"intervals":[[348,1776],[6132,6576],[9804,10104],[10956,11232],[11340,11640],[14412,14616],[15180,15480],[18600,18960]]},"jack":{"jack_pairs":14,"jack_in_stream_pairs":3,"jack_outside_pairs":11,"pure_jack_per_sec":0.12253331337026502,"flow_break_per_stream_sec":0.054948301329394406,"stream_seconds":54.59677419354837,"non_stream_seconds":89.77150537634408,"chart_seconds":144.36827956989245,"window_ticks":24,"min_region_sec":10.0},"distraction":{"mode_formulation":"SP","v3_score":0.06926729354808678,"qualifying_intervals":1,"qualifying_flow_sec":22.5,"qualifying_scratches":5,"scratch_chord_pair_count":10,"chord_time_threshold_sec":0.01667,"min_scratches":3,"bin_sec":0.25,"t_key":2,"gap_bins":2}},"warnings":["Unterminated LNOBJ LN on lane P1_SCR started at m98 pos0.0; closing at EOF","Unterminated LNOBJ LN on lane P1_KEY6 started at m98 pos0.625; closing at EOF","Unterminated LNOBJ LN on lane P1_KEY3 started at m99 pos0.625; closing at EOF","Unterminated LNOBJ LN on lane P1_KEY4 started at m99 pos0.5; closing at EOF","Unterminated LNOBJ LN on lane P1_KEY2 started at m99 pos0.5625; closing at EOF","Unterminated LNOBJ LN on lane P1_KEY1 started at m99 pos0.875; closing at EOF","Unterminated LNOBJ LN on lane P1_KEY5 started at m99 pos0.75; closing at EOF"],"axis_intensities":{"chord":"green","stream":"green","peak":"green","scratch":"green","soft":"yellow","ln":"red","stair":"yellow","distraction":"green"},"tags":["long_scratch"],"scales":[]}