{"md5":"cdb2ecd004635ba6ead94b3c82aa01a5","headers":{"title":"Joker [XaaaCi]","artist":"D.J.Nero / obj.vese","genre":"RENAISSANCE","playlevel":"15","base_bpm":184.0},"mode":"SP","scope":"playable_only","scaling_mode":"p99_linear","params":{"stream_window_ticks":48,"stream_density_threshold_per_beat":4.0,"peak_window_ticks":192,"peak_min_window_notes":4,"peak_min_window_sec":0.05,"felt_bpm_trigger_eff_bpm":500.0,"felt_bpm_trigger_peak_per_sec":200.0,"felt_bpm_target_peak_per_sec":100.0,"felt_bpm_floor":30.0,"jack_window_ticks":24,"soft_burst_ref":8.0,"soft_freq_ref":0.1,"soft_burst_exp":1.5,"soft_freq_exp":1.5,"chord_time_threshold_ms":16.67,"sp_distraction_min_scratches":3,"dp_distraction_window_sec_min":0.2,"dp_distraction_window_sec_max":0.8,"stream_density_ref_per_sec":40.0,"peak_density_ref_per_sec":70.0,"chord_size_ref":3.5,"ln_simultaneity_ref":0.05,"scratch_density_ref_per_sec":1.5,"scratch_ratio_ref":0.1,"distraction_density_ref":2.0,"distraction_event_ref":0.15},"raw_axes":{"chord":1.5094142259414227,"stream":17.07369445958355,"scratch":0.006006756941317916,"soft":0.14847755779959862,"stair":0.18848167539267016,"peak":46.0,"ln_m1_short_rate_rt":0.03720155469183787,"ln_m2_density_rt":143.07963465949862,"ln_m2_burst_max_rt":765.0,"ln_m3_density_rt":147.91055068466153,"ln_m_concurrent_rt":0.9970489868188075,"adv_hand_imb":0.13712374581939799,"adv_rel_pressure_1beat":0.6722408026755853,"adv_ln_hold_min_beats":0.25,"adv_ln_chord_big_rate":0.13068181818181818,"adv_ln_scatter_cv":3.8132381284630203,"distraction":0.36283422459893044},"x_chord":0.386,"x_stream":0.428,"x_scratch":0.015,"x_soft":0.489,"x_ln":0.967,"x_stair":0.547,"x_peak":0.744,"x_distraction":0.085,"ln_advanced_score":0.736,"submetrics":{"chord":{"chord_rate":0.6255230125523012,"avg_chord_size":2.4130434782608696,"chord_positions":598,"total_positions":956},"stream":{"stream_coverage":0.9761243753470294,"stream_density_mean":5.772003352891869,"stream_density_mean_per_sec":17.49131042190556,"stream_windows":13,"notes_in_stream":1758,"total_notes":1801,"intervals":[[372,432],[564,624],[756,816],[948,1080],[1116,4056],[4068,4128],[4188,8016],[8028,8688],[8700,9696],[9780,9888],[9900,10416],[11484,11904],[11916,17160]]},"scratch":{"scratch_ratio":0.020544142143253747,"scratch_positions_ratio":0.038702928870292884,"scratch_with_key_chord_rate":0.7297297297297297,"scratch_per_sec":0.2923829527382045,"scratch_burst_max_per_sec":4.0,"scratch_burst_window_sec":1.0,"scratch_notes":37,"scratch_positions":37,"total_notes":1801,"total_positions":956,"chart_seconds":126.54636548913051},"soft":{"base_bpm":184.0,"intensity":0.012215435868961688,"up_intensity":0.0,"down_intensity":0.012215435868961688,"max_intensity":0.75,"max_up_intensity":0.0,"max_down_intensity":0.75,"step_frequency":0.3111111111111111,"ramp_frequency":0.3,"continuity_beats":31.4921875,"off_base_note_ratio":0.03387007218212104,"gimmick_burst_score":0.4772492929272813,"max_off_base_density_per_beat":10.0,"base_mean_density_per_beat":5.341410062258118,"base_density_source":"on_base","distinct_off_base_bpm_count":3,"bpm_change_events":28,"measure_count":90},"ln":{"ln_ratio":0.1693503609106052,"ln_hold_time_mean_beats":1.1763746584699453,"ln_simultaneity_rate":0.39755691282620764,"ln_simultaneity_weighted":0.5746807329261522,"ln_count":305,"ln_count_raw":305,"ln_positions":178,"total_notes":1801,"m1_short_count_rt":67,"m1_short_rate_rt":0.03720155469183787,"m2_long_count_rt":232,"m2_density_rt":143.07963465949862,"m2_burst_max_rt":765.0,"m3_density_rt":147.91055068466153,"m_concurrent_rt":0.9970489868188075,"total_long_sec":120.68104619565224,"long_active_sec":60.42968750000004,"long_hold_sec_mean":0.5201769232571217,"long_hold_sec_max":3.8315217391304373,"adv_hand_imb":0.13712374581939799,"adv_rel_pressure_1beat":0.6722408026755853,"adv_ln_hold_min_beats":0.25,"adv_ln_chord_big_rate":0.13068181818181818,"adv_ln_scatter_cv":3.8132381284630203},"stair":{"stair_index":0.18848167539267016,"stair_transitions":180,"eligible_transitions":955},"peak":{"peak_local_max_density":15.0,"peak_local_max_density_per_sec":46.0,"peak_max_chord_size":6,"peak_concentration":0.38312048861743475,"total_notes":1801,"intervals":[[5592,5784],[6504,7440],[9960,10296],[12468,12696],[13728,13944],[14052,14292],[14412,15180],[15492,15864],[16044,16704],[16740,17148]]},"jack":{"jack_pairs":6,"jack_in_stream_pairs":6,"jack_outside_pairs":0,"pure_jack_per_sec":0.0,"flow_break_per_stream_sec":0.05701144973493741,"stream_seconds":105.24201766304351,"non_stream_seconds":21.304347826086996,"chart_seconds":126.54636548913051,"window_ticks":24,"min_region_sec":10.0},"distraction":{"mode_formulation":"SP","qualifying_window_count":3,"qualifying_scratches":19,"qualifying_flow_sec":81.30434782608697,"distract_density":0.23368983957219247,"distract_event_per_sec":0.03689839572192513,"scratch_chord_pair_count":33,"chord_time_threshold_sec":0.01667,"min_scratches":3}},"warnings":["LNOBJ end at m88 pos0.6875 lane P1_KEY5 has no prior start; ignoring","LNOBJ end at m88 pos0.75 lane P1_KEY5 has no prior start; ignoring","Unterminated LNOBJ LN on lane P1_SCR started at m89 pos0.0; closing at EOF","Unterminated LNOBJ LN on lane P1_KEY2 started at m88 pos0.9375; closing at EOF","Unterminated LNOBJ LN on lane P1_KEY4 started at m89 pos0.0; closing at EOF","Unterminated LNOBJ LN on lane P1_KEY6 started at m88 pos0.9375; closing at EOF","Unterminated LNOBJ LN on lane P1_KEY1 started at m89 pos0.0; closing at EOF","Unterminated LNOBJ LN on lane P1_KEY7 started at m89 pos0.0; closing at EOF"],"tags":["soflan","ln_chart","peak_intense"],"scales":[]}