{"md5":"f097def8db201f2ac4b8aad5c5fc53f4","headers":{"title":"それは、遠い夏の日 [7Key Long Note]","artist":"AKITO obj.notfound","genre":"Nostalgia","playlevel":"9","base_bpm":117.0},"mode":"SP","scope":"playable_only","scaling_mode":"p99_linear","params":{"stream_window_ticks":48,"stream_density_threshold_per_beat":4.0,"peak_window_ticks":192,"peak_min_window_notes":4,"peak_min_window_sec":0.05,"felt_bpm_trigger_eff_bpm":500.0,"felt_bpm_trigger_peak_per_sec":200.0,"felt_bpm_target_peak_per_sec":100.0,"felt_bpm_floor":30.0,"jack_window_ticks":24,"soft_burst_ref":8.0,"soft_freq_ref":0.1,"soft_burst_exp":1.5,"soft_freq_exp":1.5,"chord_time_threshold_ms":16.67,"sp_distraction_min_scratches":3,"dp_distraction_window_sec_min":0.2,"dp_distraction_window_sec_max":0.8,"stream_density_ref_per_sec":40.0,"peak_density_ref_per_sec":70.0,"chord_size_ref":3.5,"ln_simultaneity_ref":0.05,"scratch_density_ref_per_sec":1.5,"scratch_ratio_ref":0.1,"distraction_density_ref":2.0,"distraction_event_ref":0.15},"raw_axes":{"chord":0.6962457337883958,"stream":3.3901200919853505,"scratch":0.008001895132634084,"soft":0.0,"stair":0.0547945205479452,"peak":6.3375,"ln_m1_short_rate_rt":0.0,"ln_m2_density_rt":5.332164767747588,"ln_m2_burst_max_rt":31.0,"ln_m3_density_rt":5.332164767747588,"ln_m_concurrent_rt":0.12635735439289233,"adv_hand_imb":0.45614035087719296,"adv_rel_pressure_1beat":0.8157894736842105,"adv_ln_hold_min_beats":0.25,"adv_ln_chord_big_rate":0.0,"adv_ln_scatter_cv":0.9654340498102463,"distraction":1.2663793103448278},"x_chord":0.178,"x_stream":0.085,"x_scratch":0.02,"x_soft":0.0,"x_ln":0.745,"x_stair":0.159,"x_peak":0.102,"x_distraction":0.296,"ln_advanced_score":0.639,"submetrics":{"chord":{"chord_rate":0.3378839590443686,"avg_chord_size":2.0606060606060606,"chord_positions":99,"total_positions":293},"stream":{"stream_coverage":0.40703517587939697,"stream_density_mean":4.271186440677966,"stream_density_mean_per_sec":8.328813559322034,"stream_windows":27,"notes_in_stream":162,"total_notes":398,"intervals":[[3636,3684],[3924,3972],[5472,5520],[5616,5664],[5760,5880],[6048,6132],[6192,6276],[6372,6420],[6660,6744],[6912,7032],[7812,7896],[8100,8184],[8388,8472],[8928,8976],[9072,9120],[9216,9264],[9324,9444],[10116,10236],[10404,10524],[10692,10812],[10980,11100],[11412,11460],[11700,11748],[12060,12108],[12276,12324],[12456,12540],[12564,12612]]},"scratch":{"scratch_ratio":0.052763819095477386,"scratch_positions_ratio":0.07167235494880546,"scratch_with_key_chord_rate":0.7142857142857143,"scratch_per_sec":0.15165496489468408,"scratch_burst_max_per_sec":2.0,"scratch_burst_window_sec":1.0,"scratch_notes":21,"scratch_positions":21,"total_notes":398,"total_positions":293,"chart_seconds":138.4722222222222},"soft":{"base_bpm":117.0,"intensity":0.0,"up_intensity":0.0,"down_intensity":0.0,"max_intensity":0.0,"max_up_intensity":0.0,"max_down_intensity":0.0,"step_frequency":0.0,"ramp_frequency":0.0,"continuity_beats":0.0,"off_base_note_ratio":0.0,"gimmick_burst_score":0.0,"max_off_base_density_per_beat":0.0,"base_mean_density_per_beat":1.4703703703703703,"base_density_source":"on_base","distinct_off_base_bpm_count":0,"bpm_change_events":0,"measure_count":46},"ln":{"ln_ratio":0.3015075376884422,"ln_hold_time_mean_beats":1.1885416666666666,"ln_simultaneity_rate":0.24623115577889448,"ln_simultaneity_weighted":0.27638190954773867,"ln_count":120,"ln_count_raw":120,"ln_positions":112,"total_notes":398,"m1_short_count_rt":0,"m1_short_rate_rt":0.0,"m2_long_count_rt":114,"m2_density_rt":5.332164767747588,"m2_burst_max_rt":31.0,"m3_density_rt":5.332164767747588,"m_concurrent_rt":0.12635735439289233,"total_long_sec":73.14102564102566,"long_active_sec":64.93589743589746,"long_hold_sec_mean":0.6415879442195235,"long_hold_sec_max":4.551282051282058,"adv_hand_imb":0.45614035087719296,"adv_rel_pressure_1beat":0.8157894736842105,"adv_ln_hold_min_beats":0.25,"adv_ln_chord_big_rate":0.0,"adv_ln_scatter_cv":0.9654340498102463},"stair":{"stair_index":0.0547945205479452,"stair_transitions":16,"eligible_transitions":292},"peak":{"peak_local_max_density":3.25,"peak_local_max_density_per_sec":6.3375,"peak_max_chord_size":3,"peak_concentration":0.7537688442211056,"total_notes":398,"intervals":[[3636,3864],[3924,4152],[4716,4908],[5364,6456],[6516,6744],[6804,7104],[7200,7392],[7680,8580],[8604,8796],[8856,9588],[9984,11244],[11304,11532],[11628,11820],[11916,12684]]},"jack":{"jack_pairs":1,"jack_in_stream_pairs":0,"jack_outside_pairs":1,"pure_jack_per_sec":0.008580071500595837,"flow_break_per_stream_sec":0.0,"stream_seconds":21.923076923076877,"non_stream_seconds":116.54914529914532,"chart_seconds":138.4722222222222,"window_ticks":24,"min_region_sec":10.0},"distraction":{"mode_formulation":"SP","qualifying_window_count":2,"qualifying_scratches":11,"qualifying_flow_sec":14.871794871794869,"distract_density":0.7396551724137933,"distract_event_per_sec":0.13448275862068967,"scratch_chord_pair_count":11,"chord_time_threshold_sec":0.01667,"min_scratches":3}},"warnings":["Unterminated LNOBJ LN on lane P1_SCR started at m45 pos0.0; closing at EOF","Unterminated LNOBJ LN on lane P1_KEY2 started at m43 pos0.75; closing at EOF","Unterminated LNOBJ LN on lane P1_KEY1 started at m44 pos0.875; closing at EOF","Unterminated LNOBJ LN on lane P1_KEY3 started at m44 pos0.75; closing at EOF","Unterminated LNOBJ LN on lane P1_KEY4 started at m43 pos0.75; closing at EOF","Unterminated LNOBJ LN on lane P1_KEY7 started at m44 pos0.75; closing at EOF"],"tags":["burst_focused"],"scales":[]}