{"md5":"87037d21f7407a0440ac78c90232c605","headers":{"title":"少女が見た日本の原風景-Spell Music Mix- [海が割れる日]","artist":"nmk / obj:夢瑠","genre":"Spell Music","playlevel":"16","base_bpm":164.0},"mode":"SP","scope":"playable_only","scaling_mode":"p99_linear","params":{"stream_window_ticks":48,"stream_density_threshold_per_beat":4.0,"peak_window_ticks":192,"peak_min_window_notes":4,"peak_min_window_sec":0.05,"felt_bpm_trigger_eff_bpm":500.0,"felt_bpm_trigger_peak_per_sec":200.0,"felt_bpm_target_peak_per_sec":100.0,"felt_bpm_floor":30.0,"jack_window_ticks":24,"soft_burst_ref":8.0,"soft_freq_ref":0.1,"soft_burst_exp":1.5,"soft_freq_exp":1.5,"chord_time_threshold_ms":16.67,"sp_distraction_min_scratches":3,"sp_distraction_bin_sec":0.25,"sp_distraction_t_key":2,"sp_distraction_gap_bins":2,"dp_distraction_window_sec_min":0.2,"dp_distraction_window_sec_max":0.8,"stream_density_ref_per_sec":40.0,"peak_density_ref_per_sec":70.0,"chord_size_ref":3.5,"ln_simultaneity_ref":0.05,"scratch_density_ref_per_sec":1.5,"scratch_ratio_ref":0.1,"distraction_density_ref":2.0,"distraction_event_ref":0.15},"raw_axes":{"chord":1.032825322391559,"stream":11.336944776433409,"scratch_per_sec":0.10512218851942998,"scratch_burst_max_per_sec":2.0,"scratch_max_run_sec":0.0,"soft":0.0,"stair":0.2605633802816901,"peak":21.866666666666667,"ln_m1_short_rate_rt":0.03528528528528529,"ln_m2_density_rt":27.480426295241095,"ln_m2_burst_max_rt":314.0,"ln_m3_density_rt":30.30807217473882,"ln_m_concurrent_rt":1.3609865470852032,"adv_hand_imb":0.07154742096505824,"adv_rel_pressure_1beat":0.8502495840266223,"adv_ln_hold_min_beats":0.16666666666666666,"adv_ln_chord_big_rate":0.0,"adv_ln_scatter_cv":0.995162658370132,"distraction":0.2177531047902478},"x_chord":0.265,"x_stream":0.292,"x_scratch":0.043,"x_soft":0.0,"x_ln":0.939,"x_stair":0.738,"x_peak":0.367,"x_distraction":0.013,"ln_advanced_score":0.623,"submetrics":{"chord":{"chord_rate":0.4712778429073857,"avg_chord_size":2.191542288557214,"chord_positions":402,"total_positions":853},"stream":{"stream_coverage":0.7708649468892261,"stream_density_mean":5.380530973451328,"stream_density_mean_per_sec":14.706784660766962,"stream_windows":30,"notes_in_stream":1016,"total_notes":1318,"intervals":[[1728,3348],[3372,3540],[3564,3732],[3756,3924],[3948,4116],[4140,4308],[4332,4500],[4524,4692],[4716,6216],[6372,6540],[6564,6732],[6756,6924],[6960,7308],[7332,7500],[7524,7692],[7716,7896],[7908,8076],[8100,8268],[8292,8460],[8496,9240],[9264,9444],[9492,9552],[9684,9744],[9756,9816],[10332,10392],[11916,12120],[12372,12504],[12648,12804],[12840,14424],[17352,17520]]},"scratch":{"scratch_ratio":0.010510510510510511,"scratch_positions_ratio":0.016412661195779603,"scratch_with_key_chord_rate":1.0,"scratch_per_sec":0.10512218851942998,"scratch_burst_max_per_sec":2.0,"scratch_burst_window_sec":1.0,"scratch_max_run_sec":0.0,"ls_count":1,"ls_per_sec":0.007508727751387855,"ls_complexity_mean":0,"scratch_notes":14,"scratch_positions":14,"total_notes":1332,"total_positions":853,"chart_seconds":133.1783536585366},"soft":{"base_bpm":164.0,"intensity":0.0,"up_intensity":0.0,"down_intensity":0.0,"max_intensity":0.0,"max_up_intensity":0.0,"max_down_intensity":0.0,"step_frequency":0.0,"ramp_frequency":0.0,"continuity_beats":0.0,"off_base_note_ratio":0.0,"gimmick_burst_score":0.0,"max_off_base_density_per_beat":0.0,"base_mean_density_per_beat":3.6456043956043955,"base_density_source":"on_base","distinct_off_base_bpm_count":0,"bpm_change_events":0,"measure_count":92},"ln":{"ln_ratio":0.45645645645645644,"ln_hold_time_mean_beats":1.317845394736842,"ln_simultaneity_rate":0.41291291291291293,"ln_simultaneity_weighted":0.8385885885885885,"ln_count":608,"ln_count_raw":608,"ln_positions":603,"total_notes":1332,"m1_short_count_rt":47,"m1_short_rate_rt":0.03528528528528529,"m2_long_count_rt":554,"m2_density_rt":27.480426295241095,"m2_burst_max_rt":314.0,"m3_density_rt":30.30807217473882,"m_concurrent_rt":1.3609865470852032,"total_long_sec":288.93292682926847,"long_active_sec":122.3780487804878,"long_hold_sec_mean":0.521539579114203,"long_hold_sec_max":2.4695121951219434,"adv_hand_imb":0.07154742096505824,"adv_rel_pressure_1beat":0.8502495840266223,"adv_ln_hold_min_beats":0.16666666666666666,"adv_ln_chord_big_rate":0.0,"adv_ln_scatter_cv":0.995162658370132},"stair":{"stair_index":0.2605633802816901,"stair_transitions":222,"eligible_transitions":852},"peak":{"peak_local_max_density":8.0,"peak_local_max_density_per_sec":21.866666666666667,"peak_max_chord_size":4,"peak_concentration":0.3543247344461305,"total_notes":1318,"intervals":[[4788,6192],[12792,14460],[17280,17580]]},"jack":{"jack_pairs":3,"jack_in_stream_pairs":2,"jack_outside_pairs":1,"pure_jack_per_sec":0.01651560926485396,"flow_break_per_stream_sec":0.027536992339175174,"stream_seconds":72.62957317073165,"non_stream_seconds":60.54878048780495,"chart_seconds":133.1783536585366,"window_ticks":24,"min_region_sec":10.0},"distraction":{"mode_formulation":"SP","v3_score":0.2177531047902478,"qualifying_intervals":3,"qualifying_flow_sec":107.75,"qualifying_scratches":11,"scratch_chord_pair_count":14,"chord_time_threshold_sec":0.01667,"min_scratches":3,"bin_sec":0.25,"t_key":2,"gap_bins":2}},"warnings":["Unterminated LNOBJ LN on lane P1_SCR started at m91 pos0.0; closing at EOF","Unterminated LNOBJ LN on lane P1_KEY3 started at m91 pos0.0; closing at EOF","Unterminated LNOBJ LN on lane P1_KEY5 started at m91 pos0.0; closing at EOF","Unterminated LNOBJ LN on lane P1_KEY4 started at m90 pos0.9375; closing at EOF","Unterminated LNOBJ LN on lane P1_KEY2 started at m90 pos0.9375; closing at EOF","Unterminated LNOBJ LN on lane P1_KEY1 started at m91 pos0.0; closing at EOF","Unterminated LNOBJ LN on lane P1_KEY6 started at m90 pos0.9375; closing at EOF","Unterminated LNOBJ LN on lane P1_KEY7 started at m91 pos0.0; closing at EOF"],"axis_intensities":{"chord":"green","stream":"green","peak":"green","scratch":"green","soft":null,"ln":"red","stair":"red","distraction":"green"},"tags":[],"scales":[]}