{"md5":"beb4aba557b357a37b761fc33fb0f4f4","headers":{"title":"SEPIA -LN(HYPER)-","artist":"SHIKI/-45","genre":"TRANCE","playlevel":"12","base_bpm":142.0},"mode":"SP","scope":"playable_only","scaling_mode":"p99_linear","params":{"stream_window_ticks":48,"stream_density_threshold_per_beat":4.0,"peak_window_ticks":192,"peak_min_window_notes":4,"peak_min_window_sec":0.05,"felt_bpm_trigger_eff_bpm":500.0,"felt_bpm_trigger_peak_per_sec":200.0,"felt_bpm_target_peak_per_sec":100.0,"felt_bpm_floor":30.0,"jack_window_ticks":24,"soft_burst_ref":8.0,"soft_freq_ref":0.1,"soft_burst_exp":1.5,"soft_freq_exp":1.5,"chord_time_threshold_ms":16.67,"sp_distraction_min_scratches":3,"dp_distraction_window_sec_min":0.2,"dp_distraction_window_sec_max":0.8,"stream_density_ref_per_sec":40.0,"peak_density_ref_per_sec":70.0,"chord_size_ref":3.5,"ln_simultaneity_ref":0.05,"scratch_density_ref_per_sec":1.5,"scratch_ratio_ref":0.1,"distraction_density_ref":2.0,"distraction_event_ref":0.15},"raw_axes":{"chord":1.0087463556851313,"stream":12.1763993981119,"scratch":0.008594851717636012,"soft":9.638303343804533e-06,"stair":0.10802919708029197,"peak":21.891666666666666,"ln_m1_short_rate_rt":0.0,"ln_m2_density_rt":26.62983517244564,"ln_m2_burst_max_rt":360.0,"ln_m3_density_rt":26.62983517244564,"ln_m_concurrent_rt":1.1512713547874454,"adv_hand_imb":0.3469387755102041,"adv_rel_pressure_1beat":0.5255102040816326,"adv_ln_hold_min_beats":0.375,"adv_ln_chord_big_rate":0.04054054054054054,"adv_ln_scatter_cv":2.9592993250291664,"distraction":0.7998741247738177},"x_chord":0.258,"x_stream":0.305,"x_scratch":0.021,"x_soft":0.0,"x_ln":0.827,"x_stair":0.314,"x_peak":0.354,"x_distraction":0.187,"ln_advanced_score":0.738,"submetrics":{"chord":{"chord_rate":0.4446064139941691,"avg_chord_size":2.2688524590163937,"chord_positions":305,"total_positions":686},"stream":{"stream_coverage":0.8583410997204101,"stream_density_mean":5.994671403197158,"stream_density_mean_per_sec":14.185968028419184,"stream_windows":33,"notes_in_stream":921,"total_notes":1073,"intervals":[[156,228],[732,816],[828,912],[924,996],[1884,1968],[2028,2160],[2196,2400],[2436,2640],[2652,2724],[2988,3096],[3228,3504],[3564,3696],[3732,3936],[3984,4068],[4080,4164],[4176,4272],[4332,4464],[4500,4656],[4824,5016],[5724,5784],[6684,6768],[6876,6960],[7020,7152],[7212,11172],[11868,11928],[12504,12720],[12792,12912],[12948,13116],[13164,13284],[13356,13488],[13560,13680],[13716,13872],[13932,14232]]},"scratch":{"scratch_ratio":0.03168685927306617,"scratch_positions_ratio":0.04956268221574344,"scratch_with_key_chord_rate":0.9117647058823529,"scratch_per_sec":0.27124340861833646,"scratch_burst_max_per_sec":4.0,"scratch_burst_window_sec":1.0,"scratch_notes":34,"scratch_positions":34,"total_notes":1073,"total_positions":686,"chart_seconds":125.3486680955297},"soft":{"base_bpm":142.0,"intensity":0.00047254636861242006,"up_intensity":0.0,"down_intensity":0.00047254636861242006,"max_intensity":0.028169014084507043,"max_up_intensity":0.0,"max_down_intensity":0.028169014084507043,"step_frequency":0.02666666666666667,"ramp_frequency":0.02666666666666667,"continuity_beats":22.0,"off_base_note_ratio":0.016775396085740912,"gimmick_burst_score":0.00036143637539266994,"max_off_base_density_per_beat":0.8181818181818182,"base_mean_density_per_beat":3.846715328467153,"base_density_source":"on_base","distinct_off_base_bpm_count":1,"bpm_change_events":2,"measure_count":75},"ln":{"ln_ratio":0.1891891891891892,"ln_hold_time_mean_beats":2.314039408866995,"ln_simultaneity_rate":0.38676607642124883,"ln_simultaneity_weighted":0.5237651444547996,"ln_count":203,"ln_count_raw":203,"ln_positions":152,"total_notes":1073,"m1_short_count_rt":0,"m1_short_rate_rt":0.0,"m2_long_count_rt":196,"m2_density_rt":26.62983517244564,"m2_burst_max_rt":360.0,"m3_density_rt":26.62983517244564,"m_concurrent_rt":1.1512713547874454,"total_long_sec":198.94978567054497,"long_active_sec":92.4800979791794,"long_hold_sec_mean":1.0150499268905355,"long_hold_sec_max":3.538732394366198,"adv_hand_imb":0.3469387755102041,"adv_rel_pressure_1beat":0.5255102040816326,"adv_ln_hold_min_beats":0.375,"adv_ln_chord_big_rate":0.04054054054054054,"adv_ln_scatter_cv":2.9592993250291664},"stair":{"stair_index":0.10802919708029197,"stair_transitions":74,"eligible_transitions":685},"peak":{"peak_local_max_density":9.25,"peak_local_max_density_per_sec":21.891666666666666,"peak_max_chord_size":6,"peak_concentration":0.32246039142590865,"total_notes":1073,"intervals":[[7248,8004],[9480,10200],[10320,10968]]},"jack":{"jack_pairs":19,"jack_in_stream_pairs":16,"jack_outside_pairs":3,"pure_jack_per_sec":0.05608792718529963,"flow_break_per_stream_sec":0.222651377563792,"stream_seconds":71.86122167789341,"non_stream_seconds":53.48744641763629,"chart_seconds":125.3486680955297,"window_ticks":24,"min_region_sec":10.0},"distraction":{"mode_formulation":"SP","qualifying_window_count":2,"qualifying_scratches":33,"qualifying_flow_sec":37.297535211267615,"distract_density":0.8847769648336085,"distract_event_per_sec":0.05362284635355203,"scratch_chord_pair_count":27,"chord_time_threshold_sec":0.01667,"min_scratches":3}},"warnings":["LNOBJ end at m16 pos0.21875 lane P1_KEY2 has no prior start; ignoring","LNOBJ end at m16 pos0.46875 lane P1_KEY4 has no prior start; ignoring","Unterminated LNOBJ LN on lane P1_SCR started at m73 pos0.875; closing at EOF","Unterminated LNOBJ LN on lane P1_KEY1 started at m73 pos0.875; closing at EOF","Unterminated LNOBJ LN on lane P1_KEY2 started at m74 pos0.0; closing at EOF","Unterminated LNOBJ LN on lane P1_KEY4 started at m73 pos0.9375; closing at EOF","Unterminated LNOBJ LN on lane P1_KEY6 started at m73 pos0.875; closing at EOF","Unterminated LNOBJ LN on lane P1_KEY3 started at m73 pos0.875; closing at EOF","Unterminated LNOBJ LN on lane P1_KEY5 started at m73 pos0.625; closing at EOF"],"tags":["ln_chart"],"scales":[]}