{"md5":"a336f237b262eb57acf3f4d2a8d33b9a","headers":{"title":"Showguts (暑中見舞「蒲鉾」)","artist":"Ninja Action Team","genre":"Happy Hardcore","playlevel":"12","base_bpm":190.0},"mode":"SP","scope":"playable_only","scaling_mode":"p99_linear","params":{"stream_window_ticks":48,"stream_density_threshold_per_beat":4.0,"peak_window_ticks":192,"peak_min_window_notes":4,"peak_min_window_sec":0.05,"felt_bpm_trigger_eff_bpm":500.0,"felt_bpm_trigger_peak_per_sec":200.0,"felt_bpm_target_peak_per_sec":100.0,"felt_bpm_floor":30.0,"jack_window_ticks":24,"soft_burst_ref":8.0,"soft_freq_ref":0.1,"soft_burst_exp":1.5,"soft_freq_exp":1.5,"chord_time_threshold_ms":16.67,"sp_distraction_min_scratches":3,"sp_distraction_bin_sec":0.25,"sp_distraction_t_key":2,"sp_distraction_gap_bins":2,"dp_distraction_window_sec_min":0.2,"dp_distraction_window_sec_max":0.8,"stream_density_ref_per_sec":40.0,"peak_density_ref_per_sec":70.0,"chord_size_ref":3.5,"ln_simultaneity_ref":0.05,"scratch_density_ref_per_sec":1.5,"scratch_ratio_ref":0.1,"distraction_density_ref":2.0,"distraction_event_ref":0.15},"raw_axes":{"chord":1.4810126582278482,"stream":7.43110543016359,"scratch_per_sec":5.515320921892306,"scratch_burst_max_per_sec":15.0,"scratch_max_run_sec":37.578947368421055,"soft":0.0,"stair":0.046511627906976744,"peak":27.708333333333336,"ln_m1_short_rate_rt":0.0,"ln_m2_density_rt":0.0,"ln_m2_burst_max_rt":0.0,"ln_m3_density_rt":0.0,"ln_m_concurrent_rt":0.0,"adv_hand_imb":0.0,"adv_rel_pressure_1beat":0.0,"adv_ln_hold_min_beats":0.0,"adv_ln_chord_big_rate":0.0,"adv_ln_scatter_cv":0.0,"distraction":10.918411476187964},"x_chord":0.38,"x_stream":0.192,"x_scratch":0.711,"x_soft":0.0,"x_ln":0.0,"x_stair":0.132,"x_peak":0.465,"x_distraction":0.671,"ln_advanced_score":0.0,"submetrics":{"chord":{"chord_rate":0.5857307249712314,"avg_chord_size":2.5284872298624754,"chord_positions":509,"total_positions":869},"stream":{"stream_coverage":0.44629822732012514,"stream_density_mean":5.258064516129032,"stream_density_mean_per_sec":16.650537634408604,"stream_windows":30,"notes_in_stream":428,"total_notes":959,"intervals":[[2460,2520],[2844,2904],[3036,3096],[3204,3624],[3636,4056],[4788,4848],[5508,5616],[5916,6384],[7044,7128],[7716,7896],[8160,8280],[8436,8496],[8580,8664],[9084,9144],[9204,9360],[10764,10944],[12252,12312],[13308,13368],[13428,13584],[14748,14808],[15324,15384],[15804,15864],[16572,16632],[16860,16920],[16992,17040],[17076,17136],[17148,17208],[17244,17328],[17340,18264],[18804,19008]]},"scratch":{"scratch_ratio":0.4177292046144505,"scratch_positions_ratio":0.7917146144994246,"scratch_with_key_chord_rate":0.6133720930232558,"scratch_per_sec":5.515320921892306,"scratch_burst_max_per_sec":15.0,"scratch_burst_window_sec":1.0,"scratch_max_run_sec":37.578947368421055,"ls_count":2,"ls_per_sec":0.01603290965666368,"ls_complexity_mean":0.5,"scratch_notes":688,"scratch_positions":688,"total_notes":1647,"total_positions":869,"chart_seconds":124.74342105263158},"soft":{"base_bpm":190.0,"intensity":0.0,"up_intensity":0.0,"down_intensity":0.0,"max_intensity":0.0,"max_up_intensity":0.0,"max_down_intensity":0.0,"step_frequency":0.0,"ramp_frequency":0.0,"continuity_beats":0.0,"off_base_note_ratio":0.0,"gimmick_burst_score":0.0,"max_off_base_density_per_beat":0.0,"base_mean_density_per_beat":4.156962025316456,"base_density_source":"on_base","distinct_off_base_bpm_count":0,"bpm_change_events":0,"measure_count":99},"ln":{"ln_ratio":0.004250151791135397,"ln_hold_time_mean_beats":0.0,"ln_simultaneity_rate":0.0,"ln_simultaneity_weighted":0.0,"ln_count":7,"ln_count_raw":7,"ln_positions":2,"total_notes":1647,"m1_short_count_rt":0,"m1_short_rate_rt":0.0,"m2_long_count_rt":0,"m2_density_rt":0.0,"m2_burst_max_rt":0.0,"m3_density_rt":0.0,"m_concurrent_rt":0.0,"total_long_sec":0,"long_active_sec":0.0,"long_hold_sec_mean":0.0,"long_hold_sec_max":0.0,"adv_hand_imb":0.0,"adv_rel_pressure_1beat":0.0,"adv_ln_hold_min_beats":0.0,"adv_ln_chord_big_rate":0.0,"adv_ln_scatter_cv":0.0},"stair":{"stair_index":0.046511627906976744,"stair_transitions":28,"eligible_transitions":602},"peak":{"peak_local_max_density":8.75,"peak_local_max_density_per_sec":27.708333333333336,"peak_max_chord_size":7,"peak_concentration":0.3409801876955162,"total_notes":959,"intervals":[[3204,4080],[5940,6432],[9084,9480],[13308,13680],[17268,18312],[18684,19080]]},"jack":{"jack_pairs":45,"jack_in_stream_pairs":18,"jack_outside_pairs":27,"pure_jack_per_sec":0.28358208955223896,"flow_break_per_stream_sec":0.6094898641122736,"stream_seconds":29.53289473684215,"non_stream_seconds":95.21052631578942,"chart_seconds":124.74342105263158,"window_ticks":24,"min_region_sec":10.0},"distraction":{"mode_formulation":"SP","v3_score":10.918411476187964,"qualifying_intervals":12,"qualifying_flow_sec":95.5,"qualifying_scratches":556,"scratch_chord_pair_count":357,"chord_time_threshold_sec":0.01667,"min_scratches":3,"bin_sec":0.25,"t_key":2,"gap_bins":2}},"warnings":["Unterminated LNOBJ LN on lane P1_KEY1 started at m98 pos0.75; closing at EOF","Unterminated LNOBJ LN on lane P1_KEY7 started at m98 pos0.75; closing at EOF","Unterminated LNOBJ LN on lane P1_KEY3 started at m98 pos0.75; closing at EOF","Unterminated LNOBJ LN on lane P1_KEY5 started at m98 pos0.75; closing at EOF","Unterminated LNOBJ LN on lane P1_KEY4 started at m98 pos0.5; closing at EOF","Unterminated LNOBJ LN on lane P1_KEY6 started at m98 pos0.5; closing at EOF","Unterminated LNOBJ LN on lane P1_KEY2 started at m98 pos0.5; closing at EOF","Unterminated LNOBJ LN on lane P1_SCR started at m98 pos0.75; closing at EOF"],"axis_intensities":{"chord":"yellow","stream":"green","peak":"yellow","scratch":"red","soft":null,"ln":null,"stair":"green","distraction":"red"},"tags":["flow_break","scratch_burst","scratch_chord"],"scales":[]}