{"md5":"4fd37dad8b6698ba4a11befea3172142","headers":{"title":"異説彼岸花 第一 -原初のアマリリス-[INSANE]","artist":"44teru-k remixed wa.","genre":"INNOCENCE","playlevel":"12","base_bpm":150.0},"mode":"SP","scope":"playable_only","scaling_mode":"p99_linear","params":{"stream_window_ticks":48,"stream_density_threshold_per_beat":4.0,"peak_window_ticks":192,"peak_min_window_notes":4,"peak_min_window_sec":0.05,"felt_bpm_trigger_eff_bpm":500.0,"felt_bpm_trigger_peak_per_sec":200.0,"felt_bpm_target_peak_per_sec":100.0,"felt_bpm_floor":30.0,"jack_window_ticks":24,"soft_burst_ref":8.0,"soft_freq_ref":0.1,"soft_burst_exp":1.5,"soft_freq_exp":1.5,"chord_time_threshold_ms":16.67,"sp_distraction_min_scratches":3,"dp_distraction_window_sec_min":0.2,"dp_distraction_window_sec_max":0.8,"stream_density_ref_per_sec":40.0,"peak_density_ref_per_sec":70.0,"chord_size_ref":3.5,"ln_simultaneity_ref":0.05,"scratch_density_ref_per_sec":1.5,"scratch_ratio_ref":0.1,"distraction_density_ref":2.0,"distraction_event_ref":0.15},"raw_axes":{"chord":1.190625,"stream":11.683005890026484,"scratch":0.0006602977645784254,"soft":0.0,"stair":0.1784037558685446,"peak":18.125,"ln_m1_short_rate_rt":0.0036133694670280035,"ln_m2_density_rt":9.175694771549692,"ln_m2_burst_max_rt":317.0,"ln_m3_density_rt":9.175694771549692,"ln_m_concurrent_rt":2.544240400667777,"adv_hand_imb":0.175,"adv_rel_pressure_1beat":0.49375,"adv_ln_hold_min_beats":0.25,"adv_ln_chord_big_rate":0.375,"adv_ln_scatter_cv":1.881515944964166,"distraction":0.0},"x_chord":0.304,"x_stream":0.293,"x_scratch":0.002,"x_soft":0.0,"x_ln":0.91,"x_stair":0.518,"x_peak":0.293,"x_distraction":0.0,"ln_advanced_score":0.72,"submetrics":{"chord":{"chord_rate":0.4609375,"avg_chord_size":2.5830508474576273,"chord_positions":295,"total_positions":640},"stream":{"stream_coverage":0.8292682926829268,"stream_density_mean":5.635332252836305,"stream_density_mean_per_sec":14.088330632090761,"stream_windows":35,"notes_in_stream":918,"total_notes":1107,"intervals":[[156,240],[948,1008],[1656,1776],[2028,2160],[2268,2352],[2388,2544],[2868,2928],[3024,3120],[3132,3312],[3612,3696],[3996,4080],[4380,4464],[5172,8316],[8328,8388],[8400,8700],[8712,8772],[8784,9156],[9168,11376],[11484,11568],[11676,11760],[12060,12144],[12252,12336],[12444,12528],[12828,12912],[12924,13008],[13020,13104],[13212,13296],[13596,13680],[13692,13776],[13788,13872],[13980,14064],[14184,14328],[14364,14448],[15132,15216],[15540,15600]]},"scratch":{"scratch_ratio":0.009033423667570008,"scratch_positions_ratio":0.015625,"scratch_with_key_chord_rate":1.0,"scratch_per_sec":0.0730949625388317,"scratch_burst_max_per_sec":1.0,"scratch_burst_window_sec":1.0,"scratch_notes":10,"scratch_positions":10,"total_notes":1107,"total_positions":640,"chart_seconds":136.80833333333334},"soft":{"base_bpm":150.0,"intensity":0.0,"up_intensity":0.0,"down_intensity":0.0,"max_intensity":0.0,"max_up_intensity":0.0,"max_down_intensity":0.0,"step_frequency":0.0,"ramp_frequency":0.0,"continuity_beats":0.0,"off_base_note_ratio":0.0,"gimmick_burst_score":0.0,"max_off_base_density_per_beat":0.0,"base_mean_density_per_beat":3.236842105263158,"base_density_source":"on_base","distinct_off_base_bpm_count":0,"bpm_change_events":0,"measure_count":85},"ln":{"ln_ratio":0.14814814814814814,"ln_hold_time_mean_beats":3.2423780487804876,"ln_simultaneity_rate":0.10840108401084012,"ln_simultaneity_weighted":0.3026196928635953,"ln_count":164,"ln_count_raw":164,"ln_positions":74,"total_notes":1107,"m1_short_count_rt":4,"m1_short_rate_rt":0.0036133694670280035,"m2_long_count_rt":156,"m2_density_rt":9.175694771549692,"m2_burst_max_rt":317.0,"m3_density_rt":9.175694771549692,"m_concurrent_rt":2.544240400667777,"total_long_sec":212.30000000000004,"long_active_sec":59.900000000000055,"long_hold_sec_mean":1.3608974358974362,"long_hold_sec_max":4.0,"adv_hand_imb":0.175,"adv_rel_pressure_1beat":0.49375,"adv_ln_hold_min_beats":0.25,"adv_ln_chord_big_rate":0.375,"adv_ln_scatter_cv":1.881515944964166},"stair":{"stair_index":0.1784037558685446,"stair_transitions":114,"eligible_transitions":639},"peak":{"peak_local_max_density":7.25,"peak_local_max_density_per_sec":18.125,"peak_max_chord_size":6,"peak_concentration":0.44986449864498645,"total_notes":1107,"intervals":[[5184,6600],[7284,7656],[8916,9120],[9396,9600],[9612,11352]]},"jack":{"jack_pairs":6,"jack_in_stream_pairs":5,"jack_outside_pairs":1,"pure_jack_per_sec":0.015820698747528016,"flow_break_per_stream_sec":0.06793478260869565,"stream_seconds":73.60000000000001,"non_stream_seconds":63.20833333333333,"chart_seconds":136.80833333333334,"window_ticks":24,"min_region_sec":10.0},"distraction":{"mode_formulation":"SP","qualifying_window_count":0,"qualifying_scratches":0,"qualifying_flow_sec":0,"distract_density":0.0,"distract_event_per_sec":0.0,"scratch_chord_pair_count":16,"chord_time_threshold_sec":0.01667,"min_scratches":3}},"warnings":["Unterminated LNOBJ LN on lane P1_KEY2 started at m82 pos0.0; closing at EOF","Unterminated LNOBJ LN on lane P1_KEY4 started at m82 pos0.875; closing at EOF","Unterminated LNOBJ LN on lane P1_KEY6 started at m82 pos0.625; closing at EOF","Unterminated LNOBJ LN on lane P1_SCR started at m83 pos0.0; closing at EOF"],"tags":["ln_chart"],"scales":[]}