{"md5":"b8a0fd34da8717e3efb870cfdcd9a095","headers":{"title":"十十日月","artist":"浅田たん","genre":"外神田テクノ[7-STD]","playlevel":"8","base_bpm":165.0},"mode":"SP","scope":"playable_only","scaling_mode":"p99_linear","params":{"stream_window_ticks":48,"stream_density_threshold_per_beat":4.0,"peak_window_ticks":192,"peak_min_window_notes":4,"peak_min_window_sec":0.05,"felt_bpm_trigger_eff_bpm":500.0,"felt_bpm_trigger_peak_per_sec":200.0,"felt_bpm_target_peak_per_sec":100.0,"felt_bpm_floor":30.0,"jack_window_ticks":24,"soft_burst_ref":8.0,"soft_freq_ref":0.1,"soft_burst_exp":1.5,"soft_freq_exp":1.5,"chord_time_threshold_ms":16.67,"sp_distraction_min_scratches":3,"sp_distraction_bin_sec":0.25,"sp_distraction_t_key":2,"sp_distraction_gap_bins":2,"dp_distraction_window_sec_min":0.2,"dp_distraction_window_sec_max":0.8,"stream_density_ref_per_sec":40.0,"peak_density_ref_per_sec":70.0,"chord_size_ref":3.5,"ln_simultaneity_ref":0.05,"scratch_density_ref_per_sec":1.5,"scratch_ratio_ref":0.1,"distraction_density_ref":2.0,"distraction_event_ref":0.15},"raw_axes":{"chord":0.6837349397590362,"stream":5.396499158957107,"scratch_per_sec":1.2699770164092148,"scratch_burst_max_per_sec":9.0,"scratch_max_run_sec":7.636363636363633,"soft":0.0,"stair":0.02909090909090909,"peak":17.1875,"ln_m1_short_rate_rt":0.0,"ln_m2_density_rt":3.88540031397172,"ln_m2_burst_max_rt":30.0,"ln_m3_density_rt":3.88540031397172,"ln_m_concurrent_rt":0.316115702479341,"adv_hand_imb":0.08411214953271028,"adv_rel_pressure_1beat":0.2523364485981308,"adv_ln_hold_min_beats":0.75,"adv_ln_chord_big_rate":0.024691358024691357,"adv_ln_scatter_cv":2.0986665673507714,"distraction":0.606766796728847},"x_chord":0.176,"x_stream":0.139,"x_scratch":0.264,"x_soft":0.0,"x_ln":0.76,"x_stair":0.082,"x_peak":0.288,"x_distraction":0.037,"ln_advanced_score":0.684,"submetrics":{"chord":{"chord_rate":0.30120481927710846,"avg_chord_size":2.27,"chord_positions":200,"total_positions":664},"stream":{"stream_coverage":0.43902439024390244,"stream_density_mean":4.469827586206897,"stream_density_mean_per_sec":12.292025862068966,"stream_windows":31,"notes_in_stream":324,"total_notes":738,"intervals":[[156,240],[540,624],[924,984],[1668,1752],[2076,2160],[2460,2520],[3228,3300],[3324,3384],[3516,3576],[3708,3768],[3900,3960],[3972,4032],[4788,4848],[5124,5184],[5508,5568],[5892,5952],[6276,6360],[7968,8028],[8160,8220],[8352,8412],[8544,8604],[10908,10992],[14016,15360],[15516,15600],[15840,15900],[16128,16188],[16368,16452],[16500,16632],[16692,17208],[17916,17976],[18624,18720]]},"scratch":{"scratch_ratio":0.19607843137254902,"scratch_positions_ratio":0.2710843373493976,"scratch_with_key_chord_rate":0.37222222222222223,"scratch_per_sec":1.2699770164092148,"scratch_burst_max_per_sec":9.0,"scratch_burst_window_sec":1.0,"scratch_max_run_sec":7.636363636363633,"ls_count":22,"ls_per_sec":0.1552194131166818,"ls_complexity_mean":0.7272727272727273,"scratch_notes":180,"scratch_positions":180,"total_notes":918,"total_positions":664,"chart_seconds":141.7348484848485},"soft":{"base_bpm":165.0,"intensity":0.0,"up_intensity":0.0,"down_intensity":0.0,"max_intensity":0.0,"max_up_intensity":0.0,"max_down_intensity":0.0,"step_frequency":0.0,"ramp_frequency":0.0,"continuity_beats":0.0,"off_base_note_ratio":0.0,"gimmick_burst_score":0.0,"max_off_base_density_per_beat":0.0,"base_mean_density_per_beat":2.3527902501603593,"base_density_source":"on_base","distinct_off_base_bpm_count":0,"bpm_change_events":0,"measure_count":98},"ln":{"ln_ratio":0.12309368191721133,"ln_hold_time_mean_beats":1.4092920353982301,"ln_simultaneity_rate":0.05010893246187364,"ln_simultaneity_weighted":0.054466230936819175,"ln_count":113,"ln_count_raw":113,"ln_positions":87,"total_notes":918,"m1_short_count_rt":0,"m1_short_rate_rt":0.0,"m2_long_count_rt":107,"m2_density_rt":3.88540031397172,"m2_burst_max_rt":30.0,"m3_density_rt":3.88540031397172,"m_concurrent_rt":0.316115702479341,"total_long_sec":57.90909090909125,"long_active_sec":44.000000000000185,"long_hold_sec_mean":0.5412064570943107,"long_hold_sec_max":2.8181818181818414,"adv_hand_imb":0.08411214953271028,"adv_rel_pressure_1beat":0.2523364485981308,"adv_ln_hold_min_beats":0.75,"adv_ln_chord_big_rate":0.024691358024691357,"adv_ln_scatter_cv":2.0986665673507714},"stair":{"stair_index":0.02909090909090909,"stair_transitions":16,"eligible_transitions":550},"peak":{"peak_local_max_density":6.25,"peak_local_max_density_per_sec":17.1875,"peak_max_chord_size":4,"peak_concentration":0.28184281842818426,"total_notes":738,"intervals":[[13992,15384],[16356,17304]]},"jack":{"jack_pairs":98,"jack_in_stream_pairs":12,"jack_outside_pairs":86,"pure_jack_per_sec":0.7666126418152351,"flow_break_per_stream_sec":0.4060497308382461,"stream_seconds":29.55303030303034,"non_stream_seconds":112.18181818181816,"chart_seconds":141.7348484848485,"window_ticks":24,"min_region_sec":10.0},"distraction":{"mode_formulation":"SP","v3_score":0.606766796728847,"qualifying_intervals":2,"qualifying_flow_sec":29.75,"qualifying_scratches":39,"scratch_chord_pair_count":32,"chord_time_threshold_sec":0.01667,"min_scratches":3,"bin_sec":0.25,"t_key":2,"gap_bins":2}},"warnings":["Unterminated LNOBJ LN on lane P1_KEY4 started at m97 pos0.6875; closing at EOF","Unterminated LNOBJ LN on lane P1_SCR started at m97 pos0.5; closing at EOF","Unterminated LNOBJ LN on lane P1_KEY1 started at m97 pos0.5; closing at EOF","Unterminated LNOBJ LN on lane P1_KEY2 started at m97 pos0.5625; closing at EOF","Unterminated LNOBJ LN on lane P1_KEY3 started at m97 pos0.625; closing at EOF","Unterminated LNOBJ LN on lane P1_KEY5 started at m97 pos0.8125; closing at EOF","Unterminated LNOBJ LN on lane P1_KEY7 started at m97 pos0.9375; closing at EOF"],"axis_intensities":{"chord":"green","stream":"green","peak":"green","scratch":"red","soft":null,"ln":"yellow","stair":"green","distraction":"green"},"tags":["jack_chart","long_scratch"],"scales":[]}