{"md5":"dca9a9c70c8e130560c9c995d464e90d","headers":{"title":"Romancing Sa･Ga3 ラストバトル RockArrange ii地獄の壁ii","artist":"BMS:金ラメタキシード/MIDI:YNG-MK＆ヴァイス君(7linear.SHOCK.C)/OREN-G","genre":"Hard Rock","playlevel":"10","base_bpm":160.0},"mode":"SP","scope":"playable_only","scaling_mode":"p99_linear","params":{"stream_window_ticks":48,"stream_density_threshold_per_beat":4.0,"peak_window_ticks":192,"peak_min_window_notes":4,"peak_min_window_sec":0.05,"felt_bpm_trigger_eff_bpm":500.0,"felt_bpm_trigger_peak_per_sec":200.0,"felt_bpm_target_peak_per_sec":100.0,"felt_bpm_floor":30.0,"jack_window_ticks":24,"soft_burst_ref":8.0,"soft_freq_ref":0.1,"soft_burst_exp":1.5,"soft_freq_exp":1.5,"chord_time_threshold_ms":16.67,"sp_distraction_min_scratches":3,"dp_distraction_window_sec_min":0.2,"dp_distraction_window_sec_max":0.8,"stream_density_ref_per_sec":40.0,"peak_density_ref_per_sec":70.0,"chord_size_ref":3.5,"ln_simultaneity_ref":0.05,"scratch_density_ref_per_sec":1.5,"scratch_ratio_ref":0.1,"distraction_density_ref":2.0,"distraction_event_ref":0.15},"raw_axes":{"chord":1.5231681034482758,"stream":23.048837889612194,"scratch":0.007522559744023147,"soft":0.00034973559789058264,"stair":0.1234501347708895,"peak":40.666666666666664,"ln_m1_short_rate_rt":0.10657804263121705,"ln_m2_density_rt":179.2390271510474,"ln_m2_burst_max_rt":562.0,"ln_m3_density_rt":179.2390271510474,"ln_m_concurrent_rt":0.02630163723678877,"adv_hand_imb":0.04392764857881137,"adv_rel_pressure_1beat":0.9987080103359173,"adv_ln_hold_min_beats":0.125,"adv_ln_chord_big_rate":0.0,"adv_ln_scatter_cv":1.6628743137589082,"distraction":0.41082710253289284},"x_chord":0.389,"x_stream":0.578,"x_scratch":0.018,"x_soft":0.001,"x_ln":0.95,"x_stair":0.358,"x_peak":0.657,"x_distraction":0.096,"ln_advanced_score":0.632,"submetrics":{"chord":{"chord_rate":0.5824353448275862,"avg_chord_size":2.6151711378353375,"chord_positions":1081,"total_positions":1856},"stream":{"stream_coverage":0.9894567957827183,"stream_density_mean":8.743708269131998,"stream_density_mean_per_sec":23.29443588426639,"stream_windows":15,"notes_in_stream":4317,"total_notes":4363,"intervals":[[252,312],[552,624],[924,984],[1020,1080],[1248,1368],[1404,1464],[1632,1752],[1992,5904],[5916,11592],[11616,15576],[16044,22128],[22164,22296],[22356,22524],[22572,25944],[26268,26928]]},"scratch":{"scratch_ratio":0.01925280770112308,"scratch_positions_ratio":0.0447198275862069,"scratch_with_key_chord_rate":0.9759036144578314,"scratch_per_sec":0.39072533527586895,"scratch_burst_max_per_sec":4.0,"scratch_burst_window_sec":1.0,"scratch_notes":84,"scratch_positions":83,"total_notes":4363,"total_positions":1856,"chart_seconds":214.98477937370603},"soft":{"base_bpm":160.0,"intensity":0.0022404308961723584,"up_intensity":0.0,"down_intensity":0.0022404308961723584,"max_intensity":0.7125,"max_up_intensity":0.0,"max_down_intensity":0.7125,"step_frequency":0.02127659574468085,"ramp_frequency":0.014184397163120567,"continuity_beats":41.0,"off_base_note_ratio":0.010543204217281686,"gimmick_burst_score":0.016437573100857385,"max_off_base_density_per_beat":1.15,"base_mean_density_per_beat":8.310211946050096,"base_density_source":"on_base","distinct_off_base_bpm_count":2,"bpm_change_events":3,"measure_count":141},"ln":{"ln_ratio":0.17740087096034837,"ln_hold_time_mean_beats":0.6174633936261843,"ln_simultaneity_rate":0.2956681182672473,"ln_simultaneity_weighted":0.3020857208342883,"ln_count":774,"ln_count_raw":774,"ln_positions":765,"total_notes":4363,"m1_short_count_rt":465,"m1_short_rate_rt":0.10657804263121705,"m2_long_count_rt":309,"m2_density_rt":179.2390271510474,"m2_burst_max_rt":562.0,"m3_density_rt":179.2390271510474,"m_concurrent_rt":0.02630163723678877,"total_long_sec":139.92488354037266,"long_active_sec":136.33894604037266,"long_hold_sec_mean":0.45283133831835815,"long_hold_sec_max":3.959109730848862,"adv_hand_imb":0.04392764857881137,"adv_rel_pressure_1beat":0.9987080103359173,"adv_ln_hold_min_beats":0.125,"adv_ln_chord_big_rate":0.0,"adv_ln_scatter_cv":1.6628743137589082},"stair":{"stair_index":0.1234501347708895,"stair_transitions":229,"eligible_transitions":1855},"peak":{"peak_local_max_density":15.25,"peak_local_max_density_per_sec":40.666666666666664,"peak_max_chord_size":5,"peak_concentration":0.31079532431812973,"total_notes":4363,"intervals":[[13500,13716],[16620,16908],[17220,17496],[17640,18168],[18192,18516],[18600,19200],[19368,20376],[20532,20748],[20880,21492],[21684,21936],[23892,24168],[26292,26928]]},"jack":{"jack_pairs":15,"jack_in_stream_pairs":10,"jack_outside_pairs":5,"pure_jack_per_sec":0.2206820927104659,"flow_break_per_stream_sec":0.05199457616102844,"stream_seconds":192.32775297619048,"non_stream_seconds":22.65702639751555,"chart_seconds":214.98477937370603,"window_ticks":24,"min_region_sec":10.0},"distraction":{"mode_formulation":"SP","qualifying_window_count":5,"qualifying_scratches":81,"qualifying_flow_sec":179.71875,"distract_density":0.4507042253521127,"distract_event_per_sec":0.027821248478525473,"scratch_chord_pair_count":129,"chord_time_threshold_sec":0.01667,"min_scratches":3}},"warnings":[],"tags":["ln_chart","dense_chart"],"scales":[]}