{"md5":"d312e5f3b5a3f1211b96f764a0e3ac91","headers":{"title":"Lieselotte","artist":"wa. / deadblue238/ obj.lune","genre":"Gothic Lolita Memoir","playlevel":"12","base_bpm":180.0},"mode":"SP","scope":"playable_only","scaling_mode":"p99_linear","params":{"stream_window_ticks":48,"stream_density_threshold_per_beat":4.0,"peak_window_ticks":192,"peak_min_window_notes":4,"peak_min_window_sec":0.05,"felt_bpm_trigger_eff_bpm":500.0,"felt_bpm_trigger_peak_per_sec":200.0,"felt_bpm_target_peak_per_sec":100.0,"felt_bpm_floor":30.0,"jack_window_ticks":24,"soft_burst_ref":8.0,"soft_freq_ref":0.1,"soft_burst_exp":1.5,"soft_freq_exp":1.5,"chord_time_threshold_ms":16.67,"sp_distraction_min_scratches":3,"sp_distraction_bin_sec":0.25,"sp_distraction_t_key":2,"sp_distraction_gap_bins":2,"dp_distraction_window_sec_min":0.2,"dp_distraction_window_sec_max":0.8,"stream_density_ref_per_sec":40.0,"peak_density_ref_per_sec":70.0,"chord_size_ref":3.5,"ln_simultaneity_ref":0.05,"scratch_density_ref_per_sec":1.5,"scratch_ratio_ref":0.1,"distraction_density_ref":2.0,"distraction_event_ref":0.15},"raw_axes":{"chord":1.2811918063314713,"stream":13.78308640115967,"scratch_per_sec":6.503170746162508,"scratch_burst_max_per_sec":13.0,"scratch_max_run_sec":31.5,"soft":0.0,"stair":0.09476661951909476,"peak":21.0,"ln_m1_short_rate_rt":0.0,"ln_m2_density_rt":0.0,"ln_m2_burst_max_rt":0.0,"ln_m3_density_rt":0.0,"ln_m_concurrent_rt":1.9565217391304348,"adv_hand_imb":0.25,"adv_rel_pressure_1beat":0.1875,"adv_ln_hold_min_beats":1.8333333333333333,"adv_ln_chord_big_rate":0.5,"adv_ln_scatter_cv":0.0,"distraction":15.139927695134238},"x_chord":0.329,"x_stream":0.355,"x_scratch":0.686,"x_soft":0.0,"x_ln":0.521,"x_stair":0.269,"x_peak":0.352,"x_distraction":0.93,"ln_advanced_score":0.595,"submetrics":{"chord":{"chord_rate":0.4618249534450652,"avg_chord_size":2.774193548387097,"chord_positions":496,"total_positions":1074},"stream":{"stream_coverage":0.8640939597315436,"stream_density_mean":5.316970546984572,"stream_density_mean_per_sec":15.950911640953716,"stream_windows":40,"notes_in_stream":1030,"total_notes":1192,"intervals":[[1680,1776],[1884,1956],[1980,2352],[2364,2928],[2940,3216],[4020,4104],[4164,4248],[4260,4416],[4428,4536],[4572,4680],[4716,4776],[4884,4992],[5076,5280],[5292,5376],[5388,5448],[5520,5652],[5748,6384],[6492,6576],[6684,6768],[6876,6960],[7068,7152],[7164,7248],[7260,7344],[7356,7416],[7452,7536],[7548,7632],[7644,7920],[8616,9264],[9276,9840],[9888,10968],[11292,11760],[11868,11952],[12096,12696],[12744,13080],[13236,13464],[13512,13848],[14052,14400],[14436,14784],[14820,15960],[16212,16344]]},"scratch":{"scratch_ratio":0.38996929375639716,"scratch_positions_ratio":0.7094972067039106,"scratch_with_key_chord_rate":0.5196850393700787,"scratch_per_sec":6.503170746162508,"scratch_burst_max_per_sec":13.0,"scratch_burst_window_sec":1.0,"scratch_max_run_sec":31.5,"ls_count":2,"ls_per_sec":0.017068689622473775,"ls_complexity_mean":0.5,"scratch_notes":762,"scratch_positions":762,"total_notes":1954,"total_positions":1074,"chart_seconds":117.17361111111111},"soft":{"base_bpm":180.0,"intensity":0.0,"up_intensity":0.0,"down_intensity":0.0,"max_intensity":0.0,"max_up_intensity":0.0,"max_down_intensity":0.0,"step_frequency":0.0,"ramp_frequency":0.0,"continuity_beats":0.0,"off_base_note_ratio":0.0,"gimmick_burst_score":0.0,"max_off_base_density_per_beat":0.0,"base_mean_density_per_beat":5.556187766714083,"base_density_source":"on_base","distinct_off_base_bpm_count":0,"bpm_change_events":0,"measure_count":88},"ln":{"ln_ratio":0.011770726714431934,"ln_hold_time_mean_beats":1.9710144927536233,"ln_simultaneity_rate":0.0,"ln_simultaneity_weighted":0.0,"ln_count":23,"ln_count_raw":23,"ln_positions":14,"total_notes":1954,"m1_short_count_rt":0,"m1_short_rate_rt":0.0,"m2_long_count_rt":16,"m2_density_rt":0.0,"m2_burst_max_rt":0.0,"m3_density_rt":0.0,"m_concurrent_rt":1.9565217391304348,"total_long_sec":15.1111111111111,"long_active_sec":5.111111111111107,"long_hold_sec_mean":0.9444444444444438,"long_hold_sec_max":1.2777777777777786,"adv_hand_imb":0.25,"adv_rel_pressure_1beat":0.1875,"adv_ln_hold_min_beats":1.8333333333333333,"adv_ln_chord_big_rate":0.5,"adv_ln_scatter_cv":0.0},"stair":{"stair_index":0.09476661951909476,"stair_transitions":67,"eligible_transitions":707},"peak":{"peak_local_max_density":7.0,"peak_local_max_density_per_sec":21.0,"peak_max_chord_size":7,"peak_concentration":0.47818791946308725,"total_notes":1192,"intervals":[[1980,2280],[2364,2928],[5820,6408],[7656,7920],[8652,9240],[9384,9792],[9948,10344],[10572,10980],[11316,11736],[12132,12624],[15288,15672],[15756,15948]]},"jack":{"jack_pairs":13,"jack_in_stream_pairs":12,"jack_outside_pairs":1,"pure_jack_per_sec":0.022680737123956504,"flow_break_per_stream_sec":0.16419612314709248,"stream_seconds":73.08333333333329,"non_stream_seconds":44.09027777777783,"chart_seconds":117.17361111111111,"window_ticks":24,"min_region_sec":10.0},"distraction":{"mode_formulation":"SP","v3_score":15.139927695134238,"qualifying_intervals":9,"qualifying_flow_sec":86.25,"qualifying_scratches":565,"scratch_chord_pair_count":321,"chord_time_threshold_sec":0.01667,"min_scratches":3,"bin_sec":0.25,"t_key":2,"gap_bins":2}},"warnings":["Unterminated LNOBJ LN on lane P1_KEY2 started at m84 pos0.95833333; closing at EOF","Unterminated LNOBJ LN on lane P1_KEY3 started at m84 pos0.75; closing at EOF","Unterminated LNOBJ LN on lane P1_KEY5 started at m84 pos0.875; closing at EOF","Unterminated LNOBJ LN on lane P1_KEY7 started at m85 pos0.0; closing at EOF","Unterminated LNOBJ LN on lane P1_KEY1 started at m85 pos0.0; closing at EOF","Unterminated LNOBJ LN on lane P1_KEY4 started at m84 pos0.91666667; closing at EOF","Unterminated LNOBJ LN on lane P1_KEY6 started at m84 pos0.66666667; closing at EOF","Unterminated LNOBJ LN on lane P1_SCR started at m87 pos0.875; closing at EOF"],"axis_intensities":{"chord":"green","stream":"green","peak":"green","scratch":"red","soft":null,"ln":"green","stair":"green","distraction":"red"},"tags":["scratch_burst","scratch_chord","burst_focused"],"scales":[]}