{"md5":"22c4bbe0828787da5c77d5e271dbfcec","headers":{"title":"Air -Airmagest-","artist":"SHIKI / SGR","genre":"TRANCE CORE","playlevel":"6","base_bpm":180.0},"mode":"SP","scope":"playable_only","scaling_mode":"p99_linear","params":{"stream_window_ticks":48,"stream_density_threshold_per_beat":4.0,"peak_window_ticks":192,"peak_min_window_notes":4,"peak_min_window_sec":0.05,"felt_bpm_trigger_eff_bpm":500.0,"felt_bpm_trigger_peak_per_sec":200.0,"felt_bpm_target_peak_per_sec":100.0,"felt_bpm_floor":30.0,"jack_window_ticks":24,"soft_burst_ref":8.0,"soft_freq_ref":0.1,"soft_burst_exp":1.5,"soft_freq_exp":1.5,"chord_time_threshold_ms":16.67,"sp_distraction_min_scratches":3,"dp_distraction_window_sec_min":0.2,"dp_distraction_window_sec_max":0.8,"stream_density_ref_per_sec":40.0,"peak_density_ref_per_sec":70.0,"chord_size_ref":3.5,"ln_simultaneity_ref":0.05,"scratch_density_ref_per_sec":1.5,"scratch_ratio_ref":0.1,"distraction_density_ref":2.0,"distraction_event_ref":0.15},"raw_axes":{"chord":0.5696517412935324,"stream":13.440463469686145,"scratch":0.002946778445906754,"soft":0.0,"stair":0.11203319502074689,"peak":30.75,"ln_m1_short_rate_rt":0.0,"ln_m2_density_rt":120.11861614497542,"ln_m2_burst_max_rt":240.0,"ln_m3_density_rt":120.11861614497542,"ln_m_concurrent_rt":0.0,"adv_hand_imb":0.5757575757575758,"adv_rel_pressure_1beat":1.0,"adv_ln_hold_min_beats":1.9375,"adv_ln_chord_big_rate":0.0,"adv_ln_scatter_cv":2.0477252680896454,"distraction":1.2941176470588238},"x_chord":0.146,"x_stream":0.337,"x_scratch":0.007,"x_soft":0.0,"x_ln":0.752,"x_stair":0.325,"x_peak":0.497,"x_distraction":0.302,"ln_advanced_score":0.648,"submetrics":{"chord":{"chord_rate":0.24875621890547264,"avg_chord_size":2.29,"chord_positions":300,"total_positions":1206},"stream":{"stream_coverage":0.8575015693659761,"stream_density_mean":5.2246603970741905,"stream_density_mean_per_sec":15.67398119122257,"stream_windows":51,"notes_in_stream":1366,"total_notes":1593,"intervals":[[744,2352],[3804,5424],[5724,5784],[5916,5976],[6036,6096],[6300,6360],[6420,6480],[6684,6744],[6804,8496],[8724,8784],[9108,9168],[9372,9432],[9492,9552],[9588,9648],[9768,10032],[10560,11556],[11604,11736],[11796,11928],[11988,12312],[12372,12504],[12564,12696],[12756,13104],[13176,13344],[13356,13416],[13572,13656],[13776,13860],[14028,14244],[14256,14352],[14364,14640],[14712,14880],[14892,14952],[15108,15192],[15324,15396],[15564,15696],[15708,15792],[15804,15888],[15900,16176],[16248,16416],[16428,16488],[16644,16728],[16860,16932],[17100,17232],[17244,17328],[17340,17424],[17436,17700],[17760,17868],[17952,18456],[18528,18636],[18720,19236],[19296,19404],[19488,20760]]},"scratch":{"scratch_ratio":0.016321406151914627,"scratch_positions_ratio":0.02155887230514096,"scratch_with_key_chord_rate":0.7307692307692307,"scratch_per_sec":0.18054684862805612,"scratch_burst_max_per_sec":4.0,"scratch_burst_window_sec":1.0,"scratch_notes":26,"scratch_positions":26,"total_notes":1593,"total_positions":1206,"chart_seconds":144.00694444444446},"soft":{"base_bpm":180.0,"intensity":0.0,"up_intensity":0.0,"down_intensity":0.0,"max_intensity":0.0,"max_up_intensity":0.0,"max_down_intensity":0.0,"step_frequency":0.0,"ramp_frequency":0.0,"continuity_beats":0.0,"off_base_note_ratio":0.0,"gimmick_burst_score":0.0,"max_off_base_density_per_beat":0.0,"base_mean_density_per_beat":3.6828703703703702,"base_density_source":"on_base","distinct_off_base_bpm_count":0,"bpm_change_events":0,"measure_count":109},"ln":{"ln_ratio":0.02071563088512241,"ln_hold_time_mean_beats":5.7481060606060606,"ln_simultaneity_rate":0.3804143126177024,"ln_simultaneity_weighted":0.3804143126177024,"ln_count":33,"ln_count_raw":33,"ln_positions":33,"total_notes":1593,"m1_short_count_rt":0,"m1_short_rate_rt":0.0,"m2_long_count_rt":33,"m2_density_rt":120.11861614497542,"m2_burst_max_rt":240.0,"m3_density_rt":120.11861614497542,"m_concurrent_rt":0.0,"total_long_sec":63.2291666666666,"long_active_sec":63.2291666666666,"long_hold_sec_mean":1.9160353535353516,"long_hold_sec_max":5.3125,"adv_hand_imb":0.5757575757575758,"adv_rel_pressure_1beat":1.0,"adv_ln_hold_min_beats":1.9375,"adv_ln_chord_big_rate":0.0,"adv_ln_scatter_cv":2.0477252680896454},"stair":{"stair_index":0.11203319502074689,"stair_transitions":135,"eligible_transitions":1205},"peak":{"peak_local_max_density":10.25,"peak_local_max_density_per_sec":30.75,"peak_max_chord_size":6,"peak_concentration":0.2642812303829253,"total_notes":1593,"intervals":[[1968,2376],[6804,8580],[12876,13068],[14364,14676],[15912,16176],[17448,17688]]},"jack":{"jack_pairs":3,"jack_in_stream_pairs":3,"jack_outside_pairs":0,"pure_jack_per_sec":0.0,"flow_break_per_stream_sec":0.03194085027726431,"stream_seconds":93.92361111111116,"non_stream_seconds":50.0833333333333,"chart_seconds":144.00694444444446,"window_ticks":24,"min_region_sec":10.0},"distraction":{"mode_formulation":"SP","qualifying_window_count":2,"qualifying_scratches":10,"qualifying_flow_sec":14.166666666666664,"distract_density":0.7058823529411766,"distract_event_per_sec":0.14117647058823532,"scratch_chord_pair_count":14,"chord_time_threshold_sec":0.01667,"min_scratches":3}},"warnings":[],"tags":["sustained"],"scales":[]}