{"md5":"ccef050bf7a14948a5015f105e9ef911","headers":{"title":"ERIS MX_ALLSCR ver","artist":"Grand Thaw / modified to ASCR_Tool","genre":"Sound Track","playlevel":"12","base_bpm":162.0},"mode":"SP","scope":"playable_only","scaling_mode":"p99_linear","params":{"stream_window_ticks":48,"stream_density_threshold_per_beat":4.0,"peak_window_ticks":192,"peak_min_window_notes":4,"peak_min_window_sec":0.05,"felt_bpm_trigger_eff_bpm":500.0,"felt_bpm_trigger_peak_per_sec":200.0,"felt_bpm_target_peak_per_sec":100.0,"felt_bpm_floor":30.0,"jack_window_ticks":24,"soft_burst_ref":8.0,"soft_freq_ref":0.1,"soft_burst_exp":1.5,"soft_freq_exp":1.5,"chord_time_threshold_ms":16.67,"sp_distraction_min_scratches":3,"sp_distraction_bin_sec":0.25,"sp_distraction_t_key":2,"sp_distraction_gap_bins":2,"dp_distraction_window_sec_min":0.2,"dp_distraction_window_sec_max":0.8,"stream_density_ref_per_sec":40.0,"peak_density_ref_per_sec":70.0,"chord_size_ref":3.5,"ln_simultaneity_ref":0.05,"scratch_density_ref_per_sec":1.5,"scratch_ratio_ref":0.1,"distraction_density_ref":2.0,"distraction_event_ref":0.15},"raw_axes":{"chord":1.266065388951522,"stream":9.908428454106726,"scratch_per_sec":6.027665359865378,"scratch_burst_max_per_sec":17.0,"scratch_max_run_sec":89.75308641975309,"soft":0.011308445245371635,"stair":0.1971153846153846,"peak":19.575000000000003,"ln_m1_short_rate_rt":0.0,"ln_m2_density_rt":0.0,"ln_m2_burst_max_rt":0.0,"ln_m3_density_rt":0.0,"ln_m_concurrent_rt":0.0,"adv_hand_imb":0.0,"adv_rel_pressure_1beat":0.0,"adv_ln_hold_min_beats":0.0,"adv_ln_chord_big_rate":0.0,"adv_ln_scatter_cv":0.0,"distraction":7.787716462689655},"x_chord":0.325,"x_stream":0.256,"x_scratch":0.916,"x_soft":0.034,"x_ln":0.0,"x_stair":0.559,"x_peak":0.328,"x_distraction":0.478,"ln_advanced_score":0.0,"submetrics":{"chord":{"chord_rate":0.4701240135287486,"avg_chord_size":2.693045563549161,"chord_positions":417,"total_positions":887},"stream":{"stream_coverage":0.6898016997167139,"stream_density_mean":5.358306188925082,"stream_density_mean_per_sec":14.364169381107493,"stream_windows":43,"notes_in_stream":487,"total_notes":706,"intervals":[[1308,1368],[1980,2040],[2076,2136],[2244,2328],[2652,2724],[3396,3492],[3720,3864],[4140,4248],[4488,4656],[4860,5040],[5256,5424],[5532,5808],[6408,6552],[6744,6924],[6948,7032],[7224,7344],[7620,7704],[7944,8088],[8412,8460],[8508,8568],[8700,8880],[9948,10032],[10044,10128],[10140,10188],[10332,10608],[10860,10992],[11196,11376],[11628,11760],[11976,12108],[12396,12528],[12744,12912],[12972,13056],[13164,13272],[13284,13488],[13500,13584],[13596,13680],[13692,13872],[13884,13968],[13980,14064],[14076,14256],[14328,14424],[14520,14616],[14676,14904]]},"scratch":{"scratch_ratio":0.5568110483364721,"scratch_positions_ratio":1.0,"scratch_with_key_chord_rate":0.4701240135287486,"scratch_per_sec":6.027665359865378,"scratch_burst_max_per_sec":17.0,"scratch_burst_window_sec":1.0,"scratch_max_run_sec":89.75308641975309,"ls_count":0,"ls_per_sec":0.0,"ls_complexity_mean":0.0,"scratch_notes":887,"scratch_positions":887,"total_notes":1593,"total_positions":887,"chart_seconds":147.15481816658286},"soft":{"base_bpm":162.0,"intensity":0.04048576720683856,"up_intensity":0.0,"down_intensity":0.04048576720683856,"max_intensity":0.6790123456790124,"max_up_intensity":0.0,"max_down_intensity":0.6790123456790124,"step_frequency":0.09090909090909091,"ramp_frequency":0.045454545454545456,"continuity_beats":94.0,"off_base_note_ratio":0.1544256120527307,"gimmick_burst_score":0.12439289769908797,"max_off_base_density_per_beat":3.9791666666666665,"base_mean_density_per_beat":5.180769230769231,"base_density_source":"on_base","distinct_off_base_bpm_count":5,"bpm_change_events":8,"measure_count":88},"ln":{"ln_ratio":0.0,"ln_hold_time_mean_beats":0.0,"ln_simultaneity_rate":0.0,"ln_simultaneity_weighted":0.0,"ln_count":0,"ln_count_raw":0,"ln_positions":0,"total_notes":1593,"m1_short_count_rt":0,"m1_short_rate_rt":0.0,"m2_long_count_rt":0,"m2_density_rt":0.0,"m2_burst_max_rt":0.0,"m3_density_rt":0.0,"m_concurrent_rt":0.0,"total_long_sec":0.0,"long_active_sec":0.0,"long_hold_sec_mean":0.0,"long_hold_sec_max":0.0,"adv_hand_imb":0.0,"adv_rel_pressure_1beat":0.0,"adv_ln_hold_min_beats":0.0,"adv_ln_chord_big_rate":0.0,"adv_ln_scatter_cv":0.0},"stair":{"stair_index":0.1971153846153846,"stair_transitions":82,"eligible_transitions":416},"peak":{"peak_local_max_density":7.25,"peak_local_max_density_per_sec":19.575000000000003,"peak_max_chord_size":5,"peak_concentration":0.41076487252124644,"total_notes":706,"intervals":[[5544,5784],[7956,8160],[8628,8892],[9900,10176],[10284,10680],[11148,11376],[12708,12960],[13164,14328],[14616,14988]]},"jack":{"jack_pairs":17,"jack_in_stream_pairs":11,"jack_outside_pairs":6,"pure_jack_per_sec":0.057292806857853956,"flow_break_per_stream_sec":0.25925279329608913,"stream_seconds":42.42962962962967,"non_stream_seconds":104.72518853695318,"chart_seconds":147.15481816658286,"window_ticks":24,"min_region_sec":10.0},"distraction":{"mode_formulation":"SP","v3_score":7.787716462689655,"qualifying_intervals":26,"qualifying_flow_sec":54.5,"qualifying_scratches":427,"scratch_chord_pair_count":436,"chord_time_threshold_sec":0.01667,"min_scratches":3,"bin_sec":0.25,"t_key":2,"gap_bins":2}},"warnings":[],"axis_intensities":{"chord":"green","stream":"green","peak":"green","scratch":"red","soft":"yellow","ln":null,"stair":"red","distraction":"red"},"tags":["scratch_burst","scratch_chord"],"scales":[]}