{"md5":"5c7d8abb4ee2d9fbc8636bf05bb72b3c","headers":{"title":"I do all may star Live 4 U","artist":"ルゼ","genre":"PULVERIZE[SP ANOTHER]","playlevel":"12","base_bpm":165.0},"mode":"SP","scope":"playable_only","scaling_mode":"p99_linear","params":{"stream_window_ticks":48,"stream_density_threshold_per_beat":4.0,"peak_window_ticks":192,"peak_min_window_notes":4,"peak_min_window_sec":0.05,"felt_bpm_trigger_eff_bpm":500.0,"felt_bpm_trigger_peak_per_sec":200.0,"felt_bpm_target_peak_per_sec":100.0,"felt_bpm_floor":30.0,"jack_window_ticks":24,"soft_burst_ref":8.0,"soft_freq_ref":0.1,"soft_burst_exp":1.5,"soft_freq_exp":1.5,"chord_time_threshold_ms":16.67,"sp_distraction_min_scratches":3,"sp_distraction_bin_sec":0.25,"sp_distraction_t_key":2,"sp_distraction_gap_bins":2,"dp_distraction_window_sec_min":0.2,"dp_distraction_window_sec_max":0.8,"stream_density_ref_per_sec":40.0,"peak_density_ref_per_sec":70.0,"chord_size_ref":3.5,"ln_simultaneity_ref":0.05,"scratch_density_ref_per_sec":1.5,"scratch_ratio_ref":0.1,"distraction_density_ref":2.0,"distraction_event_ref":0.15},"raw_axes":{"chord":0.9196597353497165,"stream":13.702608908948195,"scratch_per_sec":0.12708840686413322,"scratch_burst_max_per_sec":2.0,"scratch_max_run_sec":0.0,"soft":0.0,"stair":0.10056925996204934,"peak":19.25,"ln_m1_short_rate_rt":0.0012618296529968455,"ln_m2_density_rt":32.96371632765249,"ln_m2_burst_max_rt":176.0,"ln_m3_density_rt":32.96371632765249,"ln_m_concurrent_rt":0.5170975813177655,"adv_hand_imb":0.07883817427385892,"adv_rel_pressure_1beat":0.983402489626556,"adv_ln_hold_min_beats":0.25,"adv_ln_chord_big_rate":0.0,"adv_ln_scatter_cv":2.94814716939581,"distraction":0.4410715297049329},"x_chord":0.236,"x_stream":0.353,"x_scratch":0.044,"x_soft":0.0,"x_ln":0.913,"x_stair":0.285,"x_peak":0.323,"x_distraction":0.027,"ln_advanced_score":0.653,"submetrics":{"chord":{"chord_rate":0.4215500945179584,"avg_chord_size":2.181614349775785,"chord_positions":446,"total_positions":1058},"stream":{"stream_coverage":0.9317602040816326,"stream_density_mean":5.3476923076923075,"stream_density_mean_per_sec":14.706153846153846,"stream_windows":60,"notes_in_stream":1461,"total_notes":1568,"intervals":[[1008,1080],[1104,1176],[1692,2004],[2076,2160],[2436,2520],[2568,2616],[2688,2772],[2844,2928],[3204,3288],[3336,3384],[3420,4008],[4020,4200],[4212,4392],[4404,4584],[4596,4776],[4788,4968],[4980,5544],[5556,5736],[5748,5928],[5940,6120],[6132,6312],[6324,6912],[6948,7008],[7020,7080],[7092,7152],[7164,7224],[7332,7392],[7404,7464],[7500,7680],[7716,7776],[7788,7848],[7860,7920],[7932,7992],[8100,8160],[8172,8232],[8268,8472],[8484,8544],[8556,8616],[8628,8688],[8700,8760],[8868,8928],[8940,9000],[9036,9216],[9252,9312],[9324,9384],[9396,9456],[9468,9528],[9576,13992],[14004,14184],[14196,14376],[14388,14568],[14580,14760],[14772,14952],[14964,15528],[15540,15720],[15732,15912],[15924,16104],[16116,16296],[16308,16488],[16500,17688]]},"scratch":{"scratch_ratio":0.010725552050473186,"scratch_positions_ratio":0.01606805293005671,"scratch_with_key_chord_rate":0.8235294117647058,"scratch_per_sec":0.12708840686413322,"scratch_burst_max_per_sec":2.0,"scratch_burst_window_sec":1.0,"scratch_max_run_sec":0.0,"ls_count":3,"ls_per_sec":0.02242736591719998,"ls_complexity_mean":0.3333333333333333,"scratch_notes":17,"scratch_positions":17,"total_notes":1585,"total_positions":1058,"chart_seconds":133.7651515151515},"soft":{"base_bpm":165.0,"intensity":0.0,"up_intensity":0.0,"down_intensity":0.0,"max_intensity":0.0,"max_up_intensity":0.0,"max_down_intensity":0.0,"step_frequency":0.0,"ramp_frequency":0.0,"continuity_beats":0.0,"off_base_note_ratio":0.0,"gimmick_burst_score":0.0,"max_off_base_density_per_beat":0.0,"base_mean_density_per_beat":4.309016764839148,"base_density_source":"on_base","distinct_off_base_bpm_count":0,"bpm_change_events":0,"measure_count":92},"ln":{"ln_ratio":0.15331230283911673,"ln_hold_time_mean_beats":0.6258573388203018,"ln_simultaneity_rate":0.08138801261829653,"ln_simultaneity_weighted":0.12618296529968454,"ln_count":243,"ln_count_raw":243,"ln_positions":147,"total_notes":1585,"m1_short_count_rt":2,"m1_short_rate_rt":0.0012618296529968455,"m2_long_count_rt":239,"m2_density_rt":32.96371632765249,"m2_burst_max_rt":176.0,"m3_density_rt":32.96371632765249,"m_concurrent_rt":0.5170975813177655,"total_long_sec":55.121212121212224,"long_active_sec":36.333333333333385,"long_hold_sec_mean":0.23063268669963272,"long_hold_sec_max":1.3636363636363633,"adv_hand_imb":0.07883817427385892,"adv_rel_pressure_1beat":0.983402489626556,"adv_ln_hold_min_beats":0.25,"adv_ln_chord_big_rate":0.0,"adv_ln_scatter_cv":2.94814716939581},"stair":{"stair_index":0.10056925996204934,"stair_transitions":106,"eligible_transitions":1054},"peak":{"peak_local_max_density":7.0,"peak_local_max_density_per_sec":19.25,"peak_max_chord_size":3,"peak_concentration":0.46683673469387754,"total_notes":1568,"intervals":[[5136,5460],[6444,6924],[9564,10056],[10728,11424],[11436,12192],[12204,12960],[12972,13980],[15120,15444],[16464,17700]]},"jack":{"jack_pairs":36,"jack_in_stream_pairs":33,"jack_outside_pairs":3,"pure_jack_per_sec":0.11301369863013698,"flow_break_per_stream_sec":0.3077792694128454,"stream_seconds":107.21969696969695,"non_stream_seconds":26.545454545454547,"chart_seconds":133.7651515151515,"window_ticks":24,"min_region_sec":10.0},"distraction":{"mode_formulation":"SP","v3_score":0.4410715297049329,"qualifying_intervals":1,"qualifying_flow_sec":110.25,"qualifying_scratches":16,"scratch_chord_pair_count":14,"chord_time_threshold_sec":0.01667,"min_scratches":3,"bin_sec":0.25,"t_key":2,"gap_bins":2}},"warnings":["Unterminated LNOBJ LN on lane P1_SCR started at m88 pos0.0; closing at EOF","Unterminated LNOBJ LN on lane P1_KEY6 started at m91 pos0.9375; closing at EOF","Unterminated LNOBJ LN on lane P1_KEY7 started at m91 pos0.875; closing at EOF"],"axis_intensities":{"chord":"green","stream":"green","peak":"green","scratch":"green","soft":null,"ln":"red","stair":"green","distraction":"green"},"tags":["burst_focused"],"scales":[]}