{"md5":"fb4de222e2abea567651a3e2e1ae3ce1","headers":{"title":"特効薬はカニピラフ (カニカマ)","artist":"セナ/obj.ZENSOQ","genre":"Crab Music","playlevel":"3","base_bpm":131.08},"mode":"SP","scope":"playable_only","scaling_mode":"p99_linear","params":{"stream_window_ticks":48,"stream_density_threshold_per_beat":4.0,"peak_window_ticks":192,"peak_min_window_notes":4,"peak_min_window_sec":0.05,"felt_bpm_trigger_eff_bpm":500.0,"felt_bpm_trigger_peak_per_sec":200.0,"felt_bpm_target_peak_per_sec":100.0,"felt_bpm_floor":30.0,"jack_window_ticks":24,"soft_burst_ref":8.0,"soft_freq_ref":0.1,"soft_burst_exp":1.5,"soft_freq_exp":1.5,"chord_time_threshold_ms":16.67,"sp_distraction_min_scratches":3,"sp_distraction_bin_sec":0.25,"sp_distraction_t_key":2,"sp_distraction_gap_bins":2,"dp_distraction_window_sec_min":0.2,"dp_distraction_window_sec_max":0.8,"stream_density_ref_per_sec":40.0,"peak_density_ref_per_sec":70.0,"chord_size_ref":3.5,"ln_simultaneity_ref":0.05,"scratch_density_ref_per_sec":1.5,"scratch_ratio_ref":0.1,"distraction_density_ref":2.0,"distraction_event_ref":0.15},"raw_axes":{"chord":1.202824133504493,"stream":9.035448648906131,"scratch_per_sec":4.2849643458056255,"scratch_burst_max_per_sec":9.0,"scratch_max_run_sec":42.569423252975284,"soft":0.0,"stair":0.10266159695817491,"peak":16.385,"ln_m1_short_rate_rt":0.0,"ln_m2_density_rt":0.0,"ln_m2_burst_max_rt":0.0,"ln_m3_density_rt":0.0,"ln_m_concurrent_rt":0.0,"adv_hand_imb":0.0,"adv_rel_pressure_1beat":0.0,"adv_ln_hold_min_beats":0.0,"adv_ln_chord_big_rate":0.0,"adv_ln_scatter_cv":0.0,"distraction":7.402065860107364},"x_chord":0.309,"x_stream":0.233,"x_scratch":0.567,"x_soft":0.0,"x_ln":0.0,"x_stair":0.291,"x_peak":0.275,"x_distraction":0.455,"ln_advanced_score":0.0,"submetrics":{"chord":{"chord_rate":0.45314505776636715,"avg_chord_size":2.6543909348441925,"chord_positions":353,"total_positions":779},"stream":{"stream_coverage":0.8089097303634232,"stream_density_mean":5.112866817155756,"stream_density_mean_per_sec":11.169909706546276,"stream_windows":45,"notes_in_stream":690,"total_notes":853,"intervals":[[900,996],[1008,1056],[1068,1188],[1200,1248],[1260,1380],[1392,1440],[1452,2592],[2604,2976],[2988,3360],[3372,3708],[3804,3888],[3924,4068],[5148,5232],[5340,5424],[5460,5568],[5916,6000],[6012,6096],[6108,6192],[6228,6432],[6456,6744],[6756,7200],[7212,7380],[7404,7512],[7524,7608],[7836,7896],[8244,8292],[8400,8496],[8508,8580],[8604,8676],[8688,8784],[8796,8928],[8988,9072],[9108,9156],[9204,9264],[9456,9540],[9564,9648],[9756,10572],[10884,10980],[11088,11172],[11268,11352],[11436,11544],[11652,11700],[11844,11928],[12036,12084],[12228,12504]]},"scratch":{"scratch_ratio":0.37417461482024944,"scratch_positions_ratio":0.6546854942233633,"scratch_with_key_chord_rate":0.5058823529411764,"scratch_per_sec":4.2849643458056255,"scratch_burst_max_per_sec":9.0,"scratch_burst_window_sec":1.0,"scratch_max_run_sec":42.569423252975284,"ls_count":0,"ls_per_sec":0.0,"ls_complexity_mean":0.0,"scratch_notes":510,"scratch_positions":510,"total_notes":1363,"total_positions":779,"chart_seconds":119.02082697589256},"soft":{"base_bpm":131.08,"intensity":0.0,"up_intensity":0.0,"down_intensity":0.0,"max_intensity":0.0,"max_up_intensity":0.0,"max_down_intensity":0.0,"step_frequency":0.0,"ramp_frequency":0.0,"continuity_beats":0.0,"off_base_note_ratio":0.0,"gimmick_burst_score":0.0,"max_off_base_density_per_beat":0.0,"base_mean_density_per_beat":5.234615384615385,"base_density_source":"on_base","distinct_off_base_bpm_count":0,"bpm_change_events":0,"measure_count":66},"ln":{"ln_ratio":0.0,"ln_hold_time_mean_beats":0.0,"ln_simultaneity_rate":0.0,"ln_simultaneity_weighted":0.0,"ln_count":0,"ln_count_raw":0,"ln_positions":0,"total_notes":1363,"m1_short_count_rt":0,"m1_short_rate_rt":0.0,"m2_long_count_rt":0,"m2_density_rt":0.0,"m2_burst_max_rt":0.0,"m3_density_rt":0.0,"m_concurrent_rt":0.0,"total_long_sec":0.0,"long_active_sec":0.0,"long_hold_sec_mean":0.0,"long_hold_sec_max":0.0,"adv_hand_imb":0.0,"adv_rel_pressure_1beat":0.0,"adv_ln_hold_min_beats":0.0,"adv_ln_chord_big_rate":0.0,"adv_ln_scatter_cv":0.0},"stair":{"stair_index":0.10266159695817491,"stair_transitions":54,"eligible_transitions":526},"peak":{"peak_local_max_density":7.5,"peak_local_max_density_per_sec":16.385,"peak_max_chord_size":4,"peak_concentration":0.3645955451348183,"total_notes":853,"intervals":[[2304,2496],[2616,3432],[3444,3780],[6516,6708],[6960,7152],[9840,10608],[12216,12504]]},"jack":{"jack_pairs":20,"jack_in_stream_pairs":12,"jack_outside_pairs":8,"pure_jack_per_sec":0.1622026295436966,"flow_break_per_stream_sec":0.17216691749897411,"stream_seconds":69.69980164784855,"non_stream_seconds":49.321025328044016,"chart_seconds":119.02082697589256,"window_ticks":24,"min_region_sec":10.0},"distraction":{"mode_formulation":"SP","v3_score":7.402065860107364,"qualifying_intervals":16,"qualifying_flow_sec":91.0,"qualifying_scratches":397,"scratch_chord_pair_count":201,"chord_time_threshold_sec":0.01667,"min_scratches":3,"bin_sec":0.25,"t_key":2,"gap_bins":2}},"warnings":[],"axis_intensities":{"chord":"green","stream":"green","peak":"green","scratch":"red","soft":null,"ln":null,"stair":"green","distraction":"red"},"tags":[],"scales":[]}