{"md5":"1951082355e9faa0c91ff93c3d357ba6","headers":{"title":"○○バスタースパーク [7KEYS ANOTHER]","artist":"BACO","genre":"ULTIMATE MEGA-BEAT RAVE","playlevel":"12","base_bpm":175.0},"mode":"SP","scope":"playable_only","scaling_mode":"p99_linear","params":{"stream_window_ticks":48,"stream_density_threshold_per_beat":4.0,"peak_window_ticks":192,"peak_min_window_notes":4,"peak_min_window_sec":0.05,"felt_bpm_trigger_eff_bpm":500.0,"felt_bpm_trigger_peak_per_sec":200.0,"felt_bpm_target_peak_per_sec":100.0,"felt_bpm_floor":30.0,"jack_window_ticks":24,"soft_burst_ref":8.0,"soft_freq_ref":0.1,"soft_burst_exp":1.5,"soft_freq_exp":1.5,"chord_time_threshold_ms":16.67,"sp_distraction_min_scratches":3,"sp_distraction_bin_sec":0.25,"sp_distraction_t_key":2,"sp_distraction_gap_bins":2,"dp_distraction_window_sec_min":0.2,"dp_distraction_window_sec_max":0.8,"stream_density_ref_per_sec":40.0,"peak_density_ref_per_sec":70.0,"chord_size_ref":3.5,"ln_simultaneity_ref":0.05,"scratch_density_ref_per_sec":1.5,"scratch_ratio_ref":0.1,"distraction_density_ref":2.0,"distraction_event_ref":0.15},"raw_axes":{"chord":1.0546762589928058,"stream":11.875585697775467,"scratch_per_sec":0.953640632233318,"scratch_burst_max_per_sec":6.0,"scratch_max_run_sec":10.628571428571433,"soft":0.0,"stair":0.11987860394537178,"peak":24.791666666666668,"ln_m1_short_rate_rt":0.0,"ln_m2_density_rt":21.315406976744185,"ln_m2_burst_max_rt":248.0,"ln_m3_density_rt":21.315406976744185,"ln_m_concurrent_rt":1.9214437367303614,"adv_hand_imb":0.14130434782608695,"adv_rel_pressure_1beat":0.7663043478260869,"adv_ln_hold_min_beats":0.75,"adv_ln_chord_big_rate":0.7101449275362319,"adv_ln_scatter_cv":2.4373082467893483,"distraction":2.879439190529727},"x_chord":0.271,"x_stream":0.306,"x_scratch":0.208,"x_soft":0.0,"x_ln":0.831,"x_stair":0.34,"x_peak":0.416,"x_distraction":0.177,"ln_advanced_score":0.731,"submetrics":{"chord":{"chord_rate":0.38848920863309355,"avg_chord_size":2.714814814814815,"chord_positions":270,"total_positions":695},"stream":{"stream_coverage":0.8018957345971564,"stream_density_mean":5.077504725897921,"stream_density_mean_per_sec":14.809388783868934,"stream_windows":58,"notes_in_stream":846,"total_notes":1055,"intervals":[[180,996],[1008,1128],[1152,1200],[1284,1356],[1416,1584],[1668,1740],[1788,1968],[2052,2160],[2184,2352],[2376,2424],[2436,2712],[3780,3864],[4044,4404],[4464,4572],[4632,4764],[4824,5028],[5040,5172],[5232,5340],[5400,5532],[5592,5808],[5868,5928],[5988,6192],[6228,6360],[6372,6576],[6588,6648],[6708,6768],[6780,7104],[7140,7320],[7404,7464],[7596,7656],[7980,8052],[8064,8148],[8172,8340],[8364,9096],[9228,9444],[9636,9828],[9996,10224],[10476,10608],[10908,10992],[11184,11232],[11292,11376],[11388,11472],[11484,11568],[11616,11664],[11676,11760],[11844,11916],[11976,12144],[12228,12300],[12348,12528],[12612,12720],[12744,12912],[12936,12984],[12996,13296],[13572,13680],[13884,14064],[14172,14256],[14340,14448],[14556,15060]]},"scratch":{"scratch_ratio":0.08894645941278066,"scratch_positions_ratio":0.14820143884892087,"scratch_with_key_chord_rate":0.6601941747572816,"scratch_per_sec":0.953640632233318,"scratch_burst_max_per_sec":6.0,"scratch_burst_window_sec":1.0,"scratch_max_run_sec":10.628571428571433,"ls_count":1,"ls_per_sec":0.009258646914886582,"ls_complexity_mean":1,"scratch_notes":103,"scratch_positions":103,"total_notes":1158,"total_positions":695,"chart_seconds":108.00714285714285},"soft":{"base_bpm":175.0,"intensity":0.0,"up_intensity":0.0,"down_intensity":0.0,"max_intensity":0.0,"max_up_intensity":0.0,"max_down_intensity":0.0,"step_frequency":0.0,"ramp_frequency":0.0,"continuity_beats":0.0,"off_base_note_ratio":0.0,"gimmick_burst_score":0.0,"max_off_base_density_per_beat":0.0,"base_mean_density_per_beat":3.673015873015873,"base_density_source":"on_base","distinct_off_base_bpm_count":0,"bpm_change_events":0,"measure_count":79},"ln":{"ln_ratio":0.16234887737478412,"ln_hold_time_mean_beats":1.8297872340425532,"ln_simultaneity_rate":0.10535405872193437,"ln_simultaneity_weighted":0.3592400690846287,"ln_count":188,"ln_count_raw":188,"ln_positions":71,"total_notes":1158,"m1_short_count_rt":0,"m1_short_rate_rt":0.0,"m2_long_count_rt":184,"m2_density_rt":21.315406976744185,"m2_burst_max_rt":248.0,"m3_density_rt":21.315406976744185,"m_concurrent_rt":1.9214437367303614,"total_long_sec":117.94285714285715,"long_active_sec":40.37142857142857,"long_hold_sec_mean":0.6409937888198758,"long_hold_sec_max":2.6571428571428584,"adv_hand_imb":0.14130434782608695,"adv_rel_pressure_1beat":0.7663043478260869,"adv_ln_hold_min_beats":0.75,"adv_ln_chord_big_rate":0.7101449275362319,"adv_ln_scatter_cv":2.4373082467893483},"stair":{"stair_index":0.11987860394537178,"stair_transitions":79,"eligible_transitions":659},"peak":{"peak_local_max_density":8.5,"peak_local_max_density_per_sec":24.791666666666668,"peak_max_chord_size":5,"peak_concentration":0.35355450236966823,"total_notes":1055,"intervals":[[168,1116],[2436,2736],[8580,9132],[9216,9468],[9588,9900],[9996,10224],[11328,11604],[12996,13320],[14640,14832]]},"jack":{"jack_pairs":19,"jack_in_stream_pairs":15,"jack_outside_pairs":4,"pure_jack_per_sec":0.09680207433016419,"flow_break_per_stream_sec":0.22493573264781497,"stream_seconds":66.68571428571427,"non_stream_seconds":41.321428571428584,"chart_seconds":108.00714285714285,"window_ticks":24,"min_region_sec":10.0},"distraction":{"mode_formulation":"SP","v3_score":2.879439190529727,"qualifying_intervals":7,"qualifying_flow_sec":86.5,"qualifying_scratches":87,"scratch_chord_pair_count":82,"chord_time_threshold_sec":0.01667,"min_scratches":3,"bin_sec":0.25,"t_key":2,"gap_bins":2}},"warnings":["Unterminated LNOBJ LN on lane P1_SCR started at m78 pos0.75; closing at EOF","Unterminated LNOBJ LN on lane P1_KEY1 started at m78 pos0.375; closing at EOF","Unterminated LNOBJ LN on lane P1_KEY6 started at m78 pos0.1875; closing at EOF","Unterminated LNOBJ LN on lane P1_KEY7 started at m78 pos0.375; closing at EOF","Unterminated LNOBJ LN on lane P1_KEY2 started at m78 pos0.1875; closing at EOF"],"axis_intensities":{"chord":"green","stream":"green","peak":"green","scratch":"red","soft":null,"ln":"red","stair":"green","distraction":"yellow"},"tags":[],"scales":[]}