{"md5":"71a88b0f6a8a4f15d3fc3ea6fd3c1d09","headers":{"title":"アイーシャの剣-Forcing breakthrough- [LN-Applied+]","artist":"Alicia* / obj:moya","genre":"CUNi DRAMATIC TRANCE CORE","playlevel":"13","base_bpm":196.0},"mode":"SP","scope":"playable_only","scaling_mode":"p99_linear","params":{"stream_window_ticks":48,"stream_density_threshold_per_beat":4.0,"peak_window_ticks":192,"peak_min_window_notes":4,"peak_min_window_sec":0.05,"felt_bpm_trigger_eff_bpm":500.0,"felt_bpm_trigger_peak_per_sec":200.0,"felt_bpm_target_peak_per_sec":100.0,"felt_bpm_floor":30.0,"jack_window_ticks":24,"soft_burst_ref":8.0,"soft_freq_ref":0.1,"soft_burst_exp":1.5,"soft_freq_exp":1.5,"chord_time_threshold_ms":16.67,"sp_distraction_min_scratches":3,"dp_distraction_window_sec_min":0.2,"dp_distraction_window_sec_max":0.8,"stream_density_ref_per_sec":40.0,"peak_density_ref_per_sec":70.0,"chord_size_ref":3.5,"ln_simultaneity_ref":0.05,"scratch_density_ref_per_sec":1.5,"scratch_ratio_ref":0.1,"distraction_density_ref":2.0,"distraction_event_ref":0.15},"raw_axes":{"chord":1.1862934362934363,"stream":16.597381752143754,"scratch":0.02460517422974935,"soft":0.0,"stair":0.10144927536231885,"peak":35.93333333333333,"ln_m1_short_rate_rt":0.019498607242339833,"ln_m2_density_rt":79.74107802116664,"ln_m2_burst_max_rt":598.0,"ln_m3_density_rt":80.92778734924934,"ln_m_concurrent_rt":1.4424406372106977,"adv_hand_imb":0.226215644820296,"adv_rel_pressure_1beat":0.8604651162790697,"adv_ln_hold_min_beats":0.125,"adv_ln_chord_big_rate":0.011976047904191617,"adv_ln_scatter_cv":2.640782567196362,"distraction":1.1046730866700456},"x_chord":0.303,"x_stream":0.416,"x_scratch":0.06,"x_soft":0.0,"x_ln":0.964,"x_stair":0.295,"x_peak":0.581,"x_distraction":0.258,"ln_advanced_score":0.754,"submetrics":{"chord":{"chord_rate":0.45366795366795365,"avg_chord_size":2.6148936170212767,"chord_positions":470,"total_positions":1036},"stream":{"stream_coverage":0.9069637883008357,"stream_density_mean":5.602022058823529,"stream_density_mean_per_sec":18.299938725490197,"stream_windows":41,"notes_in_stream":1628,"total_notes":1795,"intervals":[[924,1056],[1116,1200],[1212,1440],[1476,1584],[1596,1680],[1692,1848],[1860,2232],[2268,2352],[2364,2544],[2652,2928],[2940,3120],[3132,3216],[3228,4056],[4068,5664],[6324,7632],[7644,7944],[8628,12000],[12012,12096],[12108,12240],[12252,12384],[12396,12456],[12516,12576],[12876,13392],[13476,13536],[13560,13644],[13716,13776],[14100,14160],[14244,14304],[14316,14412],[14484,14544],[14604,14688],[14796,14928],[15012,15072],[15096,15216],[15252,15312],[15516,16416],[16476,16800],[16860,16992],[17004,17232],[17244,17616],[17628,19476]]},"scratch":{"scratch_ratio":0.041225626740947076,"scratch_positions_ratio":0.07142857142857142,"scratch_with_key_chord_rate":0.9459459459459459,"scratch_per_sec":0.5968417262486497,"scratch_burst_max_per_sec":6.0,"scratch_burst_window_sec":1.0,"scratch_notes":74,"scratch_positions":74,"total_notes":1795,"total_positions":1036,"chart_seconds":123.9859693877551},"soft":{"base_bpm":196.0,"intensity":0.0,"up_intensity":0.0,"down_intensity":0.0,"max_intensity":0.0,"max_up_intensity":0.0,"max_down_intensity":0.0,"step_frequency":0.0,"ramp_frequency":0.0,"continuity_beats":0.0,"off_base_note_ratio":0.0,"gimmick_burst_score":0.0,"max_off_base_density_per_beat":0.0,"base_mean_density_per_beat":4.42716049382716,"base_density_source":"on_base","distinct_off_base_bpm_count":0,"bpm_change_events":0,"measure_count":103},"ln":{"ln_ratio":0.26740947075208915,"ln_hold_time_mean_beats":1.4199652777777778,"ln_simultaneity_rate":0.43454038997214484,"ln_simultaneity_weighted":0.7220055710306407,"ln_count":480,"ln_count_raw":480,"ln_positions":339,"total_notes":1795,"m1_short_count_rt":35,"m1_short_rate_rt":0.019498607242339833,"m2_long_count_rt":438,"m2_density_rt":79.74107802116664,"m2_burst_max_rt":598.0,"m3_density_rt":80.92778734924934,"m_concurrent_rt":1.4424406372106977,"total_long_sec":207.2959183673469,"long_active_sec":84.87244897959191,"long_hold_sec_mean":0.4732783524368651,"long_hold_sec_max":4.1709183673469425,"adv_hand_imb":0.226215644820296,"adv_rel_pressure_1beat":0.8604651162790697,"adv_ln_hold_min_beats":0.125,"adv_ln_chord_big_rate":0.011976047904191617,"adv_ln_scatter_cv":2.640782567196362},"stair":{"stair_index":0.10144927536231885,"stair_transitions":105,"eligible_transitions":1035},"peak":{"peak_local_max_density":11.0,"peak_local_max_density_per_sec":35.93333333333333,"peak_max_chord_size":5,"peak_concentration":0.3498607242339833,"total_notes":1795,"intervals":[[3492,4032],[6960,7176],[9936,10404],[10416,11796],[13104,13308],[15876,16464],[18756,19476]]},"jack":{"jack_pairs":5,"jack_in_stream_pairs":5,"jack_outside_pairs":0,"pure_jack_per_sec":0.0,"flow_break_per_stream_sec":0.05205497642918797,"stream_seconds":96.05229591836734,"non_stream_seconds":27.93367346938777,"chart_seconds":123.9859693877551,"window_ticks":24,"min_region_sec":10.0},"distraction":{"mode_formulation":"SP","qualifying_window_count":6,"qualifying_scratches":59,"qualifying_flow_sec":62.914540816326536,"distract_density":0.9377800304105423,"distract_event_per_sec":0.09536746071971616,"scratch_chord_pair_count":81,"chord_time_threshold_sec":0.01667,"min_scratches":3}},"warnings":["Unterminated LNOBJ LN on lane P1_KEY1 started at m102 pos0.0; closing at EOF","Unterminated LNOBJ LN on lane P1_SCR started at m102 pos0.0; closing at EOF","Unterminated LNOBJ LN on lane P1_KEY3 started at m101 pos0.96875; closing at EOF","Unterminated LNOBJ LN on lane P1_KEY7 started at m101 pos0.875; closing at EOF","Unterminated LNOBJ LN on lane P1_KEY2 started at m101 pos0.875; closing at EOF","Unterminated LNOBJ LN on lane P1_KEY6 started at m101 pos0.90625; closing at EOF","Unterminated LNOBJ LN on lane P1_KEY5 started at m101 pos0.9375; closing at EOF"],"tags":["ln_chart","advanced_ln"],"scales":[]}