{"md5":"6e4f570726479d6be8b93b45448b7fd6","headers":{"title":"Volt -この想い、届け-","artist":"SpeedFreaks feat.kzt / 28 / obj:uet","genre":"ライトニングアロー","playlevel":"10","base_bpm":176.0},"mode":"SP","scope":"playable_only","scaling_mode":"p99_linear","params":{"stream_window_ticks":48,"stream_density_threshold_per_beat":4.0,"peak_window_ticks":192,"peak_min_window_notes":4,"peak_min_window_sec":0.05,"felt_bpm_trigger_eff_bpm":500.0,"felt_bpm_trigger_peak_per_sec":200.0,"felt_bpm_target_peak_per_sec":100.0,"felt_bpm_floor":30.0,"jack_window_ticks":24,"soft_burst_ref":8.0,"soft_freq_ref":0.1,"soft_burst_exp":1.5,"soft_freq_exp":1.5,"chord_time_threshold_ms":16.67,"sp_distraction_min_scratches":3,"dp_distraction_window_sec_min":0.2,"dp_distraction_window_sec_max":0.8,"stream_density_ref_per_sec":40.0,"peak_density_ref_per_sec":70.0,"chord_size_ref":3.5,"ln_simultaneity_ref":0.05,"scratch_density_ref_per_sec":1.5,"scratch_ratio_ref":0.1,"distraction_density_ref":2.0,"distraction_event_ref":0.15},"raw_axes":{"chord":1.137223974763407,"stream":9.218479843097908,"scratch":0.026832603955202712,"soft":0.0,"stair":0.11848341232227488,"peak":20.533333333333335,"ln_m1_short_rate_rt":0.0,"ln_m2_density_rt":8.146724890829695,"ln_m2_burst_max_rt":145.0,"ln_m3_density_rt":8.146724890829695,"ln_m_concurrent_rt":1.0463038180341184,"adv_hand_imb":0.16853932584269662,"adv_rel_pressure_1beat":0.5898876404494382,"adv_ln_hold_min_beats":0.5,"adv_ln_chord_big_rate":0.028132992327365727,"adv_ln_scatter_cv":0.8577146624302965,"distraction":1.695585840404561},"x_chord":0.291,"x_stream":0.231,"x_scratch":0.066,"x_soft":0.0,"x_ln":0.789,"x_stair":0.344,"x_peak":0.332,"x_distraction":0.396,"ln_advanced_score":0.676,"submetrics":{"chord":{"chord_rate":0.47003154574132494,"avg_chord_size":2.4194630872483223,"chord_positions":298,"total_positions":634},"stream":{"stream_coverage":0.6527909176915799,"stream_density_mean":4.81419624217119,"stream_density_mean_per_sec":14.121642310368825,"stream_windows":48,"notes_in_stream":690,"total_notes":1057,"intervals":[[348,456],[516,600],[708,840],[900,984],[1044,1224],[1284,1392],[1428,1608],[1668,1776],[1788,1920],[4188,4248],[4572,4632],[4644,5016],[5028,5160],[5220,5352],[5796,5928],[5988,6120],[6180,6468],[7176,7248],[7872,8112],[8124,8184],[8316,8376],[8412,8496],[8508,8568],[8700,8760],[8796,8880],[8892,8952],[9084,9144],[9180,9264],[9276,9336],[9396,9624],[11124,11184],[11484,11592],[11604,11688],[11700,11784],[11796,11952],[12084,12168],[12252,12336],[12636,13104],[13116,13176],[13212,13296],[13308,13368],[13404,13572],[13596,13764],[13788,14244],[15132,15216],[15228,15312],[15324,16080],[16092,17244]]},"scratch":{"scratch_ratio":0.05581835383159887,"scratch_positions_ratio":0.09305993690851735,"scratch_with_key_chord_rate":0.9661016949152542,"scratch_per_sec":0.4807129217059198,"scratch_burst_max_per_sec":5.0,"scratch_burst_window_sec":1.0,"scratch_notes":59,"scratch_positions":59,"total_notes":1057,"total_positions":634,"chart_seconds":122.734375},"soft":{"base_bpm":176.0,"intensity":0.0,"up_intensity":0.0,"down_intensity":0.0,"max_intensity":0.0,"max_up_intensity":0.0,"max_down_intensity":0.0,"step_frequency":0.0,"ramp_frequency":0.0,"continuity_beats":0.0,"off_base_note_ratio":0.0,"gimmick_burst_score":0.0,"max_off_base_density_per_beat":0.0,"base_mean_density_per_beat":2.933333333333333,"base_density_source":"on_base","distinct_off_base_bpm_count":0,"bpm_change_events":1,"measure_count":91},"ln":{"ln_ratio":0.5118259224219489,"ln_hold_time_mean_beats":1.1640480591497226,"ln_simultaneity_rate":0.1750236518448439,"ln_simultaneity_weighted":0.27625354777672656,"ln_count":541,"ln_count_raw":541,"ln_positions":398,"total_notes":1057,"m1_short_count_rt":0,"m1_short_rate_rt":0.0,"m2_long_count_rt":534,"m2_density_rt":8.146724890829695,"m2_burst_max_rt":145.0,"m3_density_rt":8.146724890829695,"m_concurrent_rt":1.0463038180341184,"total_long_sec":214.68749999999997,"long_active_sec":104.91477272727272,"long_hold_sec_mean":0.4020365168539325,"long_hold_sec_max":2.72727272727273,"adv_hand_imb":0.16853932584269662,"adv_rel_pressure_1beat":0.5898876404494382,"adv_ln_hold_min_beats":0.5,"adv_ln_chord_big_rate":0.028132992327365727,"adv_ln_scatter_cv":0.8577146624302965},"stair":{"stair_index":0.11848341232227488,"stair_transitions":75,"eligible_transitions":633},"peak":{"peak_local_max_density":7.0,"peak_local_max_density_per_sec":20.533333333333335,"peak_max_chord_size":4,"peak_concentration":0.36896877956480606,"total_notes":1057,"intervals":[[1692,1896],[4656,5160],[6132,6540],[7884,8088],[9420,9624],[13320,14268],[15396,15924],[16248,17316]]},"jack":{"jack_pairs":36,"jack_in_stream_pairs":14,"jack_outside_pairs":22,"pure_jack_per_sec":0.3279618845950239,"flow_break_per_stream_sec":0.2515569167942827,"stream_seconds":55.65340909090911,"non_stream_seconds":67.08096590909089,"chart_seconds":122.734375,"window_ticks":24,"min_region_sec":10.0},"distraction":{"mode_formulation":"SP","qualifying_window_count":5,"qualifying_scratches":27,"qualifying_flow_sec":27.62073863636362,"distract_density":0.977526356389818,"distract_event_per_sec":0.1810233993314478,"scratch_chord_pair_count":52,"chord_time_threshold_sec":0.01667,"min_scratches":3}},"warnings":["Unterminated LNOBJ LN on lane P1_SCR started at m90 pos0.0; closing at EOF","Unterminated LNOBJ LN on lane P1_KEY5 started at m89 pos0.625; closing at EOF","Unterminated LNOBJ LN on lane P1_KEY7 started at m89 pos0.5; closing at EOF","Unterminated LNOBJ LN on lane P1_KEY1 started at m89 pos0.875; closing at EOF","Unterminated LNOBJ LN on lane P1_KEY3 started at m89 pos0.75; closing at EOF","Unterminated LNOBJ LN on lane P1_KEY6 started at m89 pos0.5625; closing at EOF","Unterminated LNOBJ LN on lane P1_KEY4 started at m89 pos0.6875; closing at EOF"],"tags":["distraction_heavy"],"scales":[]}